[2026/09/25 22:48:38:6574] N: ttyd 1.7.7-unknown (libwebsockets 4.5.2-unknown)
[2026/09/25 22:48:38:6576] N: tty configuration:
[2026/09/25 22:48:38:6576] N:   start command: /tmp/tcc-muhyyffw/attach.sh
[2026/09/25 22:48:38:6576] N:   close signal: SIGHUP (1)
[2026/09/25 22:48:38:6577] N:   terminal type: xterm-256color
[2026/09/25 22:48:38:6577] N:   allow url arg: true
[2026/09/25 22:48:38:6577] N: lws_create_context: LWS: 4.5.2-unknown, NET CLI SRV H1 H2 WS SS-JSON-POL ConMon IPV6-off
[2026/09/25 22:48:38:6589] N: elops_init_pt_uv:  Using foreign event loop...
[2026/09/25 22:48:38:6598] N: [null wsi]: lws_socket_bind: vh default unix skt /tmp/tcc-muhyyffw/ttyd.sock perms 4294967295:4294967295
[2026/09/25 22:48:38:6598] N: [vh|2|default|/tmp/tcc-muhyyffw/ttyd.sock|/tmp/tcc-muhyyffw/tt]: lws_socket_bind: source ads (unix skt)
[2026/09/25 22:48:38:6598] N:  Listening on port: 0
[2026/09/25 22:48:38:8141] N: WS   /ws - (unix skt), clients: 1
[2026/09/25 22:48:38:8141] N: WS   /ws - (unix skt), clients: 2
[2026/09/25 22:48:38:8141] N: WS   /ws - (unix skt), clients: 3
[2026/09/25 22:48:38:8141] N: WS   /ws - (unix skt), clients: 4
[2026/09/25 22:48:38:8141] N: WS   /ws - (unix skt), clients: 5
[2026/09/25 22:48:38:8141] N: WS   /ws - (unix skt), clients: 6
[2026/09/25 22:48:38:8142] N: WS   /ws - (unix skt), clients: 7
[2026/09/25 22:48:38:8142] N: WS   /ws - (unix skt), clients: 8
[2026/09/25 22:48:38:8142] N: WS   /ws - (unix skt), clients: 9
[2026/09/25 22:48:38:8143] N: WS   /ws - (unix skt), clients: 10
[2026/09/25 22:48:38:8156] N: started process, pid: 34007
[2026/09/25 22:48:38:8159] N: started process, pid: 34008
[2026/09/25 22:48:38:8162] N: started process, pid: 34009
[2026/09/25 22:48:38:8166] N: started process, pid: 34010
[2026/09/25 22:48:38:8170] N: started process, pid: 34011
[2026/09/25 22:48:38:8175] N: started process, pid: 34012
[2026/09/25 22:48:38:8179] N: started process, pid: 34013
[2026/09/25 22:48:38:8182] N: started process, pid: 34014
[2026/09/25 22:48:38:8185] N: started process, pid: 34015
[2026/09/25 22:48:38:8188] N: started process, pid: 34016
[2026/09/25 22:48:39:0182] N: WS closed from (unix skt), clients: 9
[2026/09/25 22:48:39:0182] N: killing process, pid: 34010
[2026/09/25 22:48:39:0185] N: process killed with signal 1, pid: 34010
[2026/09/25 22:48:39:0659] N: WS closed from (unix skt), clients: 8
[2026/09/25 22:48:39:0660] N: killing process, pid: 34015
[2026/09/25 22:48:39:0662] N: process killed with signal 1, pid: 34015
[2026/09/25 22:48:39:1942] N: WS closed from (unix skt), clients: 7
[2026/09/25 22:48:39:1942] N: killing process, pid: 34008
[2026/09/25 22:48:39:1946] N: process killed with signal 0, pid: 34008
[2026/09/25 22:48:39:2193] N: WS closed from (unix skt), clients: 6
[2026/09/25 22:48:39:2193] N: killing process, pid: 34013
[2026/09/25 22:48:39:2197] N: process killed with signal 0, pid: 34013
[2026/09/25 22:48:39:2428] N: WS closed from (unix skt), clients: 5
[2026/09/25 22:48:39:2428] N: killing process, pid: 34007
[2026/09/25 22:48:39:2432] N: process killed with signal 0, pid: 34007
[2026/09/25 22:48:39:2815] N: WS closed from (unix skt), clients: 4
[2026/09/25 22:48:39:2815] N: killing process, pid: 34012
[2026/09/25 22:48:39:2821] N: process killed with signal 0, pid: 34012
[2026/09/25 22:48:39:7312] N: WS closed from (unix skt), clients: 3
[2026/09/25 22:48:39:7313] N: killing process, pid: 34009
[2026/09/25 22:48:39:7320] N: process killed with signal 0, pid: 34009
[2026/09/25 22:48:39:7835] N: WS closed from (unix skt), clients: 2
[2026/09/25 22:48:39:7835] N: killing process, pid: 34014
[2026/09/25 22:48:39:7846] N: process killed with signal 0, pid: 34014
[2026/09/25 22:48:40:8164] N: WS closed from (unix skt), clients: 1
[2026/09/25 22:48:40:8165] N: killing process, pid: 34011
[2026/09/25 22:48:40:8167] N: WS closed from (unix skt), clients: 0
[2026/09/25 22:48:40:8168] N: killing process, pid: 34016
[2026/09/25 22:48:40:8188] N: process killed with signal 0, pid: 34011
[2026/09/25 22:48:40:8189] N: process killed with signal 0, pid: 34016
[2026/09/25 22:48:40:8421] N: WS   /ws - (unix skt), clients: 1
[2026/09/25 22:48:40:8422] N: WS   /ws - (unix skt), clients: 2
[2026/09/25 22:48:40:8422] N: WS   /ws - (unix skt), clients: 3
[2026/09/25 22:48:40:8422] N: WS   /ws - (unix skt), clients: 4
[2026/09/25 22:48:40:8423] N: WS   /ws - (unix skt), clients: 5
[2026/09/25 22:48:40:8423] N: WS   /ws - (unix skt), clients: 6
[2026/09/25 22:48:40:8423] N: WS   /ws - (unix skt), clients: 7
[2026/09/25 22:48:40:8423] N: WS   /ws - (unix skt), clients: 8
[2026/09/25 22:48:40:8423] N: WS   /ws - (unix skt), clients: 9
[2026/09/25 22:48:40:8423] N: WS   /ws - (unix skt), clients: 10
[2026/09/25 22:48:40:8436] N: started process, pid: 34250
[2026/09/25 22:48:40:8443] N: started process, pid: 34251
[2026/09/25 22:48:40:8450] N: started process, pid: 34252
[2026/09/25 22:48:40:8462] N: started process, pid: 34253
[2026/09/25 22:48:40:8472] N: started process, pid: 34254
[2026/09/25 22:48:40:8482] N: started process, pid: 34255
[2026/09/25 22:48:40:8495] N: started process, pid: 34256
[2026/09/25 22:48:40:8516] N: started process, pid: 34259
[2026/09/25 22:48:40:8541] N: started process, pid: 34267
[2026/09/25 22:48:40:8555] N: started process, pid: 34272
[2026/09/25 22:48:40:9070] N: WS closed from (unix skt), clients: 9
[2026/09/25 22:48:40:9071] N: killing process, pid: 34251
[2026/09/25 22:48:40:9075] N: process killed with signal 1, pid: 34251
[2026/09/25 22:48:40:9826] N: WS closed from (unix skt), clients: 8
[2026/09/25 22:48:40:9826] N: killing process, pid: 34255
[2026/09/25 22:48:40:9828] N: process killed with signal 1, pid: 34255
[2026/09/25 22:48:41:1481] N: WS closed from (unix skt), clients: 7
[2026/09/25 22:48:41:1481] N: killing process, pid: 34250
[2026/09/25 22:48:41:1485] N: process killed with signal 0, pid: 34250
[2026/09/25 22:48:41:1602] N: WS closed from (unix skt), clients: 6
[2026/09/25 22:48:41:1602] N: killing process, pid: 34253
[2026/09/25 22:48:41:1605] N: process killed with signal 0, pid: 34253
[2026/09/25 22:48:41:1958] N: WS closed from (unix skt), clients: 5
[2026/09/25 22:48:41:1958] N: killing process, pid: 34259
[2026/09/25 22:48:41:1963] N: process killed with signal 0, pid: 34259
[2026/09/25 22:48:41:2191] N: WS closed from (unix skt), clients: 4
[2026/09/25 22:48:41:2191] N: killing process, pid: 34267
[2026/09/25 22:48:41:2195] N: process killed with signal 0, pid: 34267
[2026/09/25 22:48:41:7204] N: WS closed from (unix skt), clients: 3
[2026/09/25 22:48:41:7205] N: killing process, pid: 34254
[2026/09/25 22:48:41:7206] N: WS closed from (unix skt), clients: 2
[2026/09/25 22:48:41:7206] N: killing process, pid: 34272
[2026/09/25 22:48:41:7216] N: process killed with signal 0, pid: 34254
[2026/09/25 22:48:41:7216] N: process killed with signal 0, pid: 34272
[2026/09/25 22:48:42:8427] N: WS closed from (unix skt), clients: 1
[2026/09/25 22:48:42:8428] N: killing process, pid: 34256
[2026/09/25 22:48:42:8428] N: WS closed from (unix skt), clients: 0
[2026/09/25 22:48:42:8429] N: killing process, pid: 34252
[2026/09/25 22:48:42:8435] N: process killed with signal 0, pid: 34252
[2026/09/25 22:48:42:8437] N: process killed with signal 0, pid: 34256
[2026/09/25 22:48:42:8494] N: WS   /ws - (unix skt), clients: 1
[2026/09/25 22:48:42:8494] N: WS   /ws - (unix skt), clients: 2
[2026/09/25 22:48:42:8494] N: WS   /ws - (unix skt), clients: 3
[2026/09/25 22:48:42:8494] N: WS   /ws - (unix skt), clients: 4
[2026/09/25 22:48:42:8494] N: WS   /ws - (unix skt), clients: 5
[2026/09/25 22:48:42:8495] N: WS   /ws - (unix skt), clients: 6
[2026/09/25 22:48:42:8495] N: WS   /ws - (unix skt), clients: 7
[2026/09/25 22:48:42:8495] N: WS   /ws - (unix skt), clients: 8
[2026/09/25 22:48:42:8495] N: WS   /ws - (unix skt), clients: 9
[2026/09/25 22:48:42:8495] N: WS   /ws - (unix skt), clients: 10
[2026/09/25 22:48:42:8501] N: started process, pid: 35079
[2026/09/25 22:48:42:8505] N: started process, pid: 35080
[2026/09/25 22:48:42:8510] N: started process, pid: 35081
[2026/09/25 22:48:42:8517] N: started process, pid: 35082
[2026/09/25 22:48:42:8522] N: started process, pid: 35083
[2026/09/25 22:48:42:8528] N: started process, pid: 35084
[2026/09/25 22:48:42:8542] N: started process, pid: 35086
[2026/09/25 22:48:42:8547] N: started process, pid: 35094
[2026/09/25 22:48:42:8564] N: started process, pid: 35098
[2026/09/25 22:48:42:8572] N: started process, pid: 35103
[2026/09/25 22:48:42:9837] N: WS closed from (unix skt), clients: 9
[2026/09/25 22:48:42:9837] N: killing process, pid: 35083
[2026/09/25 22:48:42:9841] N: process killed with signal 1, pid: 35083
[2026/09/25 22:48:43:0103] N: WS closed from (unix skt), clients: 8
[2026/09/25 22:48:43:0103] N: killing process, pid: 35103
[2026/09/25 22:48:43:0108] N: process killed with signal 1, pid: 35103
[2026/09/25 22:48:43:1196] N: WS closed from (unix skt), clients: 7
[2026/09/25 22:48:43:1196] N: killing process, pid: 35079
[2026/09/25 22:48:43:1200] N: process killed with signal 0, pid: 35079
[2026/09/25 22:48:43:1477] N: WS closed from (unix skt), clients: 6
[2026/09/25 22:48:43:1477] N: killing process, pid: 35081
[2026/09/25 22:48:43:1481] N: process killed with signal 0, pid: 35081
[2026/09/25 22:48:43:1980] N: WS closed from (unix skt), clients: 5
[2026/09/25 22:48:43:1980] N: killing process, pid: 35094
[2026/09/25 22:48:43:1984] N: process killed with signal 0, pid: 35094
[2026/09/25 22:48:43:2241] N: WS closed from (unix skt), clients: 4
[2026/09/25 22:48:43:2242] N: killing process, pid: 35086
[2026/09/25 22:48:43:2245] N: process killed with signal 0, pid: 35086
[2026/09/25 22:48:43:6604] N: WS closed from (unix skt), clients: 3
[2026/09/25 22:48:43:6604] N: killing process, pid: 35082
[2026/09/25 22:48:43:6608] N: process killed with signal 0, pid: 35082
[2026/09/25 22:48:43:7235] N: WS closed from (unix skt), clients: 2
[2026/09/25 22:48:43:7235] N: killing process, pid: 35098
[2026/09/25 22:48:43:7244] N: process killed with signal 0, pid: 35098
[2026/09/25 22:48:44:8502] N: WS closed from (unix skt), clients: 1
[2026/09/25 22:48:44:8502] N: killing process, pid: 35084
[2026/09/25 22:48:44:8503] N: WS closed from (unix skt), clients: 0
[2026/09/25 22:48:44:8503] N: killing process, pid: 35080
[2026/09/25 22:48:44:8523] N: process killed with signal 0, pid: 35080
[2026/09/25 22:48:44:8523] N: process killed with signal 0, pid: 35084
[2026/09/25 22:48:44:8646] N: WS   /ws - (unix skt), clients: 1
[2026/09/25 22:48:44:8646] N: WS   /ws - (unix skt), clients: 2
[2026/09/25 22:48:44:8646] N: WS   /ws - (unix skt), clients: 3
[2026/09/25 22:48:44:8646] N: WS   /ws - (unix skt), clients: 4
[2026/09/25 22:48:44:8646] N: WS   /ws - (unix skt), clients: 5
[2026/09/25 22:48:44:8646] N: WS   /ws - (unix skt), clients: 6
[2026/09/25 22:48:44:8646] N: WS   /ws - (unix skt), clients: 7
[2026/09/25 22:48:44:8646] N: WS   /ws - (unix skt), clients: 8
[2026/09/25 22:48:44:8646] N: WS   /ws - (unix skt), clients: 9
[2026/09/25 22:48:44:8646] N: WS   /ws - (unix skt), clients: 10
[2026/09/25 22:48:44:8653] N: started process, pid: 35799
[2026/09/25 22:48:44:8658] N: started process, pid: 35800
[2026/09/25 22:48:44:8664] N: started process, pid: 35801
[2026/09/25 22:48:44:8669] N: started process, pid: 35802
[2026/09/25 22:48:44:8680] N: started process, pid: 35803
[2026/09/25 22:48:44:8691] N: started process, pid: 35804
[2026/09/25 22:48:44:8715] N: started process, pid: 35811
[2026/09/25 22:48:44:8724] N: started process, pid: 35823
[2026/09/25 22:48:44:8733] N: started process, pid: 35825
[2026/09/25 22:48:44:8741] N: started process, pid: 35826
[2026/09/25 22:48:44:9567] N: WS closed from (unix skt), clients: 9
[2026/09/25 22:48:44:9568] N: killing process, pid: 35802
[2026/09/25 22:48:44:9571] N: process killed with signal 1, pid: 35802
[2026/09/25 22:48:45:0439] N: WS closed from (unix skt), clients: 8
[2026/09/25 22:48:45:0439] N: killing process, pid: 35825
[2026/09/25 22:48:45:0441] N: process killed with signal 1, pid: 35825
[2026/09/25 22:48:45:1769] N: WS closed from (unix skt), clients: 7
[2026/09/25 22:48:45:1770] N: killing process, pid: 35800
[2026/09/25 22:48:45:1773] N: process killed with signal 0, pid: 35800
[2026/09/25 22:48:45:2208] N: WS closed from (unix skt), clients: 6
[2026/09/25 22:48:45:2208] N: killing process, pid: 35799
[2026/09/25 22:48:45:2213] N: process killed with signal 0, pid: 35799
[2026/09/25 22:48:45:2460] N: WS closed from (unix skt), clients: 5
[2026/09/25 22:48:45:2460] N: killing process, pid: 35811
[2026/09/25 22:48:45:2461] N: WS closed from (unix skt), clients: 4
[2026/09/25 22:48:45:2461] N: killing process, pid: 35804
[2026/09/25 22:48:45:2465] N: process killed with signal 0, pid: 35804
[2026/09/25 22:48:45:2465] N: process killed with signal 0, pid: 35811
[2026/09/25 22:48:45:6217] N: WS closed from (unix skt), clients: 3
[2026/09/25 22:48:45:6217] N: killing process, pid: 35801
[2026/09/25 22:48:45:6221] N: process killed with signal 0, pid: 35801
[2026/09/25 22:48:45:7521] N: WS closed from (unix skt), clients: 2
[2026/09/25 22:48:45:7522] N: killing process, pid: 35823
[2026/09/25 22:48:45:7537] N: process killed with signal 0, pid: 35823
[2026/09/25 22:48:46:8653] N: WS closed from (unix skt), clients: 1
[2026/09/25 22:48:46:8653] N: killing process, pid: 35803
[2026/09/25 22:48:46:8654] N: WS closed from (unix skt), clients: 0
[2026/09/25 22:48:46:8654] N: killing process, pid: 35826
[2026/09/25 22:48:46:8661] N: process killed with signal 0, pid: 35803
[2026/09/25 22:48:46:8661] N: process killed with signal 0, pid: 35826
[2026/09/25 22:48:46:8725] N: WS   /ws - (unix skt), clients: 1
[2026/09/25 22:48:46:8725] N: WS   /ws - (unix skt), clients: 2
[2026/09/25 22:48:46:8725] N: WS   /ws - (unix skt), clients: 3
[2026/09/25 22:48:46:8726] N: WS   /ws - (unix skt), clients: 4
[2026/09/25 22:48:46:8726] N: WS   /ws - (unix skt), clients: 5
[2026/09/25 22:48:46:8726] N: WS   /ws - (unix skt), clients: 6
[2026/09/25 22:48:46:8726] N: WS   /ws - (unix skt), clients: 7
[2026/09/25 22:48:46:8726] N: WS   /ws - (unix skt), clients: 8
[2026/09/25 22:48:46:8726] N: WS   /ws - (unix skt), clients: 9
[2026/09/25 22:48:46:8726] N: WS   /ws - (unix skt), clients: 10
[2026/09/25 22:48:46:8734] N: started process, pid: 36231
[2026/09/25 22:48:46:8740] N: started process, pid: 36232
[2026/09/25 22:48:46:8747] N: started process, pid: 36233
[2026/09/25 22:48:46:8757] N: started process, pid: 36234
[2026/09/25 22:48:46:8765] N: started process, pid: 36237
[2026/09/25 22:48:46:8776] N: started process, pid: 36238
[2026/09/25 22:48:46:8794] N: started process, pid: 36246
[2026/09/25 22:48:46:8809] N: started process, pid: 36252
[2026/09/25 22:48:46:8822] N: started process, pid: 36253
[2026/09/25 22:48:46:8839] N: started process, pid: 36256
[2026/09/25 22:48:46:9696] N: WS closed from (unix skt), clients: 9
[2026/09/25 22:48:46:9696] N: killing process, pid: 36233
[2026/09/25 22:48:46:9699] N: process killed with signal 1, pid: 36233
[2026/09/25 22:48:47:0443] N: WS closed from (unix skt), clients: 8
[2026/09/25 22:48:47:0444] N: killing process, pid: 36253
[2026/09/25 22:48:47:0447] N: process killed with signal 1, pid: 36253
[2026/09/25 22:48:47:1823] N: WS closed from (unix skt), clients: 7
[2026/09/25 22:48:47:1823] N: killing process, pid: 36231
[2026/09/25 22:48:47:1827] N: process killed with signal 0, pid: 36231
[2026/09/25 22:48:47:2069] N: WS closed from (unix skt), clients: 6
[2026/09/25 22:48:47:2069] N: killing process, pid: 36246
[2026/09/25 22:48:47:2073] N: process killed with signal 0, pid: 36246
[2026/09/25 22:48:47:2202] N: WS closed from (unix skt), clients: 5
[2026/09/25 22:48:47:2202] N: killing process, pid: 36237
[2026/09/25 22:48:47:2202] N: WS closed from (unix skt), clients: 4
[2026/09/25 22:48:47:2202] N: killing process, pid: 36238
[2026/09/25 22:48:47:2207] N: process killed with signal 0, pid: 36237
[2026/09/25 22:48:47:2207] N: process killed with signal 0, pid: 36238
[2026/09/25 22:48:47:6590] N: WS closed from (unix skt), clients: 3
[2026/09/25 22:48:47:6591] N: killing process, pid: 36232
[2026/09/25 22:48:47:6596] N: process killed with signal 0, pid: 36232
[2026/09/25 22:48:47:7475] N: WS closed from (unix skt), clients: 2
[2026/09/25 22:48:47:7476] N: killing process, pid: 36252
[2026/09/25 22:48:47:7484] N: process killed with signal 0, pid: 36252
[2026/09/25 22:48:48:8732] N: WS closed from (unix skt), clients: 1
[2026/09/25 22:48:48:8733] N: killing process, pid: 36234
[2026/09/25 22:48:48:8733] N: WS closed from (unix skt), clients: 0
[2026/09/25 22:48:48:8733] N: killing process, pid: 36256
[2026/09/25 22:48:48:8737] N: process killed with signal 0, pid: 36234
[2026/09/25 22:48:48:8740] N: process killed with signal 0, pid: 36256
[2026/09/25 22:48:48:8799] N: WS   /ws - (unix skt), clients: 1
[2026/09/25 22:48:48:8799] N: WS   /ws - (unix skt), clients: 2
[2026/09/25 22:48:48:8799] N: WS   /ws - (unix skt), clients: 3
[2026/09/25 22:48:48:8800] N: WS   /ws - (unix skt), clients: 4
[2026/09/25 22:48:48:8800] N: WS   /ws - (unix skt), clients: 5
[2026/09/25 22:48:48:8800] N: WS   /ws - (unix skt), clients: 6
[2026/09/25 22:48:48:8800] N: WS   /ws - (unix skt), clients: 7
[2026/09/25 22:48:48:8800] N: WS   /ws - (unix skt), clients: 8
[2026/09/25 22:48:48:8807] N: started process, pid: 36542
[2026/09/25 22:48:48:8808] N: WS   /ws - (unix skt), clients: 9
[2026/09/25 22:48:48:8809] N: WS   /ws - (unix skt), clients: 10
[2026/09/25 22:48:48:8812] N: started process, pid: 36543
[2026/09/25 22:48:48:8815] N: started process, pid: 36544
[2026/09/25 22:48:48:8820] N: started process, pid: 36545
[2026/09/25 22:48:48:8826] N: started process, pid: 36546
[2026/09/25 22:48:48:8833] N: started process, pid: 36547
[2026/09/25 22:48:48:8844] N: started process, pid: 36548
[2026/09/25 22:48:48:8864] N: started process, pid: 36553
[2026/09/25 22:48:48:8876] N: started process, pid: 36567
[2026/09/25 22:48:48:8881] N: started process, pid: 36572
[2026/09/25 22:48:48:9760] N: WS closed from (unix skt), clients: 9
[2026/09/25 22:48:48:9761] N: killing process, pid: 36544
[2026/09/25 22:48:48:9763] N: process killed with signal 1, pid: 36544
[2026/09/25 22:48:49:0288] N: WS closed from (unix skt), clients: 8
[2026/09/25 22:48:49:0288] N: killing process, pid: 36547
[2026/09/25 22:48:49:0292] N: process killed with signal 1, pid: 36547
[2026/09/25 22:48:49:1762] N: WS closed from (unix skt), clients: 7
[2026/09/25 22:48:49:1762] N: killing process, pid: 36543
[2026/09/25 22:48:49:1762] N: WS closed from (unix skt), clients: 6
[2026/09/25 22:48:49:1762] N: killing process, pid: 36542
[2026/09/25 22:48:49:1767] N: process killed with signal 0, pid: 36542
[2026/09/25 22:48:49:1768] N: process killed with signal 0, pid: 36543
[2026/09/25 22:48:49:2789] N: WS closed from (unix skt), clients: 5
[2026/09/25 22:48:49:2789] N: killing process, pid: 36553
[2026/09/25 22:48:49:2793] N: process killed with signal 0, pid: 36553
[2026/09/25 22:48:49:2920] N: WS closed from (unix skt), clients: 4
[2026/09/25 22:48:49:2920] N: killing process, pid: 36567
[2026/09/25 22:48:49:2923] N: process killed with signal 0, pid: 36567
[2026/09/25 22:48:49:7306] N: WS closed from (unix skt), clients: 3
[2026/09/25 22:48:49:7307] N: killing process, pid: 36546
[2026/09/25 22:48:49:7316] N: process killed with signal 0, pid: 36546
[2026/09/25 22:48:49:7936] N: WS closed from (unix skt), clients: 2
[2026/09/25 22:48:49:7937] N: killing process, pid: 36572
[2026/09/25 22:48:49:7950] N: process killed with signal 0, pid: 36572
[2026/09/25 22:48:50:8812] N: WS closed from (unix skt), clients: 1
[2026/09/25 22:48:50:8813] N: killing process, pid: 36548
[2026/09/25 22:48:50:8813] N: WS closed from (unix skt), clients: 0
[2026/09/25 22:48:50:8813] N: killing process, pid: 36545
[2026/09/25 22:48:50:8820] N: process killed with signal 0, pid: 36548
[2026/09/25 22:48:50:8830] N: process killed with signal 0, pid: 36545
[2026/09/25 22:48:50:8931] N: WS   /ws - (unix skt), clients: 1
[2026/09/25 22:48:50:8931] N: WS   /ws - (unix skt), clients: 2
[2026/09/25 22:48:50:8932] N: WS   /ws - (unix skt), clients: 3
[2026/09/25 22:48:50:8932] N: WS   /ws - (unix skt), clients: 4
[2026/09/25 22:48:50:8932] N: WS   /ws - (unix skt), clients: 5
[2026/09/25 22:48:50:8932] N: WS   /ws - (unix skt), clients: 6
[2026/09/25 22:48:50:8932] N: WS   /ws - (unix skt), clients: 7
[2026/09/25 22:48:50:8932] N: WS   /ws - (unix skt), clients: 8
[2026/09/25 22:48:50:8932] N: WS   /ws - (unix skt), clients: 9
[2026/09/25 22:48:50:8933] N: WS   /ws - (unix skt), clients: 10
[2026/09/25 22:48:50:8941] N: started process, pid: 36865
[2026/09/25 22:48:50:8946] N: started process, pid: 36866
[2026/09/25 22:48:50:8951] N: started process, pid: 36867
[2026/09/25 22:48:50:8956] N: started process, pid: 36868
[2026/09/25 22:48:50:8967] N: started process, pid: 36869
[2026/09/25 22:48:50:8976] N: started process, pid: 36870
[2026/09/25 22:48:50:8983] N: started process, pid: 36871
[2026/09/25 22:48:50:9005] N: started process, pid: 36872
[2026/09/25 22:48:50:9017] N: started process, pid: 36881
[2026/09/25 22:48:50:9025] N: started process, pid: 36883
[2026/09/25 22:48:51:0269] N: WS closed from (unix skt), clients: 9
[2026/09/25 22:48:51:0270] N: killing process, pid: 36868
[2026/09/25 22:48:51:0272] N: process killed with signal 1, pid: 36868
[2026/09/25 22:48:51:0649] N: WS closed from (unix skt), clients: 8
[2026/09/25 22:48:51:0649] N: killing process, pid: 36881
[2026/09/25 22:48:51:0664] N: process killed with signal 1, pid: 36881
[2026/09/25 22:48:51:1693] N: WS closed from (unix skt), clients: 7
[2026/09/25 22:48:51:1694] N: killing process, pid: 36865
[2026/09/25 22:48:51:1698] N: process killed with signal 0, pid: 36865
[2026/09/25 22:48:51:2004] N: WS closed from (unix skt), clients: 6
[2026/09/25 22:48:51:2005] N: killing process, pid: 36866
[2026/09/25 22:48:51:2008] N: process killed with signal 0, pid: 36866
[2026/09/25 22:48:51:2790] N: WS closed from (unix skt), clients: 5
[2026/09/25 22:48:51:2790] N: killing process, pid: 36871
[2026/09/25 22:48:51:2791] N: WS closed from (unix skt), clients: 4
[2026/09/25 22:48:51:2792] N: killing process, pid: 36870
[2026/09/25 22:48:51:2795] N: process killed with signal 0, pid: 36871
[2026/09/25 22:48:51:2796] N: process killed with signal 0, pid: 36870
[2026/09/25 22:48:51:7156] N: WS closed from (unix skt), clients: 3
[2026/09/25 22:48:51:7156] N: killing process, pid: 36867
[2026/09/25 22:48:51:7162] N: process killed with signal 0, pid: 36867
[2026/09/25 22:48:51:7287] N: WS closed from (unix skt), clients: 2
[2026/09/25 22:48:51:7287] N: killing process, pid: 36872
[2026/09/25 22:48:51:7292] N: process killed with signal 0, pid: 36872
[2026/09/25 22:48:52:8952] N: WS closed from (unix skt), clients: 1
[2026/09/25 22:48:52:8953] N: killing process, pid: 36869
[2026/09/25 22:48:52:8953] N: WS closed from (unix skt), clients: 0
[2026/09/25 22:48:52:8953] N: killing process, pid: 36883
[2026/09/25 22:48:52:8974] N: process killed with signal 0, pid: 36869
[2026/09/25 22:48:52:8975] N: process killed with signal 0, pid: 36883
[2026/09/25 22:48:52:9135] N: WS   /ws - (unix skt), clients: 1
[2026/09/25 22:48:52:9135] N: WS   /ws - (unix skt), clients: 2
[2026/09/25 22:48:52:9136] N: WS   /ws - (unix skt), clients: 3
[2026/09/25 22:48:52:9136] N: WS   /ws - (unix skt), clients: 4
[2026/09/25 22:48:52:9136] N: WS   /ws - (unix skt), clients: 5
[2026/09/25 22:48:52:9136] N: WS   /ws - (unix skt), clients: 6
[2026/09/25 22:48:52:9136] N: WS   /ws - (unix skt), clients: 7
[2026/09/25 22:48:52:9136] N: WS   /ws - (unix skt), clients: 8
[2026/09/25 22:48:52:9136] N: WS   /ws - (unix skt), clients: 9
[2026/09/25 22:48:52:9136] N: WS   /ws - (unix skt), clients: 10
[2026/09/25 22:48:52:9146] N: started process, pid: 37261
[2026/09/25 22:48:52:9152] N: started process, pid: 37262
[2026/09/25 22:48:52:9160] N: started process, pid: 37263
[2026/09/25 22:48:52:9176] N: started process, pid: 37264
[2026/09/25 22:48:52:9192] N: started process, pid: 37266
[2026/09/25 22:48:52:9206] N: started process, pid: 37267
[2026/09/25 22:48:52:9215] N: started process, pid: 37271
[2026/09/25 22:48:52:9227] N: started process, pid: 37278
[2026/09/25 22:48:52:9247] N: started process, pid: 37284
[2026/09/25 22:48:52:9261] N: started process, pid: 37288
[2026/09/25 22:48:52:9803] N: WS closed from (unix skt), clients: 9
[2026/09/25 22:48:52:9803] N: killing process, pid: 37262
[2026/09/25 22:48:52:9806] N: process killed with signal 1, pid: 37262
[2026/09/25 22:48:53:0985] N: WS closed from (unix skt), clients: 8
[2026/09/25 22:48:53:0986] N: killing process, pid: 37267
[2026/09/25 22:48:53:0990] N: process killed with signal 1, pid: 37267
[2026/09/25 22:48:53:2206] N: WS closed from (unix skt), clients: 7
[2026/09/25 22:48:53:2206] N: killing process, pid: 37264
[2026/09/25 22:48:53:2210] N: process killed with signal 0, pid: 37264
[2026/09/25 22:48:53:2357] N: WS closed from (unix skt), clients: 6
[2026/09/25 22:48:53:2358] N: killing process, pid: 37261
[2026/09/25 22:48:53:2361] N: process killed with signal 0, pid: 37261
[2026/09/25 22:48:53:2992] N: WS closed from (unix skt), clients: 5
[2026/09/25 22:48:53:2992] N: killing process, pid: 37278
[2026/09/25 22:48:53:2995] N: process killed with signal 0, pid: 37278
[2026/09/25 22:48:53:3143] N: WS closed from (unix skt), clients: 4
[2026/09/25 22:48:53:3143] N: killing process, pid: 37284
[2026/09/25 22:48:53:3146] N: process killed with signal 0, pid: 37284
[2026/09/25 22:48:53:7685] N: WS closed from (unix skt), clients: 3
[2026/09/25 22:48:53:7686] N: killing process, pid: 37266
[2026/09/25 22:48:53:7689] N: process killed with signal 0, pid: 37266
[2026/09/25 22:48:53:8157] N: WS closed from (unix skt), clients: 2
[2026/09/25 22:48:53:8157] N: killing process, pid: 37288
[2026/09/25 22:48:53:8160] N: process killed with signal 0, pid: 37288
[2026/09/25 22:48:54:9144] N: WS closed from (unix skt), clients: 1
[2026/09/25 22:48:54:9144] N: killing process, pid: 37271
[2026/09/25 22:48:54:9145] N: WS closed from (unix skt), clients: 0
[2026/09/25 22:48:54:9145] N: killing process, pid: 37263
[2026/09/25 22:48:54:9152] N: process killed with signal 0, pid: 37271
[2026/09/25 22:48:54:9160] N: process killed with signal 0, pid: 37263
[2026/09/25 22:48:54:9262] N: WS   /ws - (unix skt), clients: 1
[2026/09/25 22:48:54:9262] N: WS   /ws - (unix skt), clients: 2
[2026/09/25 22:48:54:9262] N: WS   /ws - (unix skt), clients: 3
[2026/09/25 22:48:54:9262] N: WS   /ws - (unix skt), clients: 4
[2026/09/25 22:48:54:9262] N: WS   /ws - (unix skt), clients: 5
[2026/09/25 22:48:54:9262] N: WS   /ws - (unix skt), clients: 6
[2026/09/25 22:48:54:9262] N: WS   /ws - (unix skt), clients: 7
[2026/09/25 22:48:54:9263] N: WS   /ws - (unix skt), clients: 8
[2026/09/25 22:48:54:9263] N: WS   /ws - (unix skt), clients: 9
[2026/09/25 22:48:54:9263] N: WS   /ws - (unix skt), clients: 10
[2026/09/25 22:48:54:9271] N: started process, pid: 37651
[2026/09/25 22:48:54:9276] N: started process, pid: 37652
[2026/09/25 22:48:54:9281] N: started process, pid: 37653
[2026/09/25 22:48:54:9289] N: started process, pid: 37654
[2026/09/25 22:48:54:9297] N: started process, pid: 37655
[2026/09/25 22:48:54:9305] N: started process, pid: 37656
[2026/09/25 22:48:54:9314] N: started process, pid: 37657
[2026/09/25 22:48:54:9327] N: started process, pid: 37663
[2026/09/25 22:48:54:9343] N: started process, pid: 37671
[2026/09/25 22:48:54:9355] N: started process, pid: 37674
[2026/09/25 22:48:55:0486] N: WS closed from (unix skt), clients: 9
[2026/09/25 22:48:55:0487] N: killing process, pid: 37654
[2026/09/25 22:48:55:0491] N: process killed with signal 1, pid: 37654
[2026/09/25 22:48:55:1096] N: WS closed from (unix skt), clients: 8
[2026/09/25 22:48:55:1097] N: killing process, pid: 37671
[2026/09/25 22:48:55:1100] N: process killed with signal 1, pid: 37671
[2026/09/25 22:48:55:2177] N: WS closed from (unix skt), clients: 7
[2026/09/25 22:48:55:2177] N: killing process, pid: 37651
[2026/09/25 22:48:55:2181] N: process killed with signal 0, pid: 37651
[2026/09/25 22:48:55:2358] N: WS closed from (unix skt), clients: 6
[2026/09/25 22:48:55:2358] N: killing process, pid: 37652
[2026/09/25 22:48:55:2362] N: process killed with signal 0, pid: 37652
[2026/09/25 22:48:55:2851] N: WS closed from (unix skt), clients: 5
[2026/09/25 22:48:55:2851] N: killing process, pid: 37657
[2026/09/25 22:48:55:2855] N: process killed with signal 0, pid: 37657
[2026/09/25 22:48:55:2962] N: WS closed from (unix skt), clients: 4
[2026/09/25 22:48:55:2963] N: killing process, pid: 37656
[2026/09/25 22:48:55:2967] N: process killed with signal 0, pid: 37656
[2026/09/25 22:48:55:7370] N: WS closed from (unix skt), clients: 3
[2026/09/25 22:48:55:7370] N: killing process, pid: 37653
[2026/09/25 22:48:55:7380] N: process killed with signal 0, pid: 37653
[2026/09/25 22:48:55:8105] N: WS closed from (unix skt), clients: 2
[2026/09/25 22:48:55:8106] N: killing process, pid: 37663
[2026/09/25 22:48:55:8123] N: process killed with signal 0, pid: 37663
[2026/09/25 22:48:56:9278] N: WS closed from (unix skt), clients: 1
[2026/09/25 22:48:56:9279] N: killing process, pid: 37655
[2026/09/25 22:48:56:9279] N: WS closed from (unix skt), clients: 0
[2026/09/25 22:48:56:9279] N: killing process, pid: 37674
[2026/09/25 22:48:56:9305] N: process killed with signal 0, pid: 37674
[2026/09/25 22:48:56:9306] N: process killed with signal 0, pid: 37655
[2026/09/25 22:48:56:9412] N: WS   /ws - (unix skt), clients: 1
[2026/09/25 22:48:56:9412] N: WS   /ws - (unix skt), clients: 2
[2026/09/25 22:48:56:9413] N: WS   /ws - (unix skt), clients: 3
[2026/09/25 22:48:56:9413] N: WS   /ws - (unix skt), clients: 4
[2026/09/25 22:48:56:9413] N: WS   /ws - (unix skt), clients: 5
[2026/09/25 22:48:56:9413] N: WS   /ws - (unix skt), clients: 6
[2026/09/25 22:48:56:9413] N: WS   /ws - (unix skt), clients: 7
[2026/09/25 22:48:56:9413] N: WS   /ws - (unix skt), clients: 8
[2026/09/25 22:48:56:9413] N: WS   /ws - (unix skt), clients: 9
[2026/09/25 22:48:56:9413] N: WS   /ws - (unix skt), clients: 10
[2026/09/25 22:48:56:9422] N: started process, pid: 37907
[2026/09/25 22:48:56:9428] N: started process, pid: 37908
[2026/09/25 22:48:56:9432] N: started process, pid: 37909
[2026/09/25 22:48:56:9436] N: started process, pid: 37910
[2026/09/25 22:48:56:9447] N: started process, pid: 37911
[2026/09/25 22:48:56:9453] N: started process, pid: 37912
[2026/09/25 22:48:56:9463] N: started process, pid: 37913
[2026/09/25 22:48:56:9474] N: started process, pid: 37914
[2026/09/25 22:48:56:9485] N: started process, pid: 37920
[2026/09/25 22:48:56:9491] N: started process, pid: 37926
[2026/09/25 22:48:57:0797] N: WS closed from (unix skt), clients: 9
[2026/09/25 22:48:57:0797] N: killing process, pid: 37910
[2026/09/25 22:48:57:0801] N: process killed with signal 1, pid: 37910
[2026/09/25 22:48:57:1330] N: WS closed from (unix skt), clients: 8
[2026/09/25 22:48:57:1330] N: killing process, pid: 37920
[2026/09/25 22:48:57:1332] N: process killed with signal 1, pid: 37920
[2026/09/25 22:48:57:1940] N: WS closed from (unix skt), clients: 7
[2026/09/25 22:48:57:1940] N: killing process, pid: 37907
[2026/09/25 22:48:57:1943] N: process killed with signal 0, pid: 37907
[2026/09/25 22:48:57:2644] N: WS closed from (unix skt), clients: 6
[2026/09/25 22:48:57:2644] N: killing process, pid: 37908
[2026/09/25 22:48:57:2648] N: process killed with signal 0, pid: 37908
[2026/09/25 22:48:57:3071] N: WS closed from (unix skt), clients: 5
[2026/09/25 22:48:57:3071] N: killing process, pid: 37913
[2026/09/25 22:48:57:3076] N: process killed with signal 0, pid: 37913
[2026/09/25 22:48:57:3203] N: WS closed from (unix skt), clients: 4
[2026/09/25 22:48:57:3203] N: killing process, pid: 37912
[2026/09/25 22:48:57:3207] N: process killed with signal 0, pid: 37912
[2026/09/25 22:48:57:7945] N: WS closed from (unix skt), clients: 3
[2026/09/25 22:48:57:7946] N: killing process, pid: 37909
[2026/09/25 22:48:57:7957] N: process killed with signal 0, pid: 37909
[2026/09/25 22:48:57:8334] N: WS closed from (unix skt), clients: 2
[2026/09/25 22:48:57:8335] N: killing process, pid: 37914
[2026/09/25 22:48:57:8351] N: process killed with signal 0, pid: 37914
[2026/09/25 22:48:58:9417] N: WS closed from (unix skt), clients: 1
[2026/09/25 22:48:58:9417] N: killing process, pid: 37911
[2026/09/25 22:48:58:9417] N: WS closed from (unix skt), clients: 0
[2026/09/25 22:48:58:9417] N: killing process, pid: 37926
[2026/09/25 22:48:58:9422] N: process killed with signal 0, pid: 37911
[2026/09/25 22:48:58:9427] N: process killed with signal 0, pid: 37926
[2026/09/25 22:48:58:9510] N: WS   /ws - (unix skt), clients: 1
[2026/09/25 22:48:58:9510] N: WS   /ws - (unix skt), clients: 2
[2026/09/25 22:48:58:9511] N: WS   /ws - (unix skt), clients: 3
[2026/09/25 22:48:58:9511] N: WS   /ws - (unix skt), clients: 4
[2026/09/25 22:48:58:9511] N: WS   /ws - (unix skt), clients: 5
[2026/09/25 22:48:58:9511] N: WS   /ws - (unix skt), clients: 6
[2026/09/25 22:48:58:9511] N: WS   /ws - (unix skt), clients: 7
[2026/09/25 22:48:58:9511] N: WS   /ws - (unix skt), clients: 8
[2026/09/25 22:48:58:9511] N: WS   /ws - (unix skt), clients: 9
[2026/09/25 22:48:58:9511] N: WS   /ws - (unix skt), clients: 10
[2026/09/25 22:48:58:9520] N: started process, pid: 38278
[2026/09/25 22:48:58:9524] N: started process, pid: 38279
[2026/09/25 22:48:58:9530] N: started process, pid: 38280
[2026/09/25 22:48:58:9535] N: started process, pid: 38281
[2026/09/25 22:48:58:9543] N: started process, pid: 38282
[2026/09/25 22:48:58:9551] N: started process, pid: 38283
[2026/09/25 22:48:58:9563] N: started process, pid: 38284
[2026/09/25 22:48:58:9578] N: started process, pid: 38289
[2026/09/25 22:48:58:9586] N: started process, pid: 38298
[2026/09/25 22:48:58:9602] N: started process, pid: 38302
[2026/09/25 22:48:59:0589] N: WS closed from (unix skt), clients: 9
[2026/09/25 22:48:59:0590] N: killing process, pid: 38281
[2026/09/25 22:48:59:0592] N: process killed with signal 1, pid: 38281
[2026/09/25 22:48:59:0971] N: WS closed from (unix skt), clients: 8
[2026/09/25 22:48:59:0971] N: killing process, pid: 38298
[2026/09/25 22:48:59:0973] N: process killed with signal 1, pid: 38298
[2026/09/25 22:48:59:2081] N: WS closed from (unix skt), clients: 7
[2026/09/25 22:48:59:2081] N: killing process, pid: 38279
[2026/09/25 22:48:59:2084] N: process killed with signal 0, pid: 38279
[2026/09/25 22:48:59:2593] N: WS closed from (unix skt), clients: 6
[2026/09/25 22:48:59:2593] N: killing process, pid: 38278
[2026/09/25 22:48:59:2597] N: process killed with signal 0, pid: 38278
[2026/09/25 22:48:59:3107] N: WS closed from (unix skt), clients: 5
[2026/09/25 22:48:59:3107] N: killing process, pid: 38283
[2026/09/25 22:48:59:3107] N: WS closed from (unix skt), clients: 4
[2026/09/25 22:48:59:3107] N: killing process, pid: 38284
[2026/09/25 22:48:59:3112] N: process killed with signal 0, pid: 38283
[2026/09/25 22:48:59:3112] N: process killed with signal 0, pid: 38284
[2026/09/25 22:48:59:7741] N: WS closed from (unix skt), clients: 3
[2026/09/25 22:48:59:7741] N: killing process, pid: 38280
[2026/09/25 22:48:59:7750] N: process killed with signal 0, pid: 38280
[2026/09/25 22:48:59:8249] N: WS closed from (unix skt), clients: 2
[2026/09/25 22:48:59:8250] N: killing process, pid: 38289
[2026/09/25 22:48:59:8259] N: process killed with signal 0, pid: 38289
[2026/09/25 22:49:00:9523] N: WS closed from (unix skt), clients: 1
[2026/09/25 22:49:00:9523] N: killing process, pid: 38282
[2026/09/25 22:49:00:9524] N: WS closed from (unix skt), clients: 0
[2026/09/25 22:49:00:9524] N: killing process, pid: 38302
[2026/09/25 22:49:00:9534] N: process killed with signal 0, pid: 38282
[2026/09/25 22:49:00:9542] N: process killed with signal 0, pid: 38302
[2026/09/25 22:49:00:9685] N: WS   /ws - (unix skt), clients: 1
[2026/09/25 22:49:00:9685] N: WS   /ws - (unix skt), clients: 2
[2026/09/25 22:49:00:9685] N: WS   /ws - (unix skt), clients: 3
[2026/09/25 22:49:00:9685] N: WS   /ws - (unix skt), clients: 4
[2026/09/25 22:49:00:9686] N: WS   /ws - (unix skt), clients: 5
[2026/09/25 22:49:00:9686] N: WS   /ws - (unix skt), clients: 6
[2026/09/25 22:49:00:9686] N: WS   /ws - (unix skt), clients: 7
[2026/09/25 22:49:00:9686] N: WS   /ws - (unix skt), clients: 8
[2026/09/25 22:49:00:9686] N: WS   /ws - (unix skt), clients: 9
[2026/09/25 22:49:00:9686] N: WS   /ws - (unix skt), clients: 10
[2026/09/25 22:49:00:9698] N: started process, pid: 38530
[2026/09/25 22:49:00:9704] N: started process, pid: 38531
[2026/09/25 22:49:00:9710] N: started process, pid: 38532
[2026/09/25 22:49:00:9715] N: started process, pid: 38533
[2026/09/25 22:49:00:9724] N: started process, pid: 38534
[2026/09/25 22:49:00:9729] N: started process, pid: 38535
[2026/09/25 22:49:00:9735] N: started process, pid: 38536
[2026/09/25 22:49:00:9752] N: started process, pid: 38537
[2026/09/25 22:49:00:9762] N: started process, pid: 38538
[2026/09/25 22:49:00:9772] N: started process, pid: 38539
[2026/09/25 22:49:01:0590] N: WS closed from (unix skt), clients: 9
[2026/09/25 22:49:01:0590] N: killing process, pid: 38533
[2026/09/25 22:49:01:0594] N: process killed with signal 1, pid: 38533
[2026/09/25 22:49:01:1545] N: WS closed from (unix skt), clients: 8
[2026/09/25 22:49:01:1545] N: killing process, pid: 38538
[2026/09/25 22:49:01:1548] N: process killed with signal 1, pid: 38538
[2026/09/25 22:49:01:2594] N: WS closed from (unix skt), clients: 7
[2026/09/25 22:49:01:2595] N: killing process, pid: 38530
[2026/09/25 22:49:01:2598] N: process killed with signal 0, pid: 38530
[2026/09/25 22:49:01:3110] N: WS closed from (unix skt), clients: 6
[2026/09/25 22:49:01:3111] N: killing process, pid: 38531
[2026/09/25 22:49:01:3114] N: process killed with signal 0, pid: 38531
[2026/09/25 22:49:01:3271] N: WS closed from (unix skt), clients: 5
[2026/09/25 22:49:01:3271] N: killing process, pid: 38536
[2026/09/25 22:49:01:3275] N: process killed with signal 0, pid: 38536
[2026/09/25 22:49:01:3544] N: WS closed from (unix skt), clients: 4
[2026/09/25 22:49:01:3544] N: killing process, pid: 38535
[2026/09/25 22:49:01:3548] N: process killed with signal 0, pid: 38535
[2026/09/25 22:49:01:7733] N: WS closed from (unix skt), clients: 3
[2026/09/25 22:49:01:7734] N: killing process, pid: 38532
[2026/09/25 22:49:01:7742] N: process killed with signal 0, pid: 38532
[2026/09/25 22:49:01:8417] N: WS closed from (unix skt), clients: 2
[2026/09/25 22:49:01:8419] N: killing process, pid: 38537
[2026/09/25 22:49:01:8438] N: process killed with signal 0, pid: 38537
[2026/09/25 22:49:02:9696] N: WS closed from (unix skt), clients: 1
[2026/09/25 22:49:02:9697] N: killing process, pid: 38534
[2026/09/25 22:49:02:9697] N: WS closed from (unix skt), clients: 0
[2026/09/25 22:49:02:9698] N: killing process, pid: 38539
[2026/09/25 22:49:02:9705] N: process killed with signal 0, pid: 38534
[2026/09/25 22:49:02:9713] N: process killed with signal 0, pid: 38539
[2026/09/25 22:49:02:9817] N: WS   /ws - (unix skt), clients: 1
[2026/09/25 22:49:02:9817] N: WS   /ws - (unix skt), clients: 2
[2026/09/25 22:49:02:9817] N: WS   /ws - (unix skt), clients: 3
[2026/09/25 22:49:02:9817] N: WS   /ws - (unix skt), clients: 4
[2026/09/25 22:49:02:9817] N: WS   /ws - (unix skt), clients: 5
[2026/09/25 22:49:02:9818] N: WS   /ws - (unix skt), clients: 6
[2026/09/25 22:49:02:9818] N: WS   /ws - (unix skt), clients: 7
[2026/09/25 22:49:02:9818] N: WS   /ws - (unix skt), clients: 8
[2026/09/25 22:49:02:9818] N: WS   /ws - (unix skt), clients: 9
[2026/09/25 22:49:02:9818] N: WS   /ws - (unix skt), clients: 10
[2026/09/25 22:49:02:9828] N: started process, pid: 38855
[2026/09/25 22:49:02:9833] N: started process, pid: 38856
[2026/09/25 22:49:02:9838] N: started process, pid: 38857
[2026/09/25 22:49:02:9845] N: started process, pid: 38858
[2026/09/25 22:49:02:9855] N: started process, pid: 38859
[2026/09/25 22:49:02:9868] N: started process, pid: 38860
[2026/09/25 22:49:02:9879] N: started process, pid: 38861
[2026/09/25 22:49:02:9894] N: started process, pid: 38866
[2026/09/25 22:49:02:9916] N: started process, pid: 38879
[2026/09/25 22:49:02:9932] N: started process, pid: 38885
[2026/09/25 22:49:03:0829] N: WS closed from (unix skt), clients: 9
[2026/09/25 22:49:03:0830] N: killing process, pid: 38858
[2026/09/25 22:49:03:0832] N: process killed with signal 1, pid: 38858
[2026/09/25 22:49:03:1395] N: WS closed from (unix skt), clients: 8
[2026/09/25 22:49:03:1396] N: killing process, pid: 38879
[2026/09/25 22:49:03:1398] N: process killed with signal 1, pid: 38879
[2026/09/25 22:49:03:2954] N: WS closed from (unix skt), clients: 7
[2026/09/25 22:49:03:2954] N: killing process, pid: 38855
[2026/09/25 22:49:03:2959] N: process killed with signal 0, pid: 38855
[2026/09/25 22:49:03:3066] N: WS closed from (unix skt), clients: 6
[2026/09/25 22:49:03:3066] N: killing process, pid: 38856
[2026/09/25 22:49:03:3071] N: process killed with signal 0, pid: 38856
[2026/09/25 22:49:03:3177] N: WS closed from (unix skt), clients: 5
[2026/09/25 22:49:03:3177] N: killing process, pid: 38861
[2026/09/25 22:49:03:3181] N: process killed with signal 0, pid: 38861
[2026/09/25 22:49:03:3298] N: WS closed from (unix skt), clients: 4
[2026/09/25 22:49:03:3298] N: killing process, pid: 38860
[2026/09/25 22:49:03:3304] N: process killed with signal 0, pid: 38860
[2026/09/25 22:49:03:7852] N: WS closed from (unix skt), clients: 3
[2026/09/25 22:49:03:7853] N: killing process, pid: 38857
[2026/09/25 22:49:03:7867] N: process killed with signal 0, pid: 38857
[2026/09/25 22:49:03:8441] N: WS closed from (unix skt), clients: 2
[2026/09/25 22:49:03:8443] N: killing process, pid: 38866
[2026/09/25 22:49:03:8463] N: process killed with signal 0, pid: 38866
[2026/09/25 22:49:04:9826] N: WS closed from (unix skt), clients: 1
[2026/09/25 22:49:04:9827] N: killing process, pid: 38859
[2026/09/25 22:49:04:9827] N: WS closed from (unix skt), clients: 0
[2026/09/25 22:49:04:9827] N: killing process, pid: 38885
[2026/09/25 22:49:04:9838] N: process killed with signal 0, pid: 38859
[2026/09/25 22:49:04:9838] N: process killed with signal 0, pid: 38885
[2026/09/25 22:49:04:9915] N: WS   /ws - (unix skt), clients: 1
[2026/09/25 22:49:04:9915] N: WS   /ws - (unix skt), clients: 2
[2026/09/25 22:49:04:9915] N: WS   /ws - (unix skt), clients: 3
[2026/09/25 22:49:04:9915] N: WS   /ws - (unix skt), clients: 4
[2026/09/25 22:49:04:9915] N: WS   /ws - (unix skt), clients: 5
[2026/09/25 22:49:04:9915] N: WS   /ws - (unix skt), clients: 6
[2026/09/25 22:49:04:9915] N: WS   /ws - (unix skt), clients: 7
[2026/09/25 22:49:04:9915] N: WS   /ws - (unix skt), clients: 8
[2026/09/25 22:49:04:9916] N: WS   /ws - (unix skt), clients: 9
[2026/09/25 22:49:04:9916] N: WS   /ws - (unix skt), clients: 10
[2026/09/25 22:49:04:9925] N: started process, pid: 39217
[2026/09/25 22:49:04:9930] N: started process, pid: 39218
[2026/09/25 22:49:04:9937] N: started process, pid: 39219
[2026/09/25 22:49:04:9949] N: started process, pid: 39220
[2026/09/25 22:49:04:9956] N: started process, pid: 39221
[2026/09/25 22:49:04:9964] N: started process, pid: 39222
[2026/09/25 22:49:04:9979] N: started process, pid: 39225
[2026/09/25 22:49:04:9996] N: started process, pid: 39230
[2026/09/25 22:49:05:0002] N: started process, pid: 39234
[2026/09/25 22:49:05:0026] N: started process, pid: 39235
[2026/09/25 22:49:05:1401] N: WS closed from (unix skt), clients: 9
[2026/09/25 22:49:05:1402] N: killing process, pid: 39220
[2026/09/25 22:49:05:1406] N: process killed with signal 1, pid: 39220
[2026/09/25 22:49:05:1834] N: WS closed from (unix skt), clients: 8
[2026/09/25 22:49:05:1834] N: killing process, pid: 39234
[2026/09/25 22:49:05:1837] N: process killed with signal 1, pid: 39234
[2026/09/25 22:49:05:2799] N: WS closed from (unix skt), clients: 7
[2026/09/25 22:49:05:2799] N: killing process, pid: 39218
[2026/09/25 22:49:05:2803] N: process killed with signal 0, pid: 39218
[2026/09/25 22:49:05:2960] N: WS closed from (unix skt), clients: 6
[2026/09/25 22:49:05:2960] N: killing process, pid: 39217
[2026/09/25 22:49:05:2964] N: process killed with signal 0, pid: 39217
[2026/09/25 22:49:05:3263] N: WS closed from (unix skt), clients: 5
[2026/09/25 22:49:05:3263] N: killing process, pid: 39222
[2026/09/25 22:49:05:3267] N: process killed with signal 0, pid: 39222
[2026/09/25 22:49:05:3830] N: WS closed from (unix skt), clients: 4
[2026/09/25 22:49:05:3830] N: killing process, pid: 39225
[2026/09/25 22:49:05:3833] N: process killed with signal 0, pid: 39225
[2026/09/25 22:49:05:8135] N: WS closed from (unix skt), clients: 3
[2026/09/25 22:49:05:8136] N: killing process, pid: 39219
[2026/09/25 22:49:05:8143] N: process killed with signal 0, pid: 39219
[2026/09/25 22:49:05:8557] N: WS closed from (unix skt), clients: 2
[2026/09/25 22:49:05:8558] N: killing process, pid: 39230
[2026/09/25 22:49:05:8571] N: process killed with signal 0, pid: 39230
[2026/09/25 22:49:06:9932] N: WS closed from (unix skt), clients: 1
[2026/09/25 22:49:06:9932] N: killing process, pid: 39221
[2026/09/25 22:49:06:9932] N: WS closed from (unix skt), clients: 0
[2026/09/25 22:49:06:9932] N: killing process, pid: 39235
[2026/09/25 22:49:06:9942] N: process killed with signal 0, pid: 39235
[2026/09/25 22:49:06:9943] N: process killed with signal 0, pid: 39221
[2026/09/25 22:49:07:0043] N: WS   /ws - (unix skt), clients: 1
[2026/09/25 22:49:07:0043] N: WS   /ws - (unix skt), clients: 2
[2026/09/25 22:49:07:0043] N: WS   /ws - (unix skt), clients: 3
[2026/09/25 22:49:07:0043] N: WS   /ws - (unix skt), clients: 4
[2026/09/25 22:49:07:0043] N: WS   /ws - (unix skt), clients: 5
[2026/09/25 22:49:07:0043] N: WS   /ws - (unix skt), clients: 6
[2026/09/25 22:49:07:0044] N: WS   /ws - (unix skt), clients: 7
[2026/09/25 22:49:07:0044] N: WS   /ws - (unix skt), clients: 8
[2026/09/25 22:49:07:0044] N: WS   /ws - (unix skt), clients: 9
[2026/09/25 22:49:07:0044] N: WS   /ws - (unix skt), clients: 10
[2026/09/25 22:49:07:0054] N: started process, pid: 39588
[2026/09/25 22:49:07:0060] N: started process, pid: 39589
[2026/09/25 22:49:07:0065] N: started process, pid: 39590
[2026/09/25 22:49:07:0071] N: started process, pid: 39591
[2026/09/25 22:49:07:0082] N: started process, pid: 39592
[2026/09/25 22:49:07:0090] N: started process, pid: 39593
[2026/09/25 22:49:07:0101] N: started process, pid: 39594
[2026/09/25 22:49:07:0117] N: started process, pid: 39596
[2026/09/25 22:49:07:0140] N: started process, pid: 39604
[2026/09/25 22:49:07:0152] N: started process, pid: 39605
[2026/09/25 22:49:07:1499] N: WS closed from (unix skt), clients: 9
[2026/09/25 22:49:07:1500] N: killing process, pid: 39604
[2026/09/25 22:49:07:1504] N: process killed with signal 1, pid: 39604
[2026/09/25 22:49:07:1889] N: WS closed from (unix skt), clients: 8
[2026/09/25 22:49:07:1890] N: killing process, pid: 39591
[2026/09/25 22:49:07:1892] N: process killed with signal 1, pid: 39591
[2026/09/25 22:49:07:3259] N: WS closed from (unix skt), clients: 7
[2026/09/25 22:49:07:3260] N: killing process, pid: 39588
[2026/09/25 22:49:07:3265] N: process killed with signal 0, pid: 39588
[2026/09/25 22:49:07:3381] N: WS closed from (unix skt), clients: 6
[2026/09/25 22:49:07:3381] N: killing process, pid: 39589
[2026/09/25 22:49:07:3385] N: process killed with signal 0, pid: 39589
[2026/09/25 22:49:07:3896] N: WS closed from (unix skt), clients: 5
[2026/09/25 22:49:07:3897] N: killing process, pid: 39593
[2026/09/25 22:49:07:3902] N: process killed with signal 0, pid: 39593
[2026/09/25 22:49:07:4038] N: WS closed from (unix skt), clients: 4
[2026/09/25 22:49:07:4038] N: killing process, pid: 39594
[2026/09/25 22:49:07:4043] N: process killed with signal 0, pid: 39594
[2026/09/25 22:49:07:8650] N: WS closed from (unix skt), clients: 3
[2026/09/25 22:49:07:8651] N: killing process, pid: 39590
[2026/09/25 22:49:07:8664] N: process killed with signal 0, pid: 39590
[2026/09/25 22:49:07:8793] N: WS closed from (unix skt), clients: 2
[2026/09/25 22:49:07:8794] N: killing process, pid: 39596
[2026/09/25 22:49:07:8807] N: process killed with signal 0, pid: 39596
[2026/09/25 22:49:09:0044] N: WS closed from (unix skt), clients: 1
[2026/09/25 22:49:09:0044] N: killing process, pid: 39592
[2026/09/25 22:49:09:0045] N: WS closed from (unix skt), clients: 0
[2026/09/25 22:49:09:0045] N: killing process, pid: 39605
[2026/09/25 22:49:09:0053] N: process killed with signal 0, pid: 39592
[2026/09/25 22:49:09:0059] N: process killed with signal 0, pid: 39605
[2026/09/25 22:49:09:0197] N: WS   /ws - (unix skt), clients: 1
[2026/09/25 22:49:09:0198] N: WS   /ws - (unix skt), clients: 2
[2026/09/25 22:49:09:0198] N: WS   /ws - (unix skt), clients: 3
[2026/09/25 22:49:09:0198] N: WS   /ws - (unix skt), clients: 4
[2026/09/25 22:49:09:0198] N: WS   /ws - (unix skt), clients: 5
[2026/09/25 22:49:09:0198] N: WS   /ws - (unix skt), clients: 6
[2026/09/25 22:49:09:0198] N: WS   /ws - (unix skt), clients: 7
[2026/09/25 22:49:09:0198] N: WS   /ws - (unix skt), clients: 8
[2026/09/25 22:49:09:0199] N: WS   /ws - (unix skt), clients: 9
[2026/09/25 22:49:09:0199] N: WS   /ws - (unix skt), clients: 10
[2026/09/25 22:49:09:0211] N: started process, pid: 39900
[2026/09/25 22:49:09:0216] N: started process, pid: 39901
[2026/09/25 22:49:09:0221] N: started process, pid: 39902
[2026/09/25 22:49:09:0228] N: started process, pid: 39903
[2026/09/25 22:49:09:0237] N: started process, pid: 39904
[2026/09/25 22:49:09:0244] N: started process, pid: 39905
[2026/09/25 22:49:09:0258] N: started process, pid: 39906
[2026/09/25 22:49:09:0269] N: started process, pid: 39909
[2026/09/25 22:49:09:0291] N: started process, pid: 39916
[2026/09/25 22:49:09:0307] N: started process, pid: 39920
[2026/09/25 22:49:09:1501] N: WS closed from (unix skt), clients: 9
[2026/09/25 22:49:09:1501] N: killing process, pid: 39916
[2026/09/25 22:49:09:1504] N: process killed with signal 1, pid: 39916
[2026/09/25 22:49:09:1780] N: WS closed from (unix skt), clients: 8
[2026/09/25 22:49:09:1780] N: killing process, pid: 39903
[2026/09/25 22:49:09:1784] N: process killed with signal 1, pid: 39903
[2026/09/25 22:49:09:2887] N: WS closed from (unix skt), clients: 7
[2026/09/25 22:49:09:2888] N: killing process, pid: 39901
[2026/09/25 22:49:09:2891] N: process killed with signal 0, pid: 39901
[2026/09/25 22:49:09:3243] N: WS closed from (unix skt), clients: 6
[2026/09/25 22:49:09:3244] N: killing process, pid: 39900
[2026/09/25 22:49:09:3247] N: process killed with signal 0, pid: 39900
[2026/09/25 22:49:09:3667] N: WS closed from (unix skt), clients: 5
[2026/09/25 22:49:09:3671] N: killing process, pid: 39905
[2026/09/25 22:49:09:3705] N: process killed with signal 0, pid: 39905
[2026/09/25 22:49:09:4033] N: WS closed from (unix skt), clients: 4
[2026/09/25 22:49:09:4033] N: killing process, pid: 39906
[2026/09/25 22:49:09:4036] N: process killed with signal 0, pid: 39906
[2026/09/25 22:49:09:7898] N: WS closed from (unix skt), clients: 3
[2026/09/25 22:49:09:7898] N: killing process, pid: 39902
[2026/09/25 22:49:09:7903] N: process killed with signal 0, pid: 39902
[2026/09/25 22:49:09:8966] N: WS closed from (unix skt), clients: 2
[2026/09/25 22:49:09:8967] N: killing process, pid: 39909
[2026/09/25 22:49:09:8976] N: process killed with signal 0, pid: 39909
[2026/09/25 22:49:11:0207] N: WS closed from (unix skt), clients: 1
[2026/09/25 22:49:11:0208] N: killing process, pid: 39904
[2026/09/25 22:49:11:0208] N: WS closed from (unix skt), clients: 0
[2026/09/25 22:49:11:0208] N: killing process, pid: 39920
[2026/09/25 22:49:11:0213] N: process killed with signal 0, pid: 39904
[2026/09/25 22:49:11:0220] N: process killed with signal 0, pid: 39920
[2026/09/25 22:49:11:0314] N: WS   /ws - (unix skt), clients: 1
[2026/09/25 22:49:11:0315] N: WS   /ws - (unix skt), clients: 2
[2026/09/25 22:49:11:0315] N: WS   /ws - (unix skt), clients: 3
[2026/09/25 22:49:11:0315] N: WS   /ws - (unix skt), clients: 4
[2026/09/25 22:49:11:0315] N: WS   /ws - (unix skt), clients: 5
[2026/09/25 22:49:11:0315] N: WS   /ws - (unix skt), clients: 6
[2026/09/25 22:49:11:0315] N: WS   /ws - (unix skt), clients: 7
[2026/09/25 22:49:11:0315] N: WS   /ws - (unix skt), clients: 8
[2026/09/25 22:49:11:0316] N: WS   /ws - (unix skt), clients: 9
[2026/09/25 22:49:11:0316] N: WS   /ws - (unix skt), clients: 10
[2026/09/25 22:49:11:0326] N: started process, pid: 40278
[2026/09/25 22:49:11:0331] N: started process, pid: 40279
[2026/09/25 22:49:11:0336] N: started process, pid: 40280
[2026/09/25 22:49:11:0344] N: started process, pid: 40281
[2026/09/25 22:49:11:0354] N: started process, pid: 40282
[2026/09/25 22:49:11:0364] N: started process, pid: 40283
[2026/09/25 22:49:11:0379] N: started process, pid: 40284
[2026/09/25 22:49:11:0394] N: started process, pid: 40290
[2026/09/25 22:49:11:0402] N: started process, pid: 40298
[2026/09/25 22:49:11:0424] N: started process, pid: 40301
[2026/09/25 22:49:11:1563] N: WS closed from (unix skt), clients: 9
[2026/09/25 22:49:11:1563] N: killing process, pid: 40281
[2026/09/25 22:49:11:1566] N: process killed with signal 1, pid: 40281
[2026/09/25 22:49:11:2064] N: WS closed from (unix skt), clients: 8
[2026/09/25 22:49:11:2064] N: killing process, pid: 40298
[2026/09/25 22:49:11:2071] N: process killed with signal 1, pid: 40298
[2026/09/25 22:49:11:3308] N: WS closed from (unix skt), clients: 7
[2026/09/25 22:49:11:3308] N: killing process, pid: 40279
[2026/09/25 22:49:11:3312] N: process killed with signal 0, pid: 40279
[2026/09/25 22:49:11:3579] N: WS closed from (unix skt), clients: 6
[2026/09/25 22:49:11:3580] N: killing process, pid: 40278
[2026/09/25 22:49:11:3584] N: process killed with signal 0, pid: 40278
[2026/09/25 22:49:11:3832] N: WS closed from (unix skt), clients: 5
[2026/09/25 22:49:11:3833] N: killing process, pid: 40283
[2026/09/25 22:49:11:3838] N: process killed with signal 0, pid: 40283
[2026/09/25 22:49:11:3943] N: WS closed from (unix skt), clients: 4
[2026/09/25 22:49:11:3944] N: killing process, pid: 40284
[2026/09/25 22:49:11:3949] N: process killed with signal 0, pid: 40284
[2026/09/25 22:49:11:8592] N: WS closed from (unix skt), clients: 3
[2026/09/25 22:49:11:8593] N: killing process, pid: 40280
[2026/09/25 22:49:11:8603] N: process killed with signal 0, pid: 40280
[2026/09/25 22:49:11:9105] N: WS closed from (unix skt), clients: 2
[2026/09/25 22:49:11:9106] N: killing process, pid: 40290
[2026/09/25 22:49:11:9121] N: process killed with signal 0, pid: 40290
[2026/09/25 22:49:13:0332] N: WS closed from (unix skt), clients: 1
[2026/09/25 22:49:13:0333] N: killing process, pid: 40282
[2026/09/25 22:49:13:0333] N: WS closed from (unix skt), clients: 0
[2026/09/25 22:49:13:0333] N: killing process, pid: 40301
[2026/09/25 22:49:13:0340] N: process killed with signal 0, pid: 40282
[2026/09/25 22:49:13:0347] N: process killed with signal 0, pid: 40301
[2026/09/25 22:49:13:0438] N: WS   /ws - (unix skt), clients: 1
[2026/09/25 22:49:13:0438] N: WS   /ws - (unix skt), clients: 2
[2026/09/25 22:49:13:0438] N: WS   /ws - (unix skt), clients: 3
[2026/09/25 22:49:13:0438] N: WS   /ws - (unix skt), clients: 4
[2026/09/25 22:49:13:0439] N: WS   /ws - (unix skt), clients: 5
[2026/09/25 22:49:13:0439] N: WS   /ws - (unix skt), clients: 6
[2026/09/25 22:49:13:0439] N: WS   /ws - (unix skt), clients: 7
[2026/09/25 22:49:13:0439] N: WS   /ws - (unix skt), clients: 8
[2026/09/25 22:49:13:0439] N: WS   /ws - (unix skt), clients: 9
[2026/09/25 22:49:13:0439] N: WS   /ws - (unix skt), clients: 10
[2026/09/25 22:49:13:0449] N: started process, pid: 40613
[2026/09/25 22:49:13:0454] N: started process, pid: 40615
[2026/09/25 22:49:13:0461] N: started process, pid: 40616
[2026/09/25 22:49:13:0466] N: started process, pid: 40617
[2026/09/25 22:49:13:0474] N: started process, pid: 40618
[2026/09/25 22:49:13:0486] N: started process, pid: 40619
[2026/09/25 22:49:13:0498] N: started process, pid: 40621
[2026/09/25 22:49:13:0512] N: started process, pid: 40626
[2026/09/25 22:49:13:0534] N: started process, pid: 40634
[2026/09/25 22:49:13:0557] N: started process, pid: 40640
[2026/09/25 22:49:13:1950] N: WS closed from (unix skt), clients: 9
[2026/09/25 22:49:13:1951] N: killing process, pid: 40616
[2026/09/25 22:49:13:1955] N: process killed with signal 1, pid: 40616
[2026/09/25 22:49:13:2441] N: WS closed from (unix skt), clients: 8
[2026/09/25 22:49:13:2442] N: killing process, pid: 40621
[2026/09/25 22:49:13:2444] N: process killed with signal 1, pid: 40621
[2026/09/25 22:49:13:3532] N: WS closed from (unix skt), clients: 7
[2026/09/25 22:49:13:3532] N: killing process, pid: 40613
[2026/09/25 22:49:13:3537] N: process killed with signal 0, pid: 40613
[2026/09/25 22:49:13:3694] N: WS closed from (unix skt), clients: 6
[2026/09/25 22:49:13:3694] N: killing process, pid: 40618
[2026/09/25 22:49:13:3698] N: process killed with signal 0, pid: 40618
[2026/09/25 22:49:13:4413] N: WS closed from (unix skt), clients: 5
[2026/09/25 22:49:13:4413] N: killing process, pid: 40640
[2026/09/25 22:49:13:4413] N: WS closed from (unix skt), clients: 4
[2026/09/25 22:49:13:4414] N: killing process, pid: 40634
[2026/09/25 22:49:13:4417] N: process killed with signal 0, pid: 40634
[2026/09/25 22:49:13:4417] N: process killed with signal 0, pid: 40640
[2026/09/25 22:49:13:8713] N: WS closed from (unix skt), clients: 3
[2026/09/25 22:49:13:8714] N: killing process, pid: 40615
[2026/09/25 22:49:13:8722] N: process killed with signal 0, pid: 40615
[2026/09/25 22:49:13:9278] N: WS closed from (unix skt), clients: 2
[2026/09/25 22:49:13:9279] N: killing process, pid: 40619
[2026/09/25 22:49:13:9292] N: process killed with signal 0, pid: 40619
[2026/09/25 22:49:15:0446] N: WS closed from (unix skt), clients: 1
[2026/09/25 22:49:15:0446] N: killing process, pid: 40626
[2026/09/25 22:49:15:0446] N: WS closed from (unix skt), clients: 0
[2026/09/25 22:49:15:0446] N: killing process, pid: 40617
[2026/09/25 22:49:15:0455] N: process killed with signal 0, pid: 40617
[2026/09/25 22:49:15:0456] N: process killed with signal 0, pid: 40626
[2026/09/25 22:49:15:0522] N: WS   /ws - (unix skt), clients: 1
[2026/09/25 22:49:15:0522] N: WS   /ws - (unix skt), clients: 2
[2026/09/25 22:49:15:0522] N: WS   /ws - (unix skt), clients: 3
[2026/09/25 22:49:15:0522] N: WS   /ws - (unix skt), clients: 4
[2026/09/25 22:49:15:0523] N: WS   /ws - (unix skt), clients: 5
[2026/09/25 22:49:15:0523] N: WS   /ws - (unix skt), clients: 6
[2026/09/25 22:49:15:0523] N: WS   /ws - (unix skt), clients: 7
[2026/09/25 22:49:15:0523] N: WS   /ws - (unix skt), clients: 8
[2026/09/25 22:49:15:0523] N: WS   /ws - (unix skt), clients: 9
[2026/09/25 22:49:15:0523] N: WS   /ws - (unix skt), clients: 10
[2026/09/25 22:49:15:0536] N: started process, pid: 41315
[2026/09/25 22:49:15:0545] N: started process, pid: 41316
[2026/09/25 22:49:15:0555] N: started process, pid: 41317
[2026/09/25 22:49:15:0568] N: started process, pid: 41318
[2026/09/25 22:49:15:0577] N: started process, pid: 41319
[2026/09/25 22:49:15:0582] N: started process, pid: 41320
[2026/09/25 22:49:15:0590] N: started process, pid: 41321
[2026/09/25 22:49:15:0599] N: started process, pid: 41322
[2026/09/25 22:49:15:0608] N: started process, pid: 41325
[2026/09/25 22:49:15:0617] N: started process, pid: 41333
[2026/09/25 22:49:15:1853] N: WS closed from (unix skt), clients: 9
[2026/09/25 22:49:15:1853] N: killing process, pid: 41318
[2026/09/25 22:49:15:1856] N: process killed with signal 1, pid: 41318
[2026/09/25 22:49:15:2233] N: WS closed from (unix skt), clients: 8
[2026/09/25 22:49:15:2234] N: killing process, pid: 41325
[2026/09/25 22:49:15:2236] N: process killed with signal 1, pid: 41325
[2026/09/25 22:49:15:3351] N: WS closed from (unix skt), clients: 7
[2026/09/25 22:49:15:3351] N: killing process, pid: 41315
[2026/09/25 22:49:15:3356] N: process killed with signal 0, pid: 41315
[2026/09/25 22:49:15:3604] N: WS closed from (unix skt), clients: 6
[2026/09/25 22:49:15:3605] N: killing process, pid: 41316
[2026/09/25 22:49:15:3608] N: process killed with signal 0, pid: 41316
[2026/09/25 22:49:15:3986] N: WS closed from (unix skt), clients: 5
[2026/09/25 22:49:15:3987] N: killing process, pid: 41320
[2026/09/25 22:49:15:3992] N: process killed with signal 0, pid: 41320
[2026/09/25 22:49:15:4117] N: WS closed from (unix skt), clients: 4
[2026/09/25 22:49:15:4117] N: killing process, pid: 41321
[2026/09/25 22:49:15:4122] N: process killed with signal 0, pid: 41321
[2026/09/25 22:49:15:8614] N: WS closed from (unix skt), clients: 3
[2026/09/25 22:49:15:8614] N: killing process, pid: 41317
[2026/09/25 22:49:15:8637] N: process killed with signal 0, pid: 41317
[2026/09/25 22:49:15:9255] N: WS closed from (unix skt), clients: 2
[2026/09/25 22:49:15:9256] N: killing process, pid: 41322
[2026/09/25 22:49:15:9270] N: process killed with signal 0, pid: 41322
[2026/09/25 22:49:17:0540] N: WS closed from (unix skt), clients: 1
[2026/09/25 22:49:17:0540] N: killing process, pid: 41319
[2026/09/25 22:49:17:0540] N: WS closed from (unix skt), clients: 0
[2026/09/25 22:49:17:0540] N: killing process, pid: 41333
[2026/09/25 22:49:17:0552] N: process killed with signal 0, pid: 41319
[2026/09/25 22:49:17:0552] N: process killed with signal 0, pid: 41333
[2026/09/25 22:49:17:0613] N: WS   /ws - (unix skt), clients: 1
[2026/09/25 22:49:17:0613] N: WS   /ws - (unix skt), clients: 2
[2026/09/25 22:49:17:0613] N: WS   /ws - (unix skt), clients: 3
[2026/09/25 22:49:17:0613] N: WS   /ws - (unix skt), clients: 4
[2026/09/25 22:49:17:0614] N: WS   /ws - (unix skt), clients: 5
[2026/09/25 22:49:17:0614] N: WS   /ws - (unix skt), clients: 6
[2026/09/25 22:49:17:0614] N: WS   /ws - (unix skt), clients: 7
[2026/09/25 22:49:17:0614] N: WS   /ws - (unix skt), clients: 8
[2026/09/25 22:49:17:0614] N: WS   /ws - (unix skt), clients: 9
[2026/09/25 22:49:17:0614] N: WS   /ws - (unix skt), clients: 10
[2026/09/25 22:49:17:0621] N: started process, pid: 41790
[2026/09/25 22:49:17:0625] N: started process, pid: 41791
[2026/09/25 22:49:17:0629] N: started process, pid: 41792
[2026/09/25 22:49:17:0634] N: started process, pid: 41793
[2026/09/25 22:49:17:0640] N: started process, pid: 41794
[2026/09/25 22:49:17:0653] N: started process, pid: 41796
[2026/09/25 22:49:17:0684] N: started process, pid: 41800
[2026/09/25 22:49:17:0706] N: started process, pid: 41807
[2026/09/25 22:49:17:0725] N: started process, pid: 41817
[2026/09/25 22:49:17:0738] N: started process, pid: 41823
[2026/09/25 22:49:17:2848] N: WS closed from (unix skt), clients: 9
[2026/09/25 22:49:17:2848] N: killing process, pid: 41791
[2026/09/25 22:49:17:2851] N: process killed with signal 1, pid: 41791
[2026/09/25 22:49:17:3110] N: WS closed from (unix skt), clients: 8
[2026/09/25 22:49:17:3111] N: killing process, pid: 41796
[2026/09/25 22:49:17:3140] N: process killed with signal 1, pid: 41796
[2026/09/25 22:49:17:3209] N: WS closed from (unix skt), clients: 7
[2026/09/25 22:49:17:3210] N: killing process, pid: 41790
[2026/09/25 22:49:17:3261] N: process killed with signal 0, pid: 41790
[2026/09/25 22:49:17:4300] N: WS closed from (unix skt), clients: 6
[2026/09/25 22:49:17:4300] N: killing process, pid: 41793
[2026/09/25 22:49:17:4305] N: process killed with signal 0, pid: 41793
[2026/09/25 22:49:17:5525] N: WS closed from (unix skt), clients: 5
[2026/09/25 22:49:17:5525] N: killing process, pid: 41807
[2026/09/25 22:49:17:5529] N: process killed with signal 0, pid: 41807
[2026/09/25 22:49:17:5537] N: WS closed from (unix skt), clients: 4
[2026/09/25 22:49:17:5537] N: killing process, pid: 41817
[2026/09/25 22:49:17:5540] N: process killed with signal 0, pid: 41817
[2026/09/25 22:49:18:0161] N: WS closed from (unix skt), clients: 3
[2026/09/25 22:49:18:0161] N: killing process, pid: 41794
[2026/09/25 22:49:18:0166] N: process killed with signal 0, pid: 41794
[2026/09/25 22:49:18:0534] N: WS closed from (unix skt), clients: 2
[2026/09/25 22:49:18:0534] N: killing process, pid: 41823
[2026/09/25 22:49:18:0537] N: process killed with signal 0, pid: 41823
[2026/09/25 22:49:19:0632] N: WS closed from (unix skt), clients: 1
[2026/09/25 22:49:19:0633] N: killing process, pid: 41800
[2026/09/25 22:49:19:0633] N: WS closed from (unix skt), clients: 0
[2026/09/25 22:49:19:0634] N: killing process, pid: 41792
[2026/09/25 22:49:19:0643] N: process killed with signal 0, pid: 41800
[2026/09/25 22:49:19:0656] N: process killed with signal 0, pid: 41792
[2026/09/25 22:49:19:0817] N: WS   /ws - (unix skt), clients: 1
[2026/09/25 22:49:19:0818] N: WS   /ws - (unix skt), clients: 2
[2026/09/25 22:49:19:0818] N: WS   /ws - (unix skt), clients: 3
[2026/09/25 22:49:19:0818] N: WS   /ws - (unix skt), clients: 4
[2026/09/25 22:49:19:0819] N: WS   /ws - (unix skt), clients: 5
[2026/09/25 22:49:19:0819] N: WS   /ws - (unix skt), clients: 6
[2026/09/25 22:49:19:0819] N: WS   /ws - (unix skt), clients: 7
[2026/09/25 22:49:19:0819] N: WS   /ws - (unix skt), clients: 8
[2026/09/25 22:49:19:0819] N: WS   /ws - (unix skt), clients: 9
[2026/09/25 22:49:19:0820] N: WS   /ws - (unix skt), clients: 10
[2026/09/25 22:49:19:0877] N: started process, pid: 42148
[2026/09/25 22:49:19:0890] N: started process, pid: 42150
[2026/09/25 22:49:19:0897] N: started process, pid: 42151
[2026/09/25 22:49:19:0904] N: started process, pid: 42152
[2026/09/25 22:49:19:0914] N: started process, pid: 42153
[2026/09/25 22:49:19:0922] N: started process, pid: 42154
[2026/09/25 22:49:19:0934] N: started process, pid: 42156
[2026/09/25 22:49:19:0944] N: started process, pid: 42160
[2026/09/25 22:49:19:0956] N: started process, pid: 42163
[2026/09/25 22:49:19:0968] N: started process, pid: 42170
[2026/09/25 22:49:19:2102] N: WS closed from (unix skt), clients: 9
[2026/09/25 22:49:19:2102] N: killing process, pid: 42152
[2026/09/25 22:49:19:2110] N: process killed with signal 1, pid: 42152
[2026/09/25 22:49:19:2590] N: WS closed from (unix skt), clients: 8
[2026/09/25 22:49:19:2591] N: killing process, pid: 42163
[2026/09/25 22:49:19:2594] N: process killed with signal 1, pid: 42163
[2026/09/25 22:49:19:3547] N: WS closed from (unix skt), clients: 7
[2026/09/25 22:49:19:3547] N: killing process, pid: 42148
[2026/09/25 22:49:19:3551] N: process killed with signal 0, pid: 42148
[2026/09/25 22:49:19:3819] N: WS closed from (unix skt), clients: 6
[2026/09/25 22:49:19:3820] N: killing process, pid: 42150
[2026/09/25 22:49:19:3823] N: process killed with signal 0, pid: 42150
[2026/09/25 22:49:19:4434] N: WS closed from (unix skt), clients: 5
[2026/09/25 22:49:19:4434] N: killing process, pid: 42156
[2026/09/25 22:49:19:4439] N: process killed with signal 0, pid: 42156
[2026/09/25 22:49:19:4571] N: WS closed from (unix skt), clients: 4
[2026/09/25 22:49:19:4571] N: killing process, pid: 42154
[2026/09/25 22:49:19:4576] N: process killed with signal 0, pid: 42154
[2026/09/25 22:49:19:8686] N: WS closed from (unix skt), clients: 3
[2026/09/25 22:49:19:8687] N: killing process, pid: 42151
[2026/09/25 22:49:19:8700] N: process killed with signal 0, pid: 42151
[2026/09/25 22:49:19:9597] N: WS closed from (unix skt), clients: 2
[2026/09/25 22:49:19:9598] N: killing process, pid: 42160
[2026/09/25 22:49:19:9614] N: process killed with signal 0, pid: 42160
[2026/09/25 22:49:21:0825] N: WS closed from (unix skt), clients: 1
[2026/09/25 22:49:21:0825] N: killing process, pid: 42153
[2026/09/25 22:49:21:0826] N: WS closed from (unix skt), clients: 0
[2026/09/25 22:49:21:0826] N: killing process, pid: 42170
[2026/09/25 22:49:21:0836] N: process killed with signal 0, pid: 42153
[2026/09/25 22:49:21:0836] N: process killed with signal 0, pid: 42170
[2026/09/25 22:49:21:0951] N: WS   /ws - (unix skt), clients: 1
[2026/09/25 22:49:21:0952] N: WS   /ws - (unix skt), clients: 2
[2026/09/25 22:49:21:0952] N: WS   /ws - (unix skt), clients: 3
[2026/09/25 22:49:21:0952] N: WS   /ws - (unix skt), clients: 4
[2026/09/25 22:49:21:0952] N: WS   /ws - (unix skt), clients: 5
[2026/09/25 22:49:21:0952] N: WS   /ws - (unix skt), clients: 6
[2026/09/25 22:49:21:0953] N: WS   /ws - (unix skt), clients: 7
[2026/09/25 22:49:21:0953] N: WS   /ws - (unix skt), clients: 8
[2026/09/25 22:49:21:0953] N: WS   /ws - (unix skt), clients: 9
[2026/09/25 22:49:21:0953] N: WS   /ws - (unix skt), clients: 10
[2026/09/25 22:49:21:0964] N: started process, pid: 42454
[2026/09/25 22:49:21:0969] N: started process, pid: 42455
[2026/09/25 22:49:21:0975] N: started process, pid: 42456
[2026/09/25 22:49:21:0981] N: started process, pid: 42457
[2026/09/25 22:49:21:0991] N: started process, pid: 42458
[2026/09/25 22:49:21:1000] N: started process, pid: 42459
[2026/09/25 22:49:21:1009] N: started process, pid: 42460
[2026/09/25 22:49:21:1020] N: started process, pid: 42461
[2026/09/25 22:49:21:1033] N: started process, pid: 42466
[2026/09/25 22:49:21:1052] N: started process, pid: 42477
[2026/09/25 22:49:21:2055] N: WS closed from (unix skt), clients: 9
[2026/09/25 22:49:21:2056] N: killing process, pid: 42457
[2026/09/25 22:49:21:2059] N: process killed with signal 1, pid: 42457
[2026/09/25 22:49:21:2431] N: WS closed from (unix skt), clients: 8
[2026/09/25 22:49:21:2432] N: killing process, pid: 42466
[2026/09/25 22:49:21:2434] N: process killed with signal 1, pid: 42466
[2026/09/25 22:49:21:3926] N: WS closed from (unix skt), clients: 7
[2026/09/25 22:49:21:3926] N: killing process, pid: 42454
[2026/09/25 22:49:21:3931] N: process killed with signal 0, pid: 42454
[2026/09/25 22:49:21:4065] N: WS closed from (unix skt), clients: 6
[2026/09/25 22:49:21:4065] N: killing process, pid: 42455
[2026/09/25 22:49:21:4068] N: process killed with signal 0, pid: 42455
[2026/09/25 22:49:21:4583] N: WS closed from (unix skt), clients: 5
[2026/09/25 22:49:21:4584] N: killing process, pid: 42459
[2026/09/25 22:49:21:4587] N: process killed with signal 0, pid: 42459
[2026/09/25 22:49:21:4715] N: WS closed from (unix skt), clients: 4
[2026/09/25 22:49:21:4716] N: killing process, pid: 42460
[2026/09/25 22:49:21:4721] N: process killed with signal 0, pid: 42460
[2026/09/25 22:49:21:8814] N: WS closed from (unix skt), clients: 3
[2026/09/25 22:49:21:8815] N: killing process, pid: 42456
[2026/09/25 22:49:21:8825] N: process killed with signal 0, pid: 42456
[2026/09/25 22:49:21:9597] N: WS closed from (unix skt), clients: 2
[2026/09/25 22:49:21:9597] N: killing process, pid: 42461
[2026/09/25 22:49:21:9608] N: process killed with signal 0, pid: 42461
[2026/09/25 22:49:23:0964] N: WS closed from (unix skt), clients: 1
[2026/09/25 22:49:23:0964] N: killing process, pid: 42458
[2026/09/25 22:49:23:0964] N: WS closed from (unix skt), clients: 0
[2026/09/25 22:49:23:0965] N: killing process, pid: 42477
[2026/09/25 22:49:23:0978] N: process killed with signal 0, pid: 42458
[2026/09/25 22:49:23:0979] N: process killed with signal 0, pid: 42477
[2026/09/25 22:49:23:1093] N: WS   /ws - (unix skt), clients: 1
[2026/09/25 22:49:23:1094] N: WS   /ws - (unix skt), clients: 2
[2026/09/25 22:49:23:1094] N: WS   /ws - (unix skt), clients: 3
[2026/09/25 22:49:23:1094] N: WS   /ws - (unix skt), clients: 4
[2026/09/25 22:49:23:1094] N: WS   /ws - (unix skt), clients: 5
[2026/09/25 22:49:23:1094] N: WS   /ws - (unix skt), clients: 6
[2026/09/25 22:49:23:1094] N: WS   /ws - (unix skt), clients: 7
[2026/09/25 22:49:23:1095] N: WS   /ws - (unix skt), clients: 8
[2026/09/25 22:49:23:1095] N: WS   /ws - (unix skt), clients: 9
[2026/09/25 22:49:23:1095] N: WS   /ws - (unix skt), clients: 10
[2026/09/25 22:49:23:1106] N: started process, pid: 42820
[2026/09/25 22:49:23:1112] N: started process, pid: 42821
[2026/09/25 22:49:23:1121] N: started process, pid: 42822
[2026/09/25 22:49:23:1131] N: started process, pid: 42823
[2026/09/25 22:49:23:1141] N: started process, pid: 42824
[2026/09/25 22:49:23:1147] N: started process, pid: 42825
[2026/09/25 22:49:23:1154] N: started process, pid: 42826
[2026/09/25 22:49:23:1169] N: started process, pid: 42828
[2026/09/25 22:49:23:1177] N: started process, pid: 42837
[2026/09/25 22:49:23:1194] N: started process, pid: 42841
[2026/09/25 22:49:23:2014] N: WS closed from (unix skt), clients: 9
[2026/09/25 22:49:23:2015] N: killing process, pid: 42823
[2026/09/25 22:49:23:2019] N: process killed with signal 1, pid: 42823
[2026/09/25 22:49:23:2951] N: WS closed from (unix skt), clients: 8
[2026/09/25 22:49:23:2951] N: killing process, pid: 42837
[2026/09/25 22:49:23:2953] N: process killed with signal 1, pid: 42837
[2026/09/25 22:49:23:4145] N: WS closed from (unix skt), clients: 7
[2026/09/25 22:49:23:4146] N: killing process, pid: 42820
[2026/09/25 22:49:23:4157] N: process killed with signal 0, pid: 42820
[2026/09/25 22:49:23:4430] N: WS closed from (unix skt), clients: 6
[2026/09/25 22:49:23:4430] N: killing process, pid: 42821
[2026/09/25 22:49:23:4435] N: process killed with signal 0, pid: 42821
[2026/09/25 22:49:23:4581] N: WS closed from (unix skt), clients: 5
[2026/09/25 22:49:23:4582] N: killing process, pid: 42825
[2026/09/25 22:49:23:4587] N: process killed with signal 0, pid: 42825
[2026/09/25 22:49:23:4706] N: WS closed from (unix skt), clients: 4
[2026/09/25 22:49:23:4706] N: killing process, pid: 42826
[2026/09/25 22:49:23:4710] N: process killed with signal 0, pid: 42826
[2026/09/25 22:49:23:9310] N: WS closed from (unix skt), clients: 3
[2026/09/25 22:49:23:9311] N: killing process, pid: 42822
[2026/09/25 22:49:23:9324] N: process killed with signal 0, pid: 42822
[2026/09/25 22:49:23:9998] N: WS closed from (unix skt), clients: 2
[2026/09/25 22:49:23:9999] N: killing process, pid: 42828
[2026/09/25 22:49:24:0012] N: process killed with signal 0, pid: 42828
[2026/09/25 22:49:25:1133] N: WS closed from (unix skt), clients: 1
[2026/09/25 22:49:25:1134] N: killing process, pid: 42824
[2026/09/25 22:49:25:1134] N: WS closed from (unix skt), clients: 0
[2026/09/25 22:49:25:1134] N: killing process, pid: 42841
[2026/09/25 22:49:25:1165] N: process killed with signal 0, pid: 42824
[2026/09/25 22:49:25:1166] N: process killed with signal 0, pid: 42841
[2026/09/25 22:49:25:1282] N: WS   /ws - (unix skt), clients: 1
[2026/09/25 22:49:25:1282] N: WS   /ws - (unix skt), clients: 2
[2026/09/25 22:49:25:1283] N: WS   /ws - (unix skt), clients: 3
[2026/09/25 22:49:25:1283] N: WS   /ws - (unix skt), clients: 4
[2026/09/25 22:49:25:1283] N: WS   /ws - (unix skt), clients: 5
[2026/09/25 22:49:25:1283] N: WS   /ws - (unix skt), clients: 6
[2026/09/25 22:49:25:1283] N: WS   /ws - (unix skt), clients: 7
[2026/09/25 22:49:25:1283] N: WS   /ws - (unix skt), clients: 8
[2026/09/25 22:49:25:1283] N: WS   /ws - (unix skt), clients: 9
[2026/09/25 22:49:25:1284] N: WS   /ws - (unix skt), clients: 10
[2026/09/25 22:49:25:1294] N: started process, pid: 43175
[2026/09/25 22:49:25:1300] N: started process, pid: 43176
[2026/09/25 22:49:25:1306] N: started process, pid: 43177
[2026/09/25 22:49:25:1313] N: started process, pid: 43178
[2026/09/25 22:49:25:1323] N: started process, pid: 43179
[2026/09/25 22:49:25:1328] N: started process, pid: 43180
[2026/09/25 22:49:25:1334] N: started process, pid: 43181
[2026/09/25 22:49:25:1342] N: started process, pid: 43182
[2026/09/25 22:49:25:1355] N: started process, pid: 43183
[2026/09/25 22:49:25:1366] N: started process, pid: 43184
[2026/09/25 22:49:25:2590] N: WS closed from (unix skt), clients: 9
[2026/09/25 22:49:25:2590] N: killing process, pid: 43178
[2026/09/25 22:49:25:2593] N: process killed with signal 1, pid: 43178
[2026/09/25 22:49:25:3154] N: WS closed from (unix skt), clients: 8
[2026/09/25 22:49:25:3155] N: killing process, pid: 43183
[2026/09/25 22:49:25:3159] N: process killed with signal 1, pid: 43183
[2026/09/25 22:49:25:4226] N: WS closed from (unix skt), clients: 7
[2026/09/25 22:49:25:4227] N: killing process, pid: 43175
[2026/09/25 22:49:25:4232] N: process killed with signal 0, pid: 43175
[2026/09/25 22:49:25:4462] N: WS closed from (unix skt), clients: 6
[2026/09/25 22:49:25:4462] N: killing process, pid: 43176
[2026/09/25 22:49:25:4466] N: process killed with signal 0, pid: 43176
[2026/09/25 22:49:25:4875] N: WS closed from (unix skt), clients: 5
[2026/09/25 22:49:25:4875] N: killing process, pid: 43181
[2026/09/25 22:49:25:4880] N: process killed with signal 0, pid: 43181
[2026/09/25 22:49:25:5001] N: WS closed from (unix skt), clients: 4
[2026/09/25 22:49:25:5001] N: killing process, pid: 43180
[2026/09/25 22:49:25:5005] N: process killed with signal 0, pid: 43180
[2026/09/25 22:49:25:9772] N: WS closed from (unix skt), clients: 3
[2026/09/25 22:49:25:9773] N: killing process, pid: 43177
[2026/09/25 22:49:25:9789] N: process killed with signal 0, pid: 43177
[2026/09/25 22:49:26:0184] N: WS closed from (unix skt), clients: 2
[2026/09/25 22:49:26:0185] N: killing process, pid: 43182
[2026/09/25 22:49:26:0200] N: process killed with signal 0, pid: 43182
[2026/09/25 22:49:27:1301] N: WS closed from (unix skt), clients: 1
[2026/09/25 22:49:27:1302] N: killing process, pid: 43179
[2026/09/25 22:49:27:1302] N: WS closed from (unix skt), clients: 0
[2026/09/25 22:49:27:1302] N: killing process, pid: 43184
[2026/09/25 22:49:27:1314] N: process killed with signal 0, pid: 43184
[2026/09/25 22:49:27:1315] N: process killed with signal 0, pid: 43179
[2026/09/25 22:49:27:1441] N: WS   /ws - (unix skt), clients: 1
[2026/09/25 22:49:27:1441] N: WS   /ws - (unix skt), clients: 2
[2026/09/25 22:49:27:1442] N: WS   /ws - (unix skt), clients: 3
[2026/09/25 22:49:27:1442] N: WS   /ws - (unix skt), clients: 4
[2026/09/25 22:49:27:1442] N: WS   /ws - (unix skt), clients: 5
[2026/09/25 22:49:27:1442] N: WS   /ws - (unix skt), clients: 6
[2026/09/25 22:49:27:1442] N: WS   /ws - (unix skt), clients: 7
[2026/09/25 22:49:27:1442] N: WS   /ws - (unix skt), clients: 8
[2026/09/25 22:49:27:1443] N: WS   /ws - (unix skt), clients: 9
[2026/09/25 22:49:27:1443] N: WS   /ws - (unix skt), clients: 10
[2026/09/25 22:49:27:1452] N: started process, pid: 43484
[2026/09/25 22:49:27:1459] N: started process, pid: 43485
[2026/09/25 22:49:27:1465] N: started process, pid: 43486
[2026/09/25 22:49:27:1470] N: started process, pid: 43487
[2026/09/25 22:49:27:1481] N: started process, pid: 43488
[2026/09/25 22:49:27:1489] N: started process, pid: 43489
[2026/09/25 22:49:27:1497] N: started process, pid: 43491
[2026/09/25 22:49:27:1516] N: started process, pid: 43492
[2026/09/25 22:49:27:1529] N: started process, pid: 43500
[2026/09/25 22:49:27:1546] N: started process, pid: 43503
[2026/09/25 22:49:27:2841] N: WS closed from (unix skt), clients: 9
[2026/09/25 22:49:27:2842] N: killing process, pid: 43487
[2026/09/25 22:49:27:2849] N: process killed with signal 1, pid: 43487
[2026/09/25 22:49:27:2992] N: WS closed from (unix skt), clients: 8
[2026/09/25 22:49:27:2993] N: killing process, pid: 43500
[2026/09/25 22:49:27:2995] N: process killed with signal 1, pid: 43500
[2026/09/25 22:49:27:4114] N: WS closed from (unix skt), clients: 7
[2026/09/25 22:49:27:4114] N: killing process, pid: 43484
[2026/09/25 22:49:27:4118] N: process killed with signal 0, pid: 43484
[2026/09/25 22:49:27:4576] N: WS closed from (unix skt), clients: 6
[2026/09/25 22:49:27:4576] N: killing process, pid: 43485
[2026/09/25 22:49:27:4581] N: process killed with signal 0, pid: 43485
[2026/09/25 22:49:27:5017] N: WS closed from (unix skt), clients: 5
[2026/09/25 22:49:27:5018] N: killing process, pid: 43491
[2026/09/25 22:49:27:5018] N: WS closed from (unix skt), clients: 4
[2026/09/25 22:49:27:5018] N: killing process, pid: 43489
[2026/09/25 22:49:27:5024] N: process killed with signal 0, pid: 43489
[2026/09/25 22:49:27:5024] N: process killed with signal 0, pid: 43491
[2026/09/25 22:49:27:9720] N: WS closed from (unix skt), clients: 3
[2026/09/25 22:49:27:9721] N: killing process, pid: 43486
[2026/09/25 22:49:27:9736] N: process killed with signal 0, pid: 43486
[2026/09/25 22:49:28:0386] N: WS closed from (unix skt), clients: 2
[2026/09/25 22:49:28:0386] N: killing process, pid: 43492
[2026/09/25 22:49:28:0398] N: process killed with signal 0, pid: 43492
[2026/09/25 22:49:29:1455] N: WS closed from (unix skt), clients: 1
[2026/09/25 22:49:29:1456] N: killing process, pid: 43488
[2026/09/25 22:49:29:1456] N: WS closed from (unix skt), clients: 0
[2026/09/25 22:49:29:1456] N: killing process, pid: 43503
[2026/09/25 22:49:29:1462] N: process killed with signal 0, pid: 43488
[2026/09/25 22:49:29:1469] N: process killed with signal 0, pid: 43503
[2026/09/25 22:49:29:1592] N: WS   /ws - (unix skt), clients: 1
[2026/09/25 22:49:29:1593] N: WS   /ws - (unix skt), clients: 2
[2026/09/25 22:49:29:1593] N: WS   /ws - (unix skt), clients: 3
[2026/09/25 22:49:29:1593] N: WS   /ws - (unix skt), clients: 4
[2026/09/25 22:49:29:1593] N: WS   /ws - (unix skt), clients: 5
[2026/09/25 22:49:29:1593] N: WS   /ws - (unix skt), clients: 6
[2026/09/25 22:49:29:1593] N: WS   /ws - (unix skt), clients: 7
[2026/09/25 22:49:29:1594] N: WS   /ws - (unix skt), clients: 8
[2026/09/25 22:49:29:1594] N: WS   /ws - (unix skt), clients: 9
[2026/09/25 22:49:29:1594] N: WS   /ws - (unix skt), clients: 10
[2026/09/25 22:49:29:1604] N: started process, pid: 43767
[2026/09/25 22:49:29:1610] N: started process, pid: 43768
[2026/09/25 22:49:29:1616] N: started process, pid: 43769
[2026/09/25 22:49:29:1623] N: started process, pid: 43770
[2026/09/25 22:49:29:1633] N: started process, pid: 43771
[2026/09/25 22:49:29:1644] N: started process, pid: 43772
[2026/09/25 22:49:29:1653] N: started process, pid: 43773
[2026/09/25 22:49:29:1667] N: started process, pid: 43774
[2026/09/25 22:49:29:1678] N: started process, pid: 43782
[2026/09/25 22:49:29:1694] N: started process, pid: 43791
[2026/09/25 22:49:29:2959] N: WS closed from (unix skt), clients: 9
[2026/09/25 22:49:29:2960] N: killing process, pid: 43770
[2026/09/25 22:49:29:2965] N: process killed with signal 1, pid: 43770
[2026/09/25 22:49:29:3197] N: WS closed from (unix skt), clients: 8
[2026/09/25 22:49:29:3198] N: killing process, pid: 43782
[2026/09/25 22:49:29:3202] N: process killed with signal 1, pid: 43782
[2026/09/25 22:49:29:4849] N: WS closed from (unix skt), clients: 7
[2026/09/25 22:49:29:4849] N: killing process, pid: 43767
[2026/09/25 22:49:29:4850] N: WS closed from (unix skt), clients: 6
[2026/09/25 22:49:29:4850] N: killing process, pid: 43768
[2026/09/25 22:49:29:4855] N: process killed with signal 0, pid: 43767
[2026/09/25 22:49:29:4856] N: process killed with signal 0, pid: 43768
[2026/09/25 22:49:29:5447] N: WS closed from (unix skt), clients: 5
[2026/09/25 22:49:29:5447] N: killing process, pid: 43772
[2026/09/25 22:49:29:5452] N: process killed with signal 0, pid: 43772
[2026/09/25 22:49:29:5459] N: WS closed from (unix skt), clients: 4
[2026/09/25 22:49:29:5459] N: killing process, pid: 43773
[2026/09/25 22:49:29:5463] N: process killed with signal 0, pid: 43773
[2026/09/25 22:49:29:9982] N: WS closed from (unix skt), clients: 3
[2026/09/25 22:49:29:9984] N: killing process, pid: 43769
[2026/09/25 22:49:29:9997] N: process killed with signal 0, pid: 43769
[2026/09/25 22:49:30:0462] N: WS closed from (unix skt), clients: 2
[2026/09/25 22:49:30:0463] N: killing process, pid: 43774
[2026/09/25 22:49:30:0479] N: process killed with signal 0, pid: 43774
[2026/09/25 22:49:31:1609] N: WS closed from (unix skt), clients: 1
[2026/09/25 22:49:31:1610] N: killing process, pid: 43771
[2026/09/25 22:49:31:1610] N: WS closed from (unix skt), clients: 0
[2026/09/25 22:49:31:1610] N: killing process, pid: 43791
[2026/09/25 22:49:31:1622] N: process killed with signal 0, pid: 43771
[2026/09/25 22:49:31:1623] N: process killed with signal 0, pid: 43791
[2026/09/25 22:49:31:1746] N: WS   /ws - (unix skt), clients: 1
[2026/09/25 22:49:31:1746] N: WS   /ws - (unix skt), clients: 2
[2026/09/25 22:49:31:1746] N: WS   /ws - (unix skt), clients: 3
[2026/09/25 22:49:31:1746] N: WS   /ws - (unix skt), clients: 4
[2026/09/25 22:49:31:1747] N: WS   /ws - (unix skt), clients: 5
[2026/09/25 22:49:31:1747] N: WS   /ws - (unix skt), clients: 6
[2026/09/25 22:49:31:1747] N: WS   /ws - (unix skt), clients: 7
[2026/09/25 22:49:31:1747] N: WS   /ws - (unix skt), clients: 8
[2026/09/25 22:49:31:1747] N: WS   /ws - (unix skt), clients: 9
[2026/09/25 22:49:31:1747] N: WS   /ws - (unix skt), clients: 10
[2026/09/25 22:49:31:1758] N: started process, pid: 44147
[2026/09/25 22:49:31:1764] N: started process, pid: 44148
[2026/09/25 22:49:31:1771] N: started process, pid: 44149
[2026/09/25 22:49:31:1782] N: started process, pid: 44150
[2026/09/25 22:49:31:1790] N: started process, pid: 44151
[2026/09/25 22:49:31:1796] N: started process, pid: 44152
[2026/09/25 22:49:31:1806] N: started process, pid: 44153
[2026/09/25 22:49:31:1817] N: started process, pid: 44154
[2026/09/25 22:49:31:1830] N: started process, pid: 44161
[2026/09/25 22:49:31:1843] N: started process, pid: 44166
[2026/09/25 22:49:31:3158] N: WS closed from (unix skt), clients: 9
[2026/09/25 22:49:31:3158] N: killing process, pid: 44150
[2026/09/25 22:49:31:3162] N: process killed with signal 1, pid: 44150
[2026/09/25 22:49:31:3521] N: WS closed from (unix skt), clients: 8
[2026/09/25 22:49:31:3521] N: killing process, pid: 44161
[2026/09/25 22:49:31:3524] N: process killed with signal 1, pid: 44161
[2026/09/25 22:49:31:4394] N: WS closed from (unix skt), clients: 7
[2026/09/25 22:49:31:4394] N: killing process, pid: 44147
[2026/09/25 22:49:31:4399] N: process killed with signal 0, pid: 44147
[2026/09/25 22:49:31:5169] N: WS closed from (unix skt), clients: 6
[2026/09/25 22:49:31:5169] N: killing process, pid: 44148
[2026/09/25 22:49:31:5174] N: process killed with signal 0, pid: 44148
[2026/09/25 22:49:31:5297] N: WS closed from (unix skt), clients: 5
[2026/09/25 22:49:31:5298] N: killing process, pid: 44153
[2026/09/25 22:49:31:5310] N: process killed with signal 0, pid: 44153
[2026/09/25 22:49:31:5410] N: WS closed from (unix skt), clients: 4
[2026/09/25 22:49:31:5410] N: killing process, pid: 44152
[2026/09/25 22:49:31:5414] N: process killed with signal 0, pid: 44152
[2026/09/25 22:49:32:0176] N: WS closed from (unix skt), clients: 3
[2026/09/25 22:49:32:0177] N: killing process, pid: 44149
[2026/09/25 22:49:32:0181] N: process killed with signal 0, pid: 44149
[2026/09/25 22:49:32:0557] N: WS closed from (unix skt), clients: 2
[2026/09/25 22:49:32:0557] N: killing process, pid: 44154
[2026/09/25 22:49:32:0562] N: process killed with signal 0, pid: 44154
[2026/09/25 22:49:33:1755] N: WS closed from (unix skt), clients: 1
[2026/09/25 22:49:33:1755] N: killing process, pid: 44151
[2026/09/25 22:49:33:1755] N: WS closed from (unix skt), clients: 0
[2026/09/25 22:49:33:1755] N: killing process, pid: 44166
[2026/09/25 22:49:33:1763] N: process killed with signal 0, pid: 44151
[2026/09/25 22:49:33:1763] N: process killed with signal 0, pid: 44166
[2026/09/25 22:49:33:1827] N: WS   /ws - (unix skt), clients: 1
[2026/09/25 22:49:33:1828] N: WS   /ws - (unix skt), clients: 2
[2026/09/25 22:49:33:1828] N: WS   /ws - (unix skt), clients: 3
[2026/09/25 22:49:33:1828] N: WS   /ws - (unix skt), clients: 4
[2026/09/25 22:49:33:1828] N: WS   /ws - (unix skt), clients: 5
[2026/09/25 22:49:33:1828] N: WS   /ws - (unix skt), clients: 6
[2026/09/25 22:49:33:1828] N: WS   /ws - (unix skt), clients: 7
[2026/09/25 22:49:33:1828] N: WS   /ws - (unix skt), clients: 8
[2026/09/25 22:49:33:1828] N: WS   /ws - (unix skt), clients: 9
[2026/09/25 22:49:33:1828] N: WS   /ws - (unix skt), clients: 10
[2026/09/25 22:49:33:1836] N: started process, pid: 44496
[2026/09/25 22:49:33:1840] N: started process, pid: 44497
[2026/09/25 22:49:33:1844] N: started process, pid: 44498
[2026/09/25 22:49:33:1857] N: started process, pid: 44499
[2026/09/25 22:49:33:1863] N: started process, pid: 44501
[2026/09/25 22:49:33:1875] N: started process, pid: 44502
[2026/09/25 22:49:33:1892] N: started process, pid: 44511
[2026/09/25 22:49:33:1900] N: started process, pid: 44518
[2026/09/25 22:49:33:1918] N: started process, pid: 44521
[2026/09/25 22:49:33:1933] N: started process, pid: 44524
[2026/09/25 22:49:33:3676] N: WS closed from (unix skt), clients: 9
[2026/09/25 22:49:33:3677] N: killing process, pid: 44501
[2026/09/25 22:49:33:3680] N: process killed with signal 1, pid: 44501
[2026/09/25 22:49:33:3804] N: WS closed from (unix skt), clients: 8
[2026/09/25 22:49:33:3805] N: killing process, pid: 44524
[2026/09/25 22:49:33:3806] N: process killed with signal 1, pid: 44524
[2026/09/25 22:49:33:4640] N: WS closed from (unix skt), clients: 7
[2026/09/25 22:49:33:4640] N: killing process, pid: 44496
[2026/09/25 22:49:33:4644] N: process killed with signal 0, pid: 44496
[2026/09/25 22:49:33:4923] N: WS closed from (unix skt), clients: 6
[2026/09/25 22:49:33:4923] N: killing process, pid: 44498
[2026/09/25 22:49:33:4926] N: process killed with signal 0, pid: 44498
[2026/09/25 22:49:33:5555] N: WS closed from (unix skt), clients: 5
[2026/09/25 22:49:33:5555] N: killing process, pid: 44518
[2026/09/25 22:49:33:5560] N: process killed with signal 0, pid: 44518
[2026/09/25 22:49:33:5839] N: WS closed from (unix skt), clients: 4
[2026/09/25 22:49:33:5840] N: killing process, pid: 44511
[2026/09/25 22:49:33:5844] N: process killed with signal 0, pid: 44511
[2026/09/25 22:49:33:9931] N: WS closed from (unix skt), clients: 3
[2026/09/25 22:49:33:9931] N: killing process, pid: 44499
[2026/09/25 22:49:33:9936] N: process killed with signal 0, pid: 44499
[2026/09/25 22:49:34:0665] N: WS closed from (unix skt), clients: 2
[2026/09/25 22:49:34:0666] N: killing process, pid: 44521
[2026/09/25 22:49:34:0669] N: process killed with signal 0, pid: 44521
[2026/09/25 22:49:35:1839] N: WS closed from (unix skt), clients: 1
[2026/09/25 22:49:35:1839] N: killing process, pid: 44502
[2026/09/25 22:49:35:1840] N: WS closed from (unix skt), clients: 0
[2026/09/25 22:49:35:1841] N: killing process, pid: 44497
[2026/09/25 22:49:35:1853] N: process killed with signal 0, pid: 44497
[2026/09/25 22:49:35:1853] N: process killed with signal 0, pid: 44502
[2026/09/25 22:49:35:1962] N: WS   /ws - (unix skt), clients: 1
[2026/09/25 22:49:35:1962] N: WS   /ws - (unix skt), clients: 2
[2026/09/25 22:49:35:1962] N: WS   /ws - (unix skt), clients: 3
[2026/09/25 22:49:35:1962] N: WS   /ws - (unix skt), clients: 4
[2026/09/25 22:49:35:1963] N: WS   /ws - (unix skt), clients: 5
[2026/09/25 22:49:35:1963] N: WS   /ws - (unix skt), clients: 6
[2026/09/25 22:49:35:1963] N: WS   /ws - (unix skt), clients: 7
[2026/09/25 22:49:35:1963] N: WS   /ws - (unix skt), clients: 8
[2026/09/25 22:49:35:1963] N: WS   /ws - (unix skt), clients: 9
[2026/09/25 22:49:35:1963] N: WS   /ws - (unix skt), clients: 10
[2026/09/25 22:49:35:1977] N: started process, pid: 44886
[2026/09/25 22:49:35:1983] N: started process, pid: 44887
[2026/09/25 22:49:35:1990] N: started process, pid: 44889
[2026/09/25 22:49:35:1998] N: started process, pid: 44890
[2026/09/25 22:49:35:2003] N: started process, pid: 44891
[2026/09/25 22:49:35:2008] N: started process, pid: 44892
[2026/09/25 22:49:35:2013] N: started process, pid: 44893
[2026/09/25 22:49:35:2025] N: started process, pid: 44894
[2026/09/25 22:49:35:2034] N: started process, pid: 44901
[2026/09/25 22:49:35:2046] N: started process, pid: 44907
[2026/09/25 22:49:35:2871] N: WS closed from (unix skt), clients: 9
[2026/09/25 22:49:35:2872] N: killing process, pid: 44887
[2026/09/25 22:49:35:2876] N: process killed with signal 1, pid: 44887
[2026/09/25 22:49:35:3416] N: WS closed from (unix skt), clients: 8
[2026/09/25 22:49:35:3417] N: killing process, pid: 44892
[2026/09/25 22:49:35:3421] N: process killed with signal 1, pid: 44892
[2026/09/25 22:49:35:5000] N: WS closed from (unix skt), clients: 7
[2026/09/25 22:49:35:5000] N: killing process, pid: 44886
[2026/09/25 22:49:35:5005] N: process killed with signal 0, pid: 44886
[2026/09/25 22:49:35:5302] N: WS closed from (unix skt), clients: 6
[2026/09/25 22:49:35:5302] N: killing process, pid: 44890
[2026/09/25 22:49:35:5306] N: process killed with signal 0, pid: 44890
[2026/09/25 22:49:35:5553] N: WS closed from (unix skt), clients: 5
[2026/09/25 22:49:35:5553] N: killing process, pid: 44901
[2026/09/25 22:49:35:5559] N: process killed with signal 0, pid: 44901
[2026/09/25 22:49:35:5779] N: WS closed from (unix skt), clients: 4
[2026/09/25 22:49:35:5779] N: killing process, pid: 44894
[2026/09/25 22:49:35:5783] N: process killed with signal 0, pid: 44894
[2026/09/25 22:49:36:0798] N: WS closed from (unix skt), clients: 3
[2026/09/25 22:49:36:0799] N: killing process, pid: 44891
[2026/09/25 22:49:36:0799] N: WS closed from (unix skt), clients: 2
[2026/09/25 22:49:36:0799] N: killing process, pid: 44907
[2026/09/25 22:49:36:0807] N: process killed with signal 0, pid: 44891
[2026/09/25 22:49:36:0808] N: process killed with signal 0, pid: 44907
[2026/09/25 22:49:37:1983] N: WS closed from (unix skt), clients: 1
[2026/09/25 22:49:37:1985] N: killing process, pid: 44893
[2026/09/25 22:49:37:1986] N: WS closed from (unix skt), clients: 0
[2026/09/25 22:49:37:1986] N: killing process, pid: 44889
[2026/09/25 22:49:37:2019] N: process killed with signal 0, pid: 44889
[2026/09/25 22:49:37:2020] N: process killed with signal 0, pid: 44893
[2026/09/25 22:49:37:2240] N: WS   /ws - (unix skt), clients: 1
[2026/09/25 22:49:37:2240] N: WS   /ws - (unix skt), clients: 2
[2026/09/25 22:49:37:2241] N: WS   /ws - (unix skt), clients: 3
[2026/09/25 22:49:37:2241] N: WS   /ws - (unix skt), clients: 4
[2026/09/25 22:49:37:2241] N: WS   /ws - (unix skt), clients: 5
[2026/09/25 22:49:37:2241] N: WS   /ws - (unix skt), clients: 6
[2026/09/25 22:49:37:2241] N: WS   /ws - (unix skt), clients: 7
[2026/09/25 22:49:37:2242] N: WS   /ws - (unix skt), clients: 8
[2026/09/25 22:49:37:2242] N: WS   /ws - (unix skt), clients: 9
[2026/09/25 22:49:37:2242] N: WS   /ws - (unix skt), clients: 10
[2026/09/25 22:49:37:2258] N: started process, pid: 45205
[2026/09/25 22:49:37:2265] N: started process, pid: 45206
[2026/09/25 22:49:37:2274] N: started process, pid: 45207
[2026/09/25 22:49:37:2288] N: started process, pid: 45209
[2026/09/25 22:49:37:2299] N: started process, pid: 45210
[2026/09/25 22:49:37:2308] N: started process, pid: 45211
[2026/09/25 22:49:37:2322] N: started process, pid: 45212
[2026/09/25 22:49:37:2338] N: started process, pid: 45215
[2026/09/25 22:49:37:2350] N: started process, pid: 45225
[2026/09/25 22:49:37:2376] N: started process, pid: 45227
[2026/09/25 22:49:37:3038] N: WS closed from (unix skt), clients: 9
[2026/09/25 22:49:37:3039] N: killing process, pid: 45209
[2026/09/25 22:49:37:3043] N: process killed with signal 1, pid: 45209
[2026/09/25 22:49:37:4158] N: WS closed from (unix skt), clients: 8
[2026/09/25 22:49:37:4158] N: killing process, pid: 45225
[2026/09/25 22:49:37:4162] N: process killed with signal 1, pid: 45225
[2026/09/25 22:49:37:5464] N: WS closed from (unix skt), clients: 7
[2026/09/25 22:49:37:5464] N: killing process, pid: 45205
[2026/09/25 22:49:37:5470] N: process killed with signal 0, pid: 45205
[2026/09/25 22:49:37:5578] N: WS closed from (unix skt), clients: 6
[2026/09/25 22:49:37:5578] N: killing process, pid: 45206
[2026/09/25 22:49:37:5582] N: process killed with signal 0, pid: 45206
[2026/09/25 22:49:37:5818] N: WS closed from (unix skt), clients: 5
[2026/09/25 22:49:37:5818] N: killing process, pid: 45212
[2026/09/25 22:49:37:5822] N: process killed with signal 0, pid: 45212
[2026/09/25 22:49:37:6052] N: WS closed from (unix skt), clients: 4
[2026/09/25 22:49:37:6053] N: killing process, pid: 45211
[2026/09/25 22:49:37:6058] N: process killed with signal 0, pid: 45211
[2026/09/25 22:49:38:0479] N: WS closed from (unix skt), clients: 3
[2026/09/25 22:49:38:0480] N: killing process, pid: 45207
[2026/09/25 22:49:38:0490] N: process killed with signal 0, pid: 45207
[2026/09/25 22:49:38:1165] N: WS closed from (unix skt), clients: 2
[2026/09/25 22:49:38:1166] N: killing process, pid: 45215
[2026/09/25 22:49:38:1173] N: process killed with signal 0, pid: 45215
[2026/09/25 22:49:39:2250] N: WS closed from (unix skt), clients: 1
[2026/09/25 22:49:39:2251] N: killing process, pid: 45210
[2026/09/25 22:49:39:2252] N: WS closed from (unix skt), clients: 0
[2026/09/25 22:49:39:2252] N: killing process, pid: 45227
[2026/09/25 22:49:39:2264] N: process killed with signal 0, pid: 45210
[2026/09/25 22:49:39:2277] N: process killed with signal 0, pid: 45227
[2026/09/25 22:49:39:2441] N: WS   /ws - (unix skt), clients: 1
[2026/09/25 22:49:39:2442] N: WS   /ws - (unix skt), clients: 2
[2026/09/25 22:49:39:2442] N: WS   /ws - (unix skt), clients: 3
[2026/09/25 22:49:39:2442] N: WS   /ws - (unix skt), clients: 4
[2026/09/25 22:49:39:2442] N: WS   /ws - (unix skt), clients: 5
[2026/09/25 22:49:39:2442] N: WS   /ws - (unix skt), clients: 6
[2026/09/25 22:49:39:2442] N: WS   /ws - (unix skt), clients: 7
[2026/09/25 22:49:39:2443] N: WS   /ws - (unix skt), clients: 8
[2026/09/25 22:49:39:2443] N: WS   /ws - (unix skt), clients: 9
[2026/09/25 22:49:39:2443] N: WS   /ws - (unix skt), clients: 10
[2026/09/25 22:49:39:2459] N: started process, pid: 45512
[2026/09/25 22:49:39:2466] N: started process, pid: 45513
[2026/09/25 22:49:39:2472] N: started process, pid: 45514
[2026/09/25 22:49:39:2479] N: started process, pid: 45515
[2026/09/25 22:49:39:2485] N: started process, pid: 45516
[2026/09/25 22:49:39:2494] N: started process, pid: 45517
[2026/09/25 22:49:39:2507] N: started process, pid: 45518
[2026/09/25 22:49:39:2524] N: started process, pid: 45519
[2026/09/25 22:49:39:2535] N: started process, pid: 45526
[2026/09/25 22:49:39:2543] N: started process, pid: 45529
[2026/09/25 22:49:39:4002] N: WS closed from (unix skt), clients: 9
[2026/09/25 22:49:39:4003] N: killing process, pid: 45516
[2026/09/25 22:49:39:4006] N: process killed with signal 1, pid: 45516
[2026/09/25 22:49:39:4249] N: WS closed from (unix skt), clients: 8
[2026/09/25 22:49:39:4249] N: killing process, pid: 45529
[2026/09/25 22:49:39:4251] N: process killed with signal 1, pid: 45529
[2026/09/25 22:49:39:5367] N: WS closed from (unix skt), clients: 7
[2026/09/25 22:49:39:5367] N: killing process, pid: 45514
[2026/09/25 22:49:39:5371] N: process killed with signal 0, pid: 45514
[2026/09/25 22:49:39:5605] N: WS closed from (unix skt), clients: 6
[2026/09/25 22:49:39:5605] N: killing process, pid: 45512
[2026/09/25 22:49:39:5610] N: process killed with signal 0, pid: 45512
[2026/09/25 22:49:39:6125] N: WS closed from (unix skt), clients: 5
[2026/09/25 22:49:39:6125] N: killing process, pid: 45518
[2026/09/25 22:49:39:6130] N: process killed with signal 0, pid: 45518
[2026/09/25 22:49:39:6275] N: WS closed from (unix skt), clients: 4
[2026/09/25 22:49:39:6275] N: killing process, pid: 45519
[2026/09/25 22:49:39:6280] N: process killed with signal 0, pid: 45519
[2026/09/25 22:49:40:0904] N: WS closed from (unix skt), clients: 3
[2026/09/25 22:49:40:0905] N: killing process, pid: 45515
[2026/09/25 22:49:40:0911] N: process killed with signal 0, pid: 45515
[2026/09/25 22:49:40:1143] N: WS closed from (unix skt), clients: 2
[2026/09/25 22:49:40:1143] N: killing process, pid: 45526
[2026/09/25 22:49:40:1147] N: process killed with signal 0, pid: 45526
[2026/09/25 22:49:41:2463] N: WS closed from (unix skt), clients: 1
[2026/09/25 22:49:41:2463] N: killing process, pid: 45517
[2026/09/25 22:49:41:2464] N: WS closed from (unix skt), clients: 0
[2026/09/25 22:49:41:2465] N: killing process, pid: 45513
[2026/09/25 22:49:41:2476] N: process killed with signal 0, pid: 45517
[2026/09/25 22:49:41:2490] N: process killed with signal 0, pid: 45513
[2026/09/25 22:49:41:2675] N: WS   /ws - (unix skt), clients: 1
[2026/09/25 22:49:41:2675] N: WS   /ws - (unix skt), clients: 2
[2026/09/25 22:49:41:2675] N: WS   /ws - (unix skt), clients: 3
[2026/09/25 22:49:41:2676] N: WS   /ws - (unix skt), clients: 4
[2026/09/25 22:49:41:2676] N: WS   /ws - (unix skt), clients: 5
[2026/09/25 22:49:41:2676] N: WS   /ws - (unix skt), clients: 6
[2026/09/25 22:49:41:2676] N: WS   /ws - (unix skt), clients: 7
[2026/09/25 22:49:41:2676] N: WS   /ws - (unix skt), clients: 8
[2026/09/25 22:49:41:2676] N: WS   /ws - (unix skt), clients: 9
[2026/09/25 22:49:41:2677] N: WS   /ws - (unix skt), clients: 10
[2026/09/25 22:49:41:2689] N: started process, pid: 45818
[2026/09/25 22:49:41:2696] N: started process, pid: 45819
[2026/09/25 22:49:41:2704] N: started process, pid: 45820
[2026/09/25 22:49:41:2713] N: started process, pid: 45822
[2026/09/25 22:49:41:2723] N: started process, pid: 45823
[2026/09/25 22:49:41:2733] N: started process, pid: 45824
[2026/09/25 22:49:41:2751] N: started process, pid: 45826
[2026/09/25 22:49:41:2760] N: started process, pid: 45833
[2026/09/25 22:49:41:2787] N: started process, pid: 45841
[2026/09/25 22:49:41:2807] N: started process, pid: 45846
[2026/09/25 22:49:41:4218] N: WS closed from (unix skt), clients: 9
[2026/09/25 22:49:41:4218] N: killing process, pid: 45822
[2026/09/25 22:49:41:4222] N: process killed with signal 1, pid: 45822
[2026/09/25 22:49:41:4651] N: WS closed from (unix skt), clients: 8
[2026/09/25 22:49:41:4651] N: killing process, pid: 45841
[2026/09/25 22:49:41:4654] N: process killed with signal 1, pid: 45841
[2026/09/25 22:49:41:5231] N: WS closed from (unix skt), clients: 7
[2026/09/25 22:49:41:5231] N: killing process, pid: 45818
[2026/09/25 22:49:41:5234] N: process killed with signal 0, pid: 45818
[2026/09/25 22:49:41:5660] N: WS closed from (unix skt), clients: 6
[2026/09/25 22:49:41:5660] N: killing process, pid: 45819
[2026/09/25 22:49:41:5665] N: process killed with signal 0, pid: 45819
[2026/09/25 22:49:41:6239] N: WS closed from (unix skt), clients: 5
[2026/09/25 22:49:41:6239] N: killing process, pid: 45824
[2026/09/25 22:49:41:6242] N: process killed with signal 0, pid: 45824
[2026/09/25 22:49:41:6650] N: WS closed from (unix skt), clients: 4
[2026/09/25 22:49:41:6650] N: killing process, pid: 45826
[2026/09/25 22:49:41:6654] N: process killed with signal 0, pid: 45826
[2026/09/25 22:49:42:0866] N: WS closed from (unix skt), clients: 3
[2026/09/25 22:49:42:0866] N: killing process, pid: 45820
[2026/09/25 22:49:42:0879] N: process killed with signal 0, pid: 45820
[2026/09/25 22:49:42:1650] N: WS closed from (unix skt), clients: 2
[2026/09/25 22:49:42:1650] N: killing process, pid: 45833
[2026/09/25 22:49:42:1656] N: process killed with signal 0, pid: 45833
[2026/09/25 22:49:43:2690] N: WS closed from (unix skt), clients: 1
[2026/09/25 22:49:43:2692] N: killing process, pid: 45823
[2026/09/25 22:49:43:2692] N: WS closed from (unix skt), clients: 0
[2026/09/25 22:49:43:2693] N: killing process, pid: 45846
[2026/09/25 22:49:43:2714] N: process killed with signal 0, pid: 45823
[2026/09/25 22:49:43:2715] N: process killed with signal 0, pid: 45846
[2026/09/25 22:49:43:2878] N: WS   /ws - (unix skt), clients: 1
[2026/09/25 22:49:43:2879] N: WS   /ws - (unix skt), clients: 2
[2026/09/25 22:49:43:2879] N: WS   /ws - (unix skt), clients: 3
[2026/09/25 22:49:43:2879] N: WS   /ws - (unix skt), clients: 4
[2026/09/25 22:49:43:2879] N: WS   /ws - (unix skt), clients: 5
[2026/09/25 22:49:43:2880] N: WS   /ws - (unix skt), clients: 6
[2026/09/25 22:49:43:2880] N: WS   /ws - (unix skt), clients: 7
[2026/09/25 22:49:43:2880] N: WS   /ws - (unix skt), clients: 8
[2026/09/25 22:49:43:2880] N: WS   /ws - (unix skt), clients: 9
[2026/09/25 22:49:43:2880] N: WS   /ws - (unix skt), clients: 10
[2026/09/25 22:49:43:2896] N: started process, pid: 46105
[2026/09/25 22:49:43:2903] N: started process, pid: 46106
[2026/09/25 22:49:43:2913] N: started process, pid: 46107
[2026/09/25 22:49:43:2921] N: started process, pid: 46108
[2026/09/25 22:49:43:2932] N: started process, pid: 46109
[2026/09/25 22:49:43:2943] N: started process, pid: 46110
[2026/09/25 22:49:43:2956] N: started process, pid: 46111
[2026/09/25 22:49:43:2971] N: started process, pid: 46115
[2026/09/25 22:49:43:2996] N: started process, pid: 46123
[2026/09/25 22:49:43:3010] N: started process, pid: 46131
[2026/09/25 22:49:43:4277] N: WS closed from (unix skt), clients: 9
[2026/09/25 22:49:43:4278] N: killing process, pid: 46108
[2026/09/25 22:49:43:4280] N: process killed with signal 1, pid: 46108
[2026/09/25 22:49:43:4856] N: WS closed from (unix skt), clients: 8
[2026/09/25 22:49:43:4856] N: killing process, pid: 46123
[2026/09/25 22:49:43:4860] N: process killed with signal 1, pid: 46123
[2026/09/25 22:49:43:5492] N: WS closed from (unix skt), clients: 7
[2026/09/25 22:49:43:5492] N: killing process, pid: 46105
[2026/09/25 22:49:43:5495] N: process killed with signal 0, pid: 46105
[2026/09/25 22:49:43:6085] N: WS closed from (unix skt), clients: 6
[2026/09/25 22:49:43:6085] N: killing process, pid: 46107
[2026/09/25 22:49:43:6088] N: process killed with signal 0, pid: 46107
[2026/09/25 22:49:43:6732] N: WS closed from (unix skt), clients: 5
[2026/09/25 22:49:43:6732] N: killing process, pid: 46110
[2026/09/25 22:49:43:6736] N: process killed with signal 0, pid: 46110
[2026/09/25 22:49:43:6863] N: WS closed from (unix skt), clients: 4
[2026/09/25 22:49:43:6863] N: killing process, pid: 46111
[2026/09/25 22:49:43:6867] N: process killed with signal 0, pid: 46111
[2026/09/25 22:49:44:1281] N: WS closed from (unix skt), clients: 3
[2026/09/25 22:49:44:1281] N: killing process, pid: 46106
[2026/09/25 22:49:44:1288] N: process killed with signal 0, pid: 46106
[2026/09/25 22:49:44:1900] N: WS closed from (unix skt), clients: 2
[2026/09/25 22:49:44:1900] N: killing process, pid: 46115
[2026/09/25 22:49:44:1908] N: process killed with signal 0, pid: 46115
[2026/09/25 22:49:45:2887] N: WS closed from (unix skt), clients: 1
[2026/09/25 22:49:45:2888] N: killing process, pid: 46109
[2026/09/25 22:49:45:2888] N: WS closed from (unix skt), clients: 0
[2026/09/25 22:49:45:2889] N: killing process, pid: 46131
[2026/09/25 22:49:45:2912] N: process killed with signal 0, pid: 46131
[2026/09/25 22:49:45:2913] N: process killed with signal 0, pid: 46109
[2026/09/25 22:49:45:3078] N: WS   /ws - (unix skt), clients: 1
[2026/09/25 22:49:45:3079] N: WS   /ws - (unix skt), clients: 2
[2026/09/25 22:49:45:3079] N: WS   /ws - (unix skt), clients: 3
[2026/09/25 22:49:45:3079] N: WS   /ws - (unix skt), clients: 4
[2026/09/25 22:49:45:3080] N: WS   /ws - (unix skt), clients: 5
[2026/09/25 22:49:45:3080] N: WS   /ws - (unix skt), clients: 6
[2026/09/25 22:49:45:3081] N: WS   /ws - (unix skt), clients: 7
[2026/09/25 22:49:45:3081] N: WS   /ws - (unix skt), clients: 8
[2026/09/25 22:49:45:3081] N: WS   /ws - (unix skt), clients: 9
[2026/09/25 22:49:45:3081] N: WS   /ws - (unix skt), clients: 10
[2026/09/25 22:49:45:3093] N: started process, pid: 46470
[2026/09/25 22:49:45:3100] N: started process, pid: 46471
[2026/09/25 22:49:45:3110] N: started process, pid: 46474
[2026/09/25 22:49:45:3129] N: started process, pid: 46475
[2026/09/25 22:49:45:3139] N: started process, pid: 46477
[2026/09/25 22:49:45:3152] N: started process, pid: 46478
[2026/09/25 22:49:45:3166] N: started process, pid: 46480
[2026/09/25 22:49:45:3174] N: started process, pid: 46483
[2026/09/25 22:49:45:3202] N: started process, pid: 46490
[2026/09/25 22:49:45:3216] N: started process, pid: 46498
[2026/09/25 22:49:45:4386] N: WS closed from (unix skt), clients: 9
[2026/09/25 22:49:45:4386] N: killing process, pid: 46471
[2026/09/25 22:49:45:4391] N: process killed with signal 1, pid: 46471
[2026/09/25 22:49:45:4512] N: WS closed from (unix skt), clients: 8
[2026/09/25 22:49:45:4512] N: killing process, pid: 46478
[2026/09/25 22:49:45:4516] N: process killed with signal 1, pid: 46478
[2026/09/25 22:49:45:5758] N: WS closed from (unix skt), clients: 7
[2026/09/25 22:49:45:5759] N: killing process, pid: 46470
[2026/09/25 22:49:45:5790] N: process killed with signal 0, pid: 46470
[2026/09/25 22:49:45:6671] N: WS closed from (unix skt), clients: 6
[2026/09/25 22:49:45:6671] N: killing process, pid: 46475
[2026/09/25 22:49:45:6675] N: process killed with signal 0, pid: 46475
[2026/09/25 22:49:45:6819] N: WS closed from (unix skt), clients: 5
[2026/09/25 22:49:45:6819] N: killing process, pid: 46483
[2026/09/25 22:49:45:6822] N: process killed with signal 0, pid: 46483
[2026/09/25 22:49:45:7072] N: WS closed from (unix skt), clients: 4
[2026/09/25 22:49:45:7072] N: killing process, pid: 46490
[2026/09/25 22:49:45:7076] N: process killed with signal 0, pid: 46490
[2026/09/25 22:49:46:1409] N: WS closed from (unix skt), clients: 3
[2026/09/25 22:49:46:1409] N: killing process, pid: 46477
[2026/09/25 22:49:46:1415] N: process killed with signal 0, pid: 46477
[2026/09/25 22:49:46:2101] N: WS closed from (unix skt), clients: 2
[2026/09/25 22:49:46:2103] N: killing process, pid: 46498
[2026/09/25 22:49:46:2117] N: process killed with signal 0, pid: 46498
[2026/09/25 22:49:47:3095] N: WS closed from (unix skt), clients: 1
[2026/09/25 22:49:47:3095] N: killing process, pid: 46480
[2026/09/25 22:49:47:3095] N: WS closed from (unix skt), clients: 0
[2026/09/25 22:49:47:3095] N: killing process, pid: 46474
[2026/09/25 22:49:47:3099] N: process killed with signal 0, pid: 46480
[2026/09/25 22:49:47:3105] N: process killed with signal 0, pid: 46474
[2026/09/25 22:49:47:3168] N: WS   /ws - (unix skt), clients: 1
[2026/09/25 22:49:47:3168] N: WS   /ws - (unix skt), clients: 2
[2026/09/25 22:49:47:3168] N: WS   /ws - (unix skt), clients: 3
[2026/09/25 22:49:47:3168] N: WS   /ws - (unix skt), clients: 4
[2026/09/25 22:49:47:3168] N: WS   /ws - (unix skt), clients: 5
[2026/09/25 22:49:47:3168] N: WS   /ws - (unix skt), clients: 6
[2026/09/25 22:49:47:3168] N: WS   /ws - (unix skt), clients: 7
[2026/09/25 22:49:47:3169] N: WS   /ws - (unix skt), clients: 8
[2026/09/25 22:49:47:3169] N: WS   /ws - (unix skt), clients: 9
[2026/09/25 22:49:47:3169] N: WS   /ws - (unix skt), clients: 10
[2026/09/25 22:49:47:3176] N: started process, pid: 47314
[2026/09/25 22:49:47:3180] N: started process, pid: 47315
[2026/09/25 22:49:47:3184] N: started process, pid: 47316
[2026/09/25 22:49:47:3188] N: started process, pid: 47317
[2026/09/25 22:49:47:3195] N: started process, pid: 47318
[2026/09/25 22:49:47:3201] N: started process, pid: 47319
[2026/09/25 22:49:47:3212] N: started process, pid: 47320
[2026/09/25 22:49:47:3228] N: started process, pid: 47325
[2026/09/25 22:49:47:3240] N: started process, pid: 47336
[2026/09/25 22:49:47:3251] N: started process, pid: 47341
[2026/09/25 22:49:47:3676] N: WS closed from (unix skt), clients: 9
[2026/09/25 22:49:47:3676] N: killing process, pid: 47315
[2026/09/25 22:49:47:3689] N: process killed with signal 1, pid: 47315
[2026/09/25 22:49:47:5413] N: WS closed from (unix skt), clients: 8
[2026/09/25 22:49:47:5414] N: killing process, pid: 47319
[2026/09/25 22:49:47:5417] N: process killed with signal 1, pid: 47319
[2026/09/25 22:49:47:6383] N: WS closed from (unix skt), clients: 7
[2026/09/25 22:49:47:6383] N: killing process, pid: 47314
[2026/09/25 22:49:47:6387] N: process killed with signal 0, pid: 47314
[2026/09/25 22:49:47:6843] N: WS closed from (unix skt), clients: 6
[2026/09/25 22:49:47:6844] N: killing process, pid: 47317
[2026/09/25 22:49:47:6847] N: process killed with signal 0, pid: 47317
[2026/09/25 22:49:47:7239] N: WS closed from (unix skt), clients: 5
[2026/09/25 22:49:47:7239] N: killing process, pid: 47336
[2026/09/25 22:49:47:7243] N: process killed with signal 0, pid: 47336
[2026/09/25 22:49:47:7453] N: WS closed from (unix skt), clients: 4
[2026/09/25 22:49:47:7453] N: killing process, pid: 47325
[2026/09/25 22:49:47:7457] N: process killed with signal 0, pid: 47325
[2026/09/25 22:49:48:1644] N: WS closed from (unix skt), clients: 3
[2026/09/25 22:49:48:1644] N: killing process, pid: 47318
[2026/09/25 22:49:48:1653] N: process killed with signal 0, pid: 47318
[2026/09/25 22:49:48:2454] N: WS closed from (unix skt), clients: 2
[2026/09/25 22:49:48:2455] N: killing process, pid: 47341
[2026/09/25 22:49:48:2470] N: process killed with signal 0, pid: 47341
[2026/09/25 22:49:49:3184] N: WS closed from (unix skt), clients: 1
[2026/09/25 22:49:49:3185] N: killing process, pid: 47320
[2026/09/25 22:49:49:3185] N: WS closed from (unix skt), clients: 0
[2026/09/25 22:49:49:3186] N: killing process, pid: 47316
[2026/09/25 22:49:49:3196] N: process killed with signal 0, pid: 47320
[2026/09/25 22:49:49:3208] N: process killed with signal 0, pid: 47316
[2026/09/25 22:49:49:3349] N: WS   /ws - (unix skt), clients: 1
[2026/09/25 22:49:49:3350] N: WS   /ws - (unix skt), clients: 2
[2026/09/25 22:49:49:3350] N: WS   /ws - (unix skt), clients: 3
[2026/09/25 22:49:49:3350] N: WS   /ws - (unix skt), clients: 4
[2026/09/25 22:49:49:3350] N: WS   /ws - (unix skt), clients: 5
[2026/09/25 22:49:49:3350] N: WS   /ws - (unix skt), clients: 6
[2026/09/25 22:49:49:3351] N: WS   /ws - (unix skt), clients: 7
[2026/09/25 22:49:49:3351] N: WS   /ws - (unix skt), clients: 8
[2026/09/25 22:49:49:3351] N: WS   /ws - (unix skt), clients: 9
[2026/09/25 22:49:49:3351] N: WS   /ws - (unix skt), clients: 10
[2026/09/25 22:49:49:3362] N: started process, pid: 47619
[2026/09/25 22:49:49:3367] N: started process, pid: 47620
[2026/09/25 22:49:49:3370] N: started process, pid: 47621
[2026/09/25 22:49:49:3377] N: started process, pid: 47622
[2026/09/25 22:49:49:3382] N: started process, pid: 47623
[2026/09/25 22:49:49:3388] N: started process, pid: 47625
[2026/09/25 22:49:49:3401] N: started process, pid: 47626
[2026/09/25 22:49:49:3411] N: started process, pid: 47632
[2026/09/25 22:49:49:3427] N: started process, pid: 47641
[2026/09/25 22:49:49:3443] N: started process, pid: 47648
[2026/09/25 22:49:49:4849] N: WS closed from (unix skt), clients: 9
[2026/09/25 22:49:49:4850] N: killing process, pid: 47621
[2026/09/25 22:49:49:4853] N: process killed with signal 1, pid: 47621
[2026/09/25 22:49:49:5101] N: WS closed from (unix skt), clients: 8
[2026/09/25 22:49:49:5101] N: killing process, pid: 47626
[2026/09/25 22:49:49:5105] N: process killed with signal 1, pid: 47626
[2026/09/25 22:49:49:6059] N: WS closed from (unix skt), clients: 7
[2026/09/25 22:49:49:6059] N: killing process, pid: 47619
[2026/09/25 22:49:49:6063] N: process killed with signal 0, pid: 47619
[2026/09/25 22:49:49:6582] N: WS closed from (unix skt), clients: 6
[2026/09/25 22:49:49:6582] N: killing process, pid: 47623
[2026/09/25 22:49:49:6586] N: process killed with signal 0, pid: 47623
[2026/09/25 22:49:49:6985] N: WS closed from (unix skt), clients: 5
[2026/09/25 22:49:49:6985] N: killing process, pid: 47641
[2026/09/25 22:49:49:6989] N: process killed with signal 0, pid: 47641
[2026/09/25 22:49:49:7272] N: WS closed from (unix skt), clients: 4
[2026/09/25 22:49:49:7272] N: killing process, pid: 47648
[2026/09/25 22:49:49:7276] N: process killed with signal 0, pid: 47648
[2026/09/25 22:49:50:1734] N: WS closed from (unix skt), clients: 3
[2026/09/25 22:49:50:1735] N: killing process, pid: 47620
[2026/09/25 22:49:50:1742] N: process killed with signal 0, pid: 47620
[2026/09/25 22:49:50:2115] N: WS closed from (unix skt), clients: 2
[2026/09/25 22:49:50:2116] N: killing process, pid: 47625
[2026/09/25 22:49:50:2121] N: process killed with signal 0, pid: 47625
[2026/09/25 22:49:51:3362] N: WS closed from (unix skt), clients: 1
[2026/09/25 22:49:51:3363] N: killing process, pid: 47632
[2026/09/25 22:49:51:3364] N: WS closed from (unix skt), clients: 0
[2026/09/25 22:49:51:3365] N: killing process, pid: 47622
[2026/09/25 22:49:51:3392] N: process killed with signal 0, pid: 47622
[2026/09/25 22:49:51:3393] N: process killed with signal 0, pid: 47632
[2026/09/25 22:49:51:3615] N: WS   /ws - (unix skt), clients: 1
[2026/09/25 22:49:51:3616] N: WS   /ws - (unix skt), clients: 2
[2026/09/25 22:49:51:3616] N: WS   /ws - (unix skt), clients: 3
[2026/09/25 22:49:51:3616] N: WS   /ws - (unix skt), clients: 4
[2026/09/25 22:49:51:3616] N: WS   /ws - (unix skt), clients: 5
[2026/09/25 22:49:51:3617] N: WS   /ws - (unix skt), clients: 6
[2026/09/25 22:49:51:3617] N: WS   /ws - (unix skt), clients: 7
[2026/09/25 22:49:51:3617] N: WS   /ws - (unix skt), clients: 8
[2026/09/25 22:49:51:3617] N: WS   /ws - (unix skt), clients: 9
[2026/09/25 22:49:51:3617] N: WS   /ws - (unix skt), clients: 10
[2026/09/25 22:49:51:3635] N: started process, pid: 47941
[2026/09/25 22:49:51:3649] N: started process, pid: 47947
[2026/09/25 22:49:51:3660] N: started process, pid: 47955
[2026/09/25 22:49:51:3674] N: started process, pid: 47956
[2026/09/25 22:49:51:3685] N: started process, pid: 47957
[2026/09/25 22:49:51:3699] N: started process, pid: 47958
[2026/09/25 22:49:51:3709] N: started process, pid: 47959
[2026/09/25 22:49:51:3725] N: started process, pid: 47965
[2026/09/25 22:49:51:3756] N: started process, pid: 47972
[2026/09/25 22:49:51:3771] N: started process, pid: 47978
[2026/09/25 22:49:51:4780] N: WS closed from (unix skt), clients: 9
[2026/09/25 22:49:51:4780] N: killing process, pid: 47956
[2026/09/25 22:49:51:4783] N: process killed with signal 1, pid: 47956
[2026/09/25 22:49:51:5085] N: WS closed from (unix skt), clients: 8
[2026/09/25 22:49:51:5085] N: killing process, pid: 47972
[2026/09/25 22:49:51:5087] N: process killed with signal 1, pid: 47972
[2026/09/25 22:49:51:6650] N: WS closed from (unix skt), clients: 7
[2026/09/25 22:49:51:6650] N: killing process, pid: 47941
[2026/09/25 22:49:51:6654] N: process killed with signal 0, pid: 47941
[2026/09/25 22:49:51:6791] N: WS closed from (unix skt), clients: 6
[2026/09/25 22:49:51:6791] N: killing process, pid: 47955
[2026/09/25 22:49:51:6795] N: process killed with signal 0, pid: 47955
[2026/09/25 22:49:51:7088] N: WS closed from (unix skt), clients: 5
[2026/09/25 22:49:51:7088] N: killing process, pid: 47959
[2026/09/25 22:49:51:7091] N: process killed with signal 0, pid: 47959
[2026/09/25 22:49:51:7529] N: WS closed from (unix skt), clients: 4
[2026/09/25 22:49:51:7530] N: killing process, pid: 47958
[2026/09/25 22:49:51:7534] N: process killed with signal 0, pid: 47958
[2026/09/25 22:49:52:1395] N: WS closed from (unix skt), clients: 3
[2026/09/25 22:49:52:1396] N: killing process, pid: 47947
[2026/09/25 22:49:52:1400] N: process killed with signal 0, pid: 47947
[2026/09/25 22:49:52:2397] N: WS closed from (unix skt), clients: 2
[2026/09/25 22:49:52:2398] N: killing process, pid: 47965
[2026/09/25 22:49:52:2406] N: process killed with signal 0, pid: 47965
[2026/09/25 22:49:53:3625] N: WS closed from (unix skt), clients: 1
[2026/09/25 22:49:53:3626] N: killing process, pid: 47957
[2026/09/25 22:49:53:3626] N: WS closed from (unix skt), clients: 0
[2026/09/25 22:49:53:3627] N: killing process, pid: 47978
[2026/09/25 22:49:53:3654] N: process killed with signal 0, pid: 47957
[2026/09/25 22:49:53:3655] N: process killed with signal 0, pid: 47978
[2026/09/25 22:49:53:3859] N: WS   /ws - (unix skt), clients: 1
[2026/09/25 22:49:53:3860] N: WS   /ws - (unix skt), clients: 2
[2026/09/25 22:49:53:3860] N: WS   /ws - (unix skt), clients: 3
[2026/09/25 22:49:53:3860] N: WS   /ws - (unix skt), clients: 4
[2026/09/25 22:49:53:3861] N: WS   /ws - (unix skt), clients: 5
[2026/09/25 22:49:53:3861] N: WS   /ws - (unix skt), clients: 6
[2026/09/25 22:49:53:3861] N: WS   /ws - (unix skt), clients: 7
[2026/09/25 22:49:53:3861] N: WS   /ws - (unix skt), clients: 8
[2026/09/25 22:49:53:3861] N: WS   /ws - (unix skt), clients: 9
[2026/09/25 22:49:53:3861] N: WS   /ws - (unix skt), clients: 10
[2026/09/25 22:49:53:3873] N: started process, pid: 48345
[2026/09/25 22:49:53:3878] N: started process, pid: 48346
[2026/09/25 22:49:53:3883] N: started process, pid: 48347
[2026/09/25 22:49:53:3894] N: started process, pid: 48348
[2026/09/25 22:49:53:3904] N: started process, pid: 48349
[2026/09/25 22:49:53:3915] N: started process, pid: 48350
[2026/09/25 22:49:53:3929] N: started process, pid: 48354
[2026/09/25 22:49:53:3949] N: started process, pid: 48363
[2026/09/25 22:49:53:3962] N: started process, pid: 48365
[2026/09/25 22:49:53:3970] N: started process, pid: 48367
[2026/09/25 22:49:53:5267] N: WS closed from (unix skt), clients: 9
[2026/09/25 22:49:53:5267] N: killing process, pid: 48348
[2026/09/25 22:49:53:5270] N: process killed with signal 1, pid: 48348
[2026/09/25 22:49:53:5838] N: WS closed from (unix skt), clients: 8
[2026/09/25 22:49:53:5838] N: killing process, pid: 48365
[2026/09/25 22:49:53:5841] N: process killed with signal 1, pid: 48365
[2026/09/25 22:49:53:6630] N: WS closed from (unix skt), clients: 7
[2026/09/25 22:49:53:6630] N: killing process, pid: 48347
[2026/09/25 22:49:53:6633] N: process killed with signal 0, pid: 48347
[2026/09/25 22:49:53:6952] N: WS closed from (unix skt), clients: 6
[2026/09/25 22:49:53:6952] N: killing process, pid: 48345
[2026/09/25 22:49:53:6956] N: process killed with signal 0, pid: 48345
[2026/09/25 22:49:53:7420] N: WS closed from (unix skt), clients: 5
[2026/09/25 22:49:53:7420] N: killing process, pid: 48354
[2026/09/25 22:49:53:7425] N: process killed with signal 0, pid: 48354
[2026/09/25 22:49:53:7834] N: WS closed from (unix skt), clients: 4
[2026/09/25 22:49:53:7834] N: killing process, pid: 48350
[2026/09/25 22:49:53:7839] N: process killed with signal 0, pid: 48350
[2026/09/25 22:49:54:1787] N: WS closed from (unix skt), clients: 3
[2026/09/25 22:49:54:1788] N: killing process, pid: 48346
[2026/09/25 22:49:54:1794] N: process killed with signal 0, pid: 48346
[2026/09/25 22:49:54:2690] N: WS closed from (unix skt), clients: 2
[2026/09/25 22:49:54:2691] N: killing process, pid: 48363
[2026/09/25 22:49:54:2700] N: process killed with signal 0, pid: 48363
[2026/09/25 22:49:55:3867] N: WS closed from (unix skt), clients: 1
[2026/09/25 22:49:55:3868] N: killing process, pid: 48349
[2026/09/25 22:49:55:3868] N: WS closed from (unix skt), clients: 0
[2026/09/25 22:49:55:3868] N: killing process, pid: 48367
[2026/09/25 22:49:55:3878] N: process killed with signal 0, pid: 48349
[2026/09/25 22:49:55:3884] N: process killed with signal 0, pid: 48367
[2026/09/25 22:49:55:4046] N: WS   /ws - (unix skt), clients: 1
[2026/09/25 22:49:55:4047] N: WS   /ws - (unix skt), clients: 2
[2026/09/25 22:49:55:4047] N: WS   /ws - (unix skt), clients: 3
[2026/09/25 22:49:55:4048] N: WS   /ws - (unix skt), clients: 4
[2026/09/25 22:49:55:4048] N: WS   /ws - (unix skt), clients: 5
[2026/09/25 22:49:55:4048] N: WS   /ws - (unix skt), clients: 6
[2026/09/25 22:49:55:4048] N: WS   /ws - (unix skt), clients: 7
[2026/09/25 22:49:55:4048] N: WS   /ws - (unix skt), clients: 8
[2026/09/25 22:49:55:4048] N: WS   /ws - (unix skt), clients: 9
[2026/09/25 22:49:55:4049] N: WS   /ws - (unix skt), clients: 10
[2026/09/25 22:49:55:4065] N: started process, pid: 48672
[2026/09/25 22:49:55:4073] N: started process, pid: 48673
[2026/09/25 22:49:55:4083] N: started process, pid: 48674
[2026/09/25 22:49:55:4099] N: started process, pid: 48675
[2026/09/25 22:49:55:4110] N: started process, pid: 48676
[2026/09/25 22:49:55:4119] N: started process, pid: 48677
[2026/09/25 22:49:55:4139] N: started process, pid: 48678
[2026/09/25 22:49:55:4157] N: started process, pid: 48689
[2026/09/25 22:49:55:4172] N: started process, pid: 48694
[2026/09/25 22:49:55:4190] N: started process, pid: 48696
[2026/09/25 22:49:55:5394] N: WS closed from (unix skt), clients: 9
[2026/09/25 22:49:55:5395] N: killing process, pid: 48675
[2026/09/25 22:49:55:5399] N: process killed with signal 1, pid: 48675
[2026/09/25 22:49:55:5676] N: WS closed from (unix skt), clients: 8
[2026/09/25 22:49:55:5677] N: killing process, pid: 48694
[2026/09/25 22:49:55:5681] N: process killed with signal 1, pid: 48694
[2026/09/25 22:49:55:6678] N: WS closed from (unix skt), clients: 7
[2026/09/25 22:49:55:6678] N: killing process, pid: 48672
[2026/09/25 22:49:55:6682] N: process killed with signal 0, pid: 48672
[2026/09/25 22:49:55:6987] N: WS closed from (unix skt), clients: 6
[2026/09/25 22:49:55:6987] N: killing process, pid: 48673
[2026/09/25 22:49:55:6992] N: process killed with signal 0, pid: 48673
[2026/09/25 22:49:55:7540] N: WS closed from (unix skt), clients: 5
[2026/09/25 22:49:55:7541] N: killing process, pid: 48677
[2026/09/25 22:49:55:7545] N: process killed with signal 0, pid: 48677
[2026/09/25 22:49:55:7946] N: WS closed from (unix skt), clients: 4
[2026/09/25 22:49:55:7947] N: killing process, pid: 48678
[2026/09/25 22:49:55:7951] N: process killed with signal 0, pid: 48678
[2026/09/25 22:49:56:2548] N: WS closed from (unix skt), clients: 3
[2026/09/25 22:49:56:2549] N: killing process, pid: 48674
[2026/09/25 22:49:56:2562] N: process killed with signal 0, pid: 48674
[2026/09/25 22:49:56:2953] N: WS closed from (unix skt), clients: 2
[2026/09/25 22:49:56:2954] N: killing process, pid: 48689
[2026/09/25 22:49:56:2965] N: process killed with signal 0, pid: 48689
[2026/09/25 22:49:57:4069] N: WS closed from (unix skt), clients: 1
[2026/09/25 22:49:57:4070] N: killing process, pid: 48676
[2026/09/25 22:49:57:4070] N: WS closed from (unix skt), clients: 0
[2026/09/25 22:49:57:4070] N: killing process, pid: 48696
[2026/09/25 22:49:57:4088] N: process killed with signal 0, pid: 48676
[2026/09/25 22:49:57:4088] N: process killed with signal 0, pid: 48696
[2026/09/25 22:49:57:4200] N: WS   /ws - (unix skt), clients: 1
[2026/09/25 22:49:57:4201] N: WS   /ws - (unix skt), clients: 2
[2026/09/25 22:49:57:4201] N: WS   /ws - (unix skt), clients: 3
[2026/09/25 22:49:57:4201] N: WS   /ws - (unix skt), clients: 4
[2026/09/25 22:49:57:4201] N: WS   /ws - (unix skt), clients: 5
[2026/09/25 22:49:57:4201] N: WS   /ws - (unix skt), clients: 6
[2026/09/25 22:49:57:4202] N: WS   /ws - (unix skt), clients: 7
[2026/09/25 22:49:57:4202] N: WS   /ws - (unix skt), clients: 8
[2026/09/25 22:49:57:4202] N: WS   /ws - (unix skt), clients: 9
[2026/09/25 22:49:57:4202] N: WS   /ws - (unix skt), clients: 10
[2026/09/25 22:49:57:4214] N: started process, pid: 49025
[2026/09/25 22:49:57:4220] N: started process, pid: 49026
[2026/09/25 22:49:57:4225] N: started process, pid: 49027
[2026/09/25 22:49:57:4234] N: started process, pid: 49028
[2026/09/25 22:49:57:4244] N: started process, pid: 49029
[2026/09/25 22:49:57:4249] N: started process, pid: 49030
[2026/09/25 22:49:57:4257] N: started process, pid: 49031
[2026/09/25 22:49:57:4268] N: started process, pid: 49033
[2026/09/25 22:49:57:4286] N: started process, pid: 49040
[2026/09/25 22:49:57:4298] N: started process, pid: 49049
[2026/09/25 22:49:57:5725] N: WS closed from (unix skt), clients: 9
[2026/09/25 22:49:57:5726] N: killing process, pid: 49029
[2026/09/25 22:49:57:5730] N: process killed with signal 1, pid: 49029
[2026/09/25 22:49:57:6021] N: WS closed from (unix skt), clients: 8
[2026/09/25 22:49:57:6022] N: killing process, pid: 49049
[2026/09/25 22:49:57:6024] N: process killed with signal 1, pid: 49049
[2026/09/25 22:49:57:7225] N: WS closed from (unix skt), clients: 7
[2026/09/25 22:49:57:7225] N: killing process, pid: 49027
[2026/09/25 22:49:57:7230] N: process killed with signal 0, pid: 49027
[2026/09/25 22:49:57:7337] N: WS closed from (unix skt), clients: 6
[2026/09/25 22:49:57:7337] N: killing process, pid: 49025
[2026/09/25 22:49:57:7340] N: process killed with signal 0, pid: 49025
[2026/09/25 22:49:57:7600] N: WS closed from (unix skt), clients: 5
[2026/09/25 22:49:57:7600] N: killing process, pid: 49031
[2026/09/25 22:49:57:7604] N: process killed with signal 0, pid: 49031
[2026/09/25 22:49:57:8032] N: WS closed from (unix skt), clients: 4
[2026/09/25 22:49:57:8032] N: killing process, pid: 49033
[2026/09/25 22:49:57:8037] N: process killed with signal 0, pid: 49033
[2026/09/25 22:49:58:2467] N: WS closed from (unix skt), clients: 3
[2026/09/25 22:49:58:2467] N: killing process, pid: 49028
[2026/09/25 22:49:58:2480] N: process killed with signal 0, pid: 49028
[2026/09/25 22:49:58:3055] N: WS closed from (unix skt), clients: 2
[2026/09/25 22:49:58:3057] N: killing process, pid: 49040
[2026/09/25 22:49:58:3073] N: process killed with signal 0, pid: 49040
[2026/09/25 22:49:59:4207] N: WS closed from (unix skt), clients: 1
[2026/09/25 22:49:59:4209] N: killing process, pid: 49030
[2026/09/25 22:49:59:4210] N: WS closed from (unix skt), clients: 0
[2026/09/25 22:49:59:4210] N: killing process, pid: 49026
[2026/09/25 22:49:59:4220] N: process killed with signal 0, pid: 49030
[2026/09/25 22:49:59:4226] N: process killed with signal 0, pid: 49026
[2026/09/25 22:49:59:4341] N: WS   /ws - (unix skt), clients: 1
[2026/09/25 22:49:59:4341] N: WS   /ws - (unix skt), clients: 2
[2026/09/25 22:49:59:4341] N: WS   /ws - (unix skt), clients: 3
[2026/09/25 22:49:59:4341] N: WS   /ws - (unix skt), clients: 4
[2026/09/25 22:49:59:4342] N: WS   /ws - (unix skt), clients: 5
[2026/09/25 22:49:59:4342] N: WS   /ws - (unix skt), clients: 6
[2026/09/25 22:49:59:4342] N: WS   /ws - (unix skt), clients: 7
[2026/09/25 22:49:59:4342] N: WS   /ws - (unix skt), clients: 8
[2026/09/25 22:49:59:4342] N: WS   /ws - (unix skt), clients: 9
[2026/09/25 22:49:59:4352] N: started process, pid: 49271
[2026/09/25 22:49:59:4353] N: WS   /ws - (unix skt), clients: 10
[2026/09/25 22:49:59:4360] N: started process, pid: 49272
[2026/09/25 22:49:59:4365] N: started process, pid: 49273
[2026/09/25 22:49:59:4371] N: started process, pid: 49274
[2026/09/25 22:49:59:4380] N: started process, pid: 49275
[2026/09/25 22:49:59:4389] N: started process, pid: 49276
[2026/09/25 22:49:59:4400] N: started process, pid: 49277
[2026/09/25 22:49:59:4413] N: started process, pid: 49280
[2026/09/25 22:49:59:4429] N: started process, pid: 49289
[2026/09/25 22:49:59:4444] N: started process, pid: 49298
[2026/09/25 22:49:59:5599] N: WS closed from (unix skt), clients: 9
[2026/09/25 22:49:59:5600] N: killing process, pid: 49275
[2026/09/25 22:49:59:5602] N: process killed with signal 1, pid: 49275
[2026/09/25 22:49:59:6149] N: WS closed from (unix skt), clients: 8
[2026/09/25 22:49:59:6149] N: killing process, pid: 49298
[2026/09/25 22:49:59:6151] N: process killed with signal 1, pid: 49298
[2026/09/25 22:49:59:6887] N: WS closed from (unix skt), clients: 7
[2026/09/25 22:49:59:6887] N: killing process, pid: 49271
[2026/09/25 22:49:59:6890] N: process killed with signal 0, pid: 49271
[2026/09/25 22:49:59:7738] N: WS closed from (unix skt), clients: 6
[2026/09/25 22:49:59:7738] N: killing process, pid: 49272
[2026/09/25 22:49:59:7742] N: process killed with signal 0, pid: 49272
[2026/09/25 22:49:59:7860] N: WS closed from (unix skt), clients: 5
[2026/09/25 22:49:59:7861] N: killing process, pid: 49277
[2026/09/25 22:49:59:7865] N: process killed with signal 0, pid: 49277
[2026/09/25 22:49:59:8152] N: WS closed from (unix skt), clients: 4
[2026/09/25 22:49:59:8152] N: killing process, pid: 49280
[2026/09/25 22:49:59:8156] N: process killed with signal 0, pid: 49280
[2026/09/25 22:50:00:2603] N: WS closed from (unix skt), clients: 3
[2026/09/25 22:50:00:2604] N: killing process, pid: 49274
[2026/09/25 22:50:00:2612] N: process killed with signal 0, pid: 49274
[2026/09/25 22:50:00:2876] N: WS closed from (unix skt), clients: 2
[2026/09/25 22:50:00:2877] N: killing process, pid: 49289
[2026/09/25 22:50:00:2885] N: process killed with signal 0, pid: 49289
[2026/09/25 22:50:01:4345] N: WS closed from (unix skt), clients: 1
[2026/09/25 22:50:01:4345] N: killing process, pid: 49276
[2026/09/25 22:50:01:4346] N: WS closed from (unix skt), clients: 0
[2026/09/25 22:50:01:4346] N: killing process, pid: 49273
[2026/09/25 22:50:01:4355] N: process killed with signal 0, pid: 49276
[2026/09/25 22:50:01:4356] N: process killed with signal 0, pid: 49273
[2026/09/25 22:50:01:4447] N: WS   /ws - (unix skt), clients: 1
[2026/09/25 22:50:01:4447] N: WS   /ws - (unix skt), clients: 2
[2026/09/25 22:50:01:4447] N: WS   /ws - (unix skt), clients: 3
[2026/09/25 22:50:01:4448] N: WS   /ws - (unix skt), clients: 4
[2026/09/25 22:50:01:4448] N: WS   /ws - (unix skt), clients: 5
[2026/09/25 22:50:01:4448] N: WS   /ws - (unix skt), clients: 6
[2026/09/25 22:50:01:4448] N: WS   /ws - (unix skt), clients: 7
[2026/09/25 22:50:01:4448] N: WS   /ws - (unix skt), clients: 8
[2026/09/25 22:50:01:4448] N: WS   /ws - (unix skt), clients: 9
[2026/09/25 22:50:01:4448] N: WS   /ws - (unix skt), clients: 10
[2026/09/25 22:50:01:4458] N: started process, pid: 49653
[2026/09/25 22:50:01:4463] N: started process, pid: 49654
[2026/09/25 22:50:01:4468] N: started process, pid: 49655
[2026/09/25 22:50:01:4475] N: started process, pid: 49656
[2026/09/25 22:50:01:4484] N: started process, pid: 49657
[2026/09/25 22:50:01:4489] N: started process, pid: 49658
[2026/09/25 22:50:01:4500] N: started process, pid: 49659
[2026/09/25 22:50:01:4509] N: started process, pid: 49660
[2026/09/25 22:50:01:4524] N: started process, pid: 49668
[2026/09/25 22:50:01:4540] N: started process, pid: 49677
[2026/09/25 22:50:01:5545] N: WS closed from (unix skt), clients: 9
[2026/09/25 22:50:01:5546] N: killing process, pid: 49656
[2026/09/25 22:50:01:5548] N: process killed with signal 1, pid: 49656
[2026/09/25 22:50:01:6130] N: WS closed from (unix skt), clients: 8
[2026/09/25 22:50:01:6130] N: killing process, pid: 49668
[2026/09/25 22:50:01:6133] N: process killed with signal 1, pid: 49668
[2026/09/25 22:50:01:7161] N: WS closed from (unix skt), clients: 7
[2026/09/25 22:50:01:7161] N: killing process, pid: 49653
[2026/09/25 22:50:01:7165] N: process killed with signal 0, pid: 49653
[2026/09/25 22:50:01:7682] N: WS closed from (unix skt), clients: 6
[2026/09/25 22:50:01:7683] N: killing process, pid: 49654
[2026/09/25 22:50:01:7686] N: process killed with signal 0, pid: 49654
[2026/09/25 22:50:01:8035] N: WS closed from (unix skt), clients: 5
[2026/09/25 22:50:01:8035] N: killing process, pid: 49658
[2026/09/25 22:50:01:8047] N: process killed with signal 0, pid: 49658
[2026/09/25 22:50:01:8142] N: WS closed from (unix skt), clients: 4
[2026/09/25 22:50:01:8142] N: killing process, pid: 49659
[2026/09/25 22:50:01:8146] N: process killed with signal 0, pid: 49659
[2026/09/25 22:50:02:2693] N: WS closed from (unix skt), clients: 3
[2026/09/25 22:50:02:2694] N: killing process, pid: 49655
[2026/09/25 22:50:02:2704] N: process killed with signal 0, pid: 49655
[2026/09/25 22:50:02:3298] N: WS closed from (unix skt), clients: 2
[2026/09/25 22:50:02:3299] N: killing process, pid: 49660
[2026/09/25 22:50:02:3312] N: process killed with signal 0, pid: 49660
[2026/09/25 22:50:03:4456] N: WS closed from (unix skt), clients: 1
[2026/09/25 22:50:03:4457] N: killing process, pid: 49657
[2026/09/25 22:50:03:4458] N: WS closed from (unix skt), clients: 0
[2026/09/25 22:50:03:4458] N: killing process, pid: 49677
[2026/09/25 22:50:03:4465] N: process killed with signal 0, pid: 49657
[2026/09/25 22:50:03:4470] N: process killed with signal 0, pid: 49677
[2026/09/25 22:50:03:4564] N: WS   /ws - (unix skt), clients: 1
[2026/09/25 22:50:03:4565] N: WS   /ws - (unix skt), clients: 2
[2026/09/25 22:50:03:4565] N: WS   /ws - (unix skt), clients: 3
[2026/09/25 22:50:03:4565] N: WS   /ws - (unix skt), clients: 4
[2026/09/25 22:50:03:4565] N: WS   /ws - (unix skt), clients: 5
[2026/09/25 22:50:03:4565] N: WS   /ws - (unix skt), clients: 6
[2026/09/25 22:50:03:4565] N: WS   /ws - (unix skt), clients: 7
[2026/09/25 22:50:03:4566] N: WS   /ws - (unix skt), clients: 8
[2026/09/25 22:50:03:4566] N: WS   /ws - (unix skt), clients: 9
[2026/09/25 22:50:03:4566] N: WS   /ws - (unix skt), clients: 10
[2026/09/25 22:50:03:4575] N: started process, pid: 49930
[2026/09/25 22:50:03:4580] N: started process, pid: 49931
[2026/09/25 22:50:03:4586] N: started process, pid: 49932
[2026/09/25 22:50:03:4593] N: started process, pid: 49933
[2026/09/25 22:50:03:4599] N: started process, pid: 49934
[2026/09/25 22:50:03:4605] N: started process, pid: 49935
[2026/09/25 22:50:03:4612] N: started process, pid: 49936
[2026/09/25 22:50:03:4620] N: started process, pid: 49937
[2026/09/25 22:50:03:4631] N: started process, pid: 49941
[2026/09/25 22:50:03:4641] N: started process, pid: 49948
[2026/09/25 22:50:03:5724] N: WS closed from (unix skt), clients: 9
[2026/09/25 22:50:03:5724] N: killing process, pid: 49933
[2026/09/25 22:50:03:5727] N: process killed with signal 1, pid: 49933
[2026/09/25 22:50:03:6295] N: WS closed from (unix skt), clients: 8
[2026/09/25 22:50:03:6295] N: killing process, pid: 49937
[2026/09/25 22:50:03:6298] N: process killed with signal 1, pid: 49937
[2026/09/25 22:50:03:7291] N: WS closed from (unix skt), clients: 7
[2026/09/25 22:50:03:7291] N: killing process, pid: 49930
[2026/09/25 22:50:03:7291] N: WS closed from (unix skt), clients: 6
[2026/09/25 22:50:03:7291] N: killing process, pid: 49931
[2026/09/25 22:50:03:7295] N: process killed with signal 0, pid: 49930
[2026/09/25 22:50:03:7295] N: process killed with signal 0, pid: 49931
[2026/09/25 22:50:03:8429] N: WS closed from (unix skt), clients: 5
[2026/09/25 22:50:03:8430] N: killing process, pid: 49935
[2026/09/25 22:50:03:8430] N: WS closed from (unix skt), clients: 4
[2026/09/25 22:50:03:8430] N: killing process, pid: 49948
[2026/09/25 22:50:03:8436] N: process killed with signal 0, pid: 49935
[2026/09/25 22:50:03:8436] N: process killed with signal 0, pid: 49948
[2026/09/25 22:50:04:2934] N: WS closed from (unix skt), clients: 3
[2026/09/25 22:50:04:2934] N: killing process, pid: 49932
[2026/09/25 22:50:04:2946] N: process killed with signal 0, pid: 49932
[2026/09/25 22:50:04:3206] N: WS closed from (unix skt), clients: 2
[2026/09/25 22:50:04:3206] N: killing process, pid: 49936
[2026/09/25 22:50:04:3211] N: process killed with signal 0, pid: 49936
[2026/09/25 22:50:05:4573] N: WS closed from (unix skt), clients: 1
[2026/09/25 22:50:05:4573] N: killing process, pid: 49941
[2026/09/25 22:50:05:4574] N: WS closed from (unix skt), clients: 0
[2026/09/25 22:50:05:4574] N: killing process, pid: 49934
[2026/09/25 22:50:05:4582] N: process killed with signal 0, pid: 49941
[2026/09/25 22:50:05:4583] N: process killed with signal 0, pid: 49934
[2026/09/25 22:50:05:4680] N: WS   /ws - (unix skt), clients: 1
[2026/09/25 22:50:05:4681] N: WS   /ws - (unix skt), clients: 2
[2026/09/25 22:50:05:4681] N: WS   /ws - (unix skt), clients: 3
[2026/09/25 22:50:05:4681] N: WS   /ws - (unix skt), clients: 4
[2026/09/25 22:50:05:4681] N: WS   /ws - (unix skt), clients: 5
[2026/09/25 22:50:05:4681] N: WS   /ws - (unix skt), clients: 6
[2026/09/25 22:50:05:4681] N: WS   /ws - (unix skt), clients: 7
[2026/09/25 22:50:05:4681] N: WS   /ws - (unix skt), clients: 8
[2026/09/25 22:50:05:4682] N: WS   /ws - (unix skt), clients: 9
[2026/09/25 22:50:05:4682] N: WS   /ws - (unix skt), clients: 10
[2026/09/25 22:50:05:4691] N: started process, pid: 50248
[2026/09/25 22:50:05:4696] N: started process, pid: 50249
[2026/09/25 22:50:05:4701] N: started process, pid: 50250
[2026/09/25 22:50:05:4707] N: started process, pid: 50251
[2026/09/25 22:50:05:4715] N: started process, pid: 50252
[2026/09/25 22:50:05:4720] N: started process, pid: 50253
[2026/09/25 22:50:05:4726] N: started process, pid: 50254
[2026/09/25 22:50:05:4732] N: started process, pid: 50255
[2026/09/25 22:50:05:4747] N: started process, pid: 50256
[2026/09/25 22:50:05:4755] N: started process, pid: 50266
[2026/09/25 22:50:05:5891] N: WS closed from (unix skt), clients: 9
[2026/09/25 22:50:05:5891] N: killing process, pid: 50251
[2026/09/25 22:50:05:5894] N: process killed with signal 1, pid: 50251
[2026/09/25 22:50:05:6169] N: WS closed from (unix skt), clients: 8
[2026/09/25 22:50:05:6169] N: killing process, pid: 50256
[2026/09/25 22:50:05:6173] N: process killed with signal 1, pid: 50256
[2026/09/25 22:50:05:7509] N: WS closed from (unix skt), clients: 7
[2026/09/25 22:50:05:7510] N: killing process, pid: 50248
[2026/09/25 22:50:05:7513] N: process killed with signal 0, pid: 50248
[2026/09/25 22:50:05:7775] N: WS closed from (unix skt), clients: 6
[2026/09/25 22:50:05:7775] N: killing process, pid: 50249
[2026/09/25 22:50:05:7778] N: process killed with signal 0, pid: 50249
[2026/09/25 22:50:05:8026] N: WS closed from (unix skt), clients: 5
[2026/09/25 22:50:05:8026] N: killing process, pid: 50254
[2026/09/25 22:50:05:8031] N: process killed with signal 0, pid: 50254
[2026/09/25 22:50:05:8185] N: WS closed from (unix skt), clients: 4
[2026/09/25 22:50:05:8185] N: killing process, pid: 50253
[2026/09/25 22:50:05:8189] N: process killed with signal 0, pid: 50253
[2026/09/25 22:50:06:2725] N: WS closed from (unix skt), clients: 3
[2026/09/25 22:50:06:2726] N: killing process, pid: 50250
[2026/09/25 22:50:06:2734] N: process killed with signal 0, pid: 50250
[2026/09/25 22:50:06:3466] N: WS closed from (unix skt), clients: 2
[2026/09/25 22:50:06:3466] N: killing process, pid: 50255
[2026/09/25 22:50:06:3479] N: process killed with signal 0, pid: 50255
[2026/09/25 22:50:07:4695] N: WS closed from (unix skt), clients: 1
[2026/09/25 22:50:07:4696] N: killing process, pid: 50252
[2026/09/25 22:50:07:4696] N: WS closed from (unix skt), clients: 0
[2026/09/25 22:50:07:4696] N: killing process, pid: 50266
[2026/09/25 22:50:07:4706] N: process killed with signal 0, pid: 50252
[2026/09/25 22:50:07:4706] N: process killed with signal 0, pid: 50266
[2026/09/25 22:50:07:4807] N: WS   /ws - (unix skt), clients: 1
[2026/09/25 22:50:07:4807] N: WS   /ws - (unix skt), clients: 2
[2026/09/25 22:50:07:4807] N: WS   /ws - (unix skt), clients: 3
[2026/09/25 22:50:07:4808] N: WS   /ws - (unix skt), clients: 4
[2026/09/25 22:50:07:4808] N: WS   /ws - (unix skt), clients: 5
[2026/09/25 22:50:07:4808] N: WS   /ws - (unix skt), clients: 6
[2026/09/25 22:50:07:4808] N: WS   /ws - (unix skt), clients: 7
[2026/09/25 22:50:07:4808] N: WS   /ws - (unix skt), clients: 8
[2026/09/25 22:50:07:4808] N: WS   /ws - (unix skt), clients: 9
[2026/09/25 22:50:07:4808] N: WS   /ws - (unix skt), clients: 10
[2026/09/25 22:50:07:4819] N: started process, pid: 50576
[2026/09/25 22:50:07:4825] N: started process, pid: 50578
[2026/09/25 22:50:07:4831] N: started process, pid: 50579
[2026/09/25 22:50:07:4839] N: started process, pid: 50580
[2026/09/25 22:50:07:4846] N: started process, pid: 50581
[2026/09/25 22:50:07:4852] N: started process, pid: 50582
[2026/09/25 22:50:07:4860] N: started process, pid: 50583
[2026/09/25 22:50:07:4869] N: started process, pid: 50584
[2026/09/25 22:50:07:4881] N: started process, pid: 50587
[2026/09/25 22:50:07:4897] N: started process, pid: 50598
[2026/09/25 22:50:07:5875] N: WS closed from (unix skt), clients: 9
[2026/09/25 22:50:07:5876] N: killing process, pid: 50580
[2026/09/25 22:50:07:5878] N: process killed with signal 1, pid: 50580
[2026/09/25 22:50:07:6374] N: WS closed from (unix skt), clients: 8
[2026/09/25 22:50:07:6374] N: killing process, pid: 50587
[2026/09/25 22:50:07:6376] N: process killed with signal 1, pid: 50587
[2026/09/25 22:50:07:7763] N: WS closed from (unix skt), clients: 7
[2026/09/25 22:50:07:7763] N: killing process, pid: 50576
[2026/09/25 22:50:07:7768] N: process killed with signal 0, pid: 50576
[2026/09/25 22:50:07:8023] N: WS closed from (unix skt), clients: 6
[2026/09/25 22:50:07:8023] N: killing process, pid: 50578
[2026/09/25 22:50:07:8028] N: process killed with signal 0, pid: 50578
[2026/09/25 22:50:07:8265] N: WS closed from (unix skt), clients: 5
[2026/09/25 22:50:07:8265] N: killing process, pid: 50582
[2026/09/25 22:50:07:8270] N: process killed with signal 0, pid: 50582
[2026/09/25 22:50:07:8516] N: WS closed from (unix skt), clients: 4
[2026/09/25 22:50:07:8516] N: killing process, pid: 50583
[2026/09/25 22:50:07:8521] N: process killed with signal 0, pid: 50583
[2026/09/25 22:50:08:2893] N: WS closed from (unix skt), clients: 3
[2026/09/25 22:50:08:2894] N: killing process, pid: 50579
[2026/09/25 22:50:08:2903] N: process killed with signal 0, pid: 50579
[2026/09/25 22:50:08:3515] N: WS closed from (unix skt), clients: 2
[2026/09/25 22:50:08:3516] N: killing process, pid: 50584
[2026/09/25 22:50:08:3527] N: process killed with signal 0, pid: 50584
[2026/09/25 22:50:09:4822] N: WS closed from (unix skt), clients: 1
[2026/09/25 22:50:09:4822] N: killing process, pid: 50581
[2026/09/25 22:50:09:4823] N: WS closed from (unix skt), clients: 0
[2026/09/25 22:50:09:4823] N: killing process, pid: 50598
[2026/09/25 22:50:09:4834] N: process killed with signal 0, pid: 50581
[2026/09/25 22:50:09:4835] N: process killed with signal 0, pid: 50598
[2026/09/25 22:50:09:4952] N: WS   /ws - (unix skt), clients: 1
[2026/09/25 22:50:09:4953] N: WS   /ws - (unix skt), clients: 2
[2026/09/25 22:50:09:4953] N: WS   /ws - (unix skt), clients: 3
[2026/09/25 22:50:09:4953] N: WS   /ws - (unix skt), clients: 4
[2026/09/25 22:50:09:4953] N: WS   /ws - (unix skt), clients: 5
[2026/09/25 22:50:09:4953] N: WS   /ws - (unix skt), clients: 6
[2026/09/25 22:50:09:4953] N: WS   /ws - (unix skt), clients: 7
[2026/09/25 22:50:09:4954] N: WS   /ws - (unix skt), clients: 8
[2026/09/25 22:50:09:4954] N: WS   /ws - (unix skt), clients: 9
[2026/09/25 22:50:09:4954] N: WS   /ws - (unix skt), clients: 10
[2026/09/25 22:50:09:4963] N: started process, pid: 50882
[2026/09/25 22:50:09:4968] N: started process, pid: 50883
[2026/09/25 22:50:09:4973] N: started process, pid: 50884
[2026/09/25 22:50:09:4979] N: started process, pid: 50885
[2026/09/25 22:50:09:4990] N: started process, pid: 50886
[2026/09/25 22:50:09:4998] N: started process, pid: 50887
[2026/09/25 22:50:09:5011] N: started process, pid: 50888
[2026/09/25 22:50:09:5027] N: started process, pid: 50892
[2026/09/25 22:50:09:5042] N: started process, pid: 50903
[2026/09/25 22:50:09:5056] N: started process, pid: 50910
[2026/09/25 22:50:09:6317] N: WS closed from (unix skt), clients: 9
[2026/09/25 22:50:09:6317] N: killing process, pid: 50885
[2026/09/25 22:50:09:6320] N: process killed with signal 1, pid: 50885
[2026/09/25 22:50:09:6558] N: WS closed from (unix skt), clients: 8
[2026/09/25 22:50:09:6558] N: killing process, pid: 50903
[2026/09/25 22:50:09:6560] N: process killed with signal 1, pid: 50903
[2026/09/25 22:50:09:7946] N: WS closed from (unix skt), clients: 7
[2026/09/25 22:50:09:7946] N: killing process, pid: 50883
[2026/09/25 22:50:09:7950] N: process killed with signal 0, pid: 50883
[2026/09/25 22:50:09:8208] N: WS closed from (unix skt), clients: 6
[2026/09/25 22:50:09:8208] N: killing process, pid: 50882
[2026/09/25 22:50:09:8214] N: process killed with signal 0, pid: 50882
[2026/09/25 22:50:09:8438] N: WS closed from (unix skt), clients: 5
[2026/09/25 22:50:09:8438] N: killing process, pid: 50887
[2026/09/25 22:50:09:8443] N: process killed with signal 0, pid: 50887
[2026/09/25 22:50:09:8699] N: WS closed from (unix skt), clients: 4
[2026/09/25 22:50:09:8699] N: killing process, pid: 50888
[2026/09/25 22:50:09:8704] N: process killed with signal 0, pid: 50888
[2026/09/25 22:50:10:3219] N: WS closed from (unix skt), clients: 3
[2026/09/25 22:50:10:3220] N: killing process, pid: 50884
[2026/09/25 22:50:10:3233] N: process killed with signal 0, pid: 50884
[2026/09/25 22:50:10:3716] N: WS closed from (unix skt), clients: 2
[2026/09/25 22:50:10:3717] N: killing process, pid: 50892
[2026/09/25 22:50:10:3731] N: process killed with signal 0, pid: 50892
[2026/09/25 22:50:11:4962] N: WS closed from (unix skt), clients: 1
[2026/09/25 22:50:11:4963] N: killing process, pid: 50886
[2026/09/25 22:50:11:4964] N: WS closed from (unix skt), clients: 0
[2026/09/25 22:50:11:4964] N: killing process, pid: 50910
[2026/09/25 22:50:11:4973] N: process killed with signal 0, pid: 50886
[2026/09/25 22:50:11:4983] N: process killed with signal 0, pid: 50910
[2026/09/25 22:50:11:5121] N: WS   /ws - (unix skt), clients: 1
[2026/09/25 22:50:11:5121] N: WS   /ws - (unix skt), clients: 2
[2026/09/25 22:50:11:5122] N: WS   /ws - (unix skt), clients: 3
[2026/09/25 22:50:11:5122] N: WS   /ws - (unix skt), clients: 4
[2026/09/25 22:50:11:5122] N: WS   /ws - (unix skt), clients: 5
[2026/09/25 22:50:11:5122] N: WS   /ws - (unix skt), clients: 6
[2026/09/25 22:50:11:5122] N: WS   /ws - (unix skt), clients: 7
[2026/09/25 22:50:11:5122] N: WS   /ws - (unix skt), clients: 8
[2026/09/25 22:50:11:5122] N: WS   /ws - (unix skt), clients: 9
[2026/09/25 22:50:11:5123] N: WS   /ws - (unix skt), clients: 10
[2026/09/25 22:50:11:5135] N: started process, pid: 51190
[2026/09/25 22:50:11:5141] N: started process, pid: 51191
[2026/09/25 22:50:11:5147] N: started process, pid: 51192
[2026/09/25 22:50:11:5153] N: started process, pid: 51193
[2026/09/25 22:50:11:5166] N: started process, pid: 51194
[2026/09/25 22:50:11:5178] N: started process, pid: 51195
[2026/09/25 22:50:11:5190] N: started process, pid: 51196
[2026/09/25 22:50:11:5204] N: started process, pid: 51202
[2026/09/25 22:50:11:5217] N: started process, pid: 51209
[2026/09/25 22:50:11:5234] N: started process, pid: 51216
[2026/09/25 22:50:11:6454] N: WS closed from (unix skt), clients: 9
[2026/09/25 22:50:11:6454] N: killing process, pid: 51194
[2026/09/25 22:50:11:6457] N: process killed with signal 1, pid: 51194
[2026/09/25 22:50:11:6868] N: WS closed from (unix skt), clients: 8
[2026/09/25 22:50:11:6868] N: killing process, pid: 51216
[2026/09/25 22:50:11:6870] N: process killed with signal 1, pid: 51216
[2026/09/25 22:50:11:8226] N: WS closed from (unix skt), clients: 7
[2026/09/25 22:50:11:8227] N: killing process, pid: 51192
[2026/09/25 22:50:11:8227] N: WS closed from (unix skt), clients: 6
[2026/09/25 22:50:11:8227] N: killing process, pid: 51190
[2026/09/25 22:50:11:8232] N: process killed with signal 0, pid: 51192
[2026/09/25 22:50:11:8233] N: process killed with signal 0, pid: 51190
[2026/09/25 22:50:11:8712] N: WS closed from (unix skt), clients: 5
[2026/09/25 22:50:11:8712] N: killing process, pid: 51196
[2026/09/25 22:50:11:8712] N: WS closed from (unix skt), clients: 4
[2026/09/25 22:50:11:8712] N: killing process, pid: 51202
[2026/09/25 22:50:11:8718] N: process killed with signal 0, pid: 51196
[2026/09/25 22:50:11:8718] N: process killed with signal 0, pid: 51202
[2026/09/25 22:50:12:3340] N: WS closed from (unix skt), clients: 3
[2026/09/25 22:50:12:3341] N: killing process, pid: 51193
[2026/09/25 22:50:12:3351] N: process killed with signal 0, pid: 51193
[2026/09/25 22:50:12:3856] N: WS closed from (unix skt), clients: 2
[2026/09/25 22:50:12:3882] N: killing process, pid: 51209
[2026/09/25 22:50:12:3898] N: process killed with signal 0, pid: 51209
[2026/09/25 22:50:13:5134] N: WS closed from (unix skt), clients: 1
[2026/09/25 22:50:13:5135] N: killing process, pid: 51195
[2026/09/25 22:50:13:5135] N: WS closed from (unix skt), clients: 0
[2026/09/25 22:50:13:5135] N: killing process, pid: 51191
[2026/09/25 22:50:13:5143] N: process killed with signal 0, pid: 51195
[2026/09/25 22:50:13:5151] N: process killed with signal 0, pid: 51191
[2026/09/25 22:50:13:5276] N: WS   /ws - (unix skt), clients: 1
[2026/09/25 22:50:13:5276] N: WS   /ws - (unix skt), clients: 2
[2026/09/25 22:50:13:5276] N: WS   /ws - (unix skt), clients: 3
[2026/09/25 22:50:13:5276] N: WS   /ws - (unix skt), clients: 4
[2026/09/25 22:50:13:5276] N: WS   /ws - (unix skt), clients: 5
[2026/09/25 22:50:13:5277] N: WS   /ws - (unix skt), clients: 6
[2026/09/25 22:50:13:5277] N: WS   /ws - (unix skt), clients: 7
[2026/09/25 22:50:13:5277] N: WS   /ws - (unix skt), clients: 8
[2026/09/25 22:50:13:5285] N: started process, pid: 51495
[2026/09/25 22:50:13:5285] N: WS   /ws - (unix skt), clients: 9
[2026/09/25 22:50:13:5286] N: WS   /ws - (unix skt), clients: 10
[2026/09/25 22:50:13:5292] N: started process, pid: 51496
[2026/09/25 22:50:13:5298] N: started process, pid: 51497
[2026/09/25 22:50:13:5306] N: started process, pid: 51498
[2026/09/25 22:50:13:5315] N: started process, pid: 51499
[2026/09/25 22:50:13:5322] N: started process, pid: 51500
[2026/09/25 22:50:13:5333] N: started process, pid: 51501
[2026/09/25 22:50:13:5347] N: started process, pid: 51502
[2026/09/25 22:50:13:5356] N: started process, pid: 51510
[2026/09/25 22:50:13:5368] N: started process, pid: 51515
[2026/09/25 22:50:13:6430] N: WS closed from (unix skt), clients: 9
[2026/09/25 22:50:13:6431] N: killing process, pid: 51497
[2026/09/25 22:50:13:6436] N: process killed with signal 1, pid: 51497
[2026/09/25 22:50:13:6767] N: WS closed from (unix skt), clients: 8
[2026/09/25 22:50:13:6767] N: killing process, pid: 51500
[2026/09/25 22:50:13:6769] N: process killed with signal 1, pid: 51500
[2026/09/25 22:50:13:7844] N: WS closed from (unix skt), clients: 7
[2026/09/25 22:50:13:7844] N: killing process, pid: 51495
[2026/09/25 22:50:13:7848] N: process killed with signal 0, pid: 51495
[2026/09/25 22:50:13:8327] N: WS closed from (unix skt), clients: 6
[2026/09/25 22:50:13:8327] N: killing process, pid: 51496
[2026/09/25 22:50:13:8331] N: process killed with signal 0, pid: 51496
[2026/09/25 22:50:13:8769] N: WS closed from (unix skt), clients: 5
[2026/09/25 22:50:13:8769] N: killing process, pid: 51502
[2026/09/25 22:50:13:8773] N: process killed with signal 0, pid: 51502
[2026/09/25 22:50:13:8900] N: WS closed from (unix skt), clients: 4
[2026/09/25 22:50:13:8900] N: killing process, pid: 51510
[2026/09/25 22:50:13:8904] N: process killed with signal 0, pid: 51510
[2026/09/25 22:50:14:3342] N: WS closed from (unix skt), clients: 3
[2026/09/25 22:50:14:3343] N: killing process, pid: 51499
[2026/09/25 22:50:14:3353] N: process killed with signal 0, pid: 51499
[2026/09/25 22:50:14:3914] N: WS closed from (unix skt), clients: 2
[2026/09/25 22:50:14:3915] N: killing process, pid: 51515
[2026/09/25 22:50:14:3930] N: process killed with signal 0, pid: 51515
[2026/09/25 22:50:15:5297] N: WS closed from (unix skt), clients: 1
[2026/09/25 22:50:15:5297] N: killing process, pid: 51501
[2026/09/25 22:50:15:5298] N: WS closed from (unix skt), clients: 0
[2026/09/25 22:50:15:5298] N: killing process, pid: 51498
[2026/09/25 22:50:15:5309] N: process killed with signal 0, pid: 51498
[2026/09/25 22:50:15:5310] N: process killed with signal 0, pid: 51501
[2026/09/25 22:50:15:5449] N: WS   /ws - (unix skt), clients: 1
[2026/09/25 22:50:15:5450] N: WS   /ws - (unix skt), clients: 2
[2026/09/25 22:50:15:5450] N: WS   /ws - (unix skt), clients: 3
[2026/09/25 22:50:15:5450] N: WS   /ws - (unix skt), clients: 4
[2026/09/25 22:50:15:5450] N: WS   /ws - (unix skt), clients: 5
[2026/09/25 22:50:15:5450] N: WS   /ws - (unix skt), clients: 6
[2026/09/25 22:50:15:5450] N: WS   /ws - (unix skt), clients: 7
[2026/09/25 22:50:15:5451] N: WS   /ws - (unix skt), clients: 8
[2026/09/25 22:50:15:5451] N: WS   /ws - (unix skt), clients: 9
[2026/09/25 22:50:15:5451] N: WS   /ws - (unix skt), clients: 10
[2026/09/25 22:50:15:5463] N: started process, pid: 51803
[2026/09/25 22:50:15:5469] N: started process, pid: 51804
[2026/09/25 22:50:15:5474] N: started process, pid: 51805
[2026/09/25 22:50:15:5480] N: started process, pid: 51806
[2026/09/25 22:50:15:5492] N: started process, pid: 51807
[2026/09/25 22:50:15:5500] N: started process, pid: 51808
[2026/09/25 22:50:15:5510] N: started process, pid: 51809
[2026/09/25 22:50:15:5529] N: started process, pid: 51811
[2026/09/25 22:50:15:5545] N: started process, pid: 51821
[2026/09/25 22:50:15:5569] N: started process, pid: 51828
[2026/09/25 22:50:15:6872] N: WS closed from (unix skt), clients: 9
[2026/09/25 22:50:15:6872] N: killing process, pid: 51806
[2026/09/25 22:50:15:6875] N: process killed with signal 1, pid: 51806
[2026/09/25 22:50:15:7285] N: WS closed from (unix skt), clients: 8
[2026/09/25 22:50:15:7286] N: killing process, pid: 51821
[2026/09/25 22:50:15:7288] N: process killed with signal 1, pid: 51821
[2026/09/25 22:50:15:8009] N: WS closed from (unix skt), clients: 7
[2026/09/25 22:50:15:8009] N: killing process, pid: 51803
[2026/09/25 22:50:15:8012] N: process killed with signal 0, pid: 51803
[2026/09/25 22:50:15:8639] N: WS closed from (unix skt), clients: 6
[2026/09/25 22:50:15:8639] N: killing process, pid: 51804
[2026/09/25 22:50:15:8644] N: process killed with signal 0, pid: 51804
[2026/09/25 22:50:15:9011] N: WS closed from (unix skt), clients: 5
[2026/09/25 22:50:15:9011] N: killing process, pid: 51808
[2026/09/25 22:50:15:9011] N: WS closed from (unix skt), clients: 4
[2026/09/25 22:50:15:9011] N: killing process, pid: 51809
[2026/09/25 22:50:15:9017] N: process killed with signal 0, pid: 51809
[2026/09/25 22:50:15:9017] N: process killed with signal 0, pid: 51808
[2026/09/25 22:50:16:3350] N: WS closed from (unix skt), clients: 3
[2026/09/25 22:50:16:3351] N: killing process, pid: 51805
[2026/09/25 22:50:16:3369] N: process killed with signal 0, pid: 51805
[2026/09/25 22:50:16:4297] N: WS closed from (unix skt), clients: 2
[2026/09/25 22:50:16:4298] N: killing process, pid: 51811
[2026/09/25 22:50:16:4304] N: process killed with signal 0, pid: 51811
[2026/09/25 22:50:17:5465] N: WS closed from (unix skt), clients: 1
[2026/09/25 22:50:17:5466] N: killing process, pid: 51807
[2026/09/25 22:50:17:5466] N: WS closed from (unix skt), clients: 0
[2026/09/25 22:50:17:5466] N: killing process, pid: 51828
[2026/09/25 22:50:17:5473] N: process killed with signal 0, pid: 51807
[2026/09/25 22:50:17:5484] N: process killed with signal 0, pid: 51828
[2026/09/25 22:50:17:5595] N: WS   /ws - (unix skt), clients: 1
[2026/09/25 22:50:17:5595] N: WS   /ws - (unix skt), clients: 2
[2026/09/25 22:50:17:5596] N: WS   /ws - (unix skt), clients: 3
[2026/09/25 22:50:17:5596] N: WS   /ws - (unix skt), clients: 4
[2026/09/25 22:50:17:5596] N: WS   /ws - (unix skt), clients: 5
[2026/09/25 22:50:17:5596] N: WS   /ws - (unix skt), clients: 6
[2026/09/25 22:50:17:5596] N: WS   /ws - (unix skt), clients: 7
[2026/09/25 22:50:17:5596] N: WS   /ws - (unix skt), clients: 8
[2026/09/25 22:50:17:5597] N: WS   /ws - (unix skt), clients: 9
[2026/09/25 22:50:17:5608] N: started process, pid: 52564
[2026/09/25 22:50:17:5617] N: started process, pid: 52565
[2026/09/25 22:50:17:5618] N: WS   /ws - (unix skt), clients: 10
[2026/09/25 22:50:17:5627] N: started process, pid: 52566
[2026/09/25 22:50:17:5634] N: started process, pid: 52567
[2026/09/25 22:50:17:5642] N: started process, pid: 52568
[2026/09/25 22:50:17:5650] N: started process, pid: 52570
[2026/09/25 22:50:17:5659] N: started process, pid: 52571
[2026/09/25 22:50:17:5672] N: started process, pid: 52572
[2026/09/25 22:50:17:5686] N: started process, pid: 52578
[2026/09/25 22:50:17:5697] N: started process, pid: 52586
[2026/09/25 22:50:17:7008] N: WS closed from (unix skt), clients: 9
[2026/09/25 22:50:17:7008] N: killing process, pid: 52568
[2026/09/25 22:50:17:7013] N: process killed with signal 1, pid: 52568
[2026/09/25 22:50:17:7470] N: WS closed from (unix skt), clients: 8
[2026/09/25 22:50:17:7471] N: killing process, pid: 52586
[2026/09/25 22:50:17:7474] N: process killed with signal 1, pid: 52586
[2026/09/25 22:50:17:8658] N: WS closed from (unix skt), clients: 7
[2026/09/25 22:50:17:8659] N: killing process, pid: 52564
[2026/09/25 22:50:17:8659] N: WS closed from (unix skt), clients: 6
[2026/09/25 22:50:17:8659] N: killing process, pid: 52566
[2026/09/25 22:50:17:8664] N: process killed with signal 0, pid: 52564
[2026/09/25 22:50:17:8664] N: process killed with signal 0, pid: 52566
[2026/09/25 22:50:17:9333] N: WS closed from (unix skt), clients: 5
[2026/09/25 22:50:17:9334] N: killing process, pid: 52571
[2026/09/25 22:50:17:9340] N: process killed with signal 0, pid: 52571
[2026/09/25 22:50:17:9484] N: WS closed from (unix skt), clients: 4
[2026/09/25 22:50:17:9485] N: killing process, pid: 52572
[2026/09/25 22:50:17:9490] N: process killed with signal 0, pid: 52572
[2026/09/25 22:50:18:3912] N: WS closed from (unix skt), clients: 3
[2026/09/25 22:50:18:3912] N: killing process, pid: 52565
[2026/09/25 22:50:18:3929] N: process killed with signal 0, pid: 52565
[2026/09/25 22:50:18:4483] N: WS closed from (unix skt), clients: 2
[2026/09/25 22:50:18:4485] N: killing process, pid: 52578
[2026/09/25 22:50:18:4498] N: process killed with signal 0, pid: 52578
[2026/09/25 22:50:19:5613] N: WS closed from (unix skt), clients: 1
[2026/09/25 22:50:19:5613] N: killing process, pid: 52570
[2026/09/25 22:50:19:5621] N: process killed with signal 0, pid: 52570
[2026/09/25 22:50:19:5625] N: WS closed from (unix skt), clients: 0
[2026/09/25 22:50:19:5625] N: killing process, pid: 52567
[2026/09/25 22:50:19:5633] N: process killed with signal 0, pid: 52567
[2026/09/25 22:50:19:5755] N: WS   /ws - (unix skt), clients: 1
[2026/09/25 22:50:19:5755] N: WS   /ws - (unix skt), clients: 2
[2026/09/25 22:50:19:5756] N: WS   /ws - (unix skt), clients: 3
[2026/09/25 22:50:19:5756] N: WS   /ws - (unix skt), clients: 4
[2026/09/25 22:50:19:5756] N: WS   /ws - (unix skt), clients: 5
[2026/09/25 22:50:19:5756] N: WS   /ws - (unix skt), clients: 6
[2026/09/25 22:50:19:5756] N: WS   /ws - (unix skt), clients: 7
[2026/09/25 22:50:19:5756] N: WS   /ws - (unix skt), clients: 8
[2026/09/25 22:50:19:5756] N: WS   /ws - (unix skt), clients: 9
[2026/09/25 22:50:19:5757] N: WS   /ws - (unix skt), clients: 10
[2026/09/25 22:50:19:5768] N: started process, pid: 52855
[2026/09/25 22:50:19:5775] N: started process, pid: 52856
[2026/09/25 22:50:19:5782] N: started process, pid: 52857
[2026/09/25 22:50:19:5789] N: started process, pid: 52858
[2026/09/25 22:50:19:5798] N: started process, pid: 52859
[2026/09/25 22:50:19:5805] N: started process, pid: 52860
[2026/09/25 22:50:19:5825] N: started process, pid: 52861
[2026/09/25 22:50:19:5838] N: started process, pid: 52867
[2026/09/25 22:50:19:5855] N: started process, pid: 52872
[2026/09/25 22:50:19:5864] N: started process, pid: 52877
[2026/09/25 22:50:19:7030] N: WS closed from (unix skt), clients: 9
[2026/09/25 22:50:19:7030] N: killing process, pid: 52857
[2026/09/25 22:50:19:7033] N: process killed with signal 1, pid: 52857
[2026/09/25 22:50:19:7640] N: WS closed from (unix skt), clients: 8
[2026/09/25 22:50:19:7640] N: killing process, pid: 52861
[2026/09/25 22:50:19:7643] N: process killed with signal 1, pid: 52861
[2026/09/25 22:50:19:8315] N: WS closed from (unix skt), clients: 7
[2026/09/25 22:50:19:8315] N: killing process, pid: 52855
[2026/09/25 22:50:19:8319] N: process killed with signal 0, pid: 52855
[2026/09/25 22:50:19:9041] N: WS closed from (unix skt), clients: 6
[2026/09/25 22:50:19:9041] N: killing process, pid: 52859
[2026/09/25 22:50:19:9045] N: process killed with signal 0, pid: 52859
[2026/09/25 22:50:19:9666] N: WS closed from (unix skt), clients: 5
[2026/09/25 22:50:19:9666] N: killing process, pid: 52877
[2026/09/25 22:50:19:9671] N: process killed with signal 0, pid: 52877
[2026/09/25 22:50:19:9807] N: WS closed from (unix skt), clients: 4
[2026/09/25 22:50:19:9807] N: killing process, pid: 52872
[2026/09/25 22:50:19:9812] N: process killed with signal 0, pid: 52872
[2026/09/25 22:50:20:3574] N: WS closed from (unix skt), clients: 3
[2026/09/25 22:50:20:3575] N: killing process, pid: 52856
[2026/09/25 22:50:20:3581] N: process killed with signal 0, pid: 52856
[2026/09/25 22:50:20:4524] N: WS closed from (unix skt), clients: 2
[2026/09/25 22:50:20:4525] N: killing process, pid: 52860
[2026/09/25 22:50:20:4532] N: process killed with signal 0, pid: 52860
[2026/09/25 22:50:21:5772] N: WS closed from (unix skt), clients: 1
[2026/09/25 22:50:21:5773] N: killing process, pid: 52867
[2026/09/25 22:50:21:5774] N: WS closed from (unix skt), clients: 0
[2026/09/25 22:50:21:5775] N: killing process, pid: 52858
[2026/09/25 22:50:21:5788] N: process killed with signal 0, pid: 52867
[2026/09/25 22:50:21:5809] N: process killed with signal 0, pid: 52858
[2026/09/25 22:50:21:5992] N: WS   /ws - (unix skt), clients: 1
[2026/09/25 22:50:21:5993] N: WS   /ws - (unix skt), clients: 2
[2026/09/25 22:50:21:5993] N: WS   /ws - (unix skt), clients: 3
[2026/09/25 22:50:21:5993] N: WS   /ws - (unix skt), clients: 4
[2026/09/25 22:50:21:5994] N: WS   /ws - (unix skt), clients: 5
[2026/09/25 22:50:21:5994] N: WS   /ws - (unix skt), clients: 6
[2026/09/25 22:50:21:5994] N: WS   /ws - (unix skt), clients: 7
[2026/09/25 22:50:21:5994] N: WS   /ws - (unix skt), clients: 8
[2026/09/25 22:50:21:5994] N: WS   /ws - (unix skt), clients: 9
[2026/09/25 22:50:21:5994] N: WS   /ws - (unix skt), clients: 10
[2026/09/25 22:50:21:6008] N: started process, pid: 53264
[2026/09/25 22:50:21:6016] N: started process, pid: 53266
[2026/09/25 22:50:21:6025] N: started process, pid: 53267
[2026/09/25 22:50:21:6035] N: started process, pid: 53268
[2026/09/25 22:50:21:6045] N: started process, pid: 53269
[2026/09/25 22:50:21:6058] N: started process, pid: 53270
[2026/09/25 22:50:21:6072] N: started process, pid: 53273
[2026/09/25 22:50:21:6090] N: started process, pid: 53283
[2026/09/25 22:50:21:6107] N: started process, pid: 53288
[2026/09/25 22:50:21:6123] N: started process, pid: 53292
[2026/09/25 22:50:21:7090] N: WS closed from (unix skt), clients: 9
[2026/09/25 22:50:21:7091] N: killing process, pid: 53267
[2026/09/25 22:50:21:7095] N: process killed with signal 1, pid: 53267
[2026/09/25 22:50:21:7740] N: WS closed from (unix skt), clients: 8
[2026/09/25 22:50:21:7741] N: killing process, pid: 53288
[2026/09/25 22:50:21:7743] N: process killed with signal 1, pid: 53288
[2026/09/25 22:50:21:8971] N: WS closed from (unix skt), clients: 7
[2026/09/25 22:50:21:8971] N: killing process, pid: 53264
[2026/09/25 22:50:21:8976] N: process killed with signal 0, pid: 53264
[2026/09/25 22:50:21:9102] N: WS closed from (unix skt), clients: 6
[2026/09/25 22:50:21:9102] N: killing process, pid: 53268
[2026/09/25 22:50:21:9106] N: process killed with signal 0, pid: 53268
[2026/09/25 22:50:21:9494] N: WS closed from (unix skt), clients: 5
[2026/09/25 22:50:21:9494] N: killing process, pid: 53270
[2026/09/25 22:50:21:9499] N: process killed with signal 0, pid: 53270
[2026/09/25 22:50:21:9635] N: WS closed from (unix skt), clients: 4
[2026/09/25 22:50:21:9636] N: killing process, pid: 53273
[2026/09/25 22:50:21:9640] N: process killed with signal 0, pid: 53273
[2026/09/25 22:50:22:3758] N: WS closed from (unix skt), clients: 3
[2026/09/25 22:50:22:3758] N: killing process, pid: 53266
[2026/09/25 22:50:22:3764] N: process killed with signal 0, pid: 53266
[2026/09/25 22:50:22:4498] N: WS closed from (unix skt), clients: 2
[2026/09/25 22:50:22:4499] N: killing process, pid: 53283
[2026/09/25 22:50:22:4503] N: process killed with signal 0, pid: 53283
[2026/09/25 22:50:23:6000] N: WS closed from (unix skt), clients: 1
[2026/09/25 22:50:23:6000] N: killing process, pid: 53269
[2026/09/25 22:50:23:6001] N: WS closed from (unix skt), clients: 0
[2026/09/25 22:50:23:6001] N: killing process, pid: 53292
[2026/09/25 22:50:23:6014] N: process killed with signal 0, pid: 53269
[2026/09/25 22:50:23:6014] N: process killed with signal 0, pid: 53292
[2026/09/25 22:50:23:6135] N: WS   /ws - (unix skt), clients: 1
[2026/09/25 22:50:23:6136] N: WS   /ws - (unix skt), clients: 2
[2026/09/25 22:50:23:6136] N: WS   /ws - (unix skt), clients: 3
[2026/09/25 22:50:23:6136] N: WS   /ws - (unix skt), clients: 4
[2026/09/25 22:50:23:6137] N: WS   /ws - (unix skt), clients: 5
[2026/09/25 22:50:23:6137] N: WS   /ws - (unix skt), clients: 6
[2026/09/25 22:50:23:6137] N: WS   /ws - (unix skt), clients: 7
[2026/09/25 22:50:23:6137] N: WS   /ws - (unix skt), clients: 8
[2026/09/25 22:50:23:6137] N: WS   /ws - (unix skt), clients: 9
[2026/09/25 22:50:23:6137] N: WS   /ws - (unix skt), clients: 10
[2026/09/25 22:50:23:6148] N: started process, pid: 53581
[2026/09/25 22:50:23:6154] N: started process, pid: 53582
[2026/09/25 22:50:23:6161] N: started process, pid: 53583
[2026/09/25 22:50:23:6170] N: started process, pid: 53584
[2026/09/25 22:50:23:6181] N: started process, pid: 53585
[2026/09/25 22:50:23:6189] N: started process, pid: 53586
[2026/09/25 22:50:23:6207] N: started process, pid: 53587
[2026/09/25 22:50:23:6216] N: started process, pid: 53590
[2026/09/25 22:50:23:6227] N: started process, pid: 53598
[2026/09/25 22:50:23:6257] N: started process, pid: 53603
[2026/09/25 22:50:23:6781] N: WS closed from (unix skt), clients: 9
[2026/09/25 22:50:23:6782] N: killing process, pid: 53583
[2026/09/25 22:50:23:6785] N: process killed with signal 1, pid: 53583
[2026/09/25 22:50:23:7862] N: WS closed from (unix skt), clients: 8
[2026/09/25 22:50:23:7862] N: killing process, pid: 53598
[2026/09/25 22:50:23:7865] N: process killed with signal 1, pid: 53598
[2026/09/25 22:50:23:9501] N: WS closed from (unix skt), clients: 7
[2026/09/25 22:50:23:9502] N: killing process, pid: 53586
[2026/09/25 22:50:23:9502] N: WS closed from (unix skt), clients: 6
[2026/09/25 22:50:23:9502] N: killing process, pid: 53581
[2026/09/25 22:50:23:9502] N: WS closed from (unix skt), clients: 5
[2026/09/25 22:50:23:9503] N: killing process, pid: 53584
[2026/09/25 22:50:23:9508] N: process killed with signal 0, pid: 53586
[2026/09/25 22:50:23:9509] N: process killed with signal 0, pid: 53581
[2026/09/25 22:50:23:9509] N: process killed with signal 0, pid: 53584
[2026/09/25 22:50:23:9870] N: WS closed from (unix skt), clients: 4
[2026/09/25 22:50:23:9870] N: killing process, pid: 53587
[2026/09/25 22:50:23:9875] N: process killed with signal 0, pid: 53587
[2026/09/25 22:50:24:4513] N: WS closed from (unix skt), clients: 3
[2026/09/25 22:50:24:4513] N: killing process, pid: 53582
[2026/09/25 22:50:24:4521] N: process killed with signal 0, pid: 53582
[2026/09/25 22:50:24:4754] N: WS closed from (unix skt), clients: 2
[2026/09/25 22:50:24:4755] N: killing process, pid: 53590
[2026/09/25 22:50:24:4761] N: process killed with signal 0, pid: 53590
[2026/09/25 22:50:25:6146] N: WS closed from (unix skt), clients: 1
[2026/09/25 22:50:25:6147] N: killing process, pid: 53585
[2026/09/25 22:50:25:6148] N: WS closed from (unix skt), clients: 0
[2026/09/25 22:50:25:6149] N: killing process, pid: 53603
[2026/09/25 22:50:25:6163] N: process killed with signal 0, pid: 53585
[2026/09/25 22:50:25:6180] N: process killed with signal 0, pid: 53603
[2026/09/25 22:50:25:6350] N: WS   /ws - (unix skt), clients: 1
[2026/09/25 22:50:25:6351] N: WS   /ws - (unix skt), clients: 2
[2026/09/25 22:50:25:6351] N: WS   /ws - (unix skt), clients: 3
[2026/09/25 22:50:25:6351] N: WS   /ws - (unix skt), clients: 4
[2026/09/25 22:50:25:6352] N: WS   /ws - (unix skt), clients: 5
[2026/09/25 22:50:25:6352] N: WS   /ws - (unix skt), clients: 6
[2026/09/25 22:50:25:6352] N: WS   /ws - (unix skt), clients: 7
[2026/09/25 22:50:25:6352] N: WS   /ws - (unix skt), clients: 8
[2026/09/25 22:50:25:6352] N: WS   /ws - (unix skt), clients: 9
[2026/09/25 22:50:25:6352] N: WS   /ws - (unix skt), clients: 10
[2026/09/25 22:50:25:6367] N: started process, pid: 53949
[2026/09/25 22:50:25:6375] N: started process, pid: 53950
[2026/09/25 22:50:25:6381] N: started process, pid: 53951
[2026/09/25 22:50:25:6388] N: started process, pid: 53952
[2026/09/25 22:50:25:6397] N: started process, pid: 53953
[2026/09/25 22:50:25:6407] N: started process, pid: 53954
[2026/09/25 22:50:25:6419] N: started process, pid: 53955
[2026/09/25 22:50:25:6439] N: started process, pid: 53956
[2026/09/25 22:50:25:6459] N: started process, pid: 53962
[2026/09/25 22:50:25:6477] N: started process, pid: 53971
[2026/09/25 22:50:25:7864] N: WS closed from (unix skt), clients: 9
[2026/09/25 22:50:25:7864] N: killing process, pid: 53952
[2026/09/25 22:50:25:7868] N: process killed with signal 1, pid: 53952
[2026/09/25 22:50:25:7972] N: WS closed from (unix skt), clients: 8
[2026/09/25 22:50:25:7973] N: killing process, pid: 53962
[2026/09/25 22:50:25:7976] N: process killed with signal 1, pid: 53962
[2026/09/25 22:50:25:9273] N: WS closed from (unix skt), clients: 7
[2026/09/25 22:50:25:9273] N: killing process, pid: 53949
[2026/09/25 22:50:25:9278] N: process killed with signal 0, pid: 53949
[2026/09/25 22:50:25:9545] N: WS closed from (unix skt), clients: 6
[2026/09/25 22:50:25:9545] N: killing process, pid: 53951
[2026/09/25 22:50:25:9549] N: process killed with signal 0, pid: 53951
[2026/09/25 22:50:25:9766] N: WS closed from (unix skt), clients: 5
[2026/09/25 22:50:25:9766] N: killing process, pid: 53954
[2026/09/25 22:50:25:9769] N: process killed with signal 0, pid: 53954
[2026/09/25 22:50:26:0121] N: WS closed from (unix skt), clients: 4
[2026/09/25 22:50:26:0121] N: killing process, pid: 53955
[2026/09/25 22:50:26:0125] N: process killed with signal 0, pid: 53955
[2026/09/25 22:50:26:4426] N: WS closed from (unix skt), clients: 3
[2026/09/25 22:50:26:4427] N: killing process, pid: 53950
[2026/09/25 22:50:26:4432] N: process killed with signal 0, pid: 53950
[2026/09/25 22:50:26:5125] N: WS closed from (unix skt), clients: 2
[2026/09/25 22:50:26:5125] N: killing process, pid: 53956
[2026/09/25 22:50:26:5128] N: process killed with signal 0, pid: 53956
[2026/09/25 22:50:27:6568] N: WS closed from (unix skt), clients: 1
[2026/09/25 22:50:27:6572] N: killing process, pid: 53953
[2026/09/25 22:50:27:6586] N: WS closed from (unix skt), clients: 0
[2026/09/25 22:50:27:6602] N: killing process, pid: 53971
[2026/09/25 22:50:27:6619] N: process killed with signal 0, pid: 53953
[2026/09/25 22:50:27:6635] N: process killed with signal 0, pid: 53971
[2026/09/25 22:50:27:6745] N: WS   /ws - (unix skt), clients: 1
[2026/09/25 22:50:27:6745] N: WS   /ws - (unix skt), clients: 2
[2026/09/25 22:50:27:6745] N: WS   /ws - (unix skt), clients: 3
[2026/09/25 22:50:27:6745] N: WS   /ws - (unix skt), clients: 4
[2026/09/25 22:50:27:6745] N: WS   /ws - (unix skt), clients: 5
[2026/09/25 22:50:27:6746] N: WS   /ws - (unix skt), clients: 6
[2026/09/25 22:50:27:6746] N: WS   /ws - (unix skt), clients: 7
[2026/09/25 22:50:27:6746] N: WS   /ws - (unix skt), clients: 8
[2026/09/25 22:50:27:6746] N: WS   /ws - (unix skt), clients: 9
[2026/09/25 22:50:27:6746] N: WS   /ws - (unix skt), clients: 10
[2026/09/25 22:50:27:6754] N: started process, pid: 54265
[2026/09/25 22:50:27:6758] N: started process, pid: 54266
[2026/09/25 22:50:27:6762] N: started process, pid: 54267
[2026/09/25 22:50:27:6766] N: started process, pid: 54268
[2026/09/25 22:50:27:6775] N: started process, pid: 54269
[2026/09/25 22:50:27:6787] N: started process, pid: 54270
[2026/09/25 22:50:27:6800] N: started process, pid: 54275
[2026/09/25 22:50:27:6809] N: started process, pid: 54282
[2026/09/25 22:50:27:6827] N: started process, pid: 54284
[2026/09/25 22:50:27:6838] N: started process, pid: 54292
[2026/09/25 22:50:27:7869] N: WS closed from (unix skt), clients: 9
[2026/09/25 22:50:27:7870] N: killing process, pid: 54268
[2026/09/25 22:50:27:7872] N: process killed with signal 1, pid: 54268
[2026/09/25 22:50:27:8516] N: WS closed from (unix skt), clients: 8
[2026/09/25 22:50:27:8516] N: killing process, pid: 54284
[2026/09/25 22:50:27:8519] N: process killed with signal 1, pid: 54284
[2026/09/25 22:50:27:9479] N: WS closed from (unix skt), clients: 7
[2026/09/25 22:50:27:9479] N: killing process, pid: 54265
[2026/09/25 22:50:27:9483] N: process killed with signal 0, pid: 54265
[2026/09/25 22:50:27:9881] N: WS closed from (unix skt), clients: 6
[2026/09/25 22:50:27:9882] N: killing process, pid: 54267
[2026/09/25 22:50:27:9886] N: process killed with signal 0, pid: 54267
[2026/09/25 22:50:28:0257] N: WS closed from (unix skt), clients: 5
[2026/09/25 22:50:28:0257] N: killing process, pid: 54275
[2026/09/25 22:50:28:0257] N: WS closed from (unix skt), clients: 4
[2026/09/25 22:50:28:0257] N: killing process, pid: 54270
[2026/09/25 22:50:28:0262] N: process killed with signal 0, pid: 54275
[2026/09/25 22:50:28:0262] N: process killed with signal 0, pid: 54270
[2026/09/25 22:50:28:4897] N: WS closed from (unix skt), clients: 3
[2026/09/25 22:50:28:4898] N: killing process, pid: 54266
[2026/09/25 22:50:28:4940] N: process killed with signal 0, pid: 54266
[2026/09/25 22:50:28:5387] N: WS closed from (unix skt), clients: 2
[2026/09/25 22:50:28:5388] N: killing process, pid: 54282
[2026/09/25 22:50:28:5393] N: process killed with signal 0, pid: 54282
[2026/09/25 22:50:29:6749] N: WS closed from (unix skt), clients: 1
[2026/09/25 22:50:29:6749] N: killing process, pid: 54269
[2026/09/25 22:50:29:6750] N: WS closed from (unix skt), clients: 0
[2026/09/25 22:50:29:6750] N: killing process, pid: 54292
[2026/09/25 22:50:29:6757] N: process killed with signal 0, pid: 54269
[2026/09/25 22:50:29:6762] N: process killed with signal 0, pid: 54292
[2026/09/25 22:50:29:6867] N: WS   /ws - (unix skt), clients: 1
[2026/09/25 22:50:29:6867] N: WS   /ws - (unix skt), clients: 2
[2026/09/25 22:50:29:6867] N: WS   /ws - (unix skt), clients: 3
[2026/09/25 22:50:29:6867] N: WS   /ws - (unix skt), clients: 4
[2026/09/25 22:50:29:6867] N: WS   /ws - (unix skt), clients: 5
[2026/09/25 22:50:29:6868] N: WS   /ws - (unix skt), clients: 6
[2026/09/25 22:50:29:6868] N: WS   /ws - (unix skt), clients: 7
[2026/09/25 22:50:29:6868] N: WS   /ws - (unix skt), clients: 8
[2026/09/25 22:50:29:6868] N: WS   /ws - (unix skt), clients: 9
[2026/09/25 22:50:29:6879] N: started process, pid: 54599
[2026/09/25 22:50:29:6880] N: WS   /ws - (unix skt), clients: 10
[2026/09/25 22:50:29:6887] N: started process, pid: 54600
[2026/09/25 22:50:29:6894] N: started process, pid: 54601
[2026/09/25 22:50:29:6900] N: started process, pid: 54602
[2026/09/25 22:50:29:6909] N: started process, pid: 54603
[2026/09/25 22:50:29:6918] N: started process, pid: 54604
[2026/09/25 22:50:29:6925] N: started process, pid: 54605
[2026/09/25 22:50:29:6939] N: started process, pid: 54607
[2026/09/25 22:50:29:6949] N: started process, pid: 54615
[2026/09/25 22:50:29:6958] N: started process, pid: 54621
[2026/09/25 22:50:29:8184] N: WS closed from (unix skt), clients: 9
[2026/09/25 22:50:29:8184] N: killing process, pid: 54603
[2026/09/25 22:50:29:8187] N: process killed with signal 1, pid: 54603
[2026/09/25 22:50:29:8464] N: WS closed from (unix skt), clients: 8
[2026/09/25 22:50:29:8464] N: killing process, pid: 54621
[2026/09/25 22:50:29:8467] N: process killed with signal 1, pid: 54621
[2026/09/25 22:50:29:9480] N: WS closed from (unix skt), clients: 7
[2026/09/25 22:50:29:9480] N: killing process, pid: 54599
[2026/09/25 22:50:29:9483] N: process killed with signal 0, pid: 54599
[2026/09/25 22:50:29:9631] N: WS closed from (unix skt), clients: 6
[2026/09/25 22:50:29:9631] N: killing process, pid: 54600
[2026/09/25 22:50:29:9635] N: process killed with signal 0, pid: 54600
[2026/09/25 22:50:30:0327] N: WS closed from (unix skt), clients: 5
[2026/09/25 22:50:30:0328] N: killing process, pid: 54605
[2026/09/25 22:50:30:0331] N: process killed with signal 0, pid: 54605
[2026/09/25 22:50:30:0616] N: WS closed from (unix skt), clients: 4
[2026/09/25 22:50:30:0616] N: killing process, pid: 54607
[2026/09/25 22:50:30:0625] N: process killed with signal 0, pid: 54607
[2026/09/25 22:50:30:4923] N: WS closed from (unix skt), clients: 3
[2026/09/25 22:50:30:4924] N: killing process, pid: 54602
[2026/09/25 22:50:30:4934] N: process killed with signal 0, pid: 54602
[2026/09/25 22:50:30:5634] N: WS closed from (unix skt), clients: 2
[2026/09/25 22:50:30:5635] N: killing process, pid: 54615
[2026/09/25 22:50:30:5639] N: process killed with signal 0, pid: 54615
[2026/09/25 22:50:31:6885] N: WS closed from (unix skt), clients: 1
[2026/09/25 22:50:31:6886] N: killing process, pid: 54604
[2026/09/25 22:50:31:6887] N: WS closed from (unix skt), clients: 0
[2026/09/25 22:50:31:6887] N: killing process, pid: 54601
[2026/09/25 22:50:31:6920] N: process killed with signal 0, pid: 54601
[2026/09/25 22:50:31:6922] N: process killed with signal 0, pid: 54604
[2026/09/25 22:50:31:7019] N: WS   /ws - (unix skt), clients: 1
[2026/09/25 22:50:31:7019] N: WS   /ws - (unix skt), clients: 2
[2026/09/25 22:50:31:7019] N: WS   /ws - (unix skt), clients: 3
[2026/09/25 22:50:31:7019] N: WS   /ws - (unix skt), clients: 4
[2026/09/25 22:50:31:7020] N: WS   /ws - (unix skt), clients: 5
[2026/09/25 22:50:31:7020] N: WS   /ws - (unix skt), clients: 6
[2026/09/25 22:50:31:7020] N: WS   /ws - (unix skt), clients: 7
[2026/09/25 22:50:31:7020] N: WS   /ws - (unix skt), clients: 8
[2026/09/25 22:50:31:7020] N: WS   /ws - (unix skt), clients: 9
[2026/09/25 22:50:31:7020] N: WS   /ws - (unix skt), clients: 10
[2026/09/25 22:50:31:7030] N: started process, pid: 54911
[2026/09/25 22:50:31:7035] N: started process, pid: 54913
[2026/09/25 22:50:31:7043] N: started process, pid: 54914
[2026/09/25 22:50:31:7049] N: started process, pid: 54915
[2026/09/25 22:50:31:7058] N: started process, pid: 54916
[2026/09/25 22:50:31:7065] N: started process, pid: 54917
[2026/09/25 22:50:31:7078] N: started process, pid: 54919
[2026/09/25 22:50:31:7096] N: started process, pid: 54924
[2026/09/25 22:50:31:7120] N: started process, pid: 54932
[2026/09/25 22:50:31:7133] N: started process, pid: 54940
[2026/09/25 22:50:31:7988] N: WS closed from (unix skt), clients: 9
[2026/09/25 22:50:31:7988] N: killing process, pid: 54914
[2026/09/25 22:50:31:7992] N: process killed with signal 1, pid: 54914
[2026/09/25 22:50:31:8695] N: WS closed from (unix skt), clients: 8
[2026/09/25 22:50:31:8696] N: killing process, pid: 54932
[2026/09/25 22:50:31:8699] N: process killed with signal 1, pid: 54932
[2026/09/25 22:50:32:0001] N: WS closed from (unix skt), clients: 7
[2026/09/25 22:50:32:0001] N: killing process, pid: 54915
[2026/09/25 22:50:32:0006] N: process killed with signal 0, pid: 54915
[2026/09/25 22:50:32:0127] N: WS closed from (unix skt), clients: 6
[2026/09/25 22:50:32:0127] N: killing process, pid: 54911
[2026/09/25 22:50:32:0132] N: process killed with signal 0, pid: 54911
[2026/09/25 22:50:32:0385] N: WS closed from (unix skt), clients: 5
[2026/09/25 22:50:32:0385] N: killing process, pid: 54917
[2026/09/25 22:50:32:0389] N: process killed with signal 0, pid: 54917
[2026/09/25 22:50:32:0707] N: WS closed from (unix skt), clients: 4
[2026/09/25 22:50:32:0707] N: killing process, pid: 54919
[2026/09/25 22:50:32:0711] N: process killed with signal 0, pid: 54919
[2026/09/25 22:50:32:5009] N: WS closed from (unix skt), clients: 3
[2026/09/25 22:50:32:5010] N: killing process, pid: 54913
[2026/09/25 22:50:32:5022] N: process killed with signal 0, pid: 54913
[2026/09/25 22:50:32:5508] N: WS closed from (unix skt), clients: 2
[2026/09/25 22:50:32:5509] N: killing process, pid: 54924
[2026/09/25 22:50:32:5515] N: process killed with signal 0, pid: 54924
[2026/09/25 22:50:33:7023] N: WS closed from (unix skt), clients: 1
[2026/09/25 22:50:33:7024] N: killing process, pid: 54916
[2026/09/25 22:50:33:7025] N: WS closed from (unix skt), clients: 0
[2026/09/25 22:50:33:7026] N: killing process, pid: 54940
[2026/09/25 22:50:33:7046] N: process killed with signal 0, pid: 54916
[2026/09/25 22:50:33:7047] N: process killed with signal 0, pid: 54940
[2026/09/25 22:50:33:7233] N: WS   /ws - (unix skt), clients: 1
[2026/09/25 22:50:33:7234] N: WS   /ws - (unix skt), clients: 2
[2026/09/25 22:50:33:7234] N: WS   /ws - (unix skt), clients: 3
[2026/09/25 22:50:33:7235] N: WS   /ws - (unix skt), clients: 4
[2026/09/25 22:50:33:7235] N: WS   /ws - (unix skt), clients: 5
[2026/09/25 22:50:33:7235] N: WS   /ws - (unix skt), clients: 6
[2026/09/25 22:50:33:7235] N: WS   /ws - (unix skt), clients: 7
[2026/09/25 22:50:33:7235] N: WS   /ws - (unix skt), clients: 8
[2026/09/25 22:50:33:7235] N: WS   /ws - (unix skt), clients: 9
[2026/09/25 22:50:33:7236] N: WS   /ws - (unix skt), clients: 10
[2026/09/25 22:50:33:7250] N: started process, pid: 55233
[2026/09/25 22:50:33:7257] N: started process, pid: 55234
[2026/09/25 22:50:33:7267] N: started process, pid: 55235
[2026/09/25 22:50:33:7276] N: started process, pid: 55236
[2026/09/25 22:50:33:7289] N: started process, pid: 55237
[2026/09/25 22:50:33:7303] N: started process, pid: 55238
[2026/09/25 22:50:33:7316] N: started process, pid: 55239
[2026/09/25 22:50:33:7336] N: started process, pid: 55242
[2026/09/25 22:50:33:7354] N: started process, pid: 55252
[2026/09/25 22:50:33:7382] N: started process, pid: 55256
[2026/09/25 22:50:33:8564] N: WS closed from (unix skt), clients: 9
[2026/09/25 22:50:33:8565] N: killing process, pid: 55236
[2026/09/25 22:50:33:8568] N: process killed with signal 1, pid: 55236
[2026/09/25 22:50:33:9033] N: WS closed from (unix skt), clients: 8
[2026/09/25 22:50:33:9034] N: killing process, pid: 55252
[2026/09/25 22:50:33:9036] N: process killed with signal 1, pid: 55252
[2026/09/25 22:50:34:0132] N: WS closed from (unix skt), clients: 7
[2026/09/25 22:50:34:0132] N: killing process, pid: 55233
[2026/09/25 22:50:34:0136] N: process killed with signal 0, pid: 55233
[2026/09/25 22:50:34:0575] N: WS closed from (unix skt), clients: 6
[2026/09/25 22:50:34:0575] N: killing process, pid: 55234
[2026/09/25 22:50:34:0579] N: process killed with signal 0, pid: 55234
[2026/09/25 22:50:34:1026] N: WS closed from (unix skt), clients: 5
[2026/09/25 22:50:34:1027] N: killing process, pid: 55238
[2026/09/25 22:50:34:1027] N: WS closed from (unix skt), clients: 4
[2026/09/25 22:50:34:1027] N: killing process, pid: 55239
[2026/09/25 22:50:34:1032] N: process killed with signal 0, pid: 55238
[2026/09/25 22:50:34:1033] N: process killed with signal 0, pid: 55239
[2026/09/25 22:50:34:5142] N: WS closed from (unix skt), clients: 3
[2026/09/25 22:50:34:5144] N: killing process, pid: 55235
[2026/09/25 22:50:34:5155] N: process killed with signal 0, pid: 55235
[2026/09/25 22:50:34:6331] N: WS closed from (unix skt), clients: 2
[2026/09/25 22:50:34:6332] N: killing process, pid: 55242
[2026/09/25 22:50:34:6341] N: process killed with signal 0, pid: 55242
[2026/09/25 22:50:35:7240] N: WS closed from (unix skt), clients: 1
[2026/09/25 22:50:35:7241] N: killing process, pid: 55237
[2026/09/25 22:50:35:7242] N: WS closed from (unix skt), clients: 0
[2026/09/25 22:50:35:7243] N: killing process, pid: 55256
[2026/09/25 22:50:35:7258] N: process killed with signal 0, pid: 55237
[2026/09/25 22:50:35:7271] N: process killed with signal 0, pid: 55256
[2026/09/25 22:50:35:7481] N: WS   /ws - (unix skt), clients: 1
[2026/09/25 22:50:35:7481] N: WS   /ws - (unix skt), clients: 2
[2026/09/25 22:50:35:7482] N: WS   /ws - (unix skt), clients: 3
[2026/09/25 22:50:35:7482] N: WS   /ws - (unix skt), clients: 4
[2026/09/25 22:50:35:7482] N: WS   /ws - (unix skt), clients: 5
[2026/09/25 22:50:35:7482] N: WS   /ws - (unix skt), clients: 6
[2026/09/25 22:50:35:7482] N: WS   /ws - (unix skt), clients: 7
[2026/09/25 22:50:35:7483] N: WS   /ws - (unix skt), clients: 8
[2026/09/25 22:50:35:7483] N: WS   /ws - (unix skt), clients: 9
[2026/09/25 22:50:35:7483] N: WS   /ws - (unix skt), clients: 10
[2026/09/25 22:50:35:7497] N: started process, pid: 55513
[2026/09/25 22:50:35:7504] N: started process, pid: 55514
[2026/09/25 22:50:35:7512] N: started process, pid: 55515
[2026/09/25 22:50:35:7522] N: started process, pid: 55516
[2026/09/25 22:50:35:7537] N: started process, pid: 55517
[2026/09/25 22:50:35:7552] N: started process, pid: 55518
[2026/09/25 22:50:35:7563] N: started process, pid: 55519
[2026/09/25 22:50:35:7575] N: started process, pid: 55520
[2026/09/25 22:50:35:7593] N: started process, pid: 55526
[2026/09/25 22:50:35:7604] N: started process, pid: 55537
[2026/09/25 22:50:35:8924] N: WS closed from (unix skt), clients: 9
[2026/09/25 22:50:35:8924] N: killing process, pid: 55519
[2026/09/25 22:50:35:8925] N: WS closed from (unix skt), clients: 8
[2026/09/25 22:50:35:8925] N: killing process, pid: 55515
[2026/09/25 22:50:35:8927] N: process killed with signal 1, pid: 55519
[2026/09/25 22:50:35:8927] N: process killed with signal 1, pid: 55515
[2026/09/25 22:50:36:0930] N: WS closed from (unix skt), clients: 7
[2026/09/25 22:50:36:0930] N: killing process, pid: 55513
[2026/09/25 22:50:36:0935] N: process killed with signal 0, pid: 55513
[2026/09/25 22:50:36:1062] N: WS closed from (unix skt), clients: 6
[2026/09/25 22:50:36:1063] N: killing process, pid: 55517
[2026/09/25 22:50:36:1066] N: process killed with signal 0, pid: 55517
[2026/09/25 22:50:36:1184] N: WS closed from (unix skt), clients: 5
[2026/09/25 22:50:36:1184] N: killing process, pid: 55526
[2026/09/25 22:50:36:1188] N: process killed with signal 0, pid: 55526
[2026/09/25 22:50:36:1325] N: WS closed from (unix skt), clients: 4
[2026/09/25 22:50:36:1325] N: killing process, pid: 55537
[2026/09/25 22:50:36:1329] N: process killed with signal 0, pid: 55537
[2026/09/25 22:50:36:5312] N: WS closed from (unix skt), clients: 3
[2026/09/25 22:50:36:5313] N: killing process, pid: 55514
[2026/09/25 22:50:36:5327] N: process killed with signal 0, pid: 55514
[2026/09/25 22:50:36:6192] N: WS closed from (unix skt), clients: 2
[2026/09/25 22:50:36:6193] N: killing process, pid: 55518
[2026/09/25 22:50:36:6200] N: process killed with signal 0, pid: 55518
[2026/09/25 22:50:37:7491] N: WS closed from (unix skt), clients: 1
[2026/09/25 22:50:37:7492] N: killing process, pid: 55520
[2026/09/25 22:50:37:7494] N: WS closed from (unix skt), clients: 0
[2026/09/25 22:50:37:7494] N: killing process, pid: 55516
[2026/09/25 22:50:37:7509] N: process killed with signal 0, pid: 55520
[2026/09/25 22:50:37:7523] N: process killed with signal 0, pid: 55516
[2026/09/25 22:50:37:7760] N: WS   /ws - (unix skt), clients: 1
[2026/09/25 22:50:37:7761] N: WS   /ws - (unix skt), clients: 2
[2026/09/25 22:50:37:7761] N: WS   /ws - (unix skt), clients: 3
[2026/09/25 22:50:37:7761] N: WS   /ws - (unix skt), clients: 4
[2026/09/25 22:50:37:7761] N: WS   /ws - (unix skt), clients: 5
[2026/09/25 22:50:37:7761] N: WS   /ws - (unix skt), clients: 6
[2026/09/25 22:50:37:7761] N: WS   /ws - (unix skt), clients: 7
[2026/09/25 22:50:37:7761] N: WS   /ws - (unix skt), clients: 8
[2026/09/25 22:50:37:7761] N: WS   /ws - (unix skt), clients: 9
[2026/09/25 22:50:37:7762] N: WS   /ws - (unix skt), clients: 10
[2026/09/25 22:50:37:7776] N: started process, pid: 55828
[2026/09/25 22:50:37:7784] N: started process, pid: 55829
[2026/09/25 22:50:37:7792] N: started process, pid: 55830
[2026/09/25 22:50:37:7800] N: started process, pid: 55831
[2026/09/25 22:50:37:7812] N: started process, pid: 55832
[2026/09/25 22:50:37:7855] N: started process, pid: 55833
[2026/09/25 22:50:37:7889] N: started process, pid: 55843
[2026/09/25 22:50:37:7911] N: started process, pid: 55848
[2026/09/25 22:50:37:7919] N: started process, pid: 55853
[2026/09/25 22:50:37:7927] N: started process, pid: 55856
[2026/09/25 22:50:37:9586] N: WS closed from (unix skt), clients: 9
[2026/09/25 22:50:37:9586] N: killing process, pid: 55831
[2026/09/25 22:50:37:9588] N: process killed with signal 1, pid: 55831
[2026/09/25 22:50:38:0072] N: WS closed from (unix skt), clients: 8
[2026/09/25 22:50:38:0072] N: killing process, pid: 55853
[2026/09/25 22:50:38:0075] N: process killed with signal 1, pid: 55853
[2026/09/25 22:50:38:0893] N: WS closed from (unix skt), clients: 7
[2026/09/25 22:50:38:0893] N: killing process, pid: 55829
[2026/09/25 22:50:38:0897] N: process killed with signal 0, pid: 55829
[2026/09/25 22:50:38:1035] N: WS closed from (unix skt), clients: 6
[2026/09/25 22:50:38:1035] N: killing process, pid: 55828
[2026/09/25 22:50:38:1037] N: process killed with signal 0, pid: 55828
[2026/09/25 22:50:38:1445] N: WS closed from (unix skt), clients: 5
[2026/09/25 22:50:38:1445] N: killing process, pid: 55843
[2026/09/25 22:50:38:1449] N: process killed with signal 0, pid: 55843
[2026/09/25 22:50:38:1938] N: WS closed from (unix skt), clients: 4
[2026/09/25 22:50:38:1939] N: killing process, pid: 55833
[2026/09/25 22:50:38:1944] N: process killed with signal 0, pid: 55833
[2026/09/25 22:50:38:5759] N: WS closed from (unix skt), clients: 3
[2026/09/25 22:50:38:5760] N: killing process, pid: 55830
[2026/09/25 22:50:38:5766] N: process killed with signal 0, pid: 55830
[2026/09/25 22:50:38:6747] N: WS closed from (unix skt), clients: 2
[2026/09/25 22:50:38:6748] N: killing process, pid: 55848
[2026/09/25 22:50:38:6757] N: process killed with signal 0, pid: 55848
[2026/09/25 22:50:39:7771] N: WS closed from (unix skt), clients: 1
[2026/09/25 22:50:39:7772] N: killing process, pid: 55832
[2026/09/25 22:50:39:7773] N: WS closed from (unix skt), clients: 0
[2026/09/25 22:50:39:7774] N: killing process, pid: 55856
[2026/09/25 22:50:39:7785] N: process killed with signal 0, pid: 55832
[2026/09/25 22:50:39:7796] N: process killed with signal 0, pid: 55856
[2026/09/25 22:50:39:7997] N: WS   /ws - (unix skt), clients: 1
[2026/09/25 22:50:39:7998] N: WS   /ws - (unix skt), clients: 2
[2026/09/25 22:50:39:7998] N: WS   /ws - (unix skt), clients: 3
[2026/09/25 22:50:39:7998] N: WS   /ws - (unix skt), clients: 4
[2026/09/25 22:50:39:7998] N: WS   /ws - (unix skt), clients: 5
[2026/09/25 22:50:39:7998] N: WS   /ws - (unix skt), clients: 6
[2026/09/25 22:50:39:7999] N: WS   /ws - (unix skt), clients: 7
[2026/09/25 22:50:39:7999] N: WS   /ws - (unix skt), clients: 8
[2026/09/25 22:50:39:7999] N: WS   /ws - (unix skt), clients: 9
[2026/09/25 22:50:39:8009] N: started process, pid: 56149
[2026/09/25 22:50:39:8014] N: started process, pid: 56150
[2026/09/25 22:50:39:8016] N: WS   /ws - (unix skt), clients: 10
[2026/09/25 22:50:39:8023] N: started process, pid: 56151
[2026/09/25 22:50:39:8034] N: started process, pid: 56152
[2026/09/25 22:50:39:8043] N: started process, pid: 56153
[2026/09/25 22:50:39:8057] N: started process, pid: 56154
[2026/09/25 22:50:39:8070] N: started process, pid: 56159
[2026/09/25 22:50:39:8082] N: started process, pid: 56165
[2026/09/25 22:50:39:8097] N: started process, pid: 56167
[2026/09/25 22:50:39:8109] N: started process, pid: 56174
[2026/09/25 22:50:39:9398] N: WS closed from (unix skt), clients: 9
[2026/09/25 22:50:39:9398] N: killing process, pid: 56153
[2026/09/25 22:50:39:9401] N: process killed with signal 1, pid: 56153
[2026/09/25 22:50:39:9811] N: WS closed from (unix skt), clients: 8
[2026/09/25 22:50:39:9812] N: killing process, pid: 56174
[2026/09/25 22:50:39:9814] N: process killed with signal 1, pid: 56174
[2026/09/25 22:50:40:0813] N: WS closed from (unix skt), clients: 7
[2026/09/25 22:50:40:0814] N: killing process, pid: 56149
[2026/09/25 22:50:40:0817] N: process killed with signal 0, pid: 56149
[2026/09/25 22:50:40:0988] N: WS closed from (unix skt), clients: 6
[2026/09/25 22:50:40:0988] N: killing process, pid: 56151
[2026/09/25 22:50:40:0991] N: process killed with signal 0, pid: 56151
[2026/09/25 22:50:40:1410] N: WS closed from (unix skt), clients: 5
[2026/09/25 22:50:40:1410] N: killing process, pid: 56159
[2026/09/25 22:50:40:1414] N: process killed with signal 0, pid: 56159
[2026/09/25 22:50:40:1800] N: WS closed from (unix skt), clients: 4
[2026/09/25 22:50:40:1800] N: killing process, pid: 56165
[2026/09/25 22:50:40:1805] N: process killed with signal 0, pid: 56165
[2026/09/25 22:50:40:6261] N: WS closed from (unix skt), clients: 3
[2026/09/25 22:50:40:6262] N: killing process, pid: 56150
[2026/09/25 22:50:40:6273] N: process killed with signal 0, pid: 56150
[2026/09/25 22:50:40:6676] N: WS closed from (unix skt), clients: 2
[2026/09/25 22:50:40:6677] N: killing process, pid: 56167
[2026/09/25 22:50:40:6693] N: process killed with signal 0, pid: 56167
[2026/09/25 22:50:41:8015] N: WS closed from (unix skt), clients: 1
[2026/09/25 22:50:41:8017] N: killing process, pid: 56154
[2026/09/25 22:50:41:8017] N: WS closed from (unix skt), clients: 0
[2026/09/25 22:50:41:8018] N: killing process, pid: 56152
[2026/09/25 22:50:41:8039] N: process killed with signal 0, pid: 56152
[2026/09/25 22:50:41:8040] N: process killed with signal 0, pid: 56154
[2026/09/25 22:50:41:8230] N: WS   /ws - (unix skt), clients: 1
[2026/09/25 22:50:41:8230] N: WS   /ws - (unix skt), clients: 2
[2026/09/25 22:50:41:8231] N: WS   /ws - (unix skt), clients: 3
[2026/09/25 22:50:41:8231] N: WS   /ws - (unix skt), clients: 4
[2026/09/25 22:50:41:8231] N: WS   /ws - (unix skt), clients: 5
[2026/09/25 22:50:41:8231] N: WS   /ws - (unix skt), clients: 6
[2026/09/25 22:50:41:8232] N: WS   /ws - (unix skt), clients: 7
[2026/09/25 22:50:41:8232] N: WS   /ws - (unix skt), clients: 8
[2026/09/25 22:50:41:8232] N: WS   /ws - (unix skt), clients: 9
[2026/09/25 22:50:41:8232] N: WS   /ws - (unix skt), clients: 10
[2026/09/25 22:50:41:8249] N: started process, pid: 56476
[2026/09/25 22:50:41:8257] N: started process, pid: 56477
[2026/09/25 22:50:41:8266] N: started process, pid: 56478
[2026/09/25 22:50:41:8285] N: started process, pid: 56479
[2026/09/25 22:50:41:8300] N: started process, pid: 56480
[2026/09/25 22:50:41:8311] N: started process, pid: 56481
[2026/09/25 22:50:41:8326] N: started process, pid: 56483
[2026/09/25 22:50:41:8342] N: started process, pid: 56490
[2026/09/25 22:50:41:8364] N: started process, pid: 56498
[2026/09/25 22:50:41:8377] N: started process, pid: 56500
[2026/09/25 22:50:41:9505] N: WS closed from (unix skt), clients: 9
[2026/09/25 22:50:41:9505] N: killing process, pid: 56479
[2026/09/25 22:50:41:9509] N: process killed with signal 1, pid: 56479
[2026/09/25 22:50:42:0001] N: WS closed from (unix skt), clients: 8
[2026/09/25 22:50:42:0001] N: killing process, pid: 56498
[2026/09/25 22:50:42:0004] N: process killed with signal 1, pid: 56498
[2026/09/25 22:50:42:1408] N: WS closed from (unix skt), clients: 7
[2026/09/25 22:50:42:1408] N: killing process, pid: 56478
[2026/09/25 22:50:42:1408] N: WS closed from (unix skt), clients: 6
[2026/09/25 22:50:42:1408] N: killing process, pid: 56476
[2026/09/25 22:50:42:1412] N: process killed with signal 0, pid: 56478
[2026/09/25 22:50:42:1412] N: process killed with signal 0, pid: 56476
[2026/09/25 22:50:42:1749] N: WS closed from (unix skt), clients: 5
[2026/09/25 22:50:42:1749] N: killing process, pid: 56481
[2026/09/25 22:50:42:1753] N: process killed with signal 0, pid: 56481
[2026/09/25 22:50:42:1988] N: WS closed from (unix skt), clients: 4
[2026/09/25 22:50:42:1988] N: killing process, pid: 56483
[2026/09/25 22:50:42:1992] N: process killed with signal 0, pid: 56483
[2026/09/25 22:50:42:6146] N: WS closed from (unix skt), clients: 3
[2026/09/25 22:50:42:6146] N: killing process, pid: 56477
[2026/09/25 22:50:42:6151] N: process killed with signal 0, pid: 56477
[2026/09/25 22:50:42:6877] N: WS closed from (unix skt), clients: 2
[2026/09/25 22:50:42:6878] N: killing process, pid: 56490
[2026/09/25 22:50:42:6890] N: process killed with signal 0, pid: 56490
[2026/09/25 22:50:43:8241] N: WS closed from (unix skt), clients: 1
[2026/09/25 22:50:43:8242] N: killing process, pid: 56480
[2026/09/25 22:50:43:8243] N: WS closed from (unix skt), clients: 0
[2026/09/25 22:50:43:8243] N: killing process, pid: 56500
[2026/09/25 22:50:43:8257] N: process killed with signal 0, pid: 56480
[2026/09/25 22:50:43:8270] N: process killed with signal 0, pid: 56500
[2026/09/25 22:50:43:8473] N: WS   /ws - (unix skt), clients: 1
[2026/09/25 22:50:43:8474] N: WS   /ws - (unix skt), clients: 2
[2026/09/25 22:50:43:8475] N: WS   /ws - (unix skt), clients: 3
[2026/09/25 22:50:43:8475] N: WS   /ws - (unix skt), clients: 4
[2026/09/25 22:50:43:8475] N: WS   /ws - (unix skt), clients: 5
[2026/09/25 22:50:43:8475] N: WS   /ws - (unix skt), clients: 6
[2026/09/25 22:50:43:8475] N: WS   /ws - (unix skt), clients: 7
[2026/09/25 22:50:43:8476] N: WS   /ws - (unix skt), clients: 8
[2026/09/25 22:50:43:8476] N: WS   /ws - (unix skt), clients: 9
[2026/09/25 22:50:43:8476] N: WS   /ws - (unix skt), clients: 10
[2026/09/25 22:50:43:8495] N: started process, pid: 56758
[2026/09/25 22:50:43:8509] N: started process, pid: 56759
[2026/09/25 22:50:43:8526] N: started process, pid: 56760
[2026/09/25 22:50:43:8540] N: started process, pid: 56761
[2026/09/25 22:50:43:8553] N: started process, pid: 56762
[2026/09/25 22:50:43:8572] N: started process, pid: 56763
[2026/09/25 22:50:43:8585] N: started process, pid: 56766
[2026/09/25 22:50:43:8599] N: started process, pid: 56773
[2026/09/25 22:50:43:8621] N: started process, pid: 56776
[2026/09/25 22:50:43:8635] N: started process, pid: 56780
[2026/09/25 22:50:43:9820] N: WS closed from (unix skt), clients: 9
[2026/09/25 22:50:43:9820] N: killing process, pid: 56760
[2026/09/25 22:50:43:9823] N: process killed with signal 1, pid: 56760
[2026/09/25 22:50:44:0364] N: WS closed from (unix skt), clients: 8
[2026/09/25 22:50:44:0364] N: killing process, pid: 56776
[2026/09/25 22:50:44:0366] N: process killed with signal 1, pid: 56776
[2026/09/25 22:50:44:1372] N: WS closed from (unix skt), clients: 7
[2026/09/25 22:50:44:1372] N: killing process, pid: 56758
[2026/09/25 22:50:44:1373] N: WS closed from (unix skt), clients: 6
[2026/09/25 22:50:44:1373] N: killing process, pid: 56761
[2026/09/25 22:50:44:1376] N: process killed with signal 0, pid: 56758
[2026/09/25 22:50:44:1377] N: process killed with signal 0, pid: 56761
[2026/09/25 22:50:44:1956] N: WS closed from (unix skt), clients: 5
[2026/09/25 22:50:44:1957] N: killing process, pid: 56766
[2026/09/25 22:50:44:1961] N: process killed with signal 0, pid: 56766
[2026/09/25 22:50:44:2098] N: WS closed from (unix skt), clients: 4
[2026/09/25 22:50:44:2098] N: killing process, pid: 56763
[2026/09/25 22:50:44:2102] N: process killed with signal 0, pid: 56763
[2026/09/25 22:50:44:6379] N: WS closed from (unix skt), clients: 3
[2026/09/25 22:50:44:6379] N: killing process, pid: 56759
[2026/09/25 22:50:44:6386] N: process killed with signal 0, pid: 56759
[2026/09/25 22:50:44:7258] N: WS closed from (unix skt), clients: 2
[2026/09/25 22:50:44:7258] N: killing process, pid: 56773
[2026/09/25 22:50:44:7266] N: process killed with signal 0, pid: 56773
[2026/09/25 22:50:45:8482] N: WS closed from (unix skt), clients: 1
[2026/09/25 22:50:45:8483] N: killing process, pid: 56762
[2026/09/25 22:50:45:8483] N: WS closed from (unix skt), clients: 0
[2026/09/25 22:50:45:8483] N: killing process, pid: 56780
[2026/09/25 22:50:45:8491] N: process killed with signal 0, pid: 56762
[2026/09/25 22:50:45:8497] N: process killed with signal 0, pid: 56780
[2026/09/25 22:50:45:8620] N: WS   /ws - (unix skt), clients: 1
[2026/09/25 22:50:45:8621] N: WS   /ws - (unix skt), clients: 2
[2026/09/25 22:50:45:8621] N: WS   /ws - (unix skt), clients: 3
[2026/09/25 22:50:45:8621] N: WS   /ws - (unix skt), clients: 4
[2026/09/25 22:50:45:8621] N: WS   /ws - (unix skt), clients: 5
[2026/09/25 22:50:45:8621] N: WS   /ws - (unix skt), clients: 6
[2026/09/25 22:50:45:8621] N: WS   /ws - (unix skt), clients: 7
[2026/09/25 22:50:45:8621] N: WS   /ws - (unix skt), clients: 8
[2026/09/25 22:50:45:8622] N: WS   /ws - (unix skt), clients: 9
[2026/09/25 22:50:45:8622] N: WS   /ws - (unix skt), clients: 10
[2026/09/25 22:50:45:8629] N: started process, pid: 57176
[2026/09/25 22:50:45:8636] N: started process, pid: 57177
[2026/09/25 22:50:45:8641] N: started process, pid: 57178
[2026/09/25 22:50:45:8652] N: started process, pid: 57179
[2026/09/25 22:50:45:8658] N: started process, pid: 57180
[2026/09/25 22:50:45:8664] N: started process, pid: 57181
[2026/09/25 22:50:45:8676] N: started process, pid: 57185
[2026/09/25 22:50:45:8683] N: started process, pid: 57187
[2026/09/25 22:50:45:8698] N: started process, pid: 57190
[2026/09/25 22:50:45:8706] N: started process, pid: 57198
[2026/09/25 22:50:45:9644] N: WS closed from (unix skt), clients: 9
[2026/09/25 22:50:45:9645] N: killing process, pid: 57178
[2026/09/25 22:50:45:9652] N: process killed with signal 1, pid: 57178
[2026/09/25 22:50:46:0495] N: WS closed from (unix skt), clients: 8
[2026/09/25 22:50:46:0496] N: killing process, pid: 57190
[2026/09/25 22:50:46:0498] N: process killed with signal 1, pid: 57190
[2026/09/25 22:50:46:1170] N: WS closed from (unix skt), clients: 7
[2026/09/25 22:50:46:1170] N: killing process, pid: 57176
[2026/09/25 22:50:46:1174] N: process killed with signal 0, pid: 57176
[2026/09/25 22:50:46:2379] N: WS closed from (unix skt), clients: 6
[2026/09/25 22:50:46:2379] N: killing process, pid: 57180
[2026/09/25 22:50:46:2383] N: process killed with signal 0, pid: 57180
[2026/09/25 22:50:46:2504] N: WS closed from (unix skt), clients: 5
[2026/09/25 22:50:46:2504] N: killing process, pid: 57185
[2026/09/25 22:50:46:2508] N: process killed with signal 0, pid: 57185
[2026/09/25 22:50:46:2665] N: WS closed from (unix skt), clients: 4
[2026/09/25 22:50:46:2666] N: killing process, pid: 57181
[2026/09/25 22:50:46:2669] N: process killed with signal 0, pid: 57181
[2026/09/25 22:50:46:6651] N: WS closed from (unix skt), clients: 3
[2026/09/25 22:50:46:6651] N: killing process, pid: 57177
[2026/09/25 22:50:46:6659] N: process killed with signal 0, pid: 57177
[2026/09/25 22:50:46:7175] N: WS closed from (unix skt), clients: 2
[2026/09/25 22:50:46:7175] N: killing process, pid: 57187
[2026/09/25 22:50:46:7214] N: process killed with signal 0, pid: 57187
[2026/09/25 22:50:47:8633] N: WS closed from (unix skt), clients: 1
[2026/09/25 22:50:47:8634] N: killing process, pid: 57179
[2026/09/25 22:50:47:8634] N: WS closed from (unix skt), clients: 0
[2026/09/25 22:50:47:8634] N: killing process, pid: 57198
[2026/09/25 22:50:47:8647] N: process killed with signal 0, pid: 57179
[2026/09/25 22:50:47:8648] N: process killed with signal 0, pid: 57198
[2026/09/25 22:50:47:8730] N: WS   /ws - (unix skt), clients: 1
[2026/09/25 22:50:47:8730] N: WS   /ws - (unix skt), clients: 2
[2026/09/25 22:50:47:8730] N: WS   /ws - (unix skt), clients: 3
[2026/09/25 22:50:47:8731] N: WS   /ws - (unix skt), clients: 4
[2026/09/25 22:50:47:8731] N: WS   /ws - (unix skt), clients: 5
[2026/09/25 22:50:47:8731] N: WS   /ws - (unix skt), clients: 6
[2026/09/25 22:50:47:8731] N: WS   /ws - (unix skt), clients: 7
[2026/09/25 22:50:47:8731] N: WS   /ws - (unix skt), clients: 8
[2026/09/25 22:50:47:8731] N: WS   /ws - (unix skt), clients: 9
[2026/09/25 22:50:47:8731] N: WS   /ws - (unix skt), clients: 10
[2026/09/25 22:50:47:8739] N: started process, pid: 57899
[2026/09/25 22:50:47:8743] N: started process, pid: 57900
[2026/09/25 22:50:47:8747] N: started process, pid: 57901
[2026/09/25 22:50:47:8753] N: started process, pid: 57902
[2026/09/25 22:50:47:8760] N: started process, pid: 57903
[2026/09/25 22:50:47:8766] N: started process, pid: 57904
[2026/09/25 22:50:47:8775] N: started process, pid: 57905
[2026/09/25 22:50:47:8795] N: started process, pid: 57909
[2026/09/25 22:50:47:8812] N: started process, pid: 57916
[2026/09/25 22:50:47:8832] N: started process, pid: 57927
[2026/09/25 22:50:47:9766] N: WS closed from (unix skt), clients: 9
[2026/09/25 22:50:47:9767] N: killing process, pid: 57902
[2026/09/25 22:50:47:9770] N: process killed with signal 1, pid: 57902
[2026/09/25 22:50:48:0693] N: WS closed from (unix skt), clients: 8
[2026/09/25 22:50:48:0693] N: killing process, pid: 57916
[2026/09/25 22:50:48:0701] N: process killed with signal 1, pid: 57916
[2026/09/25 22:50:48:1770] N: WS closed from (unix skt), clients: 7
[2026/09/25 22:50:48:1771] N: killing process, pid: 57899
[2026/09/25 22:50:48:1775] N: process killed with signal 0, pid: 57899
[2026/09/25 22:50:48:1885] N: WS closed from (unix skt), clients: 6
[2026/09/25 22:50:48:1885] N: killing process, pid: 57900
[2026/09/25 22:50:48:1888] N: process killed with signal 0, pid: 57900
[2026/09/25 22:50:48:2016] N: WS closed from (unix skt), clients: 5
[2026/09/25 22:50:48:2016] N: killing process, pid: 57905
[2026/09/25 22:50:48:2020] N: process killed with signal 0, pid: 57905
[2026/09/25 22:50:48:2197] N: WS closed from (unix skt), clients: 4
[2026/09/25 22:50:48:2197] N: killing process, pid: 57904
[2026/09/25 22:50:48:2202] N: process killed with signal 0, pid: 57904
[2026/09/25 22:50:48:6777] N: WS closed from (unix skt), clients: 3
[2026/09/25 22:50:48:6777] N: killing process, pid: 57901
[2026/09/25 22:50:48:6782] N: process killed with signal 0, pid: 57901
[2026/09/25 22:50:48:7695] N: WS closed from (unix skt), clients: 2
[2026/09/25 22:50:48:7696] N: killing process, pid: 57909
[2026/09/25 22:50:48:7705] N: process killed with signal 0, pid: 57909
[2026/09/25 22:50:49:8748] N: WS closed from (unix skt), clients: 1
[2026/09/25 22:50:49:8748] N: killing process, pid: 57903
[2026/09/25 22:50:49:8749] N: WS closed from (unix skt), clients: 0
[2026/09/25 22:50:49:8749] N: killing process, pid: 57927
[2026/09/25 22:50:49:8758] N: process killed with signal 0, pid: 57903
[2026/09/25 22:50:49:8759] N: process killed with signal 0, pid: 57927
[2026/09/25 22:50:49:8850] N: WS   /ws - (unix skt), clients: 1
[2026/09/25 22:50:49:8850] N: WS   /ws - (unix skt), clients: 2
[2026/09/25 22:50:49:8850] N: WS   /ws - (unix skt), clients: 3
[2026/09/25 22:50:49:8850] N: WS   /ws - (unix skt), clients: 4
[2026/09/25 22:50:49:8850] N: WS   /ws - (unix skt), clients: 5
[2026/09/25 22:50:49:8850] N: WS   /ws - (unix skt), clients: 6
[2026/09/25 22:50:49:8851] N: WS   /ws - (unix skt), clients: 7
[2026/09/25 22:50:49:8851] N: WS   /ws - (unix skt), clients: 8
[2026/09/25 22:50:49:8851] N: WS   /ws - (unix skt), clients: 9
[2026/09/25 22:50:49:8851] N: WS   /ws - (unix skt), clients: 10
[2026/09/25 22:50:49:8860] N: started process, pid: 58452
[2026/09/25 22:50:49:8865] N: started process, pid: 58454
[2026/09/25 22:50:49:8872] N: started process, pid: 58455
[2026/09/25 22:50:49:8883] N: started process, pid: 58456
[2026/09/25 22:50:49:8891] N: started process, pid: 58458
[2026/09/25 22:50:49:8897] N: started process, pid: 58459
[2026/09/25 22:50:49:8905] N: started process, pid: 58460
[2026/09/25 22:50:49:8928] N: started process, pid: 58465
[2026/09/25 22:50:49:9001] N: started process, pid: 58475
[2026/09/25 22:50:49:9012] N: started process, pid: 58484
[2026/09/25 22:50:49:9716] N: WS closed from (unix skt), clients: 9
[2026/09/25 22:50:49:9717] N: killing process, pid: 58454
[2026/09/25 22:50:49:9721] N: process killed with signal 1, pid: 58454
[2026/09/25 22:50:50:0549] N: WS closed from (unix skt), clients: 8
[2026/09/25 22:50:50:0549] N: killing process, pid: 58459
[2026/09/25 22:50:50:0551] N: process killed with signal 1, pid: 58459
[2026/09/25 22:50:50:1582] N: WS closed from (unix skt), clients: 7
[2026/09/25 22:50:50:1583] N: killing process, pid: 58452
[2026/09/25 22:50:50:1592] N: process killed with signal 0, pid: 58452
[2026/09/25 22:50:50:1718] N: WS closed from (unix skt), clients: 6
[2026/09/25 22:50:50:1719] N: killing process, pid: 58456
[2026/09/25 22:50:50:1722] N: process killed with signal 0, pid: 58456
[2026/09/25 22:50:50:2299] N: WS closed from (unix skt), clients: 5
[2026/09/25 22:50:50:2300] N: killing process, pid: 58465
[2026/09/25 22:50:50:2305] N: process killed with signal 0, pid: 58465
[2026/09/25 22:50:50:2696] N: WS closed from (unix skt), clients: 4
[2026/09/25 22:50:50:2696] N: killing process, pid: 58475
[2026/09/25 22:50:50:2700] N: process killed with signal 0, pid: 58475
[2026/09/25 22:50:50:7318] N: WS closed from (unix skt), clients: 3
[2026/09/25 22:50:50:7318] N: killing process, pid: 58458
[2026/09/25 22:50:50:7328] N: process killed with signal 0, pid: 58458
[2026/09/25 22:50:50:7708] N: WS closed from (unix skt), clients: 2
[2026/09/25 22:50:50:7709] N: killing process, pid: 58484
[2026/09/25 22:50:50:7720] N: process killed with signal 0, pid: 58484
[2026/09/25 22:50:51:8857] N: WS closed from (unix skt), clients: 1
[2026/09/25 22:50:51:8858] N: killing process, pid: 58460
[2026/09/25 22:50:51:8858] N: WS closed from (unix skt), clients: 0
[2026/09/25 22:50:51:8858] N: killing process, pid: 58455
[2026/09/25 22:50:51:8867] N: process killed with signal 0, pid: 58460
[2026/09/25 22:50:51:8873] N: process killed with signal 0, pid: 58455
[2026/09/25 22:50:51:8974] N: WS   /ws - (unix skt), clients: 1
[2026/09/25 22:50:51:8974] N: WS   /ws - (unix skt), clients: 2
[2026/09/25 22:50:51:8974] N: WS   /ws - (unix skt), clients: 3
[2026/09/25 22:50:51:8974] N: WS   /ws - (unix skt), clients: 4
[2026/09/25 22:50:51:8974] N: WS   /ws - (unix skt), clients: 5
[2026/09/25 22:50:51:8974] N: WS   /ws - (unix skt), clients: 6
[2026/09/25 22:50:51:8975] N: WS   /ws - (unix skt), clients: 7
[2026/09/25 22:50:51:8975] N: WS   /ws - (unix skt), clients: 8
[2026/09/25 22:50:51:8975] N: WS   /ws - (unix skt), clients: 9
[2026/09/25 22:50:51:8975] N: WS   /ws - (unix skt), clients: 10
[2026/09/25 22:50:51:8986] N: started process, pid: 58810
[2026/09/25 22:50:51:9031] N: started process, pid: 58811
[2026/09/25 22:50:51:9041] N: started process, pid: 58812
[2026/09/25 22:50:51:9051] N: started process, pid: 58813
[2026/09/25 22:50:51:9056] N: started process, pid: 58814
[2026/09/25 22:50:51:9064] N: started process, pid: 58815
[2026/09/25 22:50:51:9078] N: started process, pid: 58817
[2026/09/25 22:50:51:9087] N: started process, pid: 58825
[2026/09/25 22:50:51:9106] N: started process, pid: 58827
[2026/09/25 22:50:51:9118] N: started process, pid: 58835
[2026/09/25 22:50:52:0109] N: WS closed from (unix skt), clients: 9
[2026/09/25 22:50:52:0109] N: killing process, pid: 58811
[2026/09/25 22:50:52:0113] N: process killed with signal 1, pid: 58811
[2026/09/25 22:50:52:0749] N: WS closed from (unix skt), clients: 8
[2026/09/25 22:50:52:0750] N: killing process, pid: 58815
[2026/09/25 22:50:52:0752] N: process killed with signal 1, pid: 58815
[2026/09/25 22:50:52:1997] N: WS closed from (unix skt), clients: 7
[2026/09/25 22:50:52:1997] N: killing process, pid: 58813
[2026/09/25 22:50:52:2001] N: process killed with signal 0, pid: 58813
[2026/09/25 22:50:52:2128] N: WS closed from (unix skt), clients: 6
[2026/09/25 22:50:52:2129] N: killing process, pid: 58810
[2026/09/25 22:50:52:2133] N: process killed with signal 0, pid: 58810
[2026/09/25 22:50:52:2649] N: WS closed from (unix skt), clients: 5
[2026/09/25 22:50:52:2650] N: killing process, pid: 58825
[2026/09/25 22:50:52:2659] N: process killed with signal 0, pid: 58825
[2026/09/25 22:50:52:2896] N: WS closed from (unix skt), clients: 4
[2026/09/25 22:50:52:2896] N: killing process, pid: 58827
[2026/09/25 22:50:52:2900] N: process killed with signal 0, pid: 58827
[2026/09/25 22:50:52:7510] N: WS closed from (unix skt), clients: 3
[2026/09/25 22:50:52:7511] N: killing process, pid: 58814
[2026/09/25 22:50:52:7511] N: WS closed from (unix skt), clients: 2
[2026/09/25 22:50:52:7511] N: killing process, pid: 58835
[2026/09/25 22:50:52:7523] N: process killed with signal 0, pid: 58814
[2026/09/25 22:50:52:7523] N: process killed with signal 0, pid: 58835
[2026/09/25 22:50:53:8977] N: WS closed from (unix skt), clients: 1
[2026/09/25 22:50:53:8977] N: killing process, pid: 58817
[2026/09/25 22:50:53:8978] N: WS closed from (unix skt), clients: 0
[2026/09/25 22:50:53:8978] N: killing process, pid: 58812
[2026/09/25 22:50:53:8993] N: process killed with signal 0, pid: 58812
[2026/09/25 22:50:53:8994] N: process killed with signal 0, pid: 58817
[2026/09/25 22:50:53:9129] N: WS   /ws - (unix skt), clients: 1
[2026/09/25 22:50:53:9130] N: WS   /ws - (unix skt), clients: 2
[2026/09/25 22:50:53:9130] N: WS   /ws - (unix skt), clients: 3
[2026/09/25 22:50:53:9130] N: WS   /ws - (unix skt), clients: 4
[2026/09/25 22:50:53:9130] N: WS   /ws - (unix skt), clients: 5
[2026/09/25 22:50:53:9130] N: WS   /ws - (unix skt), clients: 6
[2026/09/25 22:50:53:9130] N: WS   /ws - (unix skt), clients: 7
[2026/09/25 22:50:53:9130] N: WS   /ws - (unix skt), clients: 8
[2026/09/25 22:50:53:9140] N: started process, pid: 59205
[2026/09/25 22:50:53:9140] N: WS   /ws - (unix skt), clients: 9
[2026/09/25 22:50:53:9141] N: WS   /ws - (unix skt), clients: 10
[2026/09/25 22:50:53:9145] N: started process, pid: 59206
[2026/09/25 22:50:53:9151] N: started process, pid: 59207
[2026/09/25 22:50:53:9160] N: started process, pid: 59208
[2026/09/25 22:50:53:9168] N: started process, pid: 59209
[2026/09/25 22:50:53:9176] N: started process, pid: 59210
[2026/09/25 22:50:53:9187] N: started process, pid: 59211
[2026/09/25 22:50:53:9204] N: started process, pid: 59217
[2026/09/25 22:50:53:9220] N: started process, pid: 59228
[2026/09/25 22:50:53:9226] N: started process, pid: 59232
[2026/09/25 22:50:53:9749] N: WS closed from (unix skt), clients: 9
[2026/09/25 22:50:53:9750] N: killing process, pid: 59207
[2026/09/25 22:50:53:9753] N: process killed with signal 1, pid: 59207
[2026/09/25 22:50:54:0779] N: WS closed from (unix skt), clients: 8
[2026/09/25 22:50:54:0780] N: killing process, pid: 59210
[2026/09/25 22:50:54:0783] N: process killed with signal 1, pid: 59210
[2026/09/25 22:50:54:2434] N: WS closed from (unix skt), clients: 7
[2026/09/25 22:50:54:2435] N: killing process, pid: 59206
[2026/09/25 22:50:54:2440] N: process killed with signal 0, pid: 59206
[2026/09/25 22:50:54:2538] N: WS closed from (unix skt), clients: 6
[2026/09/25 22:50:54:2538] N: killing process, pid: 59205
[2026/09/25 22:50:54:2542] N: process killed with signal 0, pid: 59205
[2026/09/25 22:50:54:2910] N: WS closed from (unix skt), clients: 5
[2026/09/25 22:50:54:2910] N: killing process, pid: 59217
[2026/09/25 22:50:54:2911] N: WS closed from (unix skt), clients: 4
[2026/09/25 22:50:54:2911] N: killing process, pid: 59228
[2026/09/25 22:50:54:2916] N: process killed with signal 0, pid: 59217
[2026/09/25 22:50:54:2916] N: process killed with signal 0, pid: 59228
[2026/09/25 22:50:54:7449] N: WS closed from (unix skt), clients: 3
[2026/09/25 22:50:54:7450] N: killing process, pid: 59209
[2026/09/25 22:50:54:7460] N: process killed with signal 0, pid: 59209
[2026/09/25 22:50:54:7934] N: WS closed from (unix skt), clients: 2
[2026/09/25 22:50:54:7935] N: killing process, pid: 59232
[2026/09/25 22:50:54:7943] N: process killed with signal 0, pid: 59232
[2026/09/25 22:50:55:9140] N: WS closed from (unix skt), clients: 1
[2026/09/25 22:50:55:9141] N: killing process, pid: 59211
[2026/09/25 22:50:55:9141] N: WS closed from (unix skt), clients: 0
[2026/09/25 22:50:55:9141] N: killing process, pid: 59208
[2026/09/25 22:50:55:9151] N: process killed with signal 0, pid: 59211
[2026/09/25 22:50:55:9151] N: process killed with signal 0, pid: 59208
[2026/09/25 22:50:55:9244] N: WS   /ws - (unix skt), clients: 1
[2026/09/25 22:50:55:9244] N: WS   /ws - (unix skt), clients: 2
[2026/09/25 22:50:55:9244] N: WS   /ws - (unix skt), clients: 3
[2026/09/25 22:50:55:9244] N: WS   /ws - (unix skt), clients: 4
[2026/09/25 22:50:55:9244] N: WS   /ws - (unix skt), clients: 5
[2026/09/25 22:50:55:9244] N: WS   /ws - (unix skt), clients: 6
[2026/09/25 22:50:55:9244] N: WS   /ws - (unix skt), clients: 7
[2026/09/25 22:50:55:9245] N: WS   /ws - (unix skt), clients: 8
[2026/09/25 22:50:55:9245] N: WS   /ws - (unix skt), clients: 9
[2026/09/25 22:50:55:9245] N: WS   /ws - (unix skt), clients: 10
[2026/09/25 22:50:55:9255] N: started process, pid: 59511
[2026/09/25 22:50:55:9260] N: started process, pid: 59512
[2026/09/25 22:50:55:9265] N: started process, pid: 59513
[2026/09/25 22:50:55:9273] N: started process, pid: 59514
[2026/09/25 22:50:55:9285] N: started process, pid: 59515
[2026/09/25 22:50:55:9295] N: started process, pid: 59516
[2026/09/25 22:50:55:9307] N: started process, pid: 59518
[2026/09/25 22:50:55:9314] N: started process, pid: 59524
[2026/09/25 22:50:55:9332] N: started process, pid: 59530
[2026/09/25 22:50:55:9349] N: started process, pid: 59536
[2026/09/25 22:50:56:0496] N: WS closed from (unix skt), clients: 9
[2026/09/25 22:50:56:0496] N: killing process, pid: 59512
[2026/09/25 22:50:56:0500] N: process killed with signal 1, pid: 59512
[2026/09/25 22:50:56:0630] N: WS closed from (unix skt), clients: 8
[2026/09/25 22:50:56:0630] N: killing process, pid: 59516
[2026/09/25 22:50:56:0632] N: process killed with signal 1, pid: 59516
[2026/09/25 22:50:56:2380] N: WS closed from (unix skt), clients: 7
[2026/09/25 22:50:56:2380] N: killing process, pid: 59511
[2026/09/25 22:50:56:2380] N: WS closed from (unix skt), clients: 6
[2026/09/25 22:50:56:2381] N: killing process, pid: 59514
[2026/09/25 22:50:56:2385] N: process killed with signal 0, pid: 59511
[2026/09/25 22:50:56:2385] N: process killed with signal 0, pid: 59514
[2026/09/25 22:50:56:2975] N: WS closed from (unix skt), clients: 5
[2026/09/25 22:50:56:2975] N: killing process, pid: 59524
[2026/09/25 22:50:56:2975] N: WS closed from (unix skt), clients: 4
[2026/09/25 22:50:56:2976] N: killing process, pid: 59530
[2026/09/25 22:50:56:2981] N: process killed with signal 0, pid: 59524
[2026/09/25 22:50:56:2981] N: process killed with signal 0, pid: 59530
[2026/09/25 22:50:56:7878] N: WS closed from (unix skt), clients: 3
[2026/09/25 22:50:56:7879] N: killing process, pid: 59515
[2026/09/25 22:50:56:7883] N: process killed with signal 0, pid: 59515
[2026/09/25 22:50:56:7986] N: WS closed from (unix skt), clients: 2
[2026/09/25 22:50:56:7987] N: killing process, pid: 59536
[2026/09/25 22:50:56:7989] N: process killed with signal 0, pid: 59536
[2026/09/25 22:50:57:9251] N: WS closed from (unix skt), clients: 1
[2026/09/25 22:50:57:9252] N: killing process, pid: 59518
[2026/09/25 22:50:57:9252] N: WS closed from (unix skt), clients: 0
[2026/09/25 22:50:57:9252] N: killing process, pid: 59513
[2026/09/25 22:50:57:9261] N: process killed with signal 0, pid: 59513
[2026/09/25 22:50:57:9262] N: process killed with signal 0, pid: 59518
[2026/09/25 22:50:57:9362] N: WS   /ws - (unix skt), clients: 1
[2026/09/25 22:50:57:9362] N: WS   /ws - (unix skt), clients: 2
[2026/09/25 22:50:57:9362] N: WS   /ws - (unix skt), clients: 3
[2026/09/25 22:50:57:9362] N: WS   /ws - (unix skt), clients: 4
[2026/09/25 22:50:57:9362] N: WS   /ws - (unix skt), clients: 5
[2026/09/25 22:50:57:9362] N: WS   /ws - (unix skt), clients: 6
[2026/09/25 22:50:57:9363] N: WS   /ws - (unix skt), clients: 7
[2026/09/25 22:50:57:9363] N: WS   /ws - (unix skt), clients: 8
[2026/09/25 22:50:57:9363] N: WS   /ws - (unix skt), clients: 9
[2026/09/25 22:50:57:9363] N: WS   /ws - (unix skt), clients: 10
[2026/09/25 22:50:57:9372] N: started process, pid: 59853
[2026/09/25 22:50:57:9376] N: started process, pid: 59854
[2026/09/25 22:50:57:9379] N: started process, pid: 59855
[2026/09/25 22:50:57:9383] N: started process, pid: 59856
[2026/09/25 22:50:57:9390] N: started process, pid: 59857
[2026/09/25 22:50:57:9396] N: started process, pid: 59858
[2026/09/25 22:50:57:9402] N: started process, pid: 59859
[2026/09/25 22:50:57:9413] N: started process, pid: 59861
[2026/09/25 22:50:57:9431] N: started process, pid: 59870
[2026/09/25 22:50:57:9440] N: started process, pid: 59880
[2026/09/25 22:50:58:0843] N: WS closed from (unix skt), clients: 9
[2026/09/25 22:50:58:0843] N: killing process, pid: 59856
[2026/09/25 22:50:58:0847] N: process killed with signal 1, pid: 59856
[2026/09/25 22:50:58:1259] N: WS closed from (unix skt), clients: 8
[2026/09/25 22:50:58:1259] N: killing process, pid: 59870
[2026/09/25 22:50:58:1263] N: process killed with signal 1, pid: 59870
[2026/09/25 22:50:58:2237] N: WS closed from (unix skt), clients: 7
[2026/09/25 22:50:58:2237] N: killing process, pid: 59854
[2026/09/25 22:50:58:2242] N: process killed with signal 0, pid: 59854
[2026/09/25 22:50:58:2528] N: WS closed from (unix skt), clients: 6
[2026/09/25 22:50:58:2528] N: killing process, pid: 59853
[2026/09/25 22:50:58:2532] N: process killed with signal 0, pid: 59853
[2026/09/25 22:50:58:3147] N: WS closed from (unix skt), clients: 5
[2026/09/25 22:50:58:3148] N: killing process, pid: 59858
[2026/09/25 22:50:58:3154] N: process killed with signal 0, pid: 59858
[2026/09/25 22:50:58:3289] N: WS closed from (unix skt), clients: 4
[2026/09/25 22:50:58:3289] N: killing process, pid: 59859
[2026/09/25 22:50:58:3294] N: process killed with signal 0, pid: 59859
[2026/09/25 22:50:58:7118] N: WS closed from (unix skt), clients: 3
[2026/09/25 22:50:58:7118] N: killing process, pid: 59855
[2026/09/25 22:50:58:7122] N: process killed with signal 0, pid: 59855
[2026/09/25 22:50:58:8482] N: WS closed from (unix skt), clients: 2
[2026/09/25 22:50:58:8482] N: killing process, pid: 59861
[2026/09/25 22:50:58:8487] N: process killed with signal 0, pid: 59861
[2026/09/25 22:50:59:9377] N: WS closed from (unix skt), clients: 1
[2026/09/25 22:50:59:9378] N: killing process, pid: 59857
[2026/09/25 22:50:59:9378] N: WS closed from (unix skt), clients: 0
[2026/09/25 22:50:59:9378] N: killing process, pid: 59880
[2026/09/25 22:50:59:9388] N: process killed with signal 0, pid: 59857
[2026/09/25 22:50:59:9389] N: process killed with signal 0, pid: 59880
[2026/09/25 22:50:59:9477] N: WS   /ws - (unix skt), clients: 1
[2026/09/25 22:50:59:9477] N: WS   /ws - (unix skt), clients: 2
[2026/09/25 22:50:59:9477] N: WS   /ws - (unix skt), clients: 3
[2026/09/25 22:50:59:9477] N: WS   /ws - (unix skt), clients: 4
[2026/09/25 22:50:59:9477] N: WS   /ws - (unix skt), clients: 5
[2026/09/25 22:50:59:9477] N: WS   /ws - (unix skt), clients: 6
[2026/09/25 22:50:59:9477] N: WS   /ws - (unix skt), clients: 7
[2026/09/25 22:50:59:9477] N: WS   /ws - (unix skt), clients: 8
[2026/09/25 22:50:59:9477] N: WS   /ws - (unix skt), clients: 9
[2026/09/25 22:50:59:9478] N: WS   /ws - (unix skt), clients: 10
[2026/09/25 22:50:59:9487] N: started process, pid: 60134
[2026/09/25 22:50:59:9491] N: started process, pid: 60135
[2026/09/25 22:50:59:9495] N: started process, pid: 60136
[2026/09/25 22:50:59:9502] N: started process, pid: 60137
[2026/09/25 22:50:59:9510] N: started process, pid: 60138
[2026/09/25 22:50:59:9516] N: started process, pid: 60139
[2026/09/25 22:50:59:9529] N: started process, pid: 60140
[2026/09/25 22:50:59:9541] N: started process, pid: 60144
[2026/09/25 22:50:59:9556] N: started process, pid: 60153
[2026/09/25 22:50:59:9575] N: started process, pid: 60159
[2026/09/25 22:51:00:0240] N: WS closed from (unix skt), clients: 9
[2026/09/25 22:51:00:0241] N: killing process, pid: 60137
[2026/09/25 22:51:00:0244] N: process killed with signal 1, pid: 60137
[2026/09/25 22:51:00:1164] N: WS closed from (unix skt), clients: 8
[2026/09/25 22:51:00:1165] N: killing process, pid: 60153
[2026/09/25 22:51:00:1167] N: process killed with signal 1, pid: 60153
[2026/09/25 22:51:00:2112] N: WS closed from (unix skt), clients: 7
[2026/09/25 22:51:00:2113] N: killing process, pid: 60134
[2026/09/25 22:51:00:2116] N: process killed with signal 0, pid: 60134
[2026/09/25 22:51:00:2238] N: WS closed from (unix skt), clients: 6
[2026/09/25 22:51:00:2238] N: killing process, pid: 60135
[2026/09/25 22:51:00:2242] N: process killed with signal 0, pid: 60135
[2026/09/25 22:51:00:2899] N: WS closed from (unix skt), clients: 5
[2026/09/25 22:51:00:2899] N: killing process, pid: 60139
[2026/09/25 22:51:00:2899] N: WS closed from (unix skt), clients: 4
[2026/09/25 22:51:00:2899] N: killing process, pid: 60140
[2026/09/25 22:51:00:2904] N: process killed with signal 0, pid: 60139
[2026/09/25 22:51:00:2904] N: process killed with signal 0, pid: 60140
[2026/09/25 22:51:00:7669] N: WS closed from (unix skt), clients: 3
[2026/09/25 22:51:00:7669] N: killing process, pid: 60136
[2026/09/25 22:51:00:7683] N: process killed with signal 0, pid: 60136
[2026/09/25 22:51:00:8040] N: WS closed from (unix skt), clients: 2
[2026/09/25 22:51:00:8041] N: killing process, pid: 60144
[2026/09/25 22:51:00:8048] N: process killed with signal 0, pid: 60144
[2026/09/25 22:51:01:9482] N: WS closed from (unix skt), clients: 1
[2026/09/25 22:51:01:9482] N: killing process, pid: 60138
[2026/09/25 22:51:01:9483] N: WS closed from (unix skt), clients: 0
[2026/09/25 22:51:01:9483] N: killing process, pid: 60159
[2026/09/25 22:51:01:9491] N: process killed with signal 0, pid: 60138
[2026/09/25 22:51:01:9491] N: process killed with signal 0, pid: 60159
[2026/09/25 22:51:01:9572] N: WS   /ws - (unix skt), clients: 1
[2026/09/25 22:51:01:9572] N: WS   /ws - (unix skt), clients: 2
[2026/09/25 22:51:01:9573] N: WS   /ws - (unix skt), clients: 3
[2026/09/25 22:51:01:9573] N: WS   /ws - (unix skt), clients: 4
[2026/09/25 22:51:01:9573] N: WS   /ws - (unix skt), clients: 5
[2026/09/25 22:51:01:9573] N: WS   /ws - (unix skt), clients: 6
[2026/09/25 22:51:01:9573] N: WS   /ws - (unix skt), clients: 7
[2026/09/25 22:51:01:9573] N: WS   /ws - (unix skt), clients: 8
[2026/09/25 22:51:01:9573] N: WS   /ws - (unix skt), clients: 9
[2026/09/25 22:51:01:9573] N: WS   /ws - (unix skt), clients: 10
[2026/09/25 22:51:01:9583] N: started process, pid: 60503
[2026/09/25 22:51:01:9587] N: started process, pid: 60504
[2026/09/25 22:51:01:9592] N: started process, pid: 60505
[2026/09/25 22:51:01:9598] N: started process, pid: 60506
[2026/09/25 22:51:01:9606] N: started process, pid: 60507
[2026/09/25 22:51:01:9614] N: started process, pid: 60508
[2026/09/25 22:51:01:9624] N: started process, pid: 60509
[2026/09/25 22:51:01:9635] N: started process, pid: 60512
[2026/09/25 22:51:01:9646] N: started process, pid: 60520
[2026/09/25 22:51:01:9656] N: started process, pid: 60527
[2026/09/25 22:51:02:0730] N: WS closed from (unix skt), clients: 9
[2026/09/25 22:51:02:0731] N: killing process, pid: 60506
[2026/09/25 22:51:02:0734] N: process killed with signal 1, pid: 60506
[2026/09/25 22:51:02:1323] N: WS closed from (unix skt), clients: 8
[2026/09/25 22:51:02:1323] N: killing process, pid: 60520
[2026/09/25 22:51:02:1327] N: process killed with signal 1, pid: 60520
[2026/09/25 22:51:02:2118] N: WS closed from (unix skt), clients: 7
[2026/09/25 22:51:02:2118] N: killing process, pid: 60503
[2026/09/25 22:51:02:2122] N: process killed with signal 0, pid: 60503
[2026/09/25 22:51:02:2617] N: WS closed from (unix skt), clients: 6
[2026/09/25 22:51:02:2617] N: killing process, pid: 60504
[2026/09/25 22:51:02:2622] N: process killed with signal 0, pid: 60504
[2026/09/25 22:51:02:2859] N: WS closed from (unix skt), clients: 5
[2026/09/25 22:51:02:2860] N: killing process, pid: 60509
[2026/09/25 22:51:02:2865] N: process killed with signal 0, pid: 60509
[2026/09/25 22:51:02:3020] N: WS closed from (unix skt), clients: 4
[2026/09/25 22:51:02:3021] N: killing process, pid: 60508
[2026/09/25 22:51:02:3024] N: process killed with signal 0, pid: 60508
[2026/09/25 22:51:02:7882] N: WS closed from (unix skt), clients: 3
[2026/09/25 22:51:02:7883] N: killing process, pid: 60505
[2026/09/25 22:51:02:7898] N: process killed with signal 0, pid: 60505
[2026/09/25 22:51:02:8054] N: WS closed from (unix skt), clients: 2
[2026/09/25 22:51:02:8055] N: killing process, pid: 60512
[2026/09/25 22:51:02:8064] N: process killed with signal 0, pid: 60512
[2026/09/25 22:51:03:9587] N: WS closed from (unix skt), clients: 1
[2026/09/25 22:51:03:9587] N: killing process, pid: 60507
[2026/09/25 22:51:03:9588] N: WS closed from (unix skt), clients: 0
[2026/09/25 22:51:03:9588] N: killing process, pid: 60527
[2026/09/25 22:51:03:9598] N: process killed with signal 0, pid: 60507
[2026/09/25 22:51:03:9598] N: process killed with signal 0, pid: 60527
[2026/09/25 22:51:03:9693] N: WS   /ws - (unix skt), clients: 1
[2026/09/25 22:51:03:9693] N: WS   /ws - (unix skt), clients: 2
[2026/09/25 22:51:03:9693] N: WS   /ws - (unix skt), clients: 3
[2026/09/25 22:51:03:9693] N: WS   /ws - (unix skt), clients: 4
[2026/09/25 22:51:03:9694] N: WS   /ws - (unix skt), clients: 5
[2026/09/25 22:51:03:9694] N: WS   /ws - (unix skt), clients: 6
[2026/09/25 22:51:03:9694] N: WS   /ws - (unix skt), clients: 7
[2026/09/25 22:51:03:9694] N: WS   /ws - (unix skt), clients: 8
[2026/09/25 22:51:03:9694] N: WS   /ws - (unix skt), clients: 9
[2026/09/25 22:51:03:9694] N: WS   /ws - (unix skt), clients: 10
[2026/09/25 22:51:03:9704] N: started process, pid: 60822
[2026/09/25 22:51:03:9710] N: started process, pid: 60823
[2026/09/25 22:51:03:9715] N: started process, pid: 60824
[2026/09/25 22:51:03:9720] N: started process, pid: 60825
[2026/09/25 22:51:03:9727] N: started process, pid: 60826
[2026/09/25 22:51:03:9735] N: started process, pid: 60827
[2026/09/25 22:51:03:9742] N: started process, pid: 60828
[2026/09/25 22:51:03:9757] N: started process, pid: 60829
[2026/09/25 22:51:03:9775] N: started process, pid: 60837
[2026/09/25 22:51:03:9783] N: started process, pid: 60848
[2026/09/25 22:51:04:0800] N: WS closed from (unix skt), clients: 9
[2026/09/25 22:51:04:0800] N: killing process, pid: 60825
[2026/09/25 22:51:04:0803] N: process killed with signal 1, pid: 60825
[2026/09/25 22:51:04:1481] N: WS closed from (unix skt), clients: 8
[2026/09/25 22:51:04:1481] N: killing process, pid: 60837
[2026/09/25 22:51:04:1484] N: process killed with signal 1, pid: 60837
[2026/09/25 22:51:04:2394] N: WS closed from (unix skt), clients: 7
[2026/09/25 22:51:04:2395] N: killing process, pid: 60822
[2026/09/25 22:51:04:2400] N: process killed with signal 0, pid: 60822
[2026/09/25 22:51:04:2825] N: WS closed from (unix skt), clients: 6
[2026/09/25 22:51:04:2825] N: killing process, pid: 60823
[2026/09/25 22:51:04:2829] N: process killed with signal 0, pid: 60823
[2026/09/25 22:51:04:3216] N: WS closed from (unix skt), clients: 5
[2026/09/25 22:51:04:3216] N: killing process, pid: 60828
[2026/09/25 22:51:04:3217] N: WS closed from (unix skt), clients: 4
[2026/09/25 22:51:04:3217] N: killing process, pid: 60827
[2026/09/25 22:51:04:3221] N: process killed with signal 0, pid: 60828
[2026/09/25 22:51:04:3222] N: process killed with signal 0, pid: 60827
[2026/09/25 22:51:04:7684] N: WS closed from (unix skt), clients: 3
[2026/09/25 22:51:04:7685] N: killing process, pid: 60824
[2026/09/25 22:51:04:7694] N: process killed with signal 0, pid: 60824
[2026/09/25 22:51:04:8386] N: WS closed from (unix skt), clients: 2
[2026/09/25 22:51:04:8387] N: killing process, pid: 60829
[2026/09/25 22:51:04:8422] N: process killed with signal 0, pid: 60829
[2026/09/25 22:51:05:9719] N: WS closed from (unix skt), clients: 1
[2026/09/25 22:51:05:9719] N: killing process, pid: 60826
[2026/09/25 22:51:05:9720] N: WS closed from (unix skt), clients: 0
[2026/09/25 22:51:05:9720] N: killing process, pid: 60848
[2026/09/25 22:51:05:9731] N: process killed with signal 0, pid: 60848
[2026/09/25 22:51:05:9732] N: process killed with signal 0, pid: 60826
[2026/09/25 22:51:05:9836] N: WS   /ws - (unix skt), clients: 1
[2026/09/25 22:51:05:9837] N: WS   /ws - (unix skt), clients: 2
[2026/09/25 22:51:05:9837] N: WS   /ws - (unix skt), clients: 3
[2026/09/25 22:51:05:9837] N: WS   /ws - (unix skt), clients: 4
[2026/09/25 22:51:05:9837] N: WS   /ws - (unix skt), clients: 5
[2026/09/25 22:51:05:9837] N: WS   /ws - (unix skt), clients: 6
[2026/09/25 22:51:05:9837] N: WS   /ws - (unix skt), clients: 7
[2026/09/25 22:51:05:9838] N: WS   /ws - (unix skt), clients: 8
[2026/09/25 22:51:05:9838] N: WS   /ws - (unix skt), clients: 9
[2026/09/25 22:51:05:9838] N: WS   /ws - (unix skt), clients: 10
[2026/09/25 22:51:05:9848] N: started process, pid: 61128
[2026/09/25 22:51:05:9854] N: started process, pid: 61129
[2026/09/25 22:51:05:9859] N: started process, pid: 61130
[2026/09/25 22:51:05:9868] N: started process, pid: 61131
[2026/09/25 22:51:05:9876] N: started process, pid: 61132
[2026/09/25 22:51:05:9884] N: started process, pid: 61133
[2026/09/25 22:51:05:9895] N: started process, pid: 61134
[2026/09/25 22:51:05:9907] N: started process, pid: 61139
[2026/09/25 22:51:05:9915] N: started process, pid: 61147
[2026/09/25 22:51:05:9937] N: started process, pid: 61150
[2026/09/25 22:51:06:0899] N: WS closed from (unix skt), clients: 9
[2026/09/25 22:51:06:0900] N: killing process, pid: 61131
[2026/09/25 22:51:06:0903] N: process killed with signal 1, pid: 61131
[2026/09/25 22:51:06:1868] N: WS closed from (unix skt), clients: 8
[2026/09/25 22:51:06:1869] N: killing process, pid: 61147
[2026/09/25 22:51:06:1872] N: process killed with signal 1, pid: 61147
[2026/09/25 22:51:06:2754] N: WS closed from (unix skt), clients: 7
[2026/09/25 22:51:06:2754] N: killing process, pid: 61129
[2026/09/25 22:51:06:2755] N: WS closed from (unix skt), clients: 6
[2026/09/25 22:51:06:2755] N: killing process, pid: 61128
[2026/09/25 22:51:06:2759] N: process killed with signal 0, pid: 61128
[2026/09/25 22:51:06:2759] N: process killed with signal 0, pid: 61129
[2026/09/25 22:51:06:3754] N: WS closed from (unix skt), clients: 5
[2026/09/25 22:51:06:3754] N: killing process, pid: 61133
[2026/09/25 22:51:06:3761] N: process killed with signal 0, pid: 61133
[2026/09/25 22:51:06:3895] N: WS closed from (unix skt), clients: 4
[2026/09/25 22:51:06:3895] N: killing process, pid: 61134
[2026/09/25 22:51:06:3901] N: process killed with signal 0, pid: 61134
[2026/09/25 22:51:06:8504] N: WS closed from (unix skt), clients: 3
[2026/09/25 22:51:06:8505] N: killing process, pid: 61139
[2026/09/25 22:51:06:8518] N: process killed with signal 0, pid: 61139
[2026/09/25 22:51:06:8656] N: WS closed from (unix skt), clients: 2
[2026/09/25 22:51:06:8657] N: killing process, pid: 61130
[2026/09/25 22:51:06:8668] N: process killed with signal 0, pid: 61130
[2026/09/25 22:51:07:9841] N: WS closed from (unix skt), clients: 1
[2026/09/25 22:51:07:9842] N: killing process, pid: 61132
[2026/09/25 22:51:07:9842] N: WS closed from (unix skt), clients: 0
[2026/09/25 22:51:07:9843] N: killing process, pid: 61150
[2026/09/25 22:51:07:9851] N: process killed with signal 0, pid: 61150
[2026/09/25 22:51:07:9852] N: process killed with signal 0, pid: 61132
[2026/09/25 22:51:07:9912] N: WS   /ws - (unix skt), clients: 1
[2026/09/25 22:51:07:9912] N: WS   /ws - (unix skt), clients: 2
[2026/09/25 22:51:07:9913] N: WS   /ws - (unix skt), clients: 3
[2026/09/25 22:51:07:9913] N: WS   /ws - (unix skt), clients: 4
[2026/09/25 22:51:07:9913] N: WS   /ws - (unix skt), clients: 5
[2026/09/25 22:51:07:9913] N: WS   /ws - (unix skt), clients: 6
[2026/09/25 22:51:07:9913] N: WS   /ws - (unix skt), clients: 7
[2026/09/25 22:51:07:9913] N: WS   /ws - (unix skt), clients: 8
[2026/09/25 22:51:07:9914] N: WS   /ws - (unix skt), clients: 9
[2026/09/25 22:51:07:9914] N: WS   /ws - (unix skt), clients: 10
[2026/09/25 22:51:07:9925] N: started process, pid: 61397
[2026/09/25 22:51:07:9932] N: started process, pid: 61398
[2026/09/25 22:51:07:9936] N: started process, pid: 61399
[2026/09/25 22:51:07:9942] N: started process, pid: 61400
[2026/09/25 22:51:07:9946] N: started process, pid: 61401
[2026/09/25 22:51:07:9951] N: started process, pid: 61402
[2026/09/25 22:51:07:9957] N: started process, pid: 61403
[2026/09/25 22:51:07:9966] N: started process, pid: 61404
[2026/09/25 22:51:07:9980] N: started process, pid: 61408
[2026/09/25 22:51:07:9999] N: started process, pid: 61416
[2026/09/25 22:51:08:1212] N: WS closed from (unix skt), clients: 9
[2026/09/25 22:51:08:1212] N: killing process, pid: 61400
[2026/09/25 22:51:08:1216] N: process killed with signal 1, pid: 61400
[2026/09/25 22:51:08:1605] N: WS closed from (unix skt), clients: 8
[2026/09/25 22:51:08:1606] N: killing process, pid: 61408
[2026/09/25 22:51:08:1610] N: process killed with signal 1, pid: 61408
[2026/09/25 22:51:08:2842] N: WS closed from (unix skt), clients: 7
[2026/09/25 22:51:08:2843] N: killing process, pid: 61397
[2026/09/25 22:51:08:2847] N: process killed with signal 0, pid: 61397
[2026/09/25 22:51:08:3105] N: WS closed from (unix skt), clients: 6
[2026/09/25 22:51:08:3106] N: killing process, pid: 61398
[2026/09/25 22:51:08:3124] N: process killed with signal 0, pid: 61398
[2026/09/25 22:51:08:3520] N: WS closed from (unix skt), clients: 5
[2026/09/25 22:51:08:3520] N: killing process, pid: 61402
[2026/09/25 22:51:08:3524] N: process killed with signal 0, pid: 61402
[2026/09/25 22:51:08:3783] N: WS closed from (unix skt), clients: 4
[2026/09/25 22:51:08:3784] N: killing process, pid: 61403
[2026/09/25 22:51:08:3788] N: process killed with signal 0, pid: 61403
[2026/09/25 22:51:08:7985] N: WS closed from (unix skt), clients: 3
[2026/09/25 22:51:08:7986] N: killing process, pid: 61399
[2026/09/25 22:51:08:7990] N: process killed with signal 0, pid: 61399
[2026/09/25 22:51:08:8791] N: WS closed from (unix skt), clients: 2
[2026/09/25 22:51:08:8791] N: killing process, pid: 61404
[2026/09/25 22:51:08:8821] N: process killed with signal 0, pid: 61404
[2026/09/25 22:51:09:9933] N: WS closed from (unix skt), clients: 1
[2026/09/25 22:51:09:9933] N: killing process, pid: 61401
[2026/09/25 22:51:09:9934] N: WS closed from (unix skt), clients: 0
[2026/09/25 22:51:09:9934] N: killing process, pid: 61416
[2026/09/25 22:51:09:9941] N: process killed with signal 0, pid: 61401
[2026/09/25 22:51:09:9949] N: process killed with signal 0, pid: 61416
[2026/09/25 22:51:10:0028] N: WS   /ws - (unix skt), clients: 1
[2026/09/25 22:51:10:0029] N: WS   /ws - (unix skt), clients: 2
[2026/09/25 22:51:10:0029] N: WS   /ws - (unix skt), clients: 3
[2026/09/25 22:51:10:0029] N: WS   /ws - (unix skt), clients: 4
[2026/09/25 22:51:10:0029] N: WS   /ws - (unix skt), clients: 5
[2026/09/25 22:51:10:0029] N: WS   /ws - (unix skt), clients: 6
[2026/09/25 22:51:10:0029] N: WS   /ws - (unix skt), clients: 7
[2026/09/25 22:51:10:0029] N: WS   /ws - (unix skt), clients: 8
[2026/09/25 22:51:10:0029] N: WS   /ws - (unix skt), clients: 9
[2026/09/25 22:51:10:0029] N: WS   /ws - (unix skt), clients: 10
[2026/09/25 22:51:10:0038] N: started process, pid: 61721
[2026/09/25 22:51:10:0042] N: started process, pid: 61722
[2026/09/25 22:51:10:0047] N: started process, pid: 61723
[2026/09/25 22:51:10:0051] N: started process, pid: 61724
[2026/09/25 22:51:10:0059] N: started process, pid: 61725
[2026/09/25 22:51:10:0065] N: started process, pid: 61726
[2026/09/25 22:51:10:0070] N: started process, pid: 61727
[2026/09/25 22:51:10:0079] N: started process, pid: 61728
[2026/09/25 22:51:10:0088] N: started process, pid: 61732
[2026/09/25 22:51:10:0099] N: started process, pid: 61738
[2026/09/25 22:51:10:1050] N: WS closed from (unix skt), clients: 9
[2026/09/25 22:51:10:1050] N: killing process, pid: 61724
[2026/09/25 22:51:10:1052] N: process killed with signal 1, pid: 61724
[2026/09/25 22:51:10:1691] N: WS closed from (unix skt), clients: 8
[2026/09/25 22:51:10:1691] N: killing process, pid: 61732
[2026/09/25 22:51:10:1694] N: process killed with signal 1, pid: 61732
[2026/09/25 22:51:10:2668] N: WS closed from (unix skt), clients: 7
[2026/09/25 22:51:10:2668] N: killing process, pid: 61721
[2026/09/25 22:51:10:2672] N: process killed with signal 0, pid: 61721
[2026/09/25 22:51:10:2789] N: WS closed from (unix skt), clients: 6
[2026/09/25 22:51:10:2789] N: killing process, pid: 61722
[2026/09/25 22:51:10:2792] N: process killed with signal 0, pid: 61722
[2026/09/25 22:51:10:3582] N: WS closed from (unix skt), clients: 5
[2026/09/25 22:51:10:3583] N: killing process, pid: 61726
[2026/09/25 22:51:10:3587] N: process killed with signal 0, pid: 61726
[2026/09/25 22:51:10:3724] N: WS closed from (unix skt), clients: 4
[2026/09/25 22:51:10:3724] N: killing process, pid: 61727
[2026/09/25 22:51:10:3729] N: process killed with signal 0, pid: 61727
[2026/09/25 22:51:10:8190] N: WS closed from (unix skt), clients: 3
[2026/09/25 22:51:10:8191] N: killing process, pid: 61723
[2026/09/25 22:51:10:8200] N: process killed with signal 0, pid: 61723
[2026/09/25 22:51:10:8468] N: WS closed from (unix skt), clients: 2
[2026/09/25 22:51:10:8469] N: killing process, pid: 61728
[2026/09/25 22:51:10:8481] N: process killed with signal 0, pid: 61728
[2026/09/25 22:51:12:0046] N: WS closed from (unix skt), clients: 1
[2026/09/25 22:51:12:0046] N: killing process, pid: 61725
[2026/09/25 22:51:12:0047] N: WS closed from (unix skt), clients: 0
[2026/09/25 22:51:12:0047] N: killing process, pid: 61738
[2026/09/25 22:51:12:0052] N: process killed with signal 0, pid: 61725
[2026/09/25 22:51:12:0057] N: process killed with signal 0, pid: 61738
[2026/09/25 22:51:12:0141] N: WS   /ws - (unix skt), clients: 1
[2026/09/25 22:51:12:0141] N: WS   /ws - (unix skt), clients: 2
[2026/09/25 22:51:12:0141] N: WS   /ws - (unix skt), clients: 3
[2026/09/25 22:51:12:0141] N: WS   /ws - (unix skt), clients: 4
[2026/09/25 22:51:12:0142] N: WS   /ws - (unix skt), clients: 5
[2026/09/25 22:51:12:0142] N: WS   /ws - (unix skt), clients: 6
[2026/09/25 22:51:12:0142] N: WS   /ws - (unix skt), clients: 7
[2026/09/25 22:51:12:0142] N: WS   /ws - (unix skt), clients: 8
[2026/09/25 22:51:12:0142] N: WS   /ws - (unix skt), clients: 9
[2026/09/25 22:51:12:0142] N: WS   /ws - (unix skt), clients: 10
[2026/09/25 22:51:12:0152] N: started process, pid: 62029
[2026/09/25 22:51:12:0158] N: started process, pid: 62030
[2026/09/25 22:51:12:0163] N: started process, pid: 62031
[2026/09/25 22:51:12:0168] N: started process, pid: 62032
[2026/09/25 22:51:12:0177] N: started process, pid: 62033
[2026/09/25 22:51:12:0185] N: started process, pid: 62034
[2026/09/25 22:51:12:0191] N: started process, pid: 62035
[2026/09/25 22:51:12:0202] N: started process, pid: 62037
[2026/09/25 22:51:12:0215] N: started process, pid: 62045
[2026/09/25 22:51:12:0221] N: started process, pid: 62049
[2026/09/25 22:51:12:1200] N: WS closed from (unix skt), clients: 9
[2026/09/25 22:51:12:1201] N: killing process, pid: 62031
[2026/09/25 22:51:12:1204] N: process killed with signal 1, pid: 62031
[2026/09/25 22:51:12:1564] N: WS closed from (unix skt), clients: 8
[2026/09/25 22:51:12:1564] N: killing process, pid: 62035
[2026/09/25 22:51:12:1566] N: process killed with signal 1, pid: 62035
[2026/09/25 22:51:12:2826] N: WS closed from (unix skt), clients: 7
[2026/09/25 22:51:12:2826] N: killing process, pid: 62029
[2026/09/25 22:51:12:2830] N: process killed with signal 0, pid: 62029
[2026/09/25 22:51:12:3449] N: WS closed from (unix skt), clients: 6
[2026/09/25 22:51:12:3450] N: killing process, pid: 62033
[2026/09/25 22:51:12:3454] N: process killed with signal 0, pid: 62033
[2026/09/25 22:51:12:3701] N: WS closed from (unix skt), clients: 5
[2026/09/25 22:51:12:3701] N: killing process, pid: 62045
[2026/09/25 22:51:12:3705] N: process killed with signal 0, pid: 62045
[2026/09/25 22:51:12:3834] N: WS closed from (unix skt), clients: 4
[2026/09/25 22:51:12:3834] N: killing process, pid: 62049
[2026/09/25 22:51:12:3839] N: process killed with signal 0, pid: 62049
[2026/09/25 22:51:12:8352] N: WS closed from (unix skt), clients: 3
[2026/09/25 22:51:12:8352] N: killing process, pid: 62030
[2026/09/25 22:51:12:8359] N: process killed with signal 0, pid: 62030
[2026/09/25 22:51:12:8824] N: WS closed from (unix skt), clients: 2
[2026/09/25 22:51:12:8825] N: killing process, pid: 62034
[2026/09/25 22:51:12:8840] N: process killed with signal 0, pid: 62034
[2026/09/25 22:51:14:0157] N: WS closed from (unix skt), clients: 1
[2026/09/25 22:51:14:0158] N: killing process, pid: 62037
[2026/09/25 22:51:14:0159] N: WS closed from (unix skt), clients: 0
[2026/09/25 22:51:14:0159] N: killing process, pid: 62032
[2026/09/25 22:51:14:0167] N: process killed with signal 0, pid: 62037
[2026/09/25 22:51:14:0176] N: process killed with signal 0, pid: 62032
[2026/09/25 22:51:14:0263] N: WS   /ws - (unix skt), clients: 1
[2026/09/25 22:51:14:0263] N: WS   /ws - (unix skt), clients: 2
[2026/09/25 22:51:14:0263] N: WS   /ws - (unix skt), clients: 3
[2026/09/25 22:51:14:0263] N: WS   /ws - (unix skt), clients: 4
[2026/09/25 22:51:14:0263] N: WS   /ws - (unix skt), clients: 5
[2026/09/25 22:51:14:0263] N: WS   /ws - (unix skt), clients: 6
[2026/09/25 22:51:14:0263] N: WS   /ws - (unix skt), clients: 7
[2026/09/25 22:51:14:0264] N: WS   /ws - (unix skt), clients: 8
[2026/09/25 22:51:14:0271] N: started process, pid: 62336
[2026/09/25 22:51:14:0272] N: WS   /ws - (unix skt), clients: 9
[2026/09/25 22:51:14:0272] N: WS   /ws - (unix skt), clients: 10
[2026/09/25 22:51:14:0276] N: started process, pid: 62337
[2026/09/25 22:51:14:0282] N: started process, pid: 62338
[2026/09/25 22:51:14:0288] N: started process, pid: 62339
[2026/09/25 22:51:14:0295] N: started process, pid: 62340
[2026/09/25 22:51:14:0302] N: started process, pid: 62341
[2026/09/25 22:51:14:0313] N: started process, pid: 62342
[2026/09/25 22:51:14:0325] N: started process, pid: 62347
[2026/09/25 22:51:14:0332] N: started process, pid: 62355
[2026/09/25 22:51:14:0342] N: started process, pid: 62359
[2026/09/25 22:51:14:1221] N: WS closed from (unix skt), clients: 9
[2026/09/25 22:51:14:1221] N: killing process, pid: 62338
[2026/09/25 22:51:14:1225] N: process killed with signal 1, pid: 62338
[2026/09/25 22:51:14:2060] N: WS closed from (unix skt), clients: 8
[2026/09/25 22:51:14:2060] N: killing process, pid: 62341
[2026/09/25 22:51:14:2062] N: process killed with signal 1, pid: 62341
[2026/09/25 22:51:14:3242] N: WS closed from (unix skt), clients: 7
[2026/09/25 22:51:14:3242] N: killing process, pid: 62337
[2026/09/25 22:51:14:3243] N: WS closed from (unix skt), clients: 6
[2026/09/25 22:51:14:3243] N: killing process, pid: 62336
[2026/09/25 22:51:14:3248] N: process killed with signal 0, pid: 62336
[2026/09/25 22:51:14:3248] N: process killed with signal 0, pid: 62337
[2026/09/25 22:51:14:3803] N: WS closed from (unix skt), clients: 5
[2026/09/25 22:51:14:3803] N: killing process, pid: 62355
[2026/09/25 22:51:14:3810] N: process killed with signal 0, pid: 62355
[2026/09/25 22:51:14:4078] N: WS closed from (unix skt), clients: 4
[2026/09/25 22:51:14:4079] N: killing process, pid: 62347
[2026/09/25 22:51:14:4083] N: process killed with signal 0, pid: 62347
[2026/09/25 22:51:14:8958] N: WS closed from (unix skt), clients: 3
[2026/09/25 22:51:14:8959] N: killing process, pid: 62340
[2026/09/25 22:51:14:8970] N: process killed with signal 0, pid: 62340
[2026/09/25 22:51:14:9077] N: WS closed from (unix skt), clients: 2
[2026/09/25 22:51:14:9078] N: killing process, pid: 62359
[2026/09/25 22:51:14:9090] N: process killed with signal 0, pid: 62359
[2026/09/25 22:51:16:0266] N: WS closed from (unix skt), clients: 1
[2026/09/25 22:51:16:0266] N: killing process, pid: 62342
[2026/09/25 22:51:16:0273] N: process killed with signal 0, pid: 62342
[2026/09/25 22:51:16:0279] N: WS closed from (unix skt), clients: 0
[2026/09/25 22:51:16:0279] N: killing process, pid: 62339
[2026/09/25 22:51:16:0287] N: process killed with signal 0, pid: 62339
[2026/09/25 22:51:16:0397] N: WS   /ws - (unix skt), clients: 1
[2026/09/25 22:51:16:0398] N: WS   /ws - (unix skt), clients: 2
[2026/09/25 22:51:16:0398] N: WS   /ws - (unix skt), clients: 3
[2026/09/25 22:51:16:0398] N: WS   /ws - (unix skt), clients: 4
[2026/09/25 22:51:16:0398] N: WS   /ws - (unix skt), clients: 5
[2026/09/25 22:51:16:0398] N: WS   /ws - (unix skt), clients: 6
[2026/09/25 22:51:16:0398] N: WS   /ws - (unix skt), clients: 7
[2026/09/25 22:51:16:0398] N: WS   /ws - (unix skt), clients: 8
[2026/09/25 22:51:16:0399] N: WS   /ws - (unix skt), clients: 9
[2026/09/25 22:51:16:0407] N: started process, pid: 62569
[2026/09/25 22:51:16:0412] N: started process, pid: 62570
[2026/09/25 22:51:16:0413] N: WS   /ws - (unix skt), clients: 10
[2026/09/25 22:51:16:0417] N: started process, pid: 62571
[2026/09/25 22:51:16:0422] N: started process, pid: 62572
[2026/09/25 22:51:16:0431] N: started process, pid: 62573
[2026/09/25 22:51:16:0438] N: started process, pid: 62574
[2026/09/25 22:51:16:0444] N: started process, pid: 62575
[2026/09/25 22:51:16:0457] N: started process, pid: 62577
[2026/09/25 22:51:16:0471] N: started process, pid: 62584
[2026/09/25 22:51:16:0482] N: started process, pid: 62593
[2026/09/25 22:51:16:1576] N: WS closed from (unix skt), clients: 9
[2026/09/25 22:51:16:1576] N: killing process, pid: 62573
[2026/09/25 22:51:16:1579] N: process killed with signal 1, pid: 62573
[2026/09/25 22:51:16:1580] N: WS closed from (unix skt), clients: 8
[2026/09/25 22:51:16:1580] N: killing process, pid: 62593
[2026/09/25 22:51:16:1582] N: process killed with signal 1, pid: 62593
[2026/09/25 22:51:16:3176] N: WS closed from (unix skt), clients: 7
[2026/09/25 22:51:16:3176] N: killing process, pid: 62569
[2026/09/25 22:51:16:3181] N: process killed with signal 0, pid: 62569
[2026/09/25 22:51:16:3584] N: WS closed from (unix skt), clients: 6
[2026/09/25 22:51:16:3585] N: killing process, pid: 62571
[2026/09/25 22:51:16:3588] N: process killed with signal 0, pid: 62571
[2026/09/25 22:51:16:3976] N: WS closed from (unix skt), clients: 5
[2026/09/25 22:51:16:3976] N: killing process, pid: 62575
[2026/09/25 22:51:16:3982] N: process killed with signal 0, pid: 62575
[2026/09/25 22:51:16:4088] N: WS closed from (unix skt), clients: 4
[2026/09/25 22:51:16:4088] N: killing process, pid: 62577
[2026/09/25 22:51:16:4093] N: process killed with signal 0, pid: 62577
[2026/09/25 22:51:16:7934] N: WS closed from (unix skt), clients: 3
[2026/09/25 22:51:16:7935] N: killing process, pid: 62570
[2026/09/25 22:51:16:7947] N: process killed with signal 0, pid: 62570
[2026/09/25 22:51:16:9104] N: WS closed from (unix skt), clients: 2
[2026/09/25 22:51:16:9105] N: killing process, pid: 62584
[2026/09/25 22:51:16:9121] N: process killed with signal 0, pid: 62584
[2026/09/25 22:51:18:0409] N: WS closed from (unix skt), clients: 1
[2026/09/25 22:51:18:0409] N: killing process, pid: 62574
[2026/09/25 22:51:18:0416] N: process killed with signal 0, pid: 62574
[2026/09/25 22:51:18:0422] N: WS closed from (unix skt), clients: 0
[2026/09/25 22:51:18:0422] N: killing process, pid: 62572
[2026/09/25 22:51:18:0430] N: process killed with signal 0, pid: 62572
[2026/09/25 22:51:18:0529] N: WS   /ws - (unix skt), clients: 1
[2026/09/25 22:51:18:0529] N: WS   /ws - (unix skt), clients: 2
[2026/09/25 22:51:18:0529] N: WS   /ws - (unix skt), clients: 3
[2026/09/25 22:51:18:0529] N: WS   /ws - (unix skt), clients: 4
[2026/09/25 22:51:18:0529] N: WS   /ws - (unix skt), clients: 5
[2026/09/25 22:51:18:0530] N: WS   /ws - (unix skt), clients: 6
[2026/09/25 22:51:18:0530] N: WS   /ws - (unix skt), clients: 7
[2026/09/25 22:51:18:0530] N: WS   /ws - (unix skt), clients: 8
[2026/09/25 22:51:18:0530] N: WS   /ws - (unix skt), clients: 9
[2026/09/25 22:51:18:0540] N: started process, pid: 62903
[2026/09/25 22:51:18:0545] N: started process, pid: 62904
[2026/09/25 22:51:18:0546] N: WS   /ws - (unix skt), clients: 10
[2026/09/25 22:51:18:0551] N: started process, pid: 62905
[2026/09/25 22:51:18:0558] N: started process, pid: 62906
[2026/09/25 22:51:18:0567] N: started process, pid: 62907
[2026/09/25 22:51:18:0577] N: started process, pid: 62909
[2026/09/25 22:51:18:0587] N: started process, pid: 62910
[2026/09/25 22:51:18:0600] N: started process, pid: 62917
[2026/09/25 22:51:18:0616] N: started process, pid: 62925
[2026/09/25 22:51:18:0626] N: started process, pid: 62930
[2026/09/25 22:51:18:2347] N: WS closed from (unix skt), clients: 9
[2026/09/25 22:51:18:2347] N: killing process, pid: 62907
[2026/09/25 22:51:18:2367] N: process killed with signal 1, pid: 62907
[2026/09/25 22:51:18:2400] N: WS closed from (unix skt), clients: 8
[2026/09/25 22:51:18:2401] N: killing process, pid: 62930
[2026/09/25 22:51:18:2413] N: process killed with signal 1, pid: 62930
[2026/09/25 22:51:18:3358] N: WS closed from (unix skt), clients: 7
[2026/09/25 22:51:18:3358] N: killing process, pid: 62903
[2026/09/25 22:51:18:3362] N: process killed with signal 0, pid: 62903
[2026/09/25 22:51:18:3490] N: WS closed from (unix skt), clients: 6
[2026/09/25 22:51:18:3490] N: killing process, pid: 62905
[2026/09/25 22:51:18:3493] N: process killed with signal 0, pid: 62905
[2026/09/25 22:51:18:3901] N: WS closed from (unix skt), clients: 5
[2026/09/25 22:51:18:3901] N: killing process, pid: 62910
[2026/09/25 22:51:18:3906] N: process killed with signal 0, pid: 62910
[2026/09/25 22:51:18:4173] N: WS closed from (unix skt), clients: 4
[2026/09/25 22:51:18:4173] N: killing process, pid: 62917
[2026/09/25 22:51:18:4178] N: process killed with signal 0, pid: 62917
[2026/09/25 22:51:18:8503] N: WS closed from (unix skt), clients: 3
[2026/09/25 22:51:18:8504] N: killing process, pid: 62904
[2026/09/25 22:51:18:8512] N: process killed with signal 0, pid: 62904
[2026/09/25 22:51:18:9068] N: WS closed from (unix skt), clients: 2
[2026/09/25 22:51:18:9069] N: killing process, pid: 62925
[2026/09/25 22:51:18:9083] N: process killed with signal 0, pid: 62925
[2026/09/25 22:51:20:0550] N: WS closed from (unix skt), clients: 1
[2026/09/25 22:51:20:0551] N: killing process, pid: 62909
[2026/09/25 22:51:20:0552] N: WS closed from (unix skt), clients: 0
[2026/09/25 22:51:20:0552] N: killing process, pid: 62906
[2026/09/25 22:51:20:0560] N: process killed with signal 0, pid: 62909
[2026/09/25 22:51:20:0571] N: process killed with signal 0, pid: 62906
[2026/09/25 22:51:20:0690] N: WS   /ws - (unix skt), clients: 1
[2026/09/25 22:51:20:0690] N: WS   /ws - (unix skt), clients: 2
[2026/09/25 22:51:20:0691] N: WS   /ws - (unix skt), clients: 3
[2026/09/25 22:51:20:0691] N: WS   /ws - (unix skt), clients: 4
[2026/09/25 22:51:20:0691] N: WS   /ws - (unix skt), clients: 5
[2026/09/25 22:51:20:0691] N: WS   /ws - (unix skt), clients: 6
[2026/09/25 22:51:20:0691] N: WS   /ws - (unix skt), clients: 7
[2026/09/25 22:51:20:0691] N: WS   /ws - (unix skt), clients: 8
[2026/09/25 22:51:20:0691] N: WS   /ws - (unix skt), clients: 9
[2026/09/25 22:51:20:0692] N: WS   /ws - (unix skt), clients: 10
[2026/09/25 22:51:20:0701] N: started process, pid: 63366
[2026/09/25 22:51:20:0707] N: started process, pid: 63367
[2026/09/25 22:51:20:0713] N: started process, pid: 63368
[2026/09/25 22:51:20:0725] N: started process, pid: 63369
[2026/09/25 22:51:20:0732] N: started process, pid: 63370
[2026/09/25 22:51:20:0738] N: started process, pid: 63371
[2026/09/25 22:51:20:0749] N: started process, pid: 63372
[2026/09/25 22:51:20:0760] N: started process, pid: 63375
[2026/09/25 22:51:20:0779] N: started process, pid: 63382
[2026/09/25 22:51:20:0793] N: started process, pid: 63391
[2026/09/25 22:51:20:1896] N: WS closed from (unix skt), clients: 9
[2026/09/25 22:51:20:1897] N: killing process, pid: 63369
[2026/09/25 22:51:20:1899] N: process killed with signal 1, pid: 63369
[2026/09/25 22:51:20:2213] N: WS closed from (unix skt), clients: 8
[2026/09/25 22:51:20:2213] N: killing process, pid: 63375
[2026/09/25 22:51:20:2218] N: process killed with signal 1, pid: 63375
[2026/09/25 22:51:20:3757] N: WS closed from (unix skt), clients: 7
[2026/09/25 22:51:20:3757] N: killing process, pid: 63366
[2026/09/25 22:51:20:3757] N: WS closed from (unix skt), clients: 6
[2026/09/25 22:51:20:3758] N: killing process, pid: 63367
[2026/09/25 22:51:20:3762] N: process killed with signal 0, pid: 63366
[2026/09/25 22:51:20:3762] N: process killed with signal 0, pid: 63367
[2026/09/25 22:51:20:3906] N: WS closed from (unix skt), clients: 5
[2026/09/25 22:51:20:3906] N: killing process, pid: 63371
[2026/09/25 22:51:20:3910] N: process killed with signal 0, pid: 63371
[2026/09/25 22:51:20:4776] N: WS closed from (unix skt), clients: 4
[2026/09/25 22:51:20:4777] N: killing process, pid: 63391
[2026/09/25 22:51:20:4784] N: process killed with signal 0, pid: 63391
[2026/09/25 22:51:20:8295] N: WS closed from (unix skt), clients: 3
[2026/09/25 22:51:20:8295] N: killing process, pid: 63368
[2026/09/25 22:51:20:8302] N: process killed with signal 0, pid: 63368
[2026/09/25 22:51:20:9706] N: WS closed from (unix skt), clients: 2
[2026/09/25 22:51:20:9708] N: killing process, pid: 63372
[2026/09/25 22:51:20:9722] N: process killed with signal 0, pid: 63372
[2026/09/25 22:51:22:0702] N: WS closed from (unix skt), clients: 1
[2026/09/25 22:51:22:0702] N: killing process, pid: 63382
[2026/09/25 22:51:22:0703] N: WS closed from (unix skt), clients: 0
[2026/09/25 22:51:22:0703] N: killing process, pid: 63370
[2026/09/25 22:51:22:0709] N: process killed with signal 0, pid: 63370
[2026/09/25 22:51:22:0709] N: process killed with signal 0, pid: 63382
[2026/09/25 22:51:22:0801] N: WS   /ws - (unix skt), clients: 1
[2026/09/25 22:51:22:0801] N: WS   /ws - (unix skt), clients: 2
[2026/09/25 22:51:22:0801] N: WS   /ws - (unix skt), clients: 3
[2026/09/25 22:51:22:0801] N: WS   /ws - (unix skt), clients: 4
[2026/09/25 22:51:22:0801] N: WS   /ws - (unix skt), clients: 5
[2026/09/25 22:51:22:0802] N: WS   /ws - (unix skt), clients: 6
[2026/09/25 22:51:22:0802] N: WS   /ws - (unix skt), clients: 7
[2026/09/25 22:51:22:0802] N: WS   /ws - (unix skt), clients: 8
[2026/09/25 22:51:22:0802] N: WS   /ws - (unix skt), clients: 9
[2026/09/25 22:51:22:0802] N: WS   /ws - (unix skt), clients: 10
[2026/09/25 22:51:22:0812] N: started process, pid: 63862
[2026/09/25 22:51:22:0816] N: started process, pid: 63863
[2026/09/25 22:51:22:0821] N: started process, pid: 63864
[2026/09/25 22:51:22:0828] N: started process, pid: 63865
[2026/09/25 22:51:22:0834] N: started process, pid: 63866
[2026/09/25 22:51:22:0841] N: started process, pid: 63867
[2026/09/25 22:51:22:0855] N: started process, pid: 63869
[2026/09/25 22:51:22:0866] N: started process, pid: 63878
[2026/09/25 22:51:22:0880] N: started process, pid: 63882
[2026/09/25 22:51:22:0897] N: started process, pid: 63886
[2026/09/25 22:51:22:1950] N: WS closed from (unix skt), clients: 9
[2026/09/25 22:51:22:1950] N: killing process, pid: 63865
[2026/09/25 22:51:22:1960] N: process killed with signal 1, pid: 63865
[2026/09/25 22:51:22:2130] N: WS closed from (unix skt), clients: 8
[2026/09/25 22:51:22:2131] N: killing process, pid: 63882
[2026/09/25 22:51:22:2135] N: process killed with signal 1, pid: 63882
[2026/09/25 22:51:22:3349] N: WS closed from (unix skt), clients: 7
[2026/09/25 22:51:22:3349] N: killing process, pid: 63863
[2026/09/25 22:51:22:3353] N: process killed with signal 0, pid: 63863
[2026/09/25 22:51:22:3820] N: WS closed from (unix skt), clients: 6
[2026/09/25 22:51:22:3820] N: killing process, pid: 63862
[2026/09/25 22:51:22:3824] N: process killed with signal 0, pid: 63862
[2026/09/25 22:51:22:4286] N: WS closed from (unix skt), clients: 5
[2026/09/25 22:51:22:4287] N: killing process, pid: 63869
[2026/09/25 22:51:22:4292] N: process killed with signal 0, pid: 63869
[2026/09/25 22:51:22:4726] N: WS closed from (unix skt), clients: 4
[2026/09/25 22:51:22:4726] N: killing process, pid: 63867
[2026/09/25 22:51:22:4731] N: process killed with signal 0, pid: 63867
[2026/09/25 22:51:22:8842] N: WS closed from (unix skt), clients: 3
[2026/09/25 22:51:22:8842] N: killing process, pid: 63864
[2026/09/25 22:51:22:8846] N: process killed with signal 0, pid: 63864
[2026/09/25 22:51:22:9468] N: WS closed from (unix skt), clients: 2
[2026/09/25 22:51:22:9469] N: killing process, pid: 63878
[2026/09/25 22:51:22:9475] N: process killed with signal 0, pid: 63878
[2026/09/25 22:51:24:0813] N: WS closed from (unix skt), clients: 1
[2026/09/25 22:51:24:0814] N: killing process, pid: 63866
[2026/09/25 22:51:24:0814] N: WS closed from (unix skt), clients: 0
[2026/09/25 22:51:24:0814] N: killing process, pid: 63886
[2026/09/25 22:51:24:0822] N: process killed with signal 0, pid: 63866
[2026/09/25 22:51:24:0831] N: process killed with signal 0, pid: 63886
[2026/09/25 22:51:24:0926] N: WS   /ws - (unix skt), clients: 1
[2026/09/25 22:51:24:0926] N: WS   /ws - (unix skt), clients: 2
[2026/09/25 22:51:24:0926] N: WS   /ws - (unix skt), clients: 3
[2026/09/25 22:51:24:0927] N: WS   /ws - (unix skt), clients: 4
[2026/09/25 22:51:24:0927] N: WS   /ws - (unix skt), clients: 5
[2026/09/25 22:51:24:0927] N: WS   /ws - (unix skt), clients: 6
[2026/09/25 22:51:24:0927] N: WS   /ws - (unix skt), clients: 7
[2026/09/25 22:51:24:0927] N: WS   /ws - (unix skt), clients: 8
[2026/09/25 22:51:24:0927] N: WS   /ws - (unix skt), clients: 9
[2026/09/25 22:51:24:0927] N: WS   /ws - (unix skt), clients: 10
[2026/09/25 22:51:24:0936] N: started process, pid: 64159
[2026/09/25 22:51:24:0940] N: started process, pid: 64160
[2026/09/25 22:51:24:0945] N: started process, pid: 64161
[2026/09/25 22:51:24:0951] N: started process, pid: 64162
[2026/09/25 22:51:24:0956] N: started process, pid: 64163
[2026/09/25 22:51:24:0966] N: started process, pid: 64164
[2026/09/25 22:51:24:0972] N: started process, pid: 64165
[2026/09/25 22:51:24:0985] N: started process, pid: 64166
[2026/09/25 22:51:24:0993] N: started process, pid: 64171
[2026/09/25 22:51:24:1006] N: started process, pid: 64177
[2026/09/25 22:51:24:2188] N: WS closed from (unix skt), clients: 9
[2026/09/25 22:51:24:2189] N: killing process, pid: 64162
[2026/09/25 22:51:24:2193] N: process killed with signal 1, pid: 64162
[2026/09/25 22:51:24:2320] N: WS closed from (unix skt), clients: 8
[2026/09/25 22:51:24:2320] N: killing process, pid: 64166
[2026/09/25 22:51:24:2324] N: process killed with signal 1, pid: 64166
[2026/09/25 22:51:24:3821] N: WS closed from (unix skt), clients: 7
[2026/09/25 22:51:24:3822] N: killing process, pid: 64159
[2026/09/25 22:51:24:3825] N: process killed with signal 0, pid: 64159
[2026/09/25 22:51:24:4062] N: WS closed from (unix skt), clients: 6
[2026/09/25 22:51:24:4062] N: killing process, pid: 64160
[2026/09/25 22:51:24:4065] N: process killed with signal 0, pid: 64160
[2026/09/25 22:51:24:4733] N: WS closed from (unix skt), clients: 5
[2026/09/25 22:51:24:4733] N: killing process, pid: 64177
[2026/09/25 22:51:24:4734] N: WS closed from (unix skt), clients: 4
[2026/09/25 22:51:24:4734] N: killing process, pid: 64164
[2026/09/25 22:51:24:4738] N: process killed with signal 0, pid: 64177
[2026/09/25 22:51:24:4739] N: process killed with signal 0, pid: 64164
[2026/09/25 22:51:24:9085] N: WS closed from (unix skt), clients: 3
[2026/09/25 22:51:24:9086] N: killing process, pid: 64161
[2026/09/25 22:51:24:9098] N: process killed with signal 0, pid: 64161
[2026/09/25 22:51:24:9751] N: WS closed from (unix skt), clients: 2
[2026/09/25 22:51:24:9752] N: killing process, pid: 64165
[2026/09/25 22:51:24:9765] N: process killed with signal 0, pid: 64165
[2026/09/25 22:51:26:0942] N: WS closed from (unix skt), clients: 1
[2026/09/25 22:51:26:0943] N: killing process, pid: 64171
[2026/09/25 22:51:26:0944] N: WS closed from (unix skt), clients: 0
[2026/09/25 22:51:26:0945] N: killing process, pid: 64163
[2026/09/25 22:51:26:0964] N: process killed with signal 0, pid: 64163
[2026/09/25 22:51:26:0965] N: process killed with signal 0, pid: 64171
[2026/09/25 22:51:26:1091] N: WS   /ws - (unix skt), clients: 1
[2026/09/25 22:51:26:1092] N: WS   /ws - (unix skt), clients: 2
[2026/09/25 22:51:26:1092] N: WS   /ws - (unix skt), clients: 3
[2026/09/25 22:51:26:1092] N: WS   /ws - (unix skt), clients: 4
[2026/09/25 22:51:26:1092] N: WS   /ws - (unix skt), clients: 5
[2026/09/25 22:51:26:1092] N: WS   /ws - (unix skt), clients: 6
[2026/09/25 22:51:26:1093] N: WS   /ws - (unix skt), clients: 7
[2026/09/25 22:51:26:1093] N: WS   /ws - (unix skt), clients: 8
[2026/09/25 22:51:26:1093] N: WS   /ws - (unix skt), clients: 9
[2026/09/25 22:51:26:1108] N: started process, pid: 64491
[2026/09/25 22:51:26:1115] N: started process, pid: 64492
[2026/09/25 22:51:26:1121] N: started process, pid: 64493
[2026/09/25 22:51:26:1122] N: WS   /ws - (unix skt), clients: 10
[2026/09/25 22:51:26:1129] N: started process, pid: 64494
[2026/09/25 22:51:26:1184] N: started process, pid: 64495
[2026/09/25 22:51:26:1204] N: started process, pid: 64496
[2026/09/25 22:51:26:1218] N: started process, pid: 64497
[2026/09/25 22:51:26:1234] N: started process, pid: 64499
[2026/09/25 22:51:26:1250] N: started process, pid: 64509
[2026/09/25 22:51:26:1264] N: started process, pid: 64515
[2026/09/25 22:51:26:1884] N: WS closed from (unix skt), clients: 9
[2026/09/25 22:51:26:1886] N: killing process, pid: 64493
[2026/09/25 22:51:26:1889] N: process killed with signal 1, pid: 64493
[2026/09/25 22:51:26:3163] N: WS closed from (unix skt), clients: 8
[2026/09/25 22:51:26:3164] N: killing process, pid: 64515
[2026/09/25 22:51:26:3167] N: process killed with signal 1, pid: 64515
[2026/09/25 22:51:26:3896] N: WS closed from (unix skt), clients: 7
[2026/09/25 22:51:26:3896] N: killing process, pid: 64491
[2026/09/25 22:51:26:3900] N: process killed with signal 0, pid: 64491
[2026/09/25 22:51:26:4278] N: WS closed from (unix skt), clients: 6
[2026/09/25 22:51:26:4278] N: killing process, pid: 64494
[2026/09/25 22:51:26:4282] N: process killed with signal 0, pid: 64494
[2026/09/25 22:51:26:4900] N: WS closed from (unix skt), clients: 5
[2026/09/25 22:51:26:4900] N: killing process, pid: 64497
[2026/09/25 22:51:26:4906] N: process killed with signal 0, pid: 64497
[2026/09/25 22:51:26:5021] N: WS closed from (unix skt), clients: 4
[2026/09/25 22:51:26:5021] N: killing process, pid: 64499
[2026/09/25 22:51:26:5027] N: process killed with signal 0, pid: 64499
[2026/09/25 22:51:26:9666] N: WS closed from (unix skt), clients: 3
[2026/09/25 22:51:26:9667] N: killing process, pid: 64492
[2026/09/25 22:51:26:9673] N: process killed with signal 0, pid: 64492
[2026/09/25 22:51:27:0048] N: WS closed from (unix skt), clients: 2
[2026/09/25 22:51:27:0049] N: killing process, pid: 64509
[2026/09/25 22:51:27:0058] N: process killed with signal 0, pid: 64509
[2026/09/25 22:51:28:1121] N: WS closed from (unix skt), clients: 1
[2026/09/25 22:51:28:1122] N: killing process, pid: 64496
[2026/09/25 22:51:28:1123] N: WS closed from (unix skt), clients: 0
[2026/09/25 22:51:28:1123] N: killing process, pid: 64495
[2026/09/25 22:51:28:1137] N: process killed with signal 0, pid: 64495
[2026/09/25 22:51:28:1138] N: process killed with signal 0, pid: 64496
[2026/09/25 22:51:28:1253] N: WS   /ws - (unix skt), clients: 1
[2026/09/25 22:51:28:1253] N: WS   /ws - (unix skt), clients: 2
[2026/09/25 22:51:28:1253] N: WS   /ws - (unix skt), clients: 3
[2026/09/25 22:51:28:1253] N: WS   /ws - (unix skt), clients: 4
[2026/09/25 22:51:28:1254] N: WS   /ws - (unix skt), clients: 5
[2026/09/25 22:51:28:1254] N: WS   /ws - (unix skt), clients: 6
[2026/09/25 22:51:28:1254] N: WS   /ws - (unix skt), clients: 7
[2026/09/25 22:51:28:1254] N: WS   /ws - (unix skt), clients: 8
[2026/09/25 22:51:28:1254] N: WS   /ws - (unix skt), clients: 9
[2026/09/25 22:51:28:1254] N: WS   /ws - (unix skt), clients: 10
[2026/09/25 22:51:28:1263] N: started process, pid: 64742
[2026/09/25 22:51:28:1268] N: started process, pid: 64743
[2026/09/25 22:51:28:1274] N: started process, pid: 64744
[2026/09/25 22:51:28:1280] N: started process, pid: 64745
[2026/09/25 22:51:28:1289] N: started process, pid: 64746
[2026/09/25 22:51:28:1296] N: started process, pid: 64747
[2026/09/25 22:51:28:1305] N: started process, pid: 64748
[2026/09/25 22:51:28:1318] N: started process, pid: 64749
[2026/09/25 22:51:28:1328] N: started process, pid: 64758
[2026/09/25 22:51:28:1349] N: started process, pid: 64764
[2026/09/25 22:51:28:2597] N: WS closed from (unix skt), clients: 9
[2026/09/25 22:51:28:2598] N: killing process, pid: 64744
[2026/09/25 22:51:28:2600] N: process killed with signal 1, pid: 64744
[2026/09/25 22:51:28:2727] N: WS closed from (unix skt), clients: 8
[2026/09/25 22:51:28:2727] N: killing process, pid: 64748
[2026/09/25 22:51:28:2729] N: process killed with signal 1, pid: 64748
[2026/09/25 22:51:28:4353] N: WS closed from (unix skt), clients: 7
[2026/09/25 22:51:28:4354] N: killing process, pid: 64742
[2026/09/25 22:51:28:4359] N: process killed with signal 0, pid: 64742
[2026/09/25 22:51:28:4615] N: WS closed from (unix skt), clients: 6
[2026/09/25 22:51:28:4615] N: killing process, pid: 64746
[2026/09/25 22:51:28:4619] N: process killed with signal 0, pid: 64746
[2026/09/25 22:51:28:5116] N: WS closed from (unix skt), clients: 5
[2026/09/25 22:51:28:5116] N: killing process, pid: 64764
[2026/09/25 22:51:28:5116] N: WS closed from (unix skt), clients: 4
[2026/09/25 22:51:28:5116] N: killing process, pid: 64758
[2026/09/25 22:51:28:5121] N: process killed with signal 0, pid: 64764
[2026/09/25 22:51:28:5122] N: process killed with signal 0, pid: 64758
[2026/09/25 22:51:28:9637] N: WS closed from (unix skt), clients: 3
[2026/09/25 22:51:28:9638] N: killing process, pid: 64743
[2026/09/25 22:51:28:9639] N: WS closed from (unix skt), clients: 2
[2026/09/25 22:51:28:9639] N: killing process, pid: 64747
[2026/09/25 22:51:28:9651] N: process killed with signal 0, pid: 64743
[2026/09/25 22:51:28:9652] N: process killed with signal 0, pid: 64747
[2026/09/25 22:51:30:1263] N: WS closed from (unix skt), clients: 1
[2026/09/25 22:51:30:1264] N: killing process, pid: 64749
[2026/09/25 22:51:30:1264] N: WS closed from (unix skt), clients: 0
[2026/09/25 22:51:30:1265] N: killing process, pid: 64745
[2026/09/25 22:51:30:1280] N: process killed with signal 0, pid: 64745
[2026/09/25 22:51:30:1281] N: process killed with signal 0, pid: 64749
[2026/09/25 22:51:30:1426] N: WS   /ws - (unix skt), clients: 1
[2026/09/25 22:51:30:1426] N: WS   /ws - (unix skt), clients: 2
[2026/09/25 22:51:30:1427] N: WS   /ws - (unix skt), clients: 3
[2026/09/25 22:51:30:1427] N: WS   /ws - (unix skt), clients: 4
[2026/09/25 22:51:30:1427] N: WS   /ws - (unix skt), clients: 5
[2026/09/25 22:51:30:1427] N: WS   /ws - (unix skt), clients: 6
[2026/09/25 22:51:30:1427] N: WS   /ws - (unix skt), clients: 7
[2026/09/25 22:51:30:1427] N: WS   /ws - (unix skt), clients: 8
[2026/09/25 22:51:30:1440] N: started process, pid: 65043
[2026/09/25 22:51:30:1441] N: WS   /ws - (unix skt), clients: 9
[2026/09/25 22:51:30:1442] N: WS   /ws - (unix skt), clients: 10
[2026/09/25 22:51:30:1448] N: started process, pid: 65044
[2026/09/25 22:51:30:1455] N: started process, pid: 65045
[2026/09/25 22:51:30:1464] N: started process, pid: 65046
[2026/09/25 22:51:30:1474] N: started process, pid: 65047
[2026/09/25 22:51:30:1486] N: started process, pid: 65048
[2026/09/25 22:51:30:1499] N: started process, pid: 65049
[2026/09/25 22:51:30:1513] N: started process, pid: 65055
[2026/09/25 22:51:30:1533] N: started process, pid: 65063
[2026/09/25 22:51:30:1541] N: started process, pid: 65068
[2026/09/25 22:51:30:2221] N: WS closed from (unix skt), clients: 9
[2026/09/25 22:51:30:2222] N: killing process, pid: 65045
[2026/09/25 22:51:30:2225] N: process killed with signal 1, pid: 65045
[2026/09/25 22:51:30:3589] N: WS closed from (unix skt), clients: 8
[2026/09/25 22:51:30:3589] N: killing process, pid: 65048
[2026/09/25 22:51:30:3591] N: process killed with signal 1, pid: 65048
[2026/09/25 22:51:30:4074] N: WS closed from (unix skt), clients: 7
[2026/09/25 22:51:30:4074] N: killing process, pid: 65044
[2026/09/25 22:51:30:4078] N: process killed with signal 0, pid: 65044
[2026/09/25 22:51:30:4755] N: WS closed from (unix skt), clients: 6
[2026/09/25 22:51:30:4755] N: killing process, pid: 65043
[2026/09/25 22:51:30:4760] N: process killed with signal 0, pid: 65043
[2026/09/25 22:51:30:5447] N: WS closed from (unix skt), clients: 5
[2026/09/25 22:51:30:5448] N: killing process, pid: 65063
[2026/09/25 22:51:30:5454] N: process killed with signal 0, pid: 65063
[2026/09/25 22:51:30:5722] N: WS closed from (unix skt), clients: 4
[2026/09/25 22:51:30:5723] N: killing process, pid: 65055
[2026/09/25 22:51:30:5730] N: process killed with signal 0, pid: 65055
[2026/09/25 22:51:31:0086] N: WS closed from (unix skt), clients: 3
[2026/09/25 22:51:31:0087] N: killing process, pid: 65047
[2026/09/25 22:51:31:0100] N: process killed with signal 0, pid: 65047
[2026/09/25 22:51:31:0756] N: WS closed from (unix skt), clients: 2
[2026/09/25 22:51:31:0757] N: killing process, pid: 65068
[2026/09/25 22:51:31:0767] N: process killed with signal 0, pid: 65068
[2026/09/25 22:51:32:1448] N: WS closed from (unix skt), clients: 1
[2026/09/25 22:51:32:1449] N: killing process, pid: 65049
[2026/09/25 22:51:32:1449] N: WS closed from (unix skt), clients: 0
[2026/09/25 22:51:32:1449] N: killing process, pid: 65046
[2026/09/25 22:51:32:1452] N: process killed with signal 0, pid: 65049
[2026/09/25 22:51:32:1457] N: process killed with signal 0, pid: 65046
[2026/09/25 22:51:32:1513] N: WS   /ws - (unix skt), clients: 1
[2026/09/25 22:51:32:1513] N: WS   /ws - (unix skt), clients: 2
[2026/09/25 22:51:32:1513] N: WS   /ws - (unix skt), clients: 3
[2026/09/25 22:51:32:1514] N: WS   /ws - (unix skt), clients: 4
[2026/09/25 22:51:32:1514] N: WS   /ws - (unix skt), clients: 5
[2026/09/25 22:51:32:1514] N: WS   /ws - (unix skt), clients: 6
[2026/09/25 22:51:32:1514] N: WS   /ws - (unix skt), clients: 7
[2026/09/25 22:51:32:1514] N: WS   /ws - (unix skt), clients: 8
[2026/09/25 22:51:32:1514] N: WS   /ws - (unix skt), clients: 9
[2026/09/25 22:51:32:1514] N: WS   /ws - (unix skt), clients: 10
[2026/09/25 22:51:32:1521] N: started process, pid: 65324
[2026/09/25 22:51:32:1526] N: started process, pid: 65325
[2026/09/25 22:51:32:1529] N: started process, pid: 65326
[2026/09/25 22:51:32:1540] N: started process, pid: 65327
[2026/09/25 22:51:32:1545] N: started process, pid: 65328
[2026/09/25 22:51:32:1556] N: started process, pid: 65329
[2026/09/25 22:51:32:1569] N: started process, pid: 65334
[2026/09/25 22:51:32:1589] N: started process, pid: 65343
[2026/09/25 22:51:32:1601] N: started process, pid: 65349
[2026/09/25 22:51:32:1615] N: started process, pid: 65353
[2026/09/25 22:51:32:2698] N: WS closed from (unix skt), clients: 9
[2026/09/25 22:51:32:2698] N: killing process, pid: 65325
[2026/09/25 22:51:32:2701] N: process killed with signal 1, pid: 65325
[2026/09/25 22:51:32:2972] N: WS closed from (unix skt), clients: 8
[2026/09/25 22:51:32:2972] N: killing process, pid: 65329
[2026/09/25 22:51:32:2974] N: process killed with signal 1, pid: 65329
[2026/09/25 22:51:32:4458] N: WS closed from (unix skt), clients: 7
[2026/09/25 22:51:32:4458] N: killing process, pid: 65324
[2026/09/25 22:51:32:4462] N: process killed with signal 0, pid: 65324
[2026/09/25 22:51:32:4854] N: WS closed from (unix skt), clients: 6
[2026/09/25 22:51:32:4854] N: killing process, pid: 65327
[2026/09/25 22:51:32:4859] N: process killed with signal 0, pid: 65327
[2026/09/25 22:51:32:5115] N: WS closed from (unix skt), clients: 5
[2026/09/25 22:51:32:5116] N: killing process, pid: 65343
[2026/09/25 22:51:32:5121] N: process killed with signal 0, pid: 65343
[2026/09/25 22:51:32:5246] N: WS closed from (unix skt), clients: 4
[2026/09/25 22:51:32:5246] N: killing process, pid: 65349
[2026/09/25 22:51:32:5250] N: process killed with signal 0, pid: 65349
[2026/09/25 22:51:32:9602] N: WS closed from (unix skt), clients: 3
[2026/09/25 22:51:32:9603] N: killing process, pid: 65328
[2026/09/25 22:51:32:9611] N: process killed with signal 0, pid: 65328
[2026/09/25 22:51:33:0265] N: WS closed from (unix skt), clients: 2
[2026/09/25 22:51:33:0266] N: killing process, pid: 65353
[2026/09/25 22:51:33:0278] N: process killed with signal 0, pid: 65353
[2026/09/25 22:51:34:1550] N: WS closed from (unix skt), clients: 1
[2026/09/25 22:51:34:1551] N: killing process, pid: 65334
[2026/09/25 22:51:34:1551] N: WS closed from (unix skt), clients: 0
[2026/09/25 22:51:34:1551] N: killing process, pid: 65326
[2026/09/25 22:51:34:1576] N: process killed with signal 0, pid: 65326
[2026/09/25 22:51:34:1576] N: process killed with signal 0, pid: 65334
[2026/09/25 22:51:34:1716] N: WS   /ws - (unix skt), clients: 1
[2026/09/25 22:51:34:1716] N: WS   /ws - (unix skt), clients: 2
[2026/09/25 22:51:34:1717] N: WS   /ws - (unix skt), clients: 3
[2026/09/25 22:51:34:1717] N: WS   /ws - (unix skt), clients: 4
[2026/09/25 22:51:34:1717] N: WS   /ws - (unix skt), clients: 5
[2026/09/25 22:51:34:1717] N: WS   /ws - (unix skt), clients: 6
[2026/09/25 22:51:34:1718] N: WS   /ws - (unix skt), clients: 7
[2026/09/25 22:51:34:1718] N: WS   /ws - (unix skt), clients: 8
[2026/09/25 22:51:34:1718] N: WS   /ws - (unix skt), clients: 9
[2026/09/25 22:51:34:1718] N: WS   /ws - (unix skt), clients: 10
[2026/09/25 22:51:34:1730] N: started process, pid: 66035
[2026/09/25 22:51:34:1740] N: started process, pid: 66036
[2026/09/25 22:51:34:1758] N: started process, pid: 66037
[2026/09/25 22:51:34:1768] N: started process, pid: 66038
[2026/09/25 22:51:34:1792] N: started process, pid: 66039
[2026/09/25 22:51:34:1815] N: started process, pid: 66041
[2026/09/25 22:51:34:1853] N: started process, pid: 66046
[2026/09/25 22:51:34:1878] N: started process, pid: 66053
[2026/09/25 22:51:34:1916] N: started process, pid: 66060
[2026/09/25 22:51:34:1941] N: started process, pid: 66071
[2026/09/25 22:51:34:4320] N: WS closed from (unix skt), clients: 9
[2026/09/25 22:51:34:4321] N: killing process, pid: 66060
[2026/09/25 22:51:34:4344] N: process killed with signal 1, pid: 66060
[2026/09/25 22:51:34:4353] N: WS closed from (unix skt), clients: 8
[2026/09/25 22:51:34:4354] N: killing process, pid: 66037
[2026/09/25 22:51:34:4366] N: process killed with signal 1, pid: 66037
[2026/09/25 22:51:34:4965] N: WS closed from (unix skt), clients: 7
[2026/09/25 22:51:34:4966] N: killing process, pid: 66035
[2026/09/25 22:51:34:5014] N: process killed with signal 0, pid: 66035
[2026/09/25 22:51:34:6364] N: WS closed from (unix skt), clients: 6
[2026/09/25 22:51:34:6365] N: killing process, pid: 66039
[2026/09/25 22:51:34:6369] N: process killed with signal 0, pid: 66039
[2026/09/25 22:51:34:6502] N: WS closed from (unix skt), clients: 5
[2026/09/25 22:51:34:6502] N: killing process, pid: 66046
[2026/09/25 22:51:34:6507] N: process killed with signal 0, pid: 66046
[2026/09/25 22:51:34:6989] N: WS closed from (unix skt), clients: 4
[2026/09/25 22:51:34:6990] N: killing process, pid: 66041
[2026/09/25 22:51:34:6993] N: process killed with signal 0, pid: 66041
[2026/09/25 22:51:35:1388] N: WS closed from (unix skt), clients: 3
[2026/09/25 22:51:35:1389] N: killing process, pid: 66036
[2026/09/25 22:51:35:1389] N: WS closed from (unix skt), clients: 2
[2026/09/25 22:51:35:1390] N: killing process, pid: 66053
[2026/09/25 22:51:35:1398] N: process killed with signal 0, pid: 66036
[2026/09/25 22:51:35:1399] N: process killed with signal 0, pid: 66053
[2026/09/25 22:51:36:1740] N: WS closed from (unix skt), clients: 1
[2026/09/25 22:51:36:1741] N: killing process, pid: 66038
[2026/09/25 22:51:36:1741] N: WS closed from (unix skt), clients: 0
[2026/09/25 22:51:36:1742] N: killing process, pid: 66071
[2026/09/25 22:51:36:1758] N: process killed with signal 0, pid: 66038
[2026/09/25 22:51:36:1759] N: process killed with signal 0, pid: 66071
[2026/09/25 22:51:36:1883] N: WS   /ws - (unix skt), clients: 1
[2026/09/25 22:51:36:1884] N: WS   /ws - (unix skt), clients: 2
[2026/09/25 22:51:36:1884] N: WS   /ws - (unix skt), clients: 3
[2026/09/25 22:51:36:1884] N: WS   /ws - (unix skt), clients: 4
[2026/09/25 22:51:36:1884] N: WS   /ws - (unix skt), clients: 5
[2026/09/25 22:51:36:1885] N: WS   /ws - (unix skt), clients: 6
[2026/09/25 22:51:36:1885] N: WS   /ws - (unix skt), clients: 7
[2026/09/25 22:51:36:1885] N: WS   /ws - (unix skt), clients: 8
[2026/09/25 22:51:36:1885] N: WS   /ws - (unix skt), clients: 9
[2026/09/25 22:51:36:1885] N: WS   /ws - (unix skt), clients: 10
[2026/09/25 22:51:36:1896] N: started process, pid: 66354
[2026/09/25 22:51:36:1901] N: started process, pid: 66355
[2026/09/25 22:51:36:1906] N: started process, pid: 66356
[2026/09/25 22:51:36:1916] N: started process, pid: 66357
[2026/09/25 22:51:36:1927] N: started process, pid: 66358
[2026/09/25 22:51:36:1939] N: started process, pid: 66359
[2026/09/25 22:51:36:1951] N: started process, pid: 66360
[2026/09/25 22:51:36:1973] N: started process, pid: 66370
[2026/09/25 22:51:36:1998] N: started process, pid: 66377
[2026/09/25 22:51:36:2023] N: started process, pid: 66382
[2026/09/25 22:51:36:3293] N: WS closed from (unix skt), clients: 9
[2026/09/25 22:51:36:3293] N: killing process, pid: 66356
[2026/09/25 22:51:36:3297] N: process killed with signal 1, pid: 66356
[2026/09/25 22:51:36:4034] N: WS closed from (unix skt), clients: 8
[2026/09/25 22:51:36:4034] N: killing process, pid: 66377
[2026/09/25 22:51:36:4037] N: process killed with signal 1, pid: 66377
[2026/09/25 22:51:36:5322] N: WS closed from (unix skt), clients: 7
[2026/09/25 22:51:36:5322] N: killing process, pid: 66354
[2026/09/25 22:51:36:5327] N: process killed with signal 0, pid: 66354
[2026/09/25 22:51:36:5443] N: WS closed from (unix skt), clients: 6
[2026/09/25 22:51:36:5443] N: killing process, pid: 66358
[2026/09/25 22:51:36:5447] N: process killed with signal 0, pid: 66358
[2026/09/25 22:51:36:5575] N: WS closed from (unix skt), clients: 5
[2026/09/25 22:51:36:5576] N: killing process, pid: 66359
[2026/09/25 22:51:36:5581] N: process killed with signal 0, pid: 66359
[2026/09/25 22:51:36:5917] N: WS closed from (unix skt), clients: 4
[2026/09/25 22:51:36:5918] N: killing process, pid: 66360
[2026/09/25 22:51:36:5923] N: process killed with signal 0, pid: 66360
[2026/09/25 22:51:36:9558] N: WS closed from (unix skt), clients: 3
[2026/09/25 22:51:36:9559] N: killing process, pid: 66355
[2026/09/25 22:51:36:9566] N: process killed with signal 0, pid: 66355
[2026/09/25 22:51:37:0789] N: WS closed from (unix skt), clients: 2
[2026/09/25 22:51:37:0789] N: killing process, pid: 66370
[2026/09/25 22:51:37:0793] N: process killed with signal 0, pid: 66370
[2026/09/25 22:51:38:1896] N: WS closed from (unix skt), clients: 1
[2026/09/25 22:51:38:1897] N: killing process, pid: 66357
[2026/09/25 22:51:38:1897] N: WS closed from (unix skt), clients: 0
[2026/09/25 22:51:38:1897] N: killing process, pid: 66382
[2026/09/25 22:51:38:1903] N: process killed with signal 0, pid: 66357
[2026/09/25 22:51:38:1909] N: process killed with signal 0, pid: 66382
[2026/09/25 22:51:38:1979] N: WS   /ws - (unix skt), clients: 1
[2026/09/25 22:51:38:1979] N: WS   /ws - (unix skt), clients: 2
[2026/09/25 22:51:38:1979] N: WS   /ws - (unix skt), clients: 3
[2026/09/25 22:51:38:1980] N: WS   /ws - (unix skt), clients: 4
[2026/09/25 22:51:38:1980] N: WS   /ws - (unix skt), clients: 5
[2026/09/25 22:51:38:1980] N: WS   /ws - (unix skt), clients: 6
[2026/09/25 22:51:38:1980] N: WS   /ws - (unix skt), clients: 7
[2026/09/25 22:51:38:1980] N: WS   /ws - (unix skt), clients: 8
[2026/09/25 22:51:38:1980] N: WS   /ws - (unix skt), clients: 9
[2026/09/25 22:51:38:1980] N: WS   /ws - (unix skt), clients: 10
[2026/09/25 22:51:38:1988] N: started process, pid: 66697
[2026/09/25 22:51:38:1993] N: started process, pid: 66698
[2026/09/25 22:51:38:1997] N: started process, pid: 66699
[2026/09/25 22:51:38:2003] N: started process, pid: 66700
[2026/09/25 22:51:38:2012] N: started process, pid: 66701
[2026/09/25 22:51:38:2018] N: started process, pid: 66702
[2026/09/25 22:51:38:2024] N: started process, pid: 66703
[2026/09/25 22:51:38:2032] N: started process, pid: 66705
[2026/09/25 22:51:38:2049] N: started process, pid: 66712
[2026/09/25 22:51:38:2066] N: started process, pid: 66722
[2026/09/25 22:51:38:3071] N: WS closed from (unix skt), clients: 9
[2026/09/25 22:51:38:3072] N: killing process, pid: 66699
[2026/09/25 22:51:38:3075] N: process killed with signal 1, pid: 66699
[2026/09/25 22:51:38:3844] N: WS closed from (unix skt), clients: 8
[2026/09/25 22:51:38:3844] N: killing process, pid: 66703
[2026/09/25 22:51:38:3845] N: process killed with signal 1, pid: 66703
[2026/09/25 22:51:38:4496] N: WS closed from (unix skt), clients: 7
[2026/09/25 22:51:38:4496] N: killing process, pid: 66697
[2026/09/25 22:51:38:4500] N: process killed with signal 0, pid: 66697
[2026/09/25 22:51:38:5374] N: WS closed from (unix skt), clients: 6
[2026/09/25 22:51:38:5375] N: killing process, pid: 66701
[2026/09/25 22:51:38:5380] N: process killed with signal 0, pid: 66701
[2026/09/25 22:51:38:5597] N: WS closed from (unix skt), clients: 5
[2026/09/25 22:51:38:5597] N: killing process, pid: 66712
[2026/09/25 22:51:38:5603] N: process killed with signal 0, pid: 66712
[2026/09/25 22:51:38:5879] N: WS closed from (unix skt), clients: 4
[2026/09/25 22:51:38:5879] N: killing process, pid: 66722
[2026/09/25 22:51:38:5882] N: process killed with signal 0, pid: 66722
[2026/09/25 22:51:39:0262] N: WS closed from (unix skt), clients: 3
[2026/09/25 22:51:39:0263] N: killing process, pid: 66698
[2026/09/25 22:51:39:0276] N: process killed with signal 0, pid: 66698
[2026/09/25 22:51:39:0748] N: WS closed from (unix skt), clients: 2
[2026/09/25 22:51:39:0749] N: killing process, pid: 66702
[2026/09/25 22:51:39:0756] N: process killed with signal 0, pid: 66702
[2026/09/25 22:51:40:1996] N: WS closed from (unix skt), clients: 1
[2026/09/25 22:51:40:1997] N: killing process, pid: 66705
[2026/09/25 22:51:40:1997] N: WS closed from (unix skt), clients: 0
[2026/09/25 22:51:40:1997] N: killing process, pid: 66700
[2026/09/25 22:51:40:2007] N: process killed with signal 0, pid: 66700
[2026/09/25 22:51:40:2007] N: process killed with signal 0, pid: 66705
[2026/09/25 22:51:40:2075] N: WS   /ws - (unix skt), clients: 1
[2026/09/25 22:51:40:2075] N: WS   /ws - (unix skt), clients: 2
[2026/09/25 22:51:40:2075] N: WS   /ws - (unix skt), clients: 3
[2026/09/25 22:51:40:2075] N: WS   /ws - (unix skt), clients: 4
[2026/09/25 22:51:40:2075] N: WS   /ws - (unix skt), clients: 5
[2026/09/25 22:51:40:2075] N: WS   /ws - (unix skt), clients: 6
[2026/09/25 22:51:40:2075] N: WS   /ws - (unix skt), clients: 7
[2026/09/25 22:51:40:2075] N: WS   /ws - (unix skt), clients: 8
[2026/09/25 22:51:40:2075] N: WS   /ws - (unix skt), clients: 9
[2026/09/25 22:51:40:2076] N: WS   /ws - (unix skt), clients: 10
[2026/09/25 22:51:40:2084] N: started process, pid: 67017
[2026/09/25 22:51:40:2088] N: started process, pid: 67019
[2026/09/25 22:51:40:2100] N: started process, pid: 67022
[2026/09/25 22:51:40:2105] N: started process, pid: 67023
[2026/09/25 22:51:40:2115] N: started process, pid: 67024
[2026/09/25 22:51:40:2127] N: started process, pid: 67025
[2026/09/25 22:51:40:2143] N: started process, pid: 67030
[2026/09/25 22:51:40:2151] N: started process, pid: 67035
[2026/09/25 22:51:40:2162] N: started process, pid: 67037
[2026/09/25 22:51:40:2176] N: started process, pid: 67038
[2026/09/25 22:51:40:3591] N: WS closed from (unix skt), clients: 9
[2026/09/25 22:51:40:3592] N: killing process, pid: 67022
[2026/09/25 22:51:40:3595] N: process killed with signal 1, pid: 67022
[2026/09/25 22:51:40:4176] N: WS closed from (unix skt), clients: 8
[2026/09/25 22:51:40:4177] N: killing process, pid: 67037
[2026/09/25 22:51:40:4179] N: process killed with signal 1, pid: 67037
[2026/09/25 22:51:40:4633] N: WS closed from (unix skt), clients: 7
[2026/09/25 22:51:40:4633] N: killing process, pid: 67017
[2026/09/25 22:51:40:4636] N: process killed with signal 0, pid: 67017
[2026/09/25 22:51:40:5225] N: WS closed from (unix skt), clients: 6
[2026/09/25 22:51:40:5225] N: killing process, pid: 67023
[2026/09/25 22:51:40:5229] N: process killed with signal 0, pid: 67023
[2026/09/25 22:51:40:6076] N: WS closed from (unix skt), clients: 5
[2026/09/25 22:51:40:6076] N: killing process, pid: 67030
[2026/09/25 22:51:40:6077] N: WS closed from (unix skt), clients: 4
[2026/09/25 22:51:40:6077] N: killing process, pid: 67025
[2026/09/25 22:51:40:6083] N: process killed with signal 0, pid: 67030
[2026/09/25 22:51:40:6083] N: process killed with signal 0, pid: 67025
[2026/09/25 22:51:41:0248] N: WS closed from (unix skt), clients: 3
[2026/09/25 22:51:41:0248] N: killing process, pid: 67019
[2026/09/25 22:51:41:0252] N: process killed with signal 0, pid: 67019
[2026/09/25 22:51:41:1326] N: WS closed from (unix skt), clients: 2
[2026/09/25 22:51:41:1327] N: killing process, pid: 67035
[2026/09/25 22:51:41:1332] N: process killed with signal 0, pid: 67035
[2026/09/25 22:51:42:2093] N: WS closed from (unix skt), clients: 1
[2026/09/25 22:51:42:2093] N: killing process, pid: 67024
[2026/09/25 22:51:42:2093] N: WS closed from (unix skt), clients: 0
[2026/09/25 22:51:42:2093] N: killing process, pid: 67038
[2026/09/25 22:51:42:2100] N: process killed with signal 0, pid: 67024
[2026/09/25 22:51:42:2100] N: process killed with signal 0, pid: 67038
[2026/09/25 22:51:42:2170] N: WS   /ws - (unix skt), clients: 1
[2026/09/25 22:51:42:2170] N: WS   /ws - (unix skt), clients: 2
[2026/09/25 22:51:42:2170] N: WS   /ws - (unix skt), clients: 3
[2026/09/25 22:51:42:2170] N: WS   /ws - (unix skt), clients: 4
[2026/09/25 22:51:42:2170] N: WS   /ws - (unix skt), clients: 5
[2026/09/25 22:51:42:2170] N: WS   /ws - (unix skt), clients: 6
[2026/09/25 22:51:42:2170] N: WS   /ws - (unix skt), clients: 7
[2026/09/25 22:51:42:2171] N: WS   /ws - (unix skt), clients: 8
[2026/09/25 22:51:42:2171] N: WS   /ws - (unix skt), clients: 9
[2026/09/25 22:51:42:2171] N: WS   /ws - (unix skt), clients: 10
[2026/09/25 22:51:42:2179] N: started process, pid: 67336
[2026/09/25 22:51:42:2186] N: started process, pid: 67338
[2026/09/25 22:51:42:2192] N: started process, pid: 67339
[2026/09/25 22:51:42:2198] N: started process, pid: 67341
[2026/09/25 22:51:42:2205] N: started process, pid: 67342
[2026/09/25 22:51:42:2215] N: started process, pid: 67343
[2026/09/25 22:51:42:2222] N: started process, pid: 67346
[2026/09/25 22:51:42:2236] N: started process, pid: 67349
[2026/09/25 22:51:42:2252] N: started process, pid: 67355
[2026/09/25 22:51:42:2268] N: started process, pid: 67359
[2026/09/25 22:51:42:3993] N: WS closed from (unix skt), clients: 9
[2026/09/25 22:51:42:3993] N: killing process, pid: 67341
[2026/09/25 22:51:42:4000] N: process killed with signal 1, pid: 67341
[2026/09/25 22:51:42:4548] N: WS closed from (unix skt), clients: 8
[2026/09/25 22:51:42:4548] N: killing process, pid: 67355
[2026/09/25 22:51:42:4558] N: process killed with signal 1, pid: 67355
[2026/09/25 22:51:42:4998] N: WS closed from (unix skt), clients: 7
[2026/09/25 22:51:42:4998] N: killing process, pid: 67338
[2026/09/25 22:51:42:5001] N: process killed with signal 0, pid: 67338
[2026/09/25 22:51:42:5149] N: WS closed from (unix skt), clients: 6
[2026/09/25 22:51:42:5171] N: killing process, pid: 67336
[2026/09/25 22:51:42:5175] N: process killed with signal 0, pid: 67336
[2026/09/25 22:51:42:6145] N: WS closed from (unix skt), clients: 5
[2026/09/25 22:51:42:6145] N: killing process, pid: 67343
[2026/09/25 22:51:42:6151] N: process killed with signal 0, pid: 67343
[2026/09/25 22:51:42:6386] N: WS closed from (unix skt), clients: 4
[2026/09/25 22:51:42:6386] N: killing process, pid: 67346
[2026/09/25 22:51:42:6390] N: process killed with signal 0, pid: 67346
[2026/09/25 22:51:43:0166] N: WS closed from (unix skt), clients: 3
[2026/09/25 22:51:43:0166] N: killing process, pid: 67339
[2026/09/25 22:51:43:0180] N: process killed with signal 0, pid: 67339
[2026/09/25 22:51:43:1555] N: WS closed from (unix skt), clients: 2
[2026/09/25 22:51:43:1556] N: killing process, pid: 67349
[2026/09/25 22:51:43:1569] N: process killed with signal 0, pid: 67349
[2026/09/25 22:51:44:2174] N: WS closed from (unix skt), clients: 1
[2026/09/25 22:51:44:2175] N: killing process, pid: 67342
[2026/09/25 22:51:44:2175] N: WS closed from (unix skt), clients: 0
[2026/09/25 22:51:44:2175] N: killing process, pid: 67359
[2026/09/25 22:51:44:2191] N: process killed with signal 0, pid: 67342
[2026/09/25 22:51:44:2192] N: process killed with signal 0, pid: 67359
[2026/09/25 22:51:44:2234] N: WS   /ws - (unix skt), clients: 1
[2026/09/25 22:51:44:2234] N: WS   /ws - (unix skt), clients: 2
[2026/09/25 22:51:44:2234] N: WS   /ws - (unix skt), clients: 3
[2026/09/25 22:51:44:2235] N: WS   /ws - (unix skt), clients: 4
[2026/09/25 22:51:44:2235] N: WS   /ws - (unix skt), clients: 5
[2026/09/25 22:51:44:2235] N: WS   /ws - (unix skt), clients: 6
[2026/09/25 22:51:44:2235] N: WS   /ws - (unix skt), clients: 7
[2026/09/25 22:51:44:2235] N: WS   /ws - (unix skt), clients: 8
[2026/09/25 22:51:44:2235] N: WS   /ws - (unix skt), clients: 9
[2026/09/25 22:51:44:2235] N: WS   /ws - (unix skt), clients: 10
[2026/09/25 22:51:44:2242] N: started process, pid: 67644
[2026/09/25 22:51:44:2246] N: started process, pid: 67645
[2026/09/25 22:51:44:2251] N: started process, pid: 67646
[2026/09/25 22:51:44:2254] N: started process, pid: 67647
[2026/09/25 22:51:44:2261] N: started process, pid: 67648
[2026/09/25 22:51:44:2268] N: started process, pid: 67649
[2026/09/25 22:51:44:2283] N: started process, pid: 67650
[2026/09/25 22:51:44:2304] N: started process, pid: 67655
[2026/09/25 22:51:44:2325] N: started process, pid: 67668
[2026/09/25 22:51:44:2340] N: started process, pid: 67674
[2026/09/25 22:51:44:3442] N: WS closed from (unix skt), clients: 9
[2026/09/25 22:51:44:3442] N: killing process, pid: 67647
[2026/09/25 22:51:44:3445] N: process killed with signal 1, pid: 67647
[2026/09/25 22:51:44:4100] N: WS closed from (unix skt), clients: 8
[2026/09/25 22:51:44:4100] N: killing process, pid: 67655
[2026/09/25 22:51:44:4102] N: process killed with signal 1, pid: 67655
[2026/09/25 22:51:44:4757] N: WS closed from (unix skt), clients: 7
[2026/09/25 22:51:44:4758] N: killing process, pid: 67644
[2026/09/25 22:51:44:4762] N: process killed with signal 0, pid: 67644
[2026/09/25 22:51:44:5732] N: WS closed from (unix skt), clients: 6
[2026/09/25 22:51:44:5732] N: killing process, pid: 67645
[2026/09/25 22:51:44:5736] N: process killed with signal 0, pid: 67645
[2026/09/25 22:51:44:5984] N: WS closed from (unix skt), clients: 5
[2026/09/25 22:51:44:5984] N: killing process, pid: 67649
[2026/09/25 22:51:44:5988] N: process killed with signal 0, pid: 67649
[2026/09/25 22:51:44:6132] N: WS closed from (unix skt), clients: 4
[2026/09/25 22:51:44:6132] N: killing process, pid: 67674
[2026/09/25 22:51:44:6136] N: process killed with signal 0, pid: 67674
[2026/09/25 22:51:45:0300] N: WS closed from (unix skt), clients: 3
[2026/09/25 22:51:45:0301] N: killing process, pid: 67646
[2026/09/25 22:51:45:0308] N: process killed with signal 0, pid: 67646
[2026/09/25 22:51:45:0918] N: WS closed from (unix skt), clients: 2
[2026/09/25 22:51:45:0919] N: killing process, pid: 67650
[2026/09/25 22:51:45:0941] N: process killed with signal 0, pid: 67650
[2026/09/25 22:51:46:2257] N: WS closed from (unix skt), clients: 1
[2026/09/25 22:51:46:2258] N: killing process, pid: 67668
[2026/09/25 22:51:46:2259] N: WS closed from (unix skt), clients: 0
[2026/09/25 22:51:46:2259] N: killing process, pid: 67648
[2026/09/25 22:51:46:2274] N: process killed with signal 0, pid: 67668
[2026/09/25 22:51:46:2288] N: process killed with signal 0, pid: 67648
[2026/09/25 22:51:46:2461] N: WS   /ws - (unix skt), clients: 1
[2026/09/25 22:51:46:2461] N: WS   /ws - (unix skt), clients: 2
[2026/09/25 22:51:46:2462] N: WS   /ws - (unix skt), clients: 3
[2026/09/25 22:51:46:2462] N: WS   /ws - (unix skt), clients: 4
[2026/09/25 22:51:46:2462] N: WS   /ws - (unix skt), clients: 5
[2026/09/25 22:51:46:2462] N: WS   /ws - (unix skt), clients: 6
[2026/09/25 22:51:46:2462] N: WS   /ws - (unix skt), clients: 7
[2026/09/25 22:51:46:2462] N: WS   /ws - (unix skt), clients: 8
[2026/09/25 22:51:46:2462] N: WS   /ws - (unix skt), clients: 9
[2026/09/25 22:51:46:2463] N: WS   /ws - (unix skt), clients: 10
[2026/09/25 22:51:46:2473] N: started process, pid: 67955
[2026/09/25 22:51:46:2479] N: started process, pid: 67956
[2026/09/25 22:51:46:2484] N: started process, pid: 67957
[2026/09/25 22:51:46:2490] N: started process, pid: 67958
[2026/09/25 22:51:46:2503] N: started process, pid: 67959
[2026/09/25 22:51:46:2515] N: started process, pid: 67960
[2026/09/25 22:51:46:2528] N: started process, pid: 67961
[2026/09/25 22:51:46:2544] N: started process, pid: 67964
[2026/09/25 22:51:46:2560] N: started process, pid: 67975
[2026/09/25 22:51:46:2576] N: started process, pid: 67979
[2026/09/25 22:51:46:3568] N: WS closed from (unix skt), clients: 9
[2026/09/25 22:51:46:3569] N: killing process, pid: 67957
[2026/09/25 22:51:46:3572] N: process killed with signal 1, pid: 67957
[2026/09/25 22:51:46:4340] N: WS closed from (unix skt), clients: 8
[2026/09/25 22:51:46:4340] N: killing process, pid: 67975
[2026/09/25 22:51:46:4342] N: process killed with signal 1, pid: 67975
[2026/09/25 22:51:46:5068] N: WS closed from (unix skt), clients: 7
[2026/09/25 22:51:46:5068] N: killing process, pid: 67955
[2026/09/25 22:51:46:5072] N: process killed with signal 0, pid: 67955
[2026/09/25 22:51:46:5465] N: WS closed from (unix skt), clients: 6
[2026/09/25 22:51:46:5465] N: killing process, pid: 67958
[2026/09/25 22:51:46:5469] N: process killed with signal 0, pid: 67958
[2026/09/25 22:51:46:6198] N: WS closed from (unix skt), clients: 5
[2026/09/25 22:51:46:6199] N: killing process, pid: 67960
[2026/09/25 22:51:46:6203] N: process killed with signal 0, pid: 67960
[2026/09/25 22:51:46:6212] N: WS closed from (unix skt), clients: 4
[2026/09/25 22:51:46:6213] N: killing process, pid: 67961
[2026/09/25 22:51:46:6216] N: process killed with signal 0, pid: 67961
[2026/09/25 22:51:47:0990] N: WS closed from (unix skt), clients: 3
[2026/09/25 22:51:47:0990] N: killing process, pid: 67956
[2026/09/25 22:51:47:0994] N: process killed with signal 0, pid: 67956
[2026/09/25 22:51:47:1121] N: WS closed from (unix skt), clients: 2
[2026/09/25 22:51:47:1121] N: killing process, pid: 67964
[2026/09/25 22:51:47:1124] N: process killed with signal 0, pid: 67964
[2026/09/25 22:51:48:2481] N: WS closed from (unix skt), clients: 1
[2026/09/25 22:51:48:2482] N: killing process, pid: 67959
[2026/09/25 22:51:48:2482] N: WS closed from (unix skt), clients: 0
[2026/09/25 22:51:48:2482] N: killing process, pid: 67979
[2026/09/25 22:51:48:2486] N: process killed with signal 0, pid: 67979
[2026/09/25 22:51:48:2490] N: process killed with signal 0, pid: 67959
[2026/09/25 22:51:48:2552] N: WS   /ws - (unix skt), clients: 1
[2026/09/25 22:51:48:2552] N: WS   /ws - (unix skt), clients: 2
[2026/09/25 22:51:48:2553] N: WS   /ws - (unix skt), clients: 3
[2026/09/25 22:51:48:2553] N: WS   /ws - (unix skt), clients: 4
[2026/09/25 22:51:48:2553] N: WS   /ws - (unix skt), clients: 5
[2026/09/25 22:51:48:2553] N: WS   /ws - (unix skt), clients: 6
[2026/09/25 22:51:48:2553] N: WS   /ws - (unix skt), clients: 7
[2026/09/25 22:51:48:2553] N: WS   /ws - (unix skt), clients: 8
[2026/09/25 22:51:48:2553] N: WS   /ws - (unix skt), clients: 9
[2026/09/25 22:51:48:2553] N: WS   /ws - (unix skt), clients: 10
[2026/09/25 22:51:48:2562] N: started process, pid: 68231
[2026/09/25 22:51:48:2566] N: started process, pid: 68232
[2026/09/25 22:51:48:2570] N: started process, pid: 68233
[2026/09/25 22:51:48:2577] N: started process, pid: 68234
[2026/09/25 22:51:48:2587] N: started process, pid: 68235
[2026/09/25 22:51:48:2597] N: started process, pid: 68236
[2026/09/25 22:51:48:2610] N: started process, pid: 68240
[2026/09/25 22:51:48:2625] N: started process, pid: 68248
[2026/09/25 22:51:48:2651] N: started process, pid: 68255
[2026/09/25 22:51:48:2667] N: started process, pid: 68261
[2026/09/25 22:51:48:3663] N: WS closed from (unix skt), clients: 9
[2026/09/25 22:51:48:3663] N: killing process, pid: 68234
[2026/09/25 22:51:48:3667] N: process killed with signal 1, pid: 68234
[2026/09/25 22:51:48:4458] N: WS closed from (unix skt), clients: 8
[2026/09/25 22:51:48:4459] N: killing process, pid: 68255
[2026/09/25 22:51:48:4462] N: process killed with signal 1, pid: 68255
[2026/09/25 22:51:48:5152] N: WS closed from (unix skt), clients: 7
[2026/09/25 22:51:48:5153] N: killing process, pid: 68231
[2026/09/25 22:51:48:5156] N: process killed with signal 0, pid: 68231
[2026/09/25 22:51:48:5504] N: WS closed from (unix skt), clients: 6
[2026/09/25 22:51:48:5504] N: killing process, pid: 68232
[2026/09/25 22:51:48:5508] N: process killed with signal 0, pid: 68232
[2026/09/25 22:51:48:6212] N: WS closed from (unix skt), clients: 5
[2026/09/25 22:51:48:6212] N: killing process, pid: 68236
[2026/09/25 22:51:48:6217] N: process killed with signal 0, pid: 68236
[2026/09/25 22:51:48:6604] N: WS closed from (unix skt), clients: 4
[2026/09/25 22:51:48:6604] N: killing process, pid: 68240
[2026/09/25 22:51:48:6608] N: process killed with signal 0, pid: 68240
[2026/09/25 22:51:49:1225] N: WS closed from (unix skt), clients: 3
[2026/09/25 22:51:49:1226] N: killing process, pid: 68233
[2026/09/25 22:51:49:1233] N: process killed with signal 0, pid: 68233
[2026/09/25 22:51:49:1627] N: WS closed from (unix skt), clients: 2
[2026/09/25 22:51:49:1628] N: killing process, pid: 68248
[2026/09/25 22:51:49:1636] N: process killed with signal 0, pid: 68248
[2026/09/25 22:51:50:2577] N: WS closed from (unix skt), clients: 1
[2026/09/25 22:51:50:2577] N: killing process, pid: 68235
[2026/09/25 22:51:50:2578] N: WS closed from (unix skt), clients: 0
[2026/09/25 22:51:50:2578] N: killing process, pid: 68261
[2026/09/25 22:51:50:2589] N: process killed with signal 0, pid: 68235
[2026/09/25 22:51:50:2590] N: process killed with signal 0, pid: 68261
[2026/09/25 22:51:50:2694] N: WS   /ws - (unix skt), clients: 1
[2026/09/25 22:51:50:2695] N: WS   /ws - (unix skt), clients: 2
[2026/09/25 22:51:50:2695] N: WS   /ws - (unix skt), clients: 3
[2026/09/25 22:51:50:2695] N: WS   /ws - (unix skt), clients: 4
[2026/09/25 22:51:50:2695] N: WS   /ws - (unix skt), clients: 5
[2026/09/25 22:51:50:2695] N: WS   /ws - (unix skt), clients: 6
[2026/09/25 22:51:50:2695] N: WS   /ws - (unix skt), clients: 7
[2026/09/25 22:51:50:2696] N: WS   /ws - (unix skt), clients: 8
[2026/09/25 22:51:50:2696] N: WS   /ws - (unix skt), clients: 9
[2026/09/25 22:51:50:2696] N: WS   /ws - (unix skt), clients: 10
[2026/09/25 22:51:50:2707] N: started process, pid: 68900
[2026/09/25 22:51:50:2713] N: started process, pid: 68901
[2026/09/25 22:51:50:2718] N: started process, pid: 68902
[2026/09/25 22:51:50:2724] N: started process, pid: 68903
[2026/09/25 22:51:50:2735] N: started process, pid: 68904
[2026/09/25 22:51:50:2744] N: started process, pid: 68905
[2026/09/25 22:51:50:2756] N: started process, pid: 68906
[2026/09/25 22:51:50:2767] N: started process, pid: 68909
[2026/09/25 22:51:50:2785] N: started process, pid: 68916
[2026/09/25 22:51:50:2796] N: started process, pid: 68925
[2026/09/25 22:51:50:3717] N: WS closed from (unix skt), clients: 9
[2026/09/25 22:51:50:3718] N: killing process, pid: 68902
[2026/09/25 22:51:50:3722] N: process killed with signal 1, pid: 68902
[2026/09/25 22:51:50:4773] N: WS closed from (unix skt), clients: 8
[2026/09/25 22:51:50:4773] N: killing process, pid: 68916
[2026/09/25 22:51:50:4777] N: process killed with signal 1, pid: 68916
[2026/09/25 22:51:50:5514] N: WS closed from (unix skt), clients: 7
[2026/09/25 22:51:50:5514] N: killing process, pid: 68900
[2026/09/25 22:51:50:5518] N: process killed with signal 0, pid: 68900
[2026/09/25 22:51:50:6226] N: WS closed from (unix skt), clients: 6
[2026/09/25 22:51:50:6226] N: killing process, pid: 68903
[2026/09/25 22:51:50:6232] N: process killed with signal 0, pid: 68903
[2026/09/25 22:51:50:6397] N: WS closed from (unix skt), clients: 5
[2026/09/25 22:51:50:6397] N: killing process, pid: 68906
[2026/09/25 22:51:50:6397] N: WS closed from (unix skt), clients: 4
[2026/09/25 22:51:50:6397] N: killing process, pid: 68905
[2026/09/25 22:51:50:6403] N: process killed with signal 0, pid: 68905
[2026/09/25 22:51:50:6403] N: process killed with signal 0, pid: 68906
[2026/09/25 22:51:51:0239] N: WS closed from (unix skt), clients: 3
[2026/09/25 22:51:51:0239] N: killing process, pid: 68901
[2026/09/25 22:51:51:0245] N: process killed with signal 0, pid: 68901
[2026/09/25 22:51:51:1820] N: WS closed from (unix skt), clients: 2
[2026/09/25 22:51:51:1822] N: killing process, pid: 68909
[2026/09/25 22:51:51:1838] N: process killed with signal 0, pid: 68909
[2026/09/25 22:51:52:2715] N: WS closed from (unix skt), clients: 1
[2026/09/25 22:51:52:2716] N: killing process, pid: 68904
[2026/09/25 22:51:52:2717] N: WS closed from (unix skt), clients: 0
[2026/09/25 22:51:52:2717] N: killing process, pid: 68925
[2026/09/25 22:51:52:2724] N: process killed with signal 0, pid: 68904
[2026/09/25 22:51:52:2734] N: process killed with signal 0, pid: 68925
[2026/09/25 22:51:52:2835] N: WS   /ws - (unix skt), clients: 1
[2026/09/25 22:51:52:2835] N: WS   /ws - (unix skt), clients: 2
[2026/09/25 22:51:52:2835] N: WS   /ws - (unix skt), clients: 3
[2026/09/25 22:51:52:2835] N: WS   /ws - (unix skt), clients: 4
[2026/09/25 22:51:52:2835] N: WS   /ws - (unix skt), clients: 5
[2026/09/25 22:51:52:2836] N: WS   /ws - (unix skt), clients: 6
[2026/09/25 22:51:52:2836] N: WS   /ws - (unix skt), clients: 7
[2026/09/25 22:51:52:2836] N: WS   /ws - (unix skt), clients: 8
[2026/09/25 22:51:52:2846] N: started process, pid: 69128
[2026/09/25 22:51:52:2846] N: WS   /ws - (unix skt), clients: 9
[2026/09/25 22:51:52:2847] N: WS   /ws - (unix skt), clients: 10
[2026/09/25 22:51:52:2851] N: started process, pid: 69129
[2026/09/25 22:51:52:2856] N: started process, pid: 69130
[2026/09/25 22:51:52:2861] N: started process, pid: 69131
[2026/09/25 22:51:52:2870] N: started process, pid: 69132
[2026/09/25 22:51:52:2877] N: started process, pid: 69133
[2026/09/25 22:51:52:2885] N: started process, pid: 69134
[2026/09/25 22:51:52:2899] N: started process, pid: 69135
[2026/09/25 22:51:52:2912] N: started process, pid: 69142
[2026/09/25 22:51:52:2933] N: started process, pid: 69151
[2026/09/25 22:51:52:3868] N: WS closed from (unix skt), clients: 9
[2026/09/25 22:51:52:3869] N: killing process, pid: 69130
[2026/09/25 22:51:52:3872] N: process killed with signal 1, pid: 69130
[2026/09/25 22:51:52:4977] N: WS closed from (unix skt), clients: 8
[2026/09/25 22:51:52:4977] N: killing process, pid: 69133
[2026/09/25 22:51:52:4981] N: process killed with signal 1, pid: 69133
[2026/09/25 22:51:52:5465] N: WS closed from (unix skt), clients: 7
[2026/09/25 22:51:52:5465] N: killing process, pid: 69128
[2026/09/25 22:51:52:5469] N: process killed with signal 0, pid: 69128
[2026/09/25 22:51:52:6480] N: WS closed from (unix skt), clients: 6
[2026/09/25 22:51:52:6481] N: killing process, pid: 69129
[2026/09/25 22:51:52:6484] N: process killed with signal 0, pid: 69129
[2026/09/25 22:51:52:6494] N: WS closed from (unix skt), clients: 5
[2026/09/25 22:51:52:6494] N: killing process, pid: 69135
[2026/09/25 22:51:52:6497] N: process killed with signal 0, pid: 69135
[2026/09/25 22:51:52:7056] N: WS closed from (unix skt), clients: 4
[2026/09/25 22:51:52:7057] N: killing process, pid: 69142
[2026/09/25 22:51:52:7060] N: process killed with signal 0, pid: 69142
[2026/09/25 22:51:53:0907] N: WS closed from (unix skt), clients: 3
[2026/09/25 22:51:53:0908] N: killing process, pid: 69132
[2026/09/25 22:51:53:0946] N: process killed with signal 0, pid: 69132
[2026/09/25 22:51:53:2075] N: WS closed from (unix skt), clients: 2
[2026/09/25 22:51:53:2076] N: killing process, pid: 69151
[2026/09/25 22:51:53:2086] N: process killed with signal 0, pid: 69151
[2026/09/25 22:51:54:2840] N: WS closed from (unix skt), clients: 1
[2026/09/25 22:51:54:2840] N: killing process, pid: 69134
[2026/09/25 22:51:54:2847] N: process killed with signal 0, pid: 69134
[2026/09/25 22:51:54:2853] N: WS closed from (unix skt), clients: 0
[2026/09/25 22:51:54:2853] N: killing process, pid: 69131
[2026/09/25 22:51:54:2860] N: process killed with signal 0, pid: 69131
[2026/09/25 22:51:54:2955] N: WS   /ws - (unix skt), clients: 1
[2026/09/25 22:51:54:2955] N: WS   /ws - (unix skt), clients: 2
[2026/09/25 22:51:54:2956] N: WS   /ws - (unix skt), clients: 3
[2026/09/25 22:51:54:2956] N: WS   /ws - (unix skt), clients: 4
[2026/09/25 22:51:54:2956] N: WS   /ws - (unix skt), clients: 5
[2026/09/25 22:51:54:2956] N: WS   /ws - (unix skt), clients: 6
[2026/09/25 22:51:54:2956] N: WS   /ws - (unix skt), clients: 7
[2026/09/25 22:51:54:2956] N: WS   /ws - (unix skt), clients: 8
[2026/09/25 22:51:54:2965] N: started process, pid: 69666
[2026/09/25 22:51:54:2970] N: started process, pid: 69667
[2026/09/25 22:51:54:2971] N: WS   /ws - (unix skt), clients: 9
[2026/09/25 22:51:54:2971] N: WS   /ws - (unix skt), clients: 10
[2026/09/25 22:51:54:2977] N: started process, pid: 69669
[2026/09/25 22:51:54:2982] N: started process, pid: 69670
[2026/09/25 22:51:54:2989] N: started process, pid: 69671
[2026/09/25 22:51:54:2997] N: started process, pid: 69672
[2026/09/25 22:51:54:3008] N: started process, pid: 69673
[2026/09/25 22:51:54:3016] N: started process, pid: 69674
[2026/09/25 22:51:54:3028] N: started process, pid: 69681
[2026/09/25 22:51:54:3048] N: started process, pid: 69689
[2026/09/25 22:51:54:4042] N: WS closed from (unix skt), clients: 9
[2026/09/25 22:51:54:4042] N: killing process, pid: 69670
[2026/09/25 22:51:54:4045] N: process killed with signal 1, pid: 69670
[2026/09/25 22:51:54:4567] N: WS closed from (unix skt), clients: 8
[2026/09/25 22:51:54:4568] N: killing process, pid: 69672
[2026/09/25 22:51:54:4570] N: process killed with signal 1, pid: 69672
[2026/09/25 22:51:54:6187] N: WS closed from (unix skt), clients: 7
[2026/09/25 22:51:54:6188] N: killing process, pid: 69666
[2026/09/25 22:51:54:6188] N: WS closed from (unix skt), clients: 6
[2026/09/25 22:51:54:6188] N: killing process, pid: 69674
[2026/09/25 22:51:54:6192] N: process killed with signal 0, pid: 69674
[2026/09/25 22:51:54:6193] N: process killed with signal 0, pid: 69666
[2026/09/25 22:51:54:6302] N: WS closed from (unix skt), clients: 5
[2026/09/25 22:51:54:6302] N: killing process, pid: 69669
[2026/09/25 22:51:54:6305] N: process killed with signal 0, pid: 69669
[2026/09/25 22:51:54:6717] N: WS closed from (unix skt), clients: 4
[2026/09/25 22:51:54:6717] N: killing process, pid: 69681
[2026/09/25 22:51:54:6720] N: process killed with signal 0, pid: 69681
[2026/09/25 22:51:55:0949] N: WS closed from (unix skt), clients: 3
[2026/09/25 22:51:55:0949] N: killing process, pid: 69667
[2026/09/25 22:51:55:0953] N: process killed with signal 0, pid: 69667
[2026/09/25 22:51:55:1734] N: WS closed from (unix skt), clients: 2
[2026/09/25 22:51:55:1735] N: killing process, pid: 69689
[2026/09/25 22:51:55:1740] N: process killed with signal 0, pid: 69689
[2026/09/25 22:51:56:2970] N: WS closed from (unix skt), clients: 1
[2026/09/25 22:51:56:2970] N: killing process, pid: 69673
[2026/09/25 22:51:56:2970] N: WS closed from (unix skt), clients: 0
[2026/09/25 22:51:56:2971] N: killing process, pid: 69671
[2026/09/25 22:51:56:2975] N: process killed with signal 0, pid: 69673
[2026/09/25 22:51:56:2980] N: process killed with signal 0, pid: 69671
[2026/09/25 22:51:56:3055] N: WS   /ws - (unix skt), clients: 1
[2026/09/25 22:51:56:3055] N: WS   /ws - (unix skt), clients: 2
[2026/09/25 22:51:56:3056] N: WS   /ws - (unix skt), clients: 3
[2026/09/25 22:51:56:3056] N: WS   /ws - (unix skt), clients: 4
[2026/09/25 22:51:56:3056] N: WS   /ws - (unix skt), clients: 5
[2026/09/25 22:51:56:3056] N: WS   /ws - (unix skt), clients: 6
[2026/09/25 22:51:56:3056] N: WS   /ws - (unix skt), clients: 7
[2026/09/25 22:51:56:3056] N: WS   /ws - (unix skt), clients: 8
[2026/09/25 22:51:56:3057] N: WS   /ws - (unix skt), clients: 9
[2026/09/25 22:51:56:3057] N: WS   /ws - (unix skt), clients: 10
[2026/09/25 22:51:56:3067] N: started process, pid: 70015
[2026/09/25 22:51:56:3073] N: started process, pid: 70016
[2026/09/25 22:51:56:3078] N: started process, pid: 70017
[2026/09/25 22:51:56:3085] N: started process, pid: 70018
[2026/09/25 22:51:56:3096] N: started process, pid: 70019
[2026/09/25 22:51:56:3104] N: started process, pid: 70020
[2026/09/25 22:51:56:3123] N: started process, pid: 70021
[2026/09/25 22:51:56:3134] N: started process, pid: 70030
[2026/09/25 22:51:56:3151] N: started process, pid: 70034
[2026/09/25 22:51:56:3158] N: started process, pid: 70036
[2026/09/25 22:51:56:4110] N: WS closed from (unix skt), clients: 9
[2026/09/25 22:51:56:4110] N: killing process, pid: 70017
[2026/09/25 22:51:56:4115] N: process killed with signal 1, pid: 70017
[2026/09/25 22:51:56:4769] N: WS closed from (unix skt), clients: 8
[2026/09/25 22:51:56:4770] N: killing process, pid: 70021
[2026/09/25 22:51:56:4772] N: process killed with signal 1, pid: 70021
[2026/09/25 22:51:56:5873] N: WS closed from (unix skt), clients: 7
[2026/09/25 22:51:56:5874] N: killing process, pid: 70015
[2026/09/25 22:51:56:5878] N: process killed with signal 0, pid: 70015
[2026/09/25 22:51:56:6373] N: WS closed from (unix skt), clients: 6
[2026/09/25 22:51:56:6373] N: killing process, pid: 70019
[2026/09/25 22:51:56:6378] N: process killed with signal 0, pid: 70019
[2026/09/25 22:51:56:6627] N: WS closed from (unix skt), clients: 5
[2026/09/25 22:51:56:6627] N: killing process, pid: 70034
[2026/09/25 22:51:56:6631] N: process killed with signal 0, pid: 70034
[2026/09/25 22:51:56:6778] N: WS closed from (unix skt), clients: 4
[2026/09/25 22:51:56:6778] N: killing process, pid: 70036
[2026/09/25 22:51:56:6783] N: process killed with signal 0, pid: 70036
[2026/09/25 22:51:57:1118] N: WS closed from (unix skt), clients: 3
[2026/09/25 22:51:57:1119] N: killing process, pid: 70016
[2026/09/25 22:51:57:1129] N: process killed with signal 0, pid: 70016
[2026/09/25 22:51:57:1307] N: WS closed from (unix skt), clients: 2
[2026/09/25 22:51:57:1307] N: killing process, pid: 70020
[2026/09/25 22:51:57:1346] N: process killed with signal 0, pid: 70020
[2026/09/25 22:51:58:3078] N: WS closed from (unix skt), clients: 1
[2026/09/25 22:51:58:3079] N: killing process, pid: 70030
[2026/09/25 22:51:58:3080] N: WS closed from (unix skt), clients: 0
[2026/09/25 22:51:58:3081] N: killing process, pid: 70018
[2026/09/25 22:51:58:3101] N: process killed with signal 0, pid: 70018
[2026/09/25 22:51:58:3102] N: process killed with signal 0, pid: 70030
[2026/09/25 22:51:58:3294] N: WS   /ws - (unix skt), clients: 1
[2026/09/25 22:51:58:3295] N: WS   /ws - (unix skt), clients: 2
[2026/09/25 22:51:58:3295] N: WS   /ws - (unix skt), clients: 3
[2026/09/25 22:51:58:3296] N: WS   /ws - (unix skt), clients: 4
[2026/09/25 22:51:58:3296] N: WS   /ws - (unix skt), clients: 5
[2026/09/25 22:51:58:3296] N: WS   /ws - (unix skt), clients: 6
[2026/09/25 22:51:58:3296] N: WS   /ws - (unix skt), clients: 7
[2026/09/25 22:51:58:3296] N: WS   /ws - (unix skt), clients: 8
[2026/09/25 22:51:58:3296] N: WS   /ws - (unix skt), clients: 9
[2026/09/25 22:51:58:3297] N: WS   /ws - (unix skt), clients: 10
[2026/09/25 22:51:58:3311] N: started process, pid: 70375
[2026/09/25 22:51:58:3321] N: started process, pid: 70376
[2026/09/25 22:51:58:3329] N: started process, pid: 70378
[2026/09/25 22:51:58:3335] N: started process, pid: 70379
[2026/09/25 22:51:58:3345] N: started process, pid: 70380
[2026/09/25 22:51:58:3356] N: started process, pid: 70381
[2026/09/25 22:51:58:3367] N: started process, pid: 70382
[2026/09/25 22:51:58:3380] N: started process, pid: 70385
[2026/09/25 22:51:58:3394] N: started process, pid: 70394
[2026/09/25 22:51:58:3411] N: started process, pid: 70401
[2026/09/25 22:51:58:4504] N: WS closed from (unix skt), clients: 9
[2026/09/25 22:51:58:4504] N: killing process, pid: 70379
[2026/09/25 22:51:58:4508] N: process killed with signal 1, pid: 70379
[2026/09/25 22:51:58:4859] N: WS closed from (unix skt), clients: 8
[2026/09/25 22:51:58:4860] N: killing process, pid: 70394
[2026/09/25 22:51:58:4862] N: process killed with signal 1, pid: 70394
[2026/09/25 22:51:58:5938] N: WS closed from (unix skt), clients: 7
[2026/09/25 22:51:58:5938] N: killing process, pid: 70376
[2026/09/25 22:51:58:5942] N: process killed with signal 0, pid: 70376
[2026/09/25 22:51:58:6527] N: WS closed from (unix skt), clients: 6
[2026/09/25 22:51:58:6527] N: killing process, pid: 70375
[2026/09/25 22:51:58:6532] N: process killed with signal 0, pid: 70375
[2026/09/25 22:51:58:6648] N: WS closed from (unix skt), clients: 5
[2026/09/25 22:51:58:6648] N: killing process, pid: 70382
[2026/09/25 22:51:58:6652] N: process killed with signal 0, pid: 70382
[2026/09/25 22:51:58:7010] N: WS closed from (unix skt), clients: 4
[2026/09/25 22:51:58:7010] N: killing process, pid: 70381
[2026/09/25 22:51:58:7014] N: process killed with signal 0, pid: 70381
[2026/09/25 22:51:59:1552] N: WS closed from (unix skt), clients: 3
[2026/09/25 22:51:59:1552] N: killing process, pid: 70378
[2026/09/25 22:51:59:1560] N: process killed with signal 0, pid: 70378
[2026/09/25 22:51:59:1894] N: WS closed from (unix skt), clients: 2
[2026/09/25 22:51:59:1894] N: killing process, pid: 70385
[2026/09/25 22:51:59:1899] N: process killed with signal 0, pid: 70385
[2026/09/25 22:52:00:3320] N: WS closed from (unix skt), clients: 1
[2026/09/25 22:52:00:3320] N: killing process, pid: 70380
[2026/09/25 22:52:00:3321] N: WS closed from (unix skt), clients: 0
[2026/09/25 22:52:00:3321] N: killing process, pid: 70401
[2026/09/25 22:52:00:3324] N: process killed with signal 0, pid: 70380
[2026/09/25 22:52:00:3330] N: process killed with signal 0, pid: 70401
[2026/09/25 22:52:00:3389] N: WS   /ws - (unix skt), clients: 1
[2026/09/25 22:52:00:3390] N: WS   /ws - (unix skt), clients: 2
[2026/09/25 22:52:00:3390] N: WS   /ws - (unix skt), clients: 3
[2026/09/25 22:52:00:3390] N: WS   /ws - (unix skt), clients: 4
[2026/09/25 22:52:00:3390] N: WS   /ws - (unix skt), clients: 5
[2026/09/25 22:52:00:3390] N: WS   /ws - (unix skt), clients: 6
[2026/09/25 22:52:00:3390] N: WS   /ws - (unix skt), clients: 7
[2026/09/25 22:52:00:3390] N: WS   /ws - (unix skt), clients: 8
[2026/09/25 22:52:00:3390] N: WS   /ws - (unix skt), clients: 9
[2026/09/25 22:52:00:3390] N: WS   /ws - (unix skt), clients: 10
[2026/09/25 22:52:00:3399] N: started process, pid: 70697
[2026/09/25 22:52:00:3403] N: started process, pid: 70698
[2026/09/25 22:52:00:3406] N: started process, pid: 70699
[2026/09/25 22:52:00:3411] N: started process, pid: 70700
[2026/09/25 22:52:00:3418] N: started process, pid: 70701
[2026/09/25 22:52:00:3427] N: started process, pid: 70702
[2026/09/25 22:52:00:3434] N: started process, pid: 70704
[2026/09/25 22:52:00:3451] N: started process, pid: 70709
[2026/09/25 22:52:00:3466] N: started process, pid: 70718
[2026/09/25 22:52:00:3483] N: started process, pid: 70724
[2026/09/25 22:52:00:4520] N: WS closed from (unix skt), clients: 9
[2026/09/25 22:52:00:4521] N: killing process, pid: 70700
[2026/09/25 22:52:00:4524] N: process killed with signal 1, pid: 70700
[2026/09/25 22:52:00:4949] N: WS closed from (unix skt), clients: 8
[2026/09/25 22:52:00:4950] N: killing process, pid: 70718
[2026/09/25 22:52:00:4953] N: process killed with signal 1, pid: 70718
[2026/09/25 22:52:00:6133] N: WS closed from (unix skt), clients: 7
[2026/09/25 22:52:00:6133] N: killing process, pid: 70698
[2026/09/25 22:52:00:6138] N: process killed with signal 0, pid: 70698
[2026/09/25 22:52:00:6411] N: WS closed from (unix skt), clients: 6
[2026/09/25 22:52:00:6411] N: killing process, pid: 70697
[2026/09/25 22:52:00:6416] N: process killed with signal 0, pid: 70697
[2026/09/25 22:52:00:6544] N: WS closed from (unix skt), clients: 5
[2026/09/25 22:52:00:6544] N: killing process, pid: 70702
[2026/09/25 22:52:00:6548] N: process killed with signal 0, pid: 70702
[2026/09/25 22:52:00:7120] N: WS closed from (unix skt), clients: 4
[2026/09/25 22:52:00:7121] N: killing process, pid: 70704
[2026/09/25 22:52:00:7126] N: process killed with signal 0, pid: 70704
[2026/09/25 22:52:01:1424] N: WS closed from (unix skt), clients: 3
[2026/09/25 22:52:01:1425] N: killing process, pid: 70699
[2026/09/25 22:52:01:1434] N: process killed with signal 0, pid: 70699
[2026/09/25 22:52:01:1999] N: WS closed from (unix skt), clients: 2
[2026/09/25 22:52:01:2000] N: killing process, pid: 70709
[2026/09/25 22:52:01:2012] N: process killed with signal 0, pid: 70709
[2026/09/25 22:52:02:3403] N: WS closed from (unix skt), clients: 1
[2026/09/25 22:52:02:3403] N: killing process, pid: 70701
[2026/09/25 22:52:02:3404] N: WS closed from (unix skt), clients: 0
[2026/09/25 22:52:02:3404] N: killing process, pid: 70724
[2026/09/25 22:52:02:3411] N: process killed with signal 0, pid: 70724
[2026/09/25 22:52:02:3411] N: process killed with signal 0, pid: 70701
[2026/09/25 22:52:02:3476] N: WS   /ws - (unix skt), clients: 1
[2026/09/25 22:52:02:3476] N: WS   /ws - (unix skt), clients: 2
[2026/09/25 22:52:02:3476] N: WS   /ws - (unix skt), clients: 3
[2026/09/25 22:52:02:3477] N: WS   /ws - (unix skt), clients: 4
[2026/09/25 22:52:02:3477] N: WS   /ws - (unix skt), clients: 5
[2026/09/25 22:52:02:3477] N: WS   /ws - (unix skt), clients: 6
[2026/09/25 22:52:02:3477] N: WS   /ws - (unix skt), clients: 7
[2026/09/25 22:52:02:3477] N: WS   /ws - (unix skt), clients: 8
[2026/09/25 22:52:02:3477] N: WS   /ws - (unix skt), clients: 9
[2026/09/25 22:52:02:3477] N: WS   /ws - (unix skt), clients: 10
[2026/09/25 22:52:02:3486] N: started process, pid: 71024
[2026/09/25 22:52:02:3490] N: started process, pid: 71025
[2026/09/25 22:52:02:3493] N: started process, pid: 71026
[2026/09/25 22:52:02:3497] N: started process, pid: 71027
[2026/09/25 22:52:02:3507] N: started process, pid: 71028
[2026/09/25 22:52:02:3514] N: started process, pid: 71029
[2026/09/25 22:52:02:3527] N: started process, pid: 71030
[2026/09/25 22:52:02:3535] N: started process, pid: 71037
[2026/09/25 22:52:02:3546] N: started process, pid: 71046
[2026/09/25 22:52:02:3563] N: started process, pid: 71051
[2026/09/25 22:52:02:4654] N: WS closed from (unix skt), clients: 9
[2026/09/25 22:52:02:4654] N: killing process, pid: 71026
[2026/09/25 22:52:02:4658] N: process killed with signal 1, pid: 71026
[2026/09/25 22:52:02:4915] N: WS closed from (unix skt), clients: 8
[2026/09/25 22:52:02:4916] N: killing process, pid: 71030
[2026/09/25 22:52:02:4918] N: process killed with signal 1, pid: 71030
[2026/09/25 22:52:02:6679] N: WS closed from (unix skt), clients: 7
[2026/09/25 22:52:02:6679] N: killing process, pid: 71028
[2026/09/25 22:52:02:6679] N: WS closed from (unix skt), clients: 6
[2026/09/25 22:52:02:6679] N: killing process, pid: 71024
[2026/09/25 22:52:02:6684] N: process killed with signal 0, pid: 71028
[2026/09/25 22:52:02:6684] N: process killed with signal 0, pid: 71024
[2026/09/25 22:52:02:6924] N: WS closed from (unix skt), clients: 5
[2026/09/25 22:52:02:6924] N: killing process, pid: 71046
[2026/09/25 22:52:02:6929] N: process killed with signal 0, pid: 71046
[2026/09/25 22:52:02:7154] N: WS closed from (unix skt), clients: 4
[2026/09/25 22:52:02:7154] N: killing process, pid: 71051
[2026/09/25 22:52:02:7158] N: process killed with signal 0, pid: 71051
[2026/09/25 22:52:03:1085] N: WS closed from (unix skt), clients: 3
[2026/09/25 22:52:03:1085] N: killing process, pid: 71025
[2026/09/25 22:52:03:1093] N: process killed with signal 0, pid: 71025
[2026/09/25 22:52:03:2067] N: WS closed from (unix skt), clients: 2
[2026/09/25 22:52:03:2067] N: killing process, pid: 71029
[2026/09/25 22:52:03:2077] N: process killed with signal 0, pid: 71029
[2026/09/25 22:52:04:3519] N: WS closed from (unix skt), clients: 1
[2026/09/25 22:52:04:3523] N: killing process, pid: 71037
[2026/09/25 22:52:04:3523] N: WS closed from (unix skt), clients: 0
[2026/09/25 22:52:04:3523] N: killing process, pid: 71027
[2026/09/25 22:52:04:3533] N: process killed with signal 0, pid: 71037
[2026/09/25 22:52:04:3539] N: process killed with signal 0, pid: 71027
[2026/09/25 22:52:04:3618] N: WS   /ws - (unix skt), clients: 1
[2026/09/25 22:52:04:3619] N: WS   /ws - (unix skt), clients: 2
[2026/09/25 22:52:04:3619] N: WS   /ws - (unix skt), clients: 3
[2026/09/25 22:52:04:3619] N: WS   /ws - (unix skt), clients: 4
[2026/09/25 22:52:04:3619] N: WS   /ws - (unix skt), clients: 5
[2026/09/25 22:52:04:3619] N: WS   /ws - (unix skt), clients: 6
[2026/09/25 22:52:04:3619] N: WS   /ws - (unix skt), clients: 7
[2026/09/25 22:52:04:3619] N: WS   /ws - (unix skt), clients: 8
[2026/09/25 22:52:04:3619] N: WS   /ws - (unix skt), clients: 9
[2026/09/25 22:52:04:3620] N: WS   /ws - (unix skt), clients: 10
[2026/09/25 22:52:04:3631] N: started process, pid: 71306
[2026/09/25 22:52:04:3642] N: started process, pid: 71308
[2026/09/25 22:52:04:3657] N: started process, pid: 71309
[2026/09/25 22:52:04:3666] N: started process, pid: 71310
[2026/09/25 22:52:04:3682] N: started process, pid: 71311
[2026/09/25 22:52:04:3697] N: started process, pid: 71316
[2026/09/25 22:52:04:3713] N: started process, pid: 71322
[2026/09/25 22:52:04:3719] N: started process, pid: 71323
[2026/09/25 22:52:04:3725] N: started process, pid: 71325
[2026/09/25 22:52:04:3737] N: started process, pid: 71328
[2026/09/25 22:52:04:4427] N: WS closed from (unix skt), clients: 9
[2026/09/25 22:52:04:4428] N: killing process, pid: 71310
[2026/09/25 22:52:04:4432] N: process killed with signal 1, pid: 71310
[2026/09/25 22:52:04:5300] N: WS closed from (unix skt), clients: 8
[2026/09/25 22:52:04:5301] N: killing process, pid: 71325
[2026/09/25 22:52:04:5305] N: process killed with signal 1, pid: 71325
[2026/09/25 22:52:04:6313] N: WS closed from (unix skt), clients: 7
[2026/09/25 22:52:04:6313] N: killing process, pid: 71306
[2026/09/25 22:52:04:6318] N: process killed with signal 0, pid: 71306
[2026/09/25 22:52:04:6444] N: WS closed from (unix skt), clients: 6
[2026/09/25 22:52:04:6444] N: killing process, pid: 71308
[2026/09/25 22:52:04:6447] N: process killed with signal 0, pid: 71308
[2026/09/25 22:52:04:7456] N: WS closed from (unix skt), clients: 5
[2026/09/25 22:52:04:7457] N: killing process, pid: 71316
[2026/09/25 22:52:04:7457] N: WS closed from (unix skt), clients: 4
[2026/09/25 22:52:04:7457] N: killing process, pid: 71322
[2026/09/25 22:52:04:7461] N: process killed with signal 0, pid: 71322
[2026/09/25 22:52:04:7461] N: process killed with signal 0, pid: 71316
[2026/09/25 22:52:05:2069] N: WS closed from (unix skt), clients: 3
[2026/09/25 22:52:05:2070] N: killing process, pid: 71309
[2026/09/25 22:52:05:2079] N: process killed with signal 0, pid: 71309
[2026/09/25 22:52:05:2472] N: WS closed from (unix skt), clients: 2
[2026/09/25 22:52:05:2473] N: killing process, pid: 71323
[2026/09/25 22:52:05:2486] N: process killed with signal 0, pid: 71323
[2026/09/25 22:52:06:3625] N: WS closed from (unix skt), clients: 1
[2026/09/25 22:52:06:3625] N: killing process, pid: 71311
[2026/09/25 22:52:06:3626] N: WS closed from (unix skt), clients: 0
[2026/09/25 22:52:06:3626] N: killing process, pid: 71328
[2026/09/25 22:52:06:3632] N: process killed with signal 0, pid: 71311
[2026/09/25 22:52:06:3632] N: process killed with signal 0, pid: 71328
[2026/09/25 22:52:06:3686] N: WS   /ws - (unix skt), clients: 1
[2026/09/25 22:52:06:3686] N: WS   /ws - (unix skt), clients: 2
[2026/09/25 22:52:06:3686] N: WS   /ws - (unix skt), clients: 3
[2026/09/25 22:52:06:3686] N: WS   /ws - (unix skt), clients: 4
[2026/09/25 22:52:06:3686] N: WS   /ws - (unix skt), clients: 5
[2026/09/25 22:52:06:3686] N: WS   /ws - (unix skt), clients: 6
[2026/09/25 22:52:06:3686] N: WS   /ws - (unix skt), clients: 7
[2026/09/25 22:52:06:3686] N: WS   /ws - (unix skt), clients: 8
[2026/09/25 22:52:06:3686] N: WS   /ws - (unix skt), clients: 9
[2026/09/25 22:52:06:3686] N: WS   /ws - (unix skt), clients: 10
[2026/09/25 22:52:06:3693] N: started process, pid: 71703
[2026/09/25 22:52:06:3696] N: started process, pid: 71704
[2026/09/25 22:52:06:3699] N: started process, pid: 71705
[2026/09/25 22:52:06:3704] N: started process, pid: 71706
[2026/09/25 22:52:06:3710] N: started process, pid: 71707
[2026/09/25 22:52:06:3715] N: started process, pid: 71708
[2026/09/25 22:52:06:3720] N: started process, pid: 71709
[2026/09/25 22:52:06:3729] N: started process, pid: 71711
[2026/09/25 22:52:06:3738] N: started process, pid: 71719
[2026/09/25 22:52:06:3755] N: started process, pid: 71725
[2026/09/25 22:52:06:4631] N: WS closed from (unix skt), clients: 9
[2026/09/25 22:52:06:4631] N: killing process, pid: 71705
[2026/09/25 22:52:06:4635] N: process killed with signal 1, pid: 71705
[2026/09/25 22:52:06:4884] N: WS closed from (unix skt), clients: 8
[2026/09/25 22:52:06:4884] N: killing process, pid: 71709
[2026/09/25 22:52:06:4887] N: process killed with signal 1, pid: 71709
[2026/09/25 22:52:06:6484] N: WS closed from (unix skt), clients: 7
[2026/09/25 22:52:06:6485] N: killing process, pid: 71703
[2026/09/25 22:52:06:6489] N: process killed with signal 0, pid: 71703
[2026/09/25 22:52:06:7017] N: WS closed from (unix skt), clients: 6
[2026/09/25 22:52:06:7017] N: killing process, pid: 71719
[2026/09/25 22:52:06:7021] N: process killed with signal 0, pid: 71719
[2026/09/25 22:52:06:7258] N: WS closed from (unix skt), clients: 5
[2026/09/25 22:52:06:7258] N: killing process, pid: 71725
[2026/09/25 22:52:06:7258] N: WS closed from (unix skt), clients: 4
[2026/09/25 22:52:06:7259] N: killing process, pid: 71707
[2026/09/25 22:52:06:7261] N: process killed with signal 0, pid: 71725
[2026/09/25 22:52:06:7262] N: process killed with signal 0, pid: 71707
[2026/09/25 22:52:07:1666] N: WS closed from (unix skt), clients: 3
[2026/09/25 22:52:07:1667] N: killing process, pid: 71704
[2026/09/25 22:52:07:1671] N: process killed with signal 0, pid: 71704
[2026/09/25 22:52:07:1798] N: WS closed from (unix skt), clients: 2
[2026/09/25 22:52:07:1798] N: killing process, pid: 71708
[2026/09/25 22:52:07:1803] N: process killed with signal 0, pid: 71708
[2026/09/25 22:52:08:3697] N: WS closed from (unix skt), clients: 1
[2026/09/25 22:52:08:3697] N: killing process, pid: 71711
[2026/09/25 22:52:08:3698] N: WS closed from (unix skt), clients: 0
[2026/09/25 22:52:08:3698] N: killing process, pid: 71706
[2026/09/25 22:52:08:3706] N: process killed with signal 0, pid: 71711
[2026/09/25 22:52:08:3712] N: process killed with signal 0, pid: 71706
[2026/09/25 22:52:08:3837] N: WS   /ws - (unix skt), clients: 1
[2026/09/25 22:52:08:3838] N: WS   /ws - (unix skt), clients: 2
[2026/09/25 22:52:08:3838] N: WS   /ws - (unix skt), clients: 3
[2026/09/25 22:52:08:3838] N: WS   /ws - (unix skt), clients: 4
[2026/09/25 22:52:08:3838] N: WS   /ws - (unix skt), clients: 5
[2026/09/25 22:52:08:3838] N: WS   /ws - (unix skt), clients: 6
[2026/09/25 22:52:08:3839] N: WS   /ws - (unix skt), clients: 7
[2026/09/25 22:52:08:3839] N: WS   /ws - (unix skt), clients: 8
[2026/09/25 22:52:08:3850] N: started process, pid: 71986
[2026/09/25 22:52:08:3851] N: WS   /ws - (unix skt), clients: 9
[2026/09/25 22:52:08:3851] N: WS   /ws - (unix skt), clients: 10
[2026/09/25 22:52:08:3857] N: started process, pid: 71987
[2026/09/25 22:52:08:3865] N: started process, pid: 71988
[2026/09/25 22:52:08:3876] N: started process, pid: 71989
[2026/09/25 22:52:08:3888] N: started process, pid: 71990
[2026/09/25 22:52:08:3902] N: started process, pid: 71991
[2026/09/25 22:52:08:3921] N: started process, pid: 71997
[2026/09/25 22:52:08:3933] N: started process, pid: 72006
[2026/09/25 22:52:08:3946] N: started process, pid: 72008
[2026/09/25 22:52:08:3957] N: started process, pid: 72013
[2026/09/25 22:52:08:4796] N: WS closed from (unix skt), clients: 9
[2026/09/25 22:52:08:4796] N: killing process, pid: 71988
[2026/09/25 22:52:08:4799] N: process killed with signal 1, pid: 71988
[2026/09/25 22:52:08:5162] N: WS closed from (unix skt), clients: 8
[2026/09/25 22:52:08:5162] N: killing process, pid: 71991
[2026/09/25 22:52:08:5164] N: process killed with signal 1, pid: 71991
[2026/09/25 22:52:08:6426] N: WS closed from (unix skt), clients: 7
[2026/09/25 22:52:08:6427] N: killing process, pid: 71987
[2026/09/25 22:52:08:6430] N: process killed with signal 0, pid: 71987
[2026/09/25 22:52:08:6798] N: WS closed from (unix skt), clients: 6
[2026/09/25 22:52:08:6799] N: killing process, pid: 71986
[2026/09/25 22:52:08:6802] N: process killed with signal 0, pid: 71986
[2026/09/25 22:52:08:7424] N: WS closed from (unix skt), clients: 5
[2026/09/25 22:52:08:7425] N: killing process, pid: 72006
[2026/09/25 22:52:08:7429] N: process killed with signal 0, pid: 72006
[2026/09/25 22:52:08:7596] N: WS closed from (unix skt), clients: 4
[2026/09/25 22:52:08:7596] N: killing process, pid: 72008
[2026/09/25 22:52:08:7601] N: process killed with signal 0, pid: 72008
[2026/09/25 22:52:09:2328] N: WS closed from (unix skt), clients: 3
[2026/09/25 22:52:09:2328] N: killing process, pid: 71990
[2026/09/25 22:52:09:2333] N: process killed with signal 0, pid: 71990
[2026/09/25 22:52:09:2619] N: WS closed from (unix skt), clients: 2
[2026/09/25 22:52:09:2619] N: killing process, pid: 72013
[2026/09/25 22:52:09:2626] N: process killed with signal 0, pid: 72013
[2026/09/25 22:52:10:3839] N: WS closed from (unix skt), clients: 1
[2026/09/25 22:52:10:3839] N: killing process, pid: 71997
[2026/09/25 22:52:10:3848] N: process killed with signal 0, pid: 71997
[2026/09/25 22:52:10:3854] N: WS closed from (unix skt), clients: 0
[2026/09/25 22:52:10:3854] N: killing process, pid: 71989
[2026/09/25 22:52:10:3863] N: process killed with signal 0, pid: 71989
[2026/09/25 22:52:10:3984] N: WS   /ws - (unix skt), clients: 1
[2026/09/25 22:52:10:3985] N: WS   /ws - (unix skt), clients: 2
[2026/09/25 22:52:10:3985] N: WS   /ws - (unix skt), clients: 3
[2026/09/25 22:52:10:3985] N: WS   /ws - (unix skt), clients: 4
[2026/09/25 22:52:10:3985] N: WS   /ws - (unix skt), clients: 5
[2026/09/25 22:52:10:3985] N: WS   /ws - (unix skt), clients: 6
[2026/09/25 22:52:10:3985] N: WS   /ws - (unix skt), clients: 7
[2026/09/25 22:52:10:3985] N: WS   /ws - (unix skt), clients: 8
[2026/09/25 22:52:10:3985] N: WS   /ws - (unix skt), clients: 9
[2026/09/25 22:52:10:3986] N: WS   /ws - (unix skt), clients: 10
[2026/09/25 22:52:10:3997] N: started process, pid: 72368
[2026/09/25 22:52:10:4003] N: started process, pid: 72369
[2026/09/25 22:52:10:4016] N: started process, pid: 72371
[2026/09/25 22:52:10:4023] N: started process, pid: 72372
[2026/09/25 22:52:10:4038] N: started process, pid: 72373
[2026/09/25 22:52:10:4046] N: started process, pid: 72375
[2026/09/25 22:52:10:4054] N: started process, pid: 72376
[2026/09/25 22:52:10:4074] N: started process, pid: 72379
[2026/09/25 22:52:10:4098] N: started process, pid: 72386
[2026/09/25 22:52:10:4104] N: started process, pid: 72392
[2026/09/25 22:52:10:5299] N: WS closed from (unix skt), clients: 9
[2026/09/25 22:52:10:5300] N: killing process, pid: 72372
[2026/09/25 22:52:10:5303] N: process killed with signal 1, pid: 72372
[2026/09/25 22:52:10:5848] N: WS closed from (unix skt), clients: 8
[2026/09/25 22:52:10:5848] N: killing process, pid: 72386
[2026/09/25 22:52:10:5850] N: process killed with signal 1, pid: 72386
[2026/09/25 22:52:10:6893] N: WS closed from (unix skt), clients: 7
[2026/09/25 22:52:10:6894] N: killing process, pid: 72369
[2026/09/25 22:52:10:6897] N: process killed with signal 0, pid: 72369
[2026/09/25 22:52:10:7022] N: WS closed from (unix skt), clients: 6
[2026/09/25 22:52:10:7022] N: killing process, pid: 72368
[2026/09/25 22:52:10:7025] N: process killed with signal 0, pid: 72368
[2026/09/25 22:52:10:7463] N: WS closed from (unix skt), clients: 5
[2026/09/25 22:52:10:7463] N: killing process, pid: 72376
[2026/09/25 22:52:10:7467] N: process killed with signal 0, pid: 72376
[2026/09/25 22:52:10:7851] N: WS closed from (unix skt), clients: 4
[2026/09/25 22:52:10:7851] N: killing process, pid: 72375
[2026/09/25 22:52:10:7857] N: process killed with signal 0, pid: 72375
[2026/09/25 22:52:11:1916] N: WS closed from (unix skt), clients: 3
[2026/09/25 22:52:11:1917] N: killing process, pid: 72371
[2026/09/25 22:52:11:1924] N: process killed with signal 0, pid: 72371
[2026/09/25 22:52:11:2724] N: WS closed from (unix skt), clients: 2
[2026/09/25 22:52:11:2724] N: killing process, pid: 72379
[2026/09/25 22:52:11:2732] N: process killed with signal 0, pid: 72379
[2026/09/25 22:52:12:3993] N: WS closed from (unix skt), clients: 1
[2026/09/25 22:52:12:3994] N: killing process, pid: 72373
[2026/09/25 22:52:12:3995] N: WS closed from (unix skt), clients: 0
[2026/09/25 22:52:12:3995] N: killing process, pid: 72392
[2026/09/25 22:52:12:4025] N: process killed with signal 0, pid: 72373
[2026/09/25 22:52:12:4026] N: process killed with signal 0, pid: 72392
[2026/09/25 22:52:12:4232] N: WS   /ws - (unix skt), clients: 1
[2026/09/25 22:52:12:4232] N: WS   /ws - (unix skt), clients: 2
[2026/09/25 22:52:12:4232] N: WS   /ws - (unix skt), clients: 3
[2026/09/25 22:52:12:4233] N: WS   /ws - (unix skt), clients: 4
[2026/09/25 22:52:12:4233] N: WS   /ws - (unix skt), clients: 5
[2026/09/25 22:52:12:4233] N: WS   /ws - (unix skt), clients: 6
[2026/09/25 22:52:12:4233] N: WS   /ws - (unix skt), clients: 7
[2026/09/25 22:52:12:4233] N: WS   /ws - (unix skt), clients: 8
[2026/09/25 22:52:12:4233] N: WS   /ws - (unix skt), clients: 9
[2026/09/25 22:52:12:4234] N: WS   /ws - (unix skt), clients: 10
[2026/09/25 22:52:12:4249] N: started process, pid: 72634
[2026/09/25 22:52:12:4255] N: started process, pid: 72635
[2026/09/25 22:52:12:4260] N: started process, pid: 72636
[2026/09/25 22:52:12:4275] N: started process, pid: 72637
[2026/09/25 22:52:12:4286] N: started process, pid: 72638
[2026/09/25 22:52:12:4299] N: started process, pid: 72639
[2026/09/25 22:52:12:4308] N: started process, pid: 72640
[2026/09/25 22:52:12:4320] N: started process, pid: 72647
[2026/09/25 22:52:12:4339] N: started process, pid: 72653
[2026/09/25 22:52:12:4356] N: started process, pid: 72659
[2026/09/25 22:52:12:5267] N: WS closed from (unix skt), clients: 9
[2026/09/25 22:52:12:5267] N: killing process, pid: 72637
[2026/09/25 22:52:12:5270] N: process killed with signal 1, pid: 72637
[2026/09/25 22:52:12:5854] N: WS closed from (unix skt), clients: 8
[2026/09/25 22:52:12:5855] N: killing process, pid: 72653
[2026/09/25 22:52:12:5859] N: process killed with signal 1, pid: 72653
[2026/09/25 22:52:12:6854] N: WS closed from (unix skt), clients: 7
[2026/09/25 22:52:12:6854] N: killing process, pid: 72634
[2026/09/25 22:52:12:6858] N: process killed with signal 0, pid: 72634
[2026/09/25 22:52:12:7428] N: WS closed from (unix skt), clients: 6
[2026/09/25 22:52:12:7428] N: killing process, pid: 72636
[2026/09/25 22:52:12:7432] N: process killed with signal 0, pid: 72636
[2026/09/25 22:52:12:8021] N: WS closed from (unix skt), clients: 5
[2026/09/25 22:52:12:8022] N: killing process, pid: 72639
[2026/09/25 22:52:12:8027] N: process killed with signal 0, pid: 72639
[2026/09/25 22:52:12:8133] N: WS closed from (unix skt), clients: 4
[2026/09/25 22:52:12:8133] N: killing process, pid: 72640
[2026/09/25 22:52:12:8138] N: process killed with signal 0, pid: 72640
[2026/09/25 22:52:13:2300] N: WS closed from (unix skt), clients: 3
[2026/09/25 22:52:13:2301] N: killing process, pid: 72635
[2026/09/25 22:52:13:2308] N: process killed with signal 0, pid: 72635
[2026/09/25 22:52:13:2808] N: WS closed from (unix skt), clients: 2
[2026/09/25 22:52:13:2809] N: killing process, pid: 72647
[2026/09/25 22:52:13:2821] N: process killed with signal 0, pid: 72647
[2026/09/25 22:52:14:4255] N: WS closed from (unix skt), clients: 1
[2026/09/25 22:52:14:4256] N: killing process, pid: 72638
[2026/09/25 22:52:14:4256] N: WS closed from (unix skt), clients: 0
[2026/09/25 22:52:14:4256] N: killing process, pid: 72659
[2026/09/25 22:52:14:4265] N: process killed with signal 0, pid: 72659
[2026/09/25 22:52:14:4266] N: process killed with signal 0, pid: 72638
[2026/09/25 22:52:14:4355] N: WS   /ws - (unix skt), clients: 1
[2026/09/25 22:52:14:4355] N: WS   /ws - (unix skt), clients: 2
[2026/09/25 22:52:14:4355] N: WS   /ws - (unix skt), clients: 3
[2026/09/25 22:52:14:4355] N: WS   /ws - (unix skt), clients: 4
[2026/09/25 22:52:14:4355] N: WS   /ws - (unix skt), clients: 5
[2026/09/25 22:52:14:4355] N: WS   /ws - (unix skt), clients: 6
[2026/09/25 22:52:14:4356] N: WS   /ws - (unix skt), clients: 7
[2026/09/25 22:52:14:4356] N: WS   /ws - (unix skt), clients: 8
[2026/09/25 22:52:14:4356] N: WS   /ws - (unix skt), clients: 9
[2026/09/25 22:52:14:4356] N: WS   /ws - (unix skt), clients: 10
[2026/09/25 22:52:14:4366] N: started process, pid: 72933
[2026/09/25 22:52:14:4371] N: started process, pid: 72934
[2026/09/25 22:52:14:4378] N: started process, pid: 72935
[2026/09/25 22:52:14:4383] N: started process, pid: 72936
[2026/09/25 22:52:14:4391] N: started process, pid: 72937
[2026/09/25 22:52:14:4404] N: started process, pid: 72939
[2026/09/25 22:52:14:4414] N: started process, pid: 72941
[2026/09/25 22:52:14:4436] N: started process, pid: 72947
[2026/09/25 22:52:14:4453] N: started process, pid: 72959
[2026/09/25 22:52:14:4469] N: started process, pid: 72962
[2026/09/25 22:52:14:5379] N: WS closed from (unix skt), clients: 9
[2026/09/25 22:52:14:5380] N: killing process, pid: 72935
[2026/09/25 22:52:14:5383] N: process killed with signal 1, pid: 72935
[2026/09/25 22:52:14:5939] N: WS closed from (unix skt), clients: 8
[2026/09/25 22:52:14:5939] N: killing process, pid: 72959
[2026/09/25 22:52:14:5941] N: process killed with signal 1, pid: 72959
[2026/09/25 22:52:14:7147] N: WS closed from (unix skt), clients: 7
[2026/09/25 22:52:14:7147] N: killing process, pid: 72933
[2026/09/25 22:52:14:7152] N: process killed with signal 0, pid: 72933
[2026/09/25 22:52:14:7529] N: WS closed from (unix skt), clients: 6
[2026/09/25 22:52:14:7529] N: killing process, pid: 72939
[2026/09/25 22:52:14:7534] N: process killed with signal 0, pid: 72939
[2026/09/25 22:52:14:7765] N: WS closed from (unix skt), clients: 5
[2026/09/25 22:52:14:7765] N: killing process, pid: 72937
[2026/09/25 22:52:14:7765] N: WS closed from (unix skt), clients: 4
[2026/09/25 22:52:14:7765] N: killing process, pid: 72941
[2026/09/25 22:52:14:7806] N: process killed with signal 0, pid: 72937
[2026/09/25 22:52:14:7808] N: process killed with signal 0, pid: 72941
[2026/09/25 22:52:15:2295] N: WS closed from (unix skt), clients: 3
[2026/09/25 22:52:15:2295] N: killing process, pid: 72934
[2026/09/25 22:52:15:2302] N: process killed with signal 0, pid: 72934
[2026/09/25 22:52:15:2828] N: WS closed from (unix skt), clients: 2
[2026/09/25 22:52:15:2829] N: killing process, pid: 72947
[2026/09/25 22:52:15:2848] N: process killed with signal 0, pid: 72947
[2026/09/25 22:52:16:4365] N: WS closed from (unix skt), clients: 1
[2026/09/25 22:52:16:4365] N: killing process, pid: 72936
[2026/09/25 22:52:16:4366] N: WS closed from (unix skt), clients: 0
[2026/09/25 22:52:16:4366] N: killing process, pid: 72962
[2026/09/25 22:52:16:4372] N: process killed with signal 0, pid: 72936
[2026/09/25 22:52:16:4381] N: process killed with signal 0, pid: 72962
[2026/09/25 22:52:16:4490] N: WS   /ws - (unix skt), clients: 1
[2026/09/25 22:52:16:4490] N: WS   /ws - (unix skt), clients: 2
[2026/09/25 22:52:16:4490] N: WS   /ws - (unix skt), clients: 3
[2026/09/25 22:52:16:4491] N: WS   /ws - (unix skt), clients: 4
[2026/09/25 22:52:16:4491] N: WS   /ws - (unix skt), clients: 5
[2026/09/25 22:52:16:4491] N: WS   /ws - (unix skt), clients: 6
[2026/09/25 22:52:16:4491] N: WS   /ws - (unix skt), clients: 7
[2026/09/25 22:52:16:4491] N: WS   /ws - (unix skt), clients: 8
[2026/09/25 22:52:16:4491] N: WS   /ws - (unix skt), clients: 9
[2026/09/25 22:52:16:4491] N: WS   /ws - (unix skt), clients: 10
[2026/09/25 22:52:16:4502] N: started process, pid: 73214
[2026/09/25 22:52:16:4508] N: started process, pid: 73215
[2026/09/25 22:52:16:4514] N: started process, pid: 73216
[2026/09/25 22:52:16:4521] N: started process, pid: 73217
[2026/09/25 22:52:16:4530] N: started process, pid: 73218
[2026/09/25 22:52:16:4538] N: started process, pid: 73219
[2026/09/25 22:52:16:4554] N: started process, pid: 73220
[2026/09/25 22:52:16:4570] N: started process, pid: 73225
[2026/09/25 22:52:16:4589] N: started process, pid: 73235
[2026/09/25 22:52:16:4602] N: started process, pid: 73239
[2026/09/25 22:52:16:5800] N: WS closed from (unix skt), clients: 9
[2026/09/25 22:52:16:5801] N: killing process, pid: 73216
[2026/09/25 22:52:16:5824] N: process killed with signal 1, pid: 73216
[2026/09/25 22:52:16:6265] N: WS closed from (unix skt), clients: 8
[2026/09/25 22:52:16:6265] N: killing process, pid: 73235
[2026/09/25 22:52:16:6267] N: process killed with signal 1, pid: 73235
[2026/09/25 22:52:16:7808] N: WS closed from (unix skt), clients: 7
[2026/09/25 22:52:16:7808] N: killing process, pid: 73217
[2026/09/25 22:52:16:7808] N: WS closed from (unix skt), clients: 6
[2026/09/25 22:52:16:7809] N: killing process, pid: 73214
[2026/09/25 22:52:16:7813] N: process killed with signal 0, pid: 73214
[2026/09/25 22:52:16:7813] N: process killed with signal 0, pid: 73217
[2026/09/25 22:52:16:7885] N: WS closed from (unix skt), clients: 5
[2026/09/25 22:52:16:7885] N: killing process, pid: 73219
[2026/09/25 22:52:16:7891] N: process killed with signal 0, pid: 73219
[2026/09/25 22:52:16:8268] N: WS closed from (unix skt), clients: 4
[2026/09/25 22:52:16:8268] N: killing process, pid: 73220
[2026/09/25 22:52:16:8272] N: process killed with signal 0, pid: 73220
[2026/09/25 22:52:17:2467] N: WS closed from (unix skt), clients: 3
[2026/09/25 22:52:17:2468] N: killing process, pid: 73215
[2026/09/25 22:52:17:2472] N: process killed with signal 0, pid: 73215
[2026/09/25 22:52:17:3159] N: WS closed from (unix skt), clients: 2
[2026/09/25 22:52:17:3159] N: killing process, pid: 73225
[2026/09/25 22:52:17:3164] N: process killed with signal 0, pid: 73225
[2026/09/25 22:52:18:4510] N: WS closed from (unix skt), clients: 1
[2026/09/25 22:52:18:4511] N: killing process, pid: 73218
[2026/09/25 22:52:18:4511] N: WS closed from (unix skt), clients: 0
[2026/09/25 22:52:18:4512] N: killing process, pid: 73239
[2026/09/25 22:52:18:4521] N: process killed with signal 0, pid: 73218
[2026/09/25 22:52:18:4536] N: process killed with signal 0, pid: 73239
[2026/09/25 22:52:18:4686] N: WS   /ws - (unix skt), clients: 1
[2026/09/25 22:52:18:4687] N: WS   /ws - (unix skt), clients: 2
[2026/09/25 22:52:18:4687] N: WS   /ws - (unix skt), clients: 3
[2026/09/25 22:52:18:4687] N: WS   /ws - (unix skt), clients: 4
[2026/09/25 22:52:18:4688] N: WS   /ws - (unix skt), clients: 5
[2026/09/25 22:52:18:4688] N: WS   /ws - (unix skt), clients: 6
[2026/09/25 22:52:18:4688] N: WS   /ws - (unix skt), clients: 7
[2026/09/25 22:52:18:4688] N: WS   /ws - (unix skt), clients: 8
[2026/09/25 22:52:18:4688] N: WS   /ws - (unix skt), clients: 9
[2026/09/25 22:52:18:4688] N: WS   /ws - (unix skt), clients: 10
[2026/09/25 22:52:18:4703] N: started process, pid: 73532
[2026/09/25 22:52:18:4711] N: started process, pid: 73533
[2026/09/25 22:52:18:4718] N: started process, pid: 73534
[2026/09/25 22:52:18:4731] N: started process, pid: 73535
[2026/09/25 22:52:18:4744] N: started process, pid: 73536
[2026/09/25 22:52:18:4755] N: started process, pid: 73537
[2026/09/25 22:52:18:4772] N: started process, pid: 73538
[2026/09/25 22:52:18:4788] N: started process, pid: 73547
[2026/09/25 22:52:18:4807] N: started process, pid: 73553
[2026/09/25 22:52:18:4821] N: started process, pid: 73558
[2026/09/25 22:52:18:5766] N: WS closed from (unix skt), clients: 9
[2026/09/25 22:52:18:5767] N: killing process, pid: 73534
[2026/09/25 22:52:18:5772] N: process killed with signal 1, pid: 73534
[2026/09/25 22:52:18:6417] N: WS closed from (unix skt), clients: 8
[2026/09/25 22:52:18:6417] N: killing process, pid: 73553
[2026/09/25 22:52:18:6419] N: process killed with signal 1, pid: 73553
[2026/09/25 22:52:18:7292] N: WS closed from (unix skt), clients: 7
[2026/09/25 22:52:18:7292] N: killing process, pid: 73532
[2026/09/25 22:52:18:7296] N: process killed with signal 0, pid: 73532
[2026/09/25 22:52:18:8062] N: WS closed from (unix skt), clients: 6
[2026/09/25 22:52:18:8062] N: killing process, pid: 73537
[2026/09/25 22:52:18:8067] N: process killed with signal 0, pid: 73537
[2026/09/25 22:52:18:8175] N: WS closed from (unix skt), clients: 5
[2026/09/25 22:52:18:8176] N: killing process, pid: 73536
[2026/09/25 22:52:18:8184] N: process killed with signal 0, pid: 73536
[2026/09/25 22:52:18:8297] N: WS closed from (unix skt), clients: 4
[2026/09/25 22:52:18:8297] N: killing process, pid: 73538
[2026/09/25 22:52:18:8301] N: process killed with signal 0, pid: 73538
[2026/09/25 22:52:19:2698] N: WS closed from (unix skt), clients: 3
[2026/09/25 22:52:19:2699] N: killing process, pid: 73533
[2026/09/25 22:52:19:2705] N: process killed with signal 0, pid: 73533
[2026/09/25 22:52:19:3197] N: WS closed from (unix skt), clients: 2
[2026/09/25 22:52:19:3198] N: killing process, pid: 73547
[2026/09/25 22:52:19:3206] N: process killed with signal 0, pid: 73547
[2026/09/25 22:52:20:4706] N: WS closed from (unix skt), clients: 1
[2026/09/25 22:52:20:4707] N: killing process, pid: 73535
[2026/09/25 22:52:20:4707] N: WS closed from (unix skt), clients: 0
[2026/09/25 22:52:20:4707] N: killing process, pid: 73558
[2026/09/25 22:52:20:4715] N: process killed with signal 0, pid: 73535
[2026/09/25 22:52:20:4723] N: process killed with signal 0, pid: 73558
[2026/09/25 22:52:20:4836] N: WS   /ws - (unix skt), clients: 1
[2026/09/25 22:52:20:4837] N: WS   /ws - (unix skt), clients: 2
[2026/09/25 22:52:20:4837] N: WS   /ws - (unix skt), clients: 3
[2026/09/25 22:52:20:4837] N: WS   /ws - (unix skt), clients: 4
[2026/09/25 22:52:20:4837] N: WS   /ws - (unix skt), clients: 5
[2026/09/25 22:52:20:4837] N: WS   /ws - (unix skt), clients: 6
[2026/09/25 22:52:20:4837] N: WS   /ws - (unix skt), clients: 7
[2026/09/25 22:52:20:4837] N: WS   /ws - (unix skt), clients: 8
[2026/09/25 22:52:20:4838] N: WS   /ws - (unix skt), clients: 9
[2026/09/25 22:52:20:4847] N: started process, pid: 74096
[2026/09/25 22:52:20:4852] N: started process, pid: 74097
[2026/09/25 22:52:20:4858] N: started process, pid: 74098
[2026/09/25 22:52:20:4859] N: WS   /ws - (unix skt), clients: 10
[2026/09/25 22:52:20:4867] N: started process, pid: 74099
[2026/09/25 22:52:20:4882] N: started process, pid: 74100
[2026/09/25 22:52:20:4894] N: started process, pid: 74102
[2026/09/25 22:52:20:4908] N: started process, pid: 74103
[2026/09/25 22:52:20:4926] N: started process, pid: 74111
[2026/09/25 22:52:20:4953] N: started process, pid: 74122
[2026/09/25 22:52:20:4969] N: started process, pid: 74124
[2026/09/25 22:52:20:6069] N: WS closed from (unix skt), clients: 9
[2026/09/25 22:52:20:6070] N: killing process, pid: 74098
[2026/09/25 22:52:20:6072] N: process killed with signal 1, pid: 74098
[2026/09/25 22:52:20:6577] N: WS closed from (unix skt), clients: 8
[2026/09/25 22:52:20:6578] N: killing process, pid: 74124
[2026/09/25 22:52:20:6580] N: process killed with signal 1, pid: 74124
[2026/09/25 22:52:20:7586] N: WS closed from (unix skt), clients: 7
[2026/09/25 22:52:20:7586] N: killing process, pid: 74099
[2026/09/25 22:52:20:7590] N: process killed with signal 0, pid: 74099
[2026/09/25 22:52:20:8090] N: WS closed from (unix skt), clients: 6
[2026/09/25 22:52:20:8091] N: killing process, pid: 74096
[2026/09/25 22:52:20:8096] N: process killed with signal 0, pid: 74096
[2026/09/25 22:52:20:8461] N: WS closed from (unix skt), clients: 5
[2026/09/25 22:52:20:8462] N: killing process, pid: 74111
[2026/09/25 22:52:20:8467] N: process killed with signal 0, pid: 74111
[2026/09/25 22:52:20:8583] N: WS closed from (unix skt), clients: 4
[2026/09/25 22:52:20:8583] N: killing process, pid: 74103
[2026/09/25 22:52:20:8587] N: process killed with signal 0, pid: 74103
[2026/09/25 22:52:21:2866] N: WS closed from (unix skt), clients: 3
[2026/09/25 22:52:21:2941] N: killing process, pid: 74097
[2026/09/25 22:52:21:2951] N: process killed with signal 0, pid: 74097
[2026/09/25 22:52:21:3774] N: WS closed from (unix skt), clients: 2
[2026/09/25 22:52:21:3782] N: killing process, pid: 74122
[2026/09/25 22:52:21:3797] N: process killed with signal 0, pid: 74122
[2026/09/25 22:52:22:4856] N: WS closed from (unix skt), clients: 1
[2026/09/25 22:52:22:4857] N: killing process, pid: 74102
[2026/09/25 22:52:22:4857] N: WS closed from (unix skt), clients: 0
[2026/09/25 22:52:22:4857] N: killing process, pid: 74100
[2026/09/25 22:52:22:4872] N: process killed with signal 0, pid: 74100
[2026/09/25 22:52:22:4873] N: process killed with signal 0, pid: 74102
[2026/09/25 22:52:22:4989] N: WS   /ws - (unix skt), clients: 1
[2026/09/25 22:52:22:4989] N: WS   /ws - (unix skt), clients: 2
[2026/09/25 22:52:22:4989] N: WS   /ws - (unix skt), clients: 3
[2026/09/25 22:52:22:4989] N: WS   /ws - (unix skt), clients: 4
[2026/09/25 22:52:22:4989] N: WS   /ws - (unix skt), clients: 5
[2026/09/25 22:52:22:4990] N: WS   /ws - (unix skt), clients: 6
[2026/09/25 22:52:22:4990] N: WS   /ws - (unix skt), clients: 7
[2026/09/25 22:52:22:4990] N: WS   /ws - (unix skt), clients: 8
[2026/09/25 22:52:22:4990] N: WS   /ws - (unix skt), clients: 9
[2026/09/25 22:52:22:4990] N: WS   /ws - (unix skt), clients: 10
[2026/09/25 22:52:22:4997] N: started process, pid: 74400
[2026/09/25 22:52:22:5001] N: started process, pid: 74401
[2026/09/25 22:52:22:5006] N: started process, pid: 74402
[2026/09/25 22:52:22:5013] N: started process, pid: 74403
[2026/09/25 22:52:22:5022] N: started process, pid: 74404
[2026/09/25 22:52:22:5034] N: started process, pid: 74405
[2026/09/25 22:52:22:5047] N: started process, pid: 74410
[2026/09/25 22:52:22:5078] N: started process, pid: 74416
[2026/09/25 22:52:22:5107] N: started process, pid: 74422
[2026/09/25 22:52:22:5128] N: started process, pid: 74433
[2026/09/25 22:52:22:6344] N: WS closed from (unix skt), clients: 9
[2026/09/25 22:52:22:6345] N: killing process, pid: 74401
[2026/09/25 22:52:22:6348] N: process killed with signal 1, pid: 74401
[2026/09/25 22:52:22:7183] N: WS closed from (unix skt), clients: 8
[2026/09/25 22:52:22:7184] N: killing process, pid: 74422
[2026/09/25 22:52:22:7187] N: process killed with signal 1, pid: 74422
[2026/09/25 22:52:22:8527] N: WS closed from (unix skt), clients: 7
[2026/09/25 22:52:22:8527] N: killing process, pid: 74403
[2026/09/25 22:52:22:8532] N: process killed with signal 0, pid: 74403
[2026/09/25 22:52:22:8668] N: WS closed from (unix skt), clients: 6
[2026/09/25 22:52:22:8668] N: killing process, pid: 74405
[2026/09/25 22:52:22:8672] N: process killed with signal 0, pid: 74405
[2026/09/25 22:52:22:8829] N: WS closed from (unix skt), clients: 5
[2026/09/25 22:52:22:8829] N: killing process, pid: 74404
[2026/09/25 22:52:22:8833] N: process killed with signal 0, pid: 74404
[2026/09/25 22:52:22:9022] N: WS closed from (unix skt), clients: 4
[2026/09/25 22:52:22:9023] N: killing process, pid: 74410
[2026/09/25 22:52:22:9026] N: process killed with signal 0, pid: 74410
[2026/09/25 22:52:23:3038] N: WS closed from (unix skt), clients: 3
[2026/09/25 22:52:23:3039] N: killing process, pid: 74400
[2026/09/25 22:52:23:3043] N: process killed with signal 0, pid: 74400
[2026/09/25 22:52:23:4179] N: WS closed from (unix skt), clients: 2
[2026/09/25 22:52:23:4179] N: killing process, pid: 74416
[2026/09/25 22:52:23:4186] N: process killed with signal 0, pid: 74416
[2026/09/25 22:52:24:4992] N: WS closed from (unix skt), clients: 1
[2026/09/25 22:52:24:4994] N: killing process, pid: 74402
[2026/09/25 22:52:24:4995] N: WS closed from (unix skt), clients: 0
[2026/09/25 22:52:24:4995] N: killing process, pid: 74433
[2026/09/25 22:52:24:5007] N: process killed with signal 0, pid: 74402
[2026/09/25 22:52:24:5008] N: process killed with signal 0, pid: 74433
[2026/09/25 22:52:24:5122] N: WS   /ws - (unix skt), clients: 1
[2026/09/25 22:52:24:5122] N: WS   /ws - (unix skt), clients: 2
[2026/09/25 22:52:24:5122] N: WS   /ws - (unix skt), clients: 3
[2026/09/25 22:52:24:5122] N: WS   /ws - (unix skt), clients: 4
[2026/09/25 22:52:24:5123] N: WS   /ws - (unix skt), clients: 5
[2026/09/25 22:52:24:5123] N: WS   /ws - (unix skt), clients: 6
[2026/09/25 22:52:24:5123] N: WS   /ws - (unix skt), clients: 7
[2026/09/25 22:52:24:5124] N: WS   /ws - (unix skt), clients: 8
[2026/09/25 22:52:24:5124] N: WS   /ws - (unix skt), clients: 9
[2026/09/25 22:52:24:5124] N: WS   /ws - (unix skt), clients: 10
[2026/09/25 22:52:24:5131] N: started process, pid: 74846
[2026/09/25 22:52:24:5136] N: started process, pid: 74847
[2026/09/25 22:52:24:5146] N: started process, pid: 74848
[2026/09/25 22:52:24:5154] N: started process, pid: 74849
[2026/09/25 22:52:24:5166] N: started process, pid: 74850
[2026/09/25 22:52:24:5173] N: started process, pid: 74855
[2026/09/25 22:52:24:5185] N: started process, pid: 74860
[2026/09/25 22:52:24:5200] N: started process, pid: 74861
[2026/09/25 22:52:24:5209] N: started process, pid: 74863
[2026/09/25 22:52:24:5221] N: started process, pid: 74868
[2026/09/25 22:52:24:6531] N: WS closed from (unix skt), clients: 9
[2026/09/25 22:52:24:6532] N: killing process, pid: 74849
[2026/09/25 22:52:24:6537] N: process killed with signal 1, pid: 74849
[2026/09/25 22:52:24:7150] N: WS closed from (unix skt), clients: 8
[2026/09/25 22:52:24:7151] N: killing process, pid: 74863
[2026/09/25 22:52:24:7154] N: process killed with signal 1, pid: 74863
[2026/09/25 22:52:24:7691] N: WS closed from (unix skt), clients: 7
[2026/09/25 22:52:24:7692] N: killing process, pid: 74846
[2026/09/25 22:52:24:7696] N: process killed with signal 0, pid: 74846
[2026/09/25 22:52:24:8052] N: WS closed from (unix skt), clients: 6
[2026/09/25 22:52:24:8053] N: killing process, pid: 74847
[2026/09/25 22:52:24:8057] N: process killed with signal 0, pid: 74847
[2026/09/25 22:52:24:9176] N: WS closed from (unix skt), clients: 5
[2026/09/25 22:52:24:9177] N: killing process, pid: 74860
[2026/09/25 22:52:24:9177] N: WS closed from (unix skt), clients: 4
[2026/09/25 22:52:24:9177] N: killing process, pid: 74855
[2026/09/25 22:52:24:9185] N: process killed with signal 0, pid: 74860
[2026/09/25 22:52:24:9185] N: process killed with signal 0, pid: 74855
[2026/09/25 22:52:25:3412] N: WS closed from (unix skt), clients: 3
[2026/09/25 22:52:25:3413] N: killing process, pid: 74848
[2026/09/25 22:52:25:3422] N: process killed with signal 0, pid: 74848
[2026/09/25 22:52:25:3905] N: WS closed from (unix skt), clients: 2
[2026/09/25 22:52:25:3906] N: killing process, pid: 74861
[2026/09/25 22:52:25:3916] N: process killed with signal 0, pid: 74861
[2026/09/25 22:52:26:5133] N: WS closed from (unix skt), clients: 1
[2026/09/25 22:52:26:5133] N: killing process, pid: 74850
[2026/09/25 22:52:26:5134] N: WS closed from (unix skt), clients: 0
[2026/09/25 22:52:26:5134] N: killing process, pid: 74868
[2026/09/25 22:52:26:5158] N: process killed with signal 0, pid: 74850
[2026/09/25 22:52:26:5158] N: process killed with signal 0, pid: 74868
[2026/09/25 22:52:26:5314] N: WS   /ws - (unix skt), clients: 1
[2026/09/25 22:52:26:5315] N: WS   /ws - (unix skt), clients: 2
[2026/09/25 22:52:26:5315] N: WS   /ws - (unix skt), clients: 3
[2026/09/25 22:52:26:5315] N: WS   /ws - (unix skt), clients: 4
[2026/09/25 22:52:26:5316] N: WS   /ws - (unix skt), clients: 5
[2026/09/25 22:52:26:5316] N: WS   /ws - (unix skt), clients: 6
[2026/09/25 22:52:26:5316] N: WS   /ws - (unix skt), clients: 7
[2026/09/25 22:52:26:5316] N: WS   /ws - (unix skt), clients: 8
[2026/09/25 22:52:26:5316] N: WS   /ws - (unix skt), clients: 9
[2026/09/25 22:52:26:5317] N: WS   /ws - (unix skt), clients: 10
[2026/09/25 22:52:26:5326] N: started process, pid: 75191
[2026/09/25 22:52:26:5333] N: started process, pid: 75192
[2026/09/25 22:52:26:5339] N: started process, pid: 75193
[2026/09/25 22:52:26:5345] N: started process, pid: 75194
[2026/09/25 22:52:26:5355] N: started process, pid: 75195
[2026/09/25 22:52:26:5367] N: started process, pid: 75196
[2026/09/25 22:52:26:5376] N: started process, pid: 75197
[2026/09/25 22:52:26:5392] N: started process, pid: 75198
[2026/09/25 22:52:26:5411] N: started process, pid: 75202
[2026/09/25 22:52:26:5441] N: started process, pid: 75213
[2026/09/25 22:52:26:6801] N: WS closed from (unix skt), clients: 9
[2026/09/25 22:52:26:6801] N: killing process, pid: 75193
[2026/09/25 22:52:26:6805] N: process killed with signal 1, pid: 75193
[2026/09/25 22:52:26:7192] N: WS closed from (unix skt), clients: 8
[2026/09/25 22:52:26:7193] N: killing process, pid: 75202
[2026/09/25 22:52:26:7200] N: process killed with signal 1, pid: 75202
[2026/09/25 22:52:26:8823] N: WS closed from (unix skt), clients: 7
[2026/09/25 22:52:26:8823] N: killing process, pid: 75191
[2026/09/25 22:52:26:8828] N: process killed with signal 0, pid: 75191
[2026/09/25 22:52:26:9074] N: WS closed from (unix skt), clients: 6
[2026/09/25 22:52:26:9074] N: killing process, pid: 75197
[2026/09/25 22:52:26:9074] N: WS closed from (unix skt), clients: 5
[2026/09/25 22:52:26:9075] N: killing process, pid: 75196
[2026/09/25 22:52:26:9078] N: process killed with signal 0, pid: 75197
[2026/09/25 22:52:26:9079] N: process killed with signal 0, pid: 75196
[2026/09/25 22:52:26:9196] N: WS closed from (unix skt), clients: 4
[2026/09/25 22:52:26:9197] N: killing process, pid: 75195
[2026/09/25 22:52:26:9201] N: process killed with signal 0, pid: 75195
[2026/09/25 22:52:27:3471] N: WS closed from (unix skt), clients: 3
[2026/09/25 22:52:27:3472] N: killing process, pid: 75192
[2026/09/25 22:52:27:3477] N: process killed with signal 0, pid: 75192
[2026/09/25 22:52:27:4084] N: WS closed from (unix skt), clients: 2
[2026/09/25 22:52:27:4085] N: killing process, pid: 75198
[2026/09/25 22:52:27:4094] N: process killed with signal 0, pid: 75198
[2026/09/25 22:52:28:5340] N: WS closed from (unix skt), clients: 1
[2026/09/25 22:52:28:5340] N: killing process, pid: 75194
[2026/09/25 22:52:28:5341] N: WS closed from (unix skt), clients: 0
[2026/09/25 22:52:28:5341] N: killing process, pid: 75213
[2026/09/25 22:52:28:5350] N: process killed with signal 0, pid: 75194
[2026/09/25 22:52:28:5355] N: process killed with signal 0, pid: 75213
[2026/09/25 22:52:28:5489] N: WS   /ws - (unix skt), clients: 1
[2026/09/25 22:52:28:5490] N: WS   /ws - (unix skt), clients: 2
[2026/09/25 22:52:28:5490] N: WS   /ws - (unix skt), clients: 3
[2026/09/25 22:52:28:5490] N: WS   /ws - (unix skt), clients: 4
[2026/09/25 22:52:28:5490] N: WS   /ws - (unix skt), clients: 5
[2026/09/25 22:52:28:5491] N: WS   /ws - (unix skt), clients: 6
[2026/09/25 22:52:28:5491] N: WS   /ws - (unix skt), clients: 7
[2026/09/25 22:52:28:5491] N: WS   /ws - (unix skt), clients: 8
[2026/09/25 22:52:28:5491] N: WS   /ws - (unix skt), clients: 9
[2026/09/25 22:52:28:5491] N: WS   /ws - (unix skt), clients: 10
[2026/09/25 22:52:28:5507] N: started process, pid: 75483
[2026/09/25 22:52:28:5512] N: started process, pid: 75484
[2026/09/25 22:52:28:5518] N: started process, pid: 75485
[2026/09/25 22:52:28:5523] N: started process, pid: 75486
[2026/09/25 22:52:28:5529] N: started process, pid: 75487
[2026/09/25 22:52:28:5538] N: started process, pid: 75488
[2026/09/25 22:52:28:5547] N: started process, pid: 75489
[2026/09/25 22:52:28:5557] N: started process, pid: 75490
[2026/09/25 22:52:28:5577] N: started process, pid: 75493
[2026/09/25 22:52:28:5602] N: started process, pid: 75503
[2026/09/25 22:52:28:6847] N: WS closed from (unix skt), clients: 9
[2026/09/25 22:52:28:6847] N: killing process, pid: 75486
[2026/09/25 22:52:28:6852] N: process killed with signal 1, pid: 75486
[2026/09/25 22:52:28:7401] N: WS closed from (unix skt), clients: 8
[2026/09/25 22:52:28:7401] N: killing process, pid: 75493
[2026/09/25 22:52:28:7404] N: process killed with signal 1, pid: 75493
[2026/09/25 22:52:28:8093] N: WS closed from (unix skt), clients: 7
[2026/09/25 22:52:28:8093] N: killing process, pid: 75483
[2026/09/25 22:52:28:8097] N: process killed with signal 0, pid: 75483
[2026/09/25 22:52:28:8868] N: WS closed from (unix skt), clients: 6
[2026/09/25 22:52:28:8868] N: killing process, pid: 75484
[2026/09/25 22:52:28:8872] N: process killed with signal 0, pid: 75484
[2026/09/25 22:52:28:9278] N: WS closed from (unix skt), clients: 5
[2026/09/25 22:52:28:9278] N: killing process, pid: 75489
[2026/09/25 22:52:28:9283] N: process killed with signal 0, pid: 75489
[2026/09/25 22:52:28:9399] N: WS closed from (unix skt), clients: 4
[2026/09/25 22:52:28:9399] N: killing process, pid: 75488
[2026/09/25 22:52:28:9403] N: process killed with signal 0, pid: 75488
[2026/09/25 22:52:29:3888] N: WS closed from (unix skt), clients: 3
[2026/09/25 22:52:29:3890] N: killing process, pid: 75485
[2026/09/25 22:52:29:3904] N: process killed with signal 0, pid: 75485
[2026/09/25 22:52:29:4171] N: WS closed from (unix skt), clients: 2
[2026/09/25 22:52:29:4172] N: killing process, pid: 75490
[2026/09/25 22:52:29:4187] N: process killed with signal 0, pid: 75490
[2026/09/25 22:52:30:5502] N: WS closed from (unix skt), clients: 1
[2026/09/25 22:52:30:5502] N: killing process, pid: 75487
[2026/09/25 22:52:30:5502] N: WS closed from (unix skt), clients: 0
[2026/09/25 22:52:30:5502] N: killing process, pid: 75503
[2026/09/25 22:52:30:5507] N: process killed with signal 0, pid: 75487
[2026/09/25 22:52:30:5516] N: process killed with signal 0, pid: 75503
[2026/09/25 22:52:30:5570] N: WS   /ws - (unix skt), clients: 1
[2026/09/25 22:52:30:5570] N: WS   /ws - (unix skt), clients: 2
[2026/09/25 22:52:30:5570] N: WS   /ws - (unix skt), clients: 3
[2026/09/25 22:52:30:5570] N: WS   /ws - (unix skt), clients: 4
[2026/09/25 22:52:30:5570] N: WS   /ws - (unix skt), clients: 5
[2026/09/25 22:52:30:5571] N: WS   /ws - (unix skt), clients: 6
[2026/09/25 22:52:30:5571] N: WS   /ws - (unix skt), clients: 7
[2026/09/25 22:52:30:5571] N: WS   /ws - (unix skt), clients: 8
[2026/09/25 22:52:30:5571] N: WS   /ws - (unix skt), clients: 9
[2026/09/25 22:52:30:5571] N: WS   /ws - (unix skt), clients: 10
[2026/09/25 22:52:30:5581] N: started process, pid: 75833
[2026/09/25 22:52:30:5585] N: started process, pid: 75834
[2026/09/25 22:52:30:5590] N: started process, pid: 75836
[2026/09/25 22:52:30:5595] N: started process, pid: 75837
[2026/09/25 22:52:30:5600] N: started process, pid: 75838
[2026/09/25 22:52:30:5608] N: started process, pid: 75839
[2026/09/25 22:52:30:5622] N: started process, pid: 75840
[2026/09/25 22:52:30:5633] N: started process, pid: 75847
[2026/09/25 22:52:30:5646] N: started process, pid: 75851
[2026/09/25 22:52:30:5666] N: started process, pid: 75858
[2026/09/25 22:52:30:6522] N: WS closed from (unix skt), clients: 9
[2026/09/25 22:52:30:6523] N: killing process, pid: 75837
[2026/09/25 22:52:30:6527] N: process killed with signal 1, pid: 75837
[2026/09/25 22:52:30:7410] N: WS closed from (unix skt), clients: 8
[2026/09/25 22:52:30:7410] N: killing process, pid: 75851
[2026/09/25 22:52:30:7413] N: process killed with signal 1, pid: 75851
[2026/09/25 22:52:30:8546] N: WS closed from (unix skt), clients: 7
[2026/09/25 22:52:30:8546] N: killing process, pid: 75833
[2026/09/25 22:52:30:8551] N: process killed with signal 0, pid: 75833
[2026/09/25 22:52:30:8937] N: WS closed from (unix skt), clients: 6
[2026/09/25 22:52:30:8937] N: killing process, pid: 75834
[2026/09/25 22:52:30:8941] N: process killed with signal 0, pid: 75834
[2026/09/25 22:52:30:9189] N: WS closed from (unix skt), clients: 5
[2026/09/25 22:52:30:9189] N: killing process, pid: 75840
[2026/09/25 22:52:30:9194] N: process killed with signal 0, pid: 75840
[2026/09/25 22:52:30:9438] N: WS closed from (unix skt), clients: 4
[2026/09/25 22:52:30:9438] N: killing process, pid: 75839
[2026/09/25 22:52:30:9445] N: process killed with signal 0, pid: 75839
[2026/09/25 22:52:31:4079] N: WS closed from (unix skt), clients: 3
[2026/09/25 22:52:31:4080] N: killing process, pid: 75836
[2026/09/25 22:52:31:4097] N: process killed with signal 0, pid: 75836
[2026/09/25 22:52:31:4460] N: WS closed from (unix skt), clients: 2
[2026/09/25 22:52:31:4461] N: killing process, pid: 75847
[2026/09/25 22:52:31:4473] N: process killed with signal 0, pid: 75847
[2026/09/25 22:52:32:5589] N: WS closed from (unix skt), clients: 1
[2026/09/25 22:52:32:5590] N: killing process, pid: 75838
[2026/09/25 22:52:32:5590] N: WS closed from (unix skt), clients: 0
[2026/09/25 22:52:32:5590] N: killing process, pid: 75858
[2026/09/25 22:52:32:5602] N: process killed with signal 0, pid: 75838
[2026/09/25 22:52:32:5602] N: process killed with signal 0, pid: 75858
[2026/09/25 22:52:32:5700] N: WS   /ws - (unix skt), clients: 1
[2026/09/25 22:52:32:5700] N: WS   /ws - (unix skt), clients: 2
[2026/09/25 22:52:32:5700] N: WS   /ws - (unix skt), clients: 3
[2026/09/25 22:52:32:5700] N: WS   /ws - (unix skt), clients: 4
[2026/09/25 22:52:32:5700] N: WS   /ws - (unix skt), clients: 5
[2026/09/25 22:52:32:5701] N: WS   /ws - (unix skt), clients: 6
[2026/09/25 22:52:32:5701] N: WS   /ws - (unix skt), clients: 7
[2026/09/25 22:52:32:5701] N: WS   /ws - (unix skt), clients: 8
[2026/09/25 22:52:32:5701] N: WS   /ws - (unix skt), clients: 9
[2026/09/25 22:52:32:5701] N: WS   /ws - (unix skt), clients: 10
[2026/09/25 22:52:32:5710] N: started process, pid: 76103
[2026/09/25 22:52:32:5715] N: started process, pid: 76104
[2026/09/25 22:52:32:5720] N: started process, pid: 76105
[2026/09/25 22:52:32:5727] N: started process, pid: 76106
[2026/09/25 22:52:32:5736] N: started process, pid: 76107
[2026/09/25 22:52:32:5743] N: started process, pid: 76108
[2026/09/25 22:52:32:5754] N: started process, pid: 76109
[2026/09/25 22:52:32:5773] N: started process, pid: 76118
[2026/09/25 22:52:32:5814] N: started process, pid: 76125
[2026/09/25 22:52:32:5830] N: started process, pid: 76133
[2026/09/25 22:52:32:6898] N: WS closed from (unix skt), clients: 9
[2026/09/25 22:52:32:6899] N: killing process, pid: 76105
[2026/09/25 22:52:32:6903] N: process killed with signal 1, pid: 76105
[2026/09/25 22:52:32:7565] N: WS closed from (unix skt), clients: 8
[2026/09/25 22:52:32:7566] N: killing process, pid: 76125
[2026/09/25 22:52:32:7568] N: process killed with signal 1, pid: 76125
[2026/09/25 22:52:32:8280] N: WS closed from (unix skt), clients: 7
[2026/09/25 22:52:32:8280] N: killing process, pid: 76103
[2026/09/25 22:52:32:8284] N: process killed with signal 0, pid: 76103
[2026/09/25 22:52:32:9053] N: WS closed from (unix skt), clients: 6
[2026/09/25 22:52:32:9053] N: killing process, pid: 76106
[2026/09/25 22:52:32:9058] N: process killed with signal 0, pid: 76106
[2026/09/25 22:52:32:9300] N: WS closed from (unix skt), clients: 5
[2026/09/25 22:52:32:9300] N: killing process, pid: 76108
[2026/09/25 22:52:32:9304] N: process killed with signal 0, pid: 76108
[2026/09/25 22:52:32:9417] N: WS closed from (unix skt), clients: 4
[2026/09/25 22:52:32:9418] N: killing process, pid: 76109
[2026/09/25 22:52:32:9425] N: process killed with signal 0, pid: 76109
[2026/09/25 22:52:33:3940] N: WS closed from (unix skt), clients: 3
[2026/09/25 22:52:33:3941] N: killing process, pid: 76104
[2026/09/25 22:52:33:3955] N: process killed with signal 0, pid: 76104
[2026/09/25 22:52:33:4567] N: WS closed from (unix skt), clients: 2
[2026/09/25 22:52:33:4568] N: killing process, pid: 76118
[2026/09/25 22:52:33:4627] N: process killed with signal 0, pid: 76118
[2026/09/25 22:52:34:5709] N: WS closed from (unix skt), clients: 1
[2026/09/25 22:52:34:5709] N: killing process, pid: 76107
[2026/09/25 22:52:34:5710] N: WS closed from (unix skt), clients: 0
[2026/09/25 22:52:34:5710] N: killing process, pid: 76133
[2026/09/25 22:52:34:5719] N: process killed with signal 0, pid: 76107
[2026/09/25 22:52:34:5727] N: process killed with signal 0, pid: 76133
[2026/09/25 22:52:34:5827] N: WS   /ws - (unix skt), clients: 1
[2026/09/25 22:52:34:5827] N: WS   /ws - (unix skt), clients: 2
[2026/09/25 22:52:34:5827] N: WS   /ws - (unix skt), clients: 3
[2026/09/25 22:52:34:5827] N: WS   /ws - (unix skt), clients: 4
[2026/09/25 22:52:34:5828] N: WS   /ws - (unix skt), clients: 5
[2026/09/25 22:52:34:5828] N: WS   /ws - (unix skt), clients: 6
[2026/09/25 22:52:34:5828] N: WS   /ws - (unix skt), clients: 7
[2026/09/25 22:52:34:5828] N: WS   /ws - (unix skt), clients: 8
[2026/09/25 22:52:34:5828] N: WS   /ws - (unix skt), clients: 9
[2026/09/25 22:52:34:5837] N: started process, pid: 76423
[2026/09/25 22:52:34:5843] N: started process, pid: 76424
[2026/09/25 22:52:34:5844] N: WS   /ws - (unix skt), clients: 10
[2026/09/25 22:52:34:5851] N: started process, pid: 76425
[2026/09/25 22:52:34:5861] N: started process, pid: 76426
[2026/09/25 22:52:34:5871] N: started process, pid: 76427
[2026/09/25 22:52:34:5880] N: started process, pid: 76428
[2026/09/25 22:52:34:5891] N: started process, pid: 76429
[2026/09/25 22:52:34:5911] N: started process, pid: 76435
[2026/09/25 22:52:34:5928] N: started process, pid: 76442
[2026/09/25 22:52:34:5940] N: started process, pid: 76446
[2026/09/25 22:52:34:7797] N: WS closed from (unix skt), clients: 9
[2026/09/25 22:52:34:7798] N: killing process, pid: 76427
[2026/09/25 22:52:34:7800] N: process killed with signal 1, pid: 76427
[2026/09/25 22:52:34:7985] N: WS closed from (unix skt), clients: 8
[2026/09/25 22:52:34:7985] N: killing process, pid: 76446
[2026/09/25 22:52:34:7987] N: process killed with signal 1, pid: 76446
[2026/09/25 22:52:34:8999] N: WS closed from (unix skt), clients: 7
[2026/09/25 22:52:34:9000] N: killing process, pid: 76423
[2026/09/25 22:52:34:9000] N: WS closed from (unix skt), clients: 6
[2026/09/25 22:52:34:9000] N: killing process, pid: 76425
[2026/09/25 22:52:34:9004] N: process killed with signal 0, pid: 76423
[2026/09/25 22:52:34:9004] N: process killed with signal 0, pid: 76425
[2026/09/25 22:52:34:9525] N: WS closed from (unix skt), clients: 5
[2026/09/25 22:52:34:9525] N: killing process, pid: 76435
[2026/09/25 22:52:34:9530] N: process killed with signal 0, pid: 76435
[2026/09/25 22:52:34:9657] N: WS closed from (unix skt), clients: 4
[2026/09/25 22:52:34:9657] N: killing process, pid: 76429
[2026/09/25 22:52:34:9661] N: process killed with signal 0, pid: 76429
[2026/09/25 22:52:35:4172] N: WS closed from (unix skt), clients: 3
[2026/09/25 22:52:35:4173] N: killing process, pid: 76424
[2026/09/25 22:52:35:4179] N: process killed with signal 0, pid: 76424
[2026/09/25 22:52:35:5024] N: WS closed from (unix skt), clients: 2
[2026/09/25 22:52:35:5025] N: killing process, pid: 76442
[2026/09/25 22:52:35:5038] N: process killed with signal 0, pid: 76442
[2026/09/25 22:52:36:5831] N: WS closed from (unix skt), clients: 1
[2026/09/25 22:52:36:5832] N: killing process, pid: 76428
[2026/09/25 22:52:36:5840] N: process killed with signal 0, pid: 76428
[2026/09/25 22:52:36:5854] N: WS closed from (unix skt), clients: 0
[2026/09/25 22:52:36:5855] N: killing process, pid: 76426
[2026/09/25 22:52:36:5864] N: process killed with signal 0, pid: 76426
[2026/09/25 22:52:36:5979] N: WS   /ws - (unix skt), clients: 1
[2026/09/25 22:52:36:5994] N: started process, pid: 76781
[2026/09/25 22:52:36:5996] N: WS   /ws - (unix skt), clients: 2
[2026/09/25 22:52:36:5997] N: WS   /ws - (unix skt), clients: 3
[2026/09/25 22:52:36:5997] N: WS   /ws - (unix skt), clients: 4
[2026/09/25 22:52:36:5997] N: WS   /ws - (unix skt), clients: 5
[2026/09/25 22:52:36:5998] N: WS   /ws - (unix skt), clients: 6
[2026/09/25 22:52:36:5998] N: WS   /ws - (unix skt), clients: 7
[2026/09/25 22:52:36:5998] N: WS   /ws - (unix skt), clients: 8
[2026/09/25 22:52:36:5998] N: WS   /ws - (unix skt), clients: 9
[2026/09/25 22:52:36:5998] N: WS   /ws - (unix skt), clients: 10
[2026/09/25 22:52:36:6006] N: started process, pid: 76782
[2026/09/25 22:52:36:6015] N: started process, pid: 76783
[2026/09/25 22:52:36:6023] N: started process, pid: 76784
[2026/09/25 22:52:36:6036] N: started process, pid: 76785
[2026/09/25 22:52:36:6048] N: started process, pid: 76786
[2026/09/25 22:52:36:6057] N: started process, pid: 76788
[2026/09/25 22:52:36:6071] N: started process, pid: 76791
[2026/09/25 22:52:36:6079] N: started process, pid: 76797
[2026/09/25 22:52:36:6086] N: started process, pid: 76799
[2026/09/25 22:52:36:6930] N: WS closed from (unix skt), clients: 9
[2026/09/25 22:52:36:6931] N: killing process, pid: 76784
[2026/09/25 22:52:36:6935] N: process killed with signal 1, pid: 76784
[2026/09/25 22:52:36:7873] N: WS closed from (unix skt), clients: 8
[2026/09/25 22:52:36:7874] N: killing process, pid: 76797
[2026/09/25 22:52:36:7880] N: process killed with signal 1, pid: 76797
[2026/09/25 22:52:36:8786] N: WS closed from (unix skt), clients: 7
[2026/09/25 22:52:36:8786] N: killing process, pid: 76781
[2026/09/25 22:52:36:8790] N: process killed with signal 0, pid: 76781
[2026/09/25 22:52:36:9338] N: WS closed from (unix skt), clients: 6
[2026/09/25 22:52:36:9339] N: killing process, pid: 76782
[2026/09/25 22:52:36:9343] N: process killed with signal 0, pid: 76782
[2026/09/25 22:52:36:9591] N: WS closed from (unix skt), clients: 5
[2026/09/25 22:52:36:9591] N: killing process, pid: 76788
[2026/09/25 22:52:36:9592] N: WS closed from (unix skt), clients: 4
[2026/09/25 22:52:36:9592] N: killing process, pid: 76786
[2026/09/25 22:52:36:9597] N: process killed with signal 0, pid: 76788
[2026/09/25 22:52:36:9597] N: process killed with signal 0, pid: 76786
[2026/09/25 22:52:37:4094] N: WS closed from (unix skt), clients: 3
[2026/09/25 22:52:37:4095] N: killing process, pid: 76783
[2026/09/25 22:52:37:4105] N: process killed with signal 0, pid: 76783
[2026/09/25 22:52:37:4776] N: WS closed from (unix skt), clients: 2
[2026/09/25 22:52:37:4778] N: killing process, pid: 76791
[2026/09/25 22:52:37:4788] N: process killed with signal 0, pid: 76791
[2026/09/25 22:52:38:6013] N: WS closed from (unix skt), clients: 1
[2026/09/25 22:52:38:6014] N: killing process, pid: 76785
[2026/09/25 22:52:38:6016] N: WS closed from (unix skt), clients: 0
[2026/09/25 22:52:38:6016] N: killing process, pid: 76799
[2026/09/25 22:52:38:6029] N: process killed with signal 0, pid: 76785
[2026/09/25 22:52:38:6039] N: process killed with signal 0, pid: 76799
[2026/09/25 22:52:38:6226] N: WS   /ws - (unix skt), clients: 1
[2026/09/25 22:52:38:6227] N: WS   /ws - (unix skt), clients: 2
[2026/09/25 22:52:38:6227] N: WS   /ws - (unix skt), clients: 3
[2026/09/25 22:52:38:6228] N: WS   /ws - (unix skt), clients: 4
[2026/09/25 22:52:38:6228] N: WS   /ws - (unix skt), clients: 5
[2026/09/25 22:52:38:6228] N: WS   /ws - (unix skt), clients: 6
[2026/09/25 22:52:38:6228] N: WS   /ws - (unix skt), clients: 7
[2026/09/25 22:52:38:6228] N: WS   /ws - (unix skt), clients: 8
[2026/09/25 22:52:38:6229] N: WS   /ws - (unix skt), clients: 9
[2026/09/25 22:52:38:6229] N: WS   /ws - (unix skt), clients: 10
[2026/09/25 22:52:38:6239] N: started process, pid: 77120
[2026/09/25 22:52:38:6246] N: started process, pid: 77121
[2026/09/25 22:52:38:6254] N: started process, pid: 77122
[2026/09/25 22:52:38:6267] N: started process, pid: 77123
[2026/09/25 22:52:38:6278] N: started process, pid: 77124
[2026/09/25 22:52:38:6287] N: started process, pid: 77125
[2026/09/25 22:52:38:6297] N: started process, pid: 77126
[2026/09/25 22:52:38:6308] N: started process, pid: 77127
[2026/09/25 22:52:38:6322] N: started process, pid: 77132
[2026/09/25 22:52:38:6333] N: started process, pid: 77140
[2026/09/25 22:52:38:7356] N: WS closed from (unix skt), clients: 9
[2026/09/25 22:52:38:7357] N: killing process, pid: 77122
[2026/09/25 22:52:38:7361] N: process killed with signal 1, pid: 77122
[2026/09/25 22:52:38:7851] N: WS closed from (unix skt), clients: 8
[2026/09/25 22:52:38:7852] N: killing process, pid: 77132
[2026/09/25 22:52:38:7856] N: process killed with signal 1, pid: 77132
[2026/09/25 22:52:38:9617] N: WS closed from (unix skt), clients: 7
[2026/09/25 22:52:38:9618] N: killing process, pid: 77120
[2026/09/25 22:52:38:9618] N: WS closed from (unix skt), clients: 6
[2026/09/25 22:52:38:9618] N: killing process, pid: 77123
[2026/09/25 22:52:38:9625] N: process killed with signal 0, pid: 77123
[2026/09/25 22:52:38:9625] N: process killed with signal 0, pid: 77120
[2026/09/25 22:52:38:9750] N: WS closed from (unix skt), clients: 5
[2026/09/25 22:52:38:9750] N: killing process, pid: 77125
[2026/09/25 22:52:38:9755] N: process killed with signal 0, pid: 77125
[2026/09/25 22:52:39:0121] N: WS closed from (unix skt), clients: 4
[2026/09/25 22:52:39:0122] N: killing process, pid: 77126
[2026/09/25 22:52:39:0126] N: process killed with signal 0, pid: 77126
[2026/09/25 22:52:39:4638] N: WS closed from (unix skt), clients: 3
[2026/09/25 22:52:39:4638] N: killing process, pid: 77121
[2026/09/25 22:52:39:4645] N: process killed with signal 0, pid: 77121
[2026/09/25 22:52:39:5146] N: WS closed from (unix skt), clients: 2
[2026/09/25 22:52:39:5146] N: killing process, pid: 77127
[2026/09/25 22:52:39:5152] N: process killed with signal 0, pid: 77127
[2026/09/25 22:52:40:6258] N: WS closed from (unix skt), clients: 1
[2026/09/25 22:52:40:6259] N: killing process, pid: 77124
[2026/09/25 22:52:40:6260] N: WS closed from (unix skt), clients: 0
[2026/09/25 22:52:40:6260] N: killing process, pid: 77140
[2026/09/25 22:52:40:6294] N: process killed with signal 0, pid: 77124
[2026/09/25 22:52:40:6296] N: process killed with signal 0, pid: 77140
[2026/09/25 22:52:40:6467] N: WS   /ws - (unix skt), clients: 1
[2026/09/25 22:52:40:6467] N: WS   /ws - (unix skt), clients: 2
[2026/09/25 22:52:40:6468] N: WS   /ws - (unix skt), clients: 3
[2026/09/25 22:52:40:6468] N: WS   /ws - (unix skt), clients: 4
[2026/09/25 22:52:40:6468] N: WS   /ws - (unix skt), clients: 5
[2026/09/25 22:52:40:6468] N: WS   /ws - (unix skt), clients: 6
[2026/09/25 22:52:40:6468] N: WS   /ws - (unix skt), clients: 7
[2026/09/25 22:52:40:6468] N: WS   /ws - (unix skt), clients: 8
[2026/09/25 22:52:40:6469] N: WS   /ws - (unix skt), clients: 9
[2026/09/25 22:52:40:6469] N: WS   /ws - (unix skt), clients: 10
[2026/09/25 22:52:40:6483] N: started process, pid: 77392
[2026/09/25 22:52:40:6493] N: started process, pid: 77393
[2026/09/25 22:52:40:6502] N: started process, pid: 77394
[2026/09/25 22:52:40:6512] N: started process, pid: 77395
[2026/09/25 22:52:40:6523] N: started process, pid: 77396
[2026/09/25 22:52:40:6574] N: started process, pid: 77397
[2026/09/25 22:52:40:6587] N: started process, pid: 77398
[2026/09/25 22:52:40:6601] N: started process, pid: 77399
[2026/09/25 22:52:40:6614] N: started process, pid: 77400
[2026/09/25 22:52:40:6638] N: started process, pid: 77415
[2026/09/25 22:52:40:7822] N: WS closed from (unix skt), clients: 9
[2026/09/25 22:52:40:7823] N: killing process, pid: 77394
[2026/09/25 22:52:40:7826] N: process killed with signal 1, pid: 77394
[2026/09/25 22:52:40:8403] N: WS closed from (unix skt), clients: 8
[2026/09/25 22:52:40:8403] N: killing process, pid: 77400
[2026/09/25 22:52:40:8406] N: process killed with signal 1, pid: 77400
[2026/09/25 22:52:40:9713] N: WS closed from (unix skt), clients: 7
[2026/09/25 22:52:40:9713] N: killing process, pid: 77392
[2026/09/25 22:52:40:9713] N: WS closed from (unix skt), clients: 6
[2026/09/25 22:52:40:9713] N: killing process, pid: 77396
[2026/09/25 22:52:40:9718] N: process killed with signal 0, pid: 77392
[2026/09/25 22:52:40:9718] N: process killed with signal 0, pid: 77396
[2026/09/25 22:52:41:0235] N: WS closed from (unix skt), clients: 5
[2026/09/25 22:52:41:0235] N: killing process, pid: 77398
[2026/09/25 22:52:41:0241] N: process killed with signal 0, pid: 77398
[2026/09/25 22:52:41:0558] N: WS closed from (unix skt), clients: 4
[2026/09/25 22:52:41:0558] N: killing process, pid: 77397
[2026/09/25 22:52:41:0566] N: process killed with signal 0, pid: 77397
[2026/09/25 22:52:41:4322] N: WS closed from (unix skt), clients: 3
[2026/09/25 22:52:41:4323] N: killing process, pid: 77393
[2026/09/25 22:52:41:4329] N: process killed with signal 0, pid: 77393
[2026/09/25 22:52:41:5422] N: WS closed from (unix skt), clients: 2
[2026/09/25 22:52:41:5423] N: killing process, pid: 77399
[2026/09/25 22:52:41:5433] N: process killed with signal 0, pid: 77399
[2026/09/25 22:52:42:6477] N: WS closed from (unix skt), clients: 1
[2026/09/25 22:52:42:6478] N: killing process, pid: 77395
[2026/09/25 22:52:42:6479] N: WS closed from (unix skt), clients: 0
[2026/09/25 22:52:42:6479] N: killing process, pid: 77415
[2026/09/25 22:52:42:6487] N: process killed with signal 0, pid: 77395
[2026/09/25 22:52:42:6494] N: process killed with signal 0, pid: 77415
[2026/09/25 22:52:42:6634] N: WS   /ws - (unix skt), clients: 1
[2026/09/25 22:52:42:6634] N: WS   /ws - (unix skt), clients: 2
[2026/09/25 22:52:42:6634] N: WS   /ws - (unix skt), clients: 3
[2026/09/25 22:52:42:6635] N: WS   /ws - (unix skt), clients: 4
[2026/09/25 22:52:42:6635] N: WS   /ws - (unix skt), clients: 5
[2026/09/25 22:52:42:6635] N: WS   /ws - (unix skt), clients: 6
[2026/09/25 22:52:42:6635] N: WS   /ws - (unix skt), clients: 7
[2026/09/25 22:52:42:6635] N: WS   /ws - (unix skt), clients: 8
[2026/09/25 22:52:42:6635] N: WS   /ws - (unix skt), clients: 9
[2026/09/25 22:52:42:6635] N: WS   /ws - (unix skt), clients: 10
[2026/09/25 22:52:42:6645] N: started process, pid: 77743
[2026/09/25 22:52:42:6650] N: started process, pid: 77744
[2026/09/25 22:52:42:6656] N: started process, pid: 77745
[2026/09/25 22:52:42:6668] N: started process, pid: 77746
[2026/09/25 22:52:42:6682] N: started process, pid: 77747
[2026/09/25 22:52:42:6725] N: started process, pid: 77749
[2026/09/25 22:52:42:6756] N: started process, pid: 77750
[2026/09/25 22:52:42:6780] N: started process, pid: 77751
[2026/09/25 22:52:42:6843] N: started process, pid: 77753
[2026/09/25 22:52:42:6861] N: started process, pid: 77754
[2026/09/25 22:52:42:8290] N: WS closed from (unix skt), clients: 9
[2026/09/25 22:52:42:8291] N: killing process, pid: 77745
[2026/09/25 22:52:42:8294] N: process killed with signal 1, pid: 77745
[2026/09/25 22:52:42:8969] N: WS closed from (unix skt), clients: 8
[2026/09/25 22:52:42:8969] N: killing process, pid: 77753
[2026/09/25 22:52:42:8973] N: process killed with signal 1, pid: 77753
[2026/09/25 22:52:42:9357] N: WS closed from (unix skt), clients: 7
[2026/09/25 22:52:42:9357] N: killing process, pid: 77743
[2026/09/25 22:52:42:9360] N: process killed with signal 0, pid: 77743
[2026/09/25 22:52:42:9682] N: WS closed from (unix skt), clients: 6
[2026/09/25 22:52:42:9683] N: killing process, pid: 77749
[2026/09/25 22:52:42:9687] N: process killed with signal 0, pid: 77749
[2026/09/25 22:52:43:0687] N: WS closed from (unix skt), clients: 5
[2026/09/25 22:52:43:0688] N: killing process, pid: 77747
[2026/09/25 22:52:43:0695] N: process killed with signal 0, pid: 77747
[2026/09/25 22:52:43:0830] N: WS closed from (unix skt), clients: 4
[2026/09/25 22:52:43:0831] N: killing process, pid: 77750
[2026/09/25 22:52:43:0882] N: process killed with signal 0, pid: 77750
[2026/09/25 22:52:43:4889] N: WS closed from (unix skt), clients: 3
[2026/09/25 22:52:43:4889] N: killing process, pid: 77751
[2026/09/25 22:52:43:4897] N: process killed with signal 0, pid: 77751
[2026/09/25 22:52:43:5605] N: WS closed from (unix skt), clients: 2
[2026/09/25 22:52:43:5606] N: killing process, pid: 77744
[2026/09/25 22:52:43:5647] N: process killed with signal 0, pid: 77744
[2026/09/25 22:52:44:6651] N: WS closed from (unix skt), clients: 1
[2026/09/25 22:52:44:6652] N: killing process, pid: 77746
[2026/09/25 22:52:44:6652] N: WS closed from (unix skt), clients: 0
[2026/09/25 22:52:44:6652] N: killing process, pid: 77754
[2026/09/25 22:52:44:6662] N: process killed with signal 0, pid: 77754
[2026/09/25 22:52:44:6662] N: process killed with signal 0, pid: 77746
[2026/09/25 22:52:44:6759] N: WS   /ws - (unix skt), clients: 1
[2026/09/25 22:52:44:6760] N: WS   /ws - (unix skt), clients: 2
[2026/09/25 22:52:44:6760] N: WS   /ws - (unix skt), clients: 3
[2026/09/25 22:52:44:6760] N: WS   /ws - (unix skt), clients: 4
[2026/09/25 22:52:44:6760] N: WS   /ws - (unix skt), clients: 5
[2026/09/25 22:52:44:6761] N: WS   /ws - (unix skt), clients: 6
[2026/09/25 22:52:44:6761] N: WS   /ws - (unix skt), clients: 7
[2026/09/25 22:52:44:6761] N: WS   /ws - (unix skt), clients: 8
[2026/09/25 22:52:44:6761] N: WS   /ws - (unix skt), clients: 9
[2026/09/25 22:52:44:6761] N: WS   /ws - (unix skt), clients: 10
[2026/09/25 22:52:44:6771] N: started process, pid: 77998
[2026/09/25 22:52:44:6776] N: started process, pid: 77999
[2026/09/25 22:52:44:6781] N: started process, pid: 78000
[2026/09/25 22:52:44:6788] N: started process, pid: 78001
[2026/09/25 22:52:44:6796] N: started process, pid: 78002
[2026/09/25 22:52:44:6805] N: started process, pid: 78003
[2026/09/25 22:52:44:6811] N: started process, pid: 78004
[2026/09/25 22:52:44:6824] N: started process, pid: 78006
[2026/09/25 22:52:44:6849] N: started process, pid: 78011
[2026/09/25 22:52:44:6867] N: started process, pid: 78022
[2026/09/25 22:52:44:8109] N: WS closed from (unix skt), clients: 9
[2026/09/25 22:52:44:8109] N: killing process, pid: 78000
[2026/09/25 22:52:44:8112] N: process killed with signal 1, pid: 78000
[2026/09/25 22:52:44:8575] N: WS closed from (unix skt), clients: 8
[2026/09/25 22:52:44:8576] N: killing process, pid: 78011
[2026/09/25 22:52:44:8580] N: process killed with signal 1, pid: 78011
[2026/09/25 22:52:44:9369] N: WS closed from (unix skt), clients: 7
[2026/09/25 22:52:44:9369] N: killing process, pid: 78001
[2026/09/25 22:52:44:9373] N: process killed with signal 0, pid: 78001
[2026/09/25 22:52:45:0130] N: WS closed from (unix skt), clients: 6
[2026/09/25 22:52:45:0130] N: killing process, pid: 77998
[2026/09/25 22:52:45:0135] N: process killed with signal 0, pid: 77998
[2026/09/25 22:52:45:0252] N: WS closed from (unix skt), clients: 5
[2026/09/25 22:52:45:0252] N: killing process, pid: 78003
[2026/09/25 22:52:45:0256] N: process killed with signal 0, pid: 78003
[2026/09/25 22:52:45:0365] N: WS closed from (unix skt), clients: 4
[2026/09/25 22:52:45:0365] N: killing process, pid: 78004
[2026/09/25 22:52:45:0369] N: process killed with signal 0, pid: 78004
[2026/09/25 22:52:45:5136] N: WS closed from (unix skt), clients: 3
[2026/09/25 22:52:45:5137] N: killing process, pid: 77999
[2026/09/25 22:52:45:5147] N: process killed with signal 0, pid: 77999
[2026/09/25 22:52:45:5389] N: WS closed from (unix skt), clients: 2
[2026/09/25 22:52:45:5390] N: killing process, pid: 78006
[2026/09/25 22:52:45:5401] N: process killed with signal 0, pid: 78006
[2026/09/25 22:52:46:6773] N: WS closed from (unix skt), clients: 1
[2026/09/25 22:52:46:6774] N: killing process, pid: 78002
[2026/09/25 22:52:46:6775] N: WS closed from (unix skt), clients: 0
[2026/09/25 22:52:46:6775] N: killing process, pid: 78022
[2026/09/25 22:52:46:6784] N: process killed with signal 0, pid: 78002
[2026/09/25 22:52:46:6793] N: process killed with signal 0, pid: 78022
[2026/09/25 22:52:46:6896] N: WS   /ws - (unix skt), clients: 1
[2026/09/25 22:52:46:6896] N: WS   /ws - (unix skt), clients: 2
[2026/09/25 22:52:46:6896] N: WS   /ws - (unix skt), clients: 3
[2026/09/25 22:52:46:6897] N: WS   /ws - (unix skt), clients: 4
[2026/09/25 22:52:46:6897] N: WS   /ws - (unix skt), clients: 5
[2026/09/25 22:52:46:6897] N: WS   /ws - (unix skt), clients: 6
[2026/09/25 22:52:46:6897] N: WS   /ws - (unix skt), clients: 7
[2026/09/25 22:52:46:6897] N: WS   /ws - (unix skt), clients: 8
[2026/09/25 22:52:46:6897] N: WS   /ws - (unix skt), clients: 9
[2026/09/25 22:52:46:6897] N: WS   /ws - (unix skt), clients: 10
[2026/09/25 22:52:46:6907] N: started process, pid: 78315
[2026/09/25 22:52:46:6913] N: started process, pid: 78316
[2026/09/25 22:52:46:6919] N: started process, pid: 78317
[2026/09/25 22:52:46:6924] N: started process, pid: 78318
[2026/09/25 22:52:46:6933] N: started process, pid: 78319
[2026/09/25 22:52:46:6941] N: started process, pid: 78320
[2026/09/25 22:52:46:6948] N: started process, pid: 78321
[2026/09/25 22:52:46:6960] N: started process, pid: 78322
[2026/09/25 22:52:46:6975] N: started process, pid: 78324
[2026/09/25 22:52:46:6986] N: started process, pid: 78333
[2026/09/25 22:52:46:7771] N: WS closed from (unix skt), clients: 9
[2026/09/25 22:52:46:7772] N: killing process, pid: 78315
[2026/09/25 22:52:46:7775] N: process killed with signal 1, pid: 78315
[2026/09/25 22:52:46:8386] N: WS closed from (unix skt), clients: 8
[2026/09/25 22:52:46:8387] N: killing process, pid: 78324
[2026/09/25 22:52:46:8390] N: process killed with signal 1, pid: 78324
[2026/09/25 22:52:46:9792] N: WS closed from (unix skt), clients: 7
[2026/09/25 22:52:46:9793] N: killing process, pid: 78317
[2026/09/25 22:52:46:9797] N: process killed with signal 0, pid: 78317
[2026/09/25 22:52:47:0154] N: WS closed from (unix skt), clients: 6
[2026/09/25 22:52:47:0154] N: killing process, pid: 78318
[2026/09/25 22:52:47:0159] N: process killed with signal 0, pid: 78318
[2026/09/25 22:52:47:0295] N: WS closed from (unix skt), clients: 5
[2026/09/25 22:52:47:0295] N: killing process, pid: 78320
[2026/09/25 22:52:47:0296] N: WS closed from (unix skt), clients: 4
[2026/09/25 22:52:47:0296] N: killing process, pid: 78321
[2026/09/25 22:52:47:0300] N: process killed with signal 0, pid: 78320
[2026/09/25 22:52:47:0301] N: process killed with signal 0, pid: 78321
[2026/09/25 22:52:47:5674] N: WS closed from (unix skt), clients: 3
[2026/09/25 22:52:47:5675] N: killing process, pid: 78322
[2026/09/25 22:52:47:5675] N: WS closed from (unix skt), clients: 2
[2026/09/25 22:52:47:5675] N: killing process, pid: 78319
[2026/09/25 22:52:47:5680] N: process killed with signal 0, pid: 78319
[2026/09/25 22:52:47:5680] N: process killed with signal 0, pid: 78322
[2026/09/25 22:52:48:6914] N: WS closed from (unix skt), clients: 1
[2026/09/25 22:52:48:6915] N: killing process, pid: 78316
[2026/09/25 22:52:48:6915] N: WS closed from (unix skt), clients: 0
[2026/09/25 22:52:48:6915] N: killing process, pid: 78333
[2026/09/25 22:52:48:6921] N: process killed with signal 0, pid: 78333
[2026/09/25 22:52:48:6922] N: process killed with signal 0, pid: 78316
[2026/09/25 22:52:48:6972] N: WS   /ws - (unix skt), clients: 1
[2026/09/25 22:52:48:6973] N: WS   /ws - (unix skt), clients: 2
[2026/09/25 22:52:48:6973] N: WS   /ws - (unix skt), clients: 3
[2026/09/25 22:52:48:6973] N: WS   /ws - (unix skt), clients: 4
[2026/09/25 22:52:48:6973] N: WS   /ws - (unix skt), clients: 5
[2026/09/25 22:52:48:6973] N: WS   /ws - (unix skt), clients: 6
[2026/09/25 22:52:48:6973] N: WS   /ws - (unix skt), clients: 7
[2026/09/25 22:52:48:6973] N: WS   /ws - (unix skt), clients: 8
[2026/09/25 22:52:48:6973] N: WS   /ws - (unix skt), clients: 9
[2026/09/25 22:52:48:6973] N: WS   /ws - (unix skt), clients: 10
[2026/09/25 22:52:48:6981] N: started process, pid: 78577
[2026/09/25 22:52:48:6985] N: started process, pid: 78578
[2026/09/25 22:52:48:6990] N: started process, pid: 78579
[2026/09/25 22:52:48:6997] N: started process, pid: 78580
[2026/09/25 22:52:48:7002] N: started process, pid: 78582
[2026/09/25 22:52:48:7009] N: started process, pid: 78583
[2026/09/25 22:52:48:7016] N: started process, pid: 78584
[2026/09/25 22:52:48:7025] N: started process, pid: 78588
[2026/09/25 22:52:48:7039] N: started process, pid: 78593
[2026/09/25 22:52:48:7055] N: started process, pid: 78598
[2026/09/25 22:52:48:8449] N: WS closed from (unix skt), clients: 9
[2026/09/25 22:52:48:8449] N: killing process, pid: 78580
[2026/09/25 22:52:48:8453] N: process killed with signal 1, pid: 78580
[2026/09/25 22:52:48:8891] N: WS closed from (unix skt), clients: 8
[2026/09/25 22:52:48:8891] N: killing process, pid: 78593
[2026/09/25 22:52:48:8894] N: process killed with signal 1, pid: 78593
[2026/09/25 22:52:49:0025] N: WS closed from (unix skt), clients: 7
[2026/09/25 22:52:49:0025] N: killing process, pid: 78577
[2026/09/25 22:52:49:0030] N: process killed with signal 0, pid: 78577
[2026/09/25 22:52:49:0306] N: WS closed from (unix skt), clients: 6
[2026/09/25 22:52:49:0306] N: killing process, pid: 78579
[2026/09/25 22:52:49:0310] N: process killed with signal 0, pid: 78579
[2026/09/25 22:52:49:0627] N: WS closed from (unix skt), clients: 5
[2026/09/25 22:52:49:0627] N: killing process, pid: 78584
[2026/09/25 22:52:49:0630] N: process killed with signal 0, pid: 78584
[2026/09/25 22:52:49:0898] N: WS closed from (unix skt), clients: 4
[2026/09/25 22:52:49:0898] N: killing process, pid: 78583
[2026/09/25 22:52:49:0901] N: process killed with signal 0, pid: 78583
[2026/09/25 22:52:49:4900] N: WS closed from (unix skt), clients: 3
[2026/09/25 22:52:49:4900] N: killing process, pid: 78578
[2026/09/25 22:52:49:4909] N: process killed with signal 0, pid: 78578
[2026/09/25 22:52:49:5937] N: WS closed from (unix skt), clients: 2
[2026/09/25 22:52:49:5938] N: killing process, pid: 78588
[2026/09/25 22:52:49:5999] N: process killed with signal 0, pid: 78588
[2026/09/25 22:52:50:6992] N: WS closed from (unix skt), clients: 1
[2026/09/25 22:52:50:6992] N: killing process, pid: 78582
[2026/09/25 22:52:50:6992] N: WS closed from (unix skt), clients: 0
[2026/09/25 22:52:50:6992] N: killing process, pid: 78598
[2026/09/25 22:52:50:7000] N: process killed with signal 0, pid: 78582
[2026/09/25 22:52:50:7001] N: process killed with signal 0, pid: 78598
[2026/09/25 22:52:50:7062] N: WS   /ws - (unix skt), clients: 1
[2026/09/25 22:52:50:7062] N: WS   /ws - (unix skt), clients: 2
[2026/09/25 22:52:50:7062] N: WS   /ws - (unix skt), clients: 3
[2026/09/25 22:52:50:7062] N: WS   /ws - (unix skt), clients: 4
[2026/09/25 22:52:50:7063] N: WS   /ws - (unix skt), clients: 5
[2026/09/25 22:52:50:7063] N: WS   /ws - (unix skt), clients: 6
[2026/09/25 22:52:50:7063] N: WS   /ws - (unix skt), clients: 7
[2026/09/25 22:52:50:7063] N: WS   /ws - (unix skt), clients: 8
[2026/09/25 22:52:50:7063] N: WS   /ws - (unix skt), clients: 9
[2026/09/25 22:52:50:7063] N: WS   /ws - (unix skt), clients: 10
[2026/09/25 22:52:50:7074] N: started process, pid: 78989
[2026/09/25 22:52:50:7083] N: started process, pid: 78990
[2026/09/25 22:52:50:7087] N: started process, pid: 78991
[2026/09/25 22:52:50:7094] N: started process, pid: 78992
[2026/09/25 22:52:50:7100] N: started process, pid: 78994
[2026/09/25 22:52:50:7105] N: started process, pid: 78995
[2026/09/25 22:52:50:7145] N: started process, pid: 78996
[2026/09/25 22:52:50:7185] N: started process, pid: 79003
[2026/09/25 22:52:50:7210] N: started process, pid: 79012
[2026/09/25 22:52:50:7232] N: started process, pid: 79019
[2026/09/25 22:52:50:9304] N: WS closed from (unix skt), clients: 9
[2026/09/25 22:52:50:9304] N: killing process, pid: 79012
[2026/09/25 22:52:50:9310] N: process killed with signal 1, pid: 79012
[2026/09/25 22:52:50:9361] N: WS closed from (unix skt), clients: 8
[2026/09/25 22:52:50:9362] N: killing process, pid: 78992
[2026/09/25 22:52:50:9365] N: process killed with signal 1, pid: 78992
[2026/09/25 22:52:51:0100] N: WS closed from (unix skt), clients: 7
[2026/09/25 22:52:51:0101] N: killing process, pid: 78989
[2026/09/25 22:52:51:0105] N: process killed with signal 0, pid: 78989
[2026/09/25 22:52:51:0448] N: WS closed from (unix skt), clients: 6
[2026/09/25 22:52:51:0449] N: killing process, pid: 78990
[2026/09/25 22:52:51:0457] N: process killed with signal 0, pid: 78990
[2026/09/25 22:52:51:0558] N: WS closed from (unix skt), clients: 5
[2026/09/25 22:52:51:0558] N: killing process, pid: 78996
[2026/09/25 22:52:51:0563] N: process killed with signal 0, pid: 78996
[2026/09/25 22:52:51:0739] N: WS closed from (unix skt), clients: 4
[2026/09/25 22:52:51:0739] N: killing process, pid: 78995
[2026/09/25 22:52:51:0743] N: process killed with signal 0, pid: 78995
[2026/09/25 22:52:51:5293] N: WS closed from (unix skt), clients: 3
[2026/09/25 22:52:51:5294] N: killing process, pid: 78991
[2026/09/25 22:52:51:5308] N: process killed with signal 0, pid: 78991
[2026/09/25 22:52:51:6014] N: WS closed from (unix skt), clients: 2
[2026/09/25 22:52:51:6014] N: killing process, pid: 79003
[2026/09/25 22:52:51:6018] N: process killed with signal 0, pid: 79003
[2026/09/25 22:52:52:7078] N: WS closed from (unix skt), clients: 1
[2026/09/25 22:52:52:7078] N: killing process, pid: 78994
[2026/09/25 22:52:52:7079] N: WS closed from (unix skt), clients: 0
[2026/09/25 22:52:52:7079] N: killing process, pid: 79019
[2026/09/25 22:52:52:7093] N: process killed with signal 0, pid: 78994
[2026/09/25 22:52:52:7093] N: process killed with signal 0, pid: 79019
[2026/09/25 22:52:52:7260] N: WS   /ws - (unix skt), clients: 1
[2026/09/25 22:52:52:7260] N: WS   /ws - (unix skt), clients: 2
[2026/09/25 22:52:52:7260] N: WS   /ws - (unix skt), clients: 3
[2026/09/25 22:52:52:7260] N: WS   /ws - (unix skt), clients: 4
[2026/09/25 22:52:52:7260] N: WS   /ws - (unix skt), clients: 5
[2026/09/25 22:52:52:7260] N: WS   /ws - (unix skt), clients: 6
[2026/09/25 22:52:52:7261] N: WS   /ws - (unix skt), clients: 7
[2026/09/25 22:52:52:7261] N: WS   /ws - (unix skt), clients: 8
[2026/09/25 22:52:52:7261] N: WS   /ws - (unix skt), clients: 9
[2026/09/25 22:52:52:7261] N: WS   /ws - (unix skt), clients: 10
[2026/09/25 22:52:52:7268] N: started process, pid: 79680
[2026/09/25 22:52:52:7272] N: started process, pid: 79681
[2026/09/25 22:52:52:7277] N: started process, pid: 79682
[2026/09/25 22:52:52:7282] N: started process, pid: 79683
[2026/09/25 22:52:52:7291] N: started process, pid: 79684
[2026/09/25 22:52:52:7298] N: started process, pid: 79685
[2026/09/25 22:52:52:7305] N: started process, pid: 79686
[2026/09/25 22:52:52:7311] N: started process, pid: 79687
[2026/09/25 22:52:52:7323] N: started process, pid: 79690
[2026/09/25 22:52:52:7333] N: started process, pid: 79697
[2026/09/25 22:52:52:8477] N: WS closed from (unix skt), clients: 9
[2026/09/25 22:52:52:8477] N: killing process, pid: 79682
[2026/09/25 22:52:52:8481] N: process killed with signal 1, pid: 79682
[2026/09/25 22:52:52:8977] N: WS closed from (unix skt), clients: 8
[2026/09/25 22:52:52:8978] N: killing process, pid: 79690
[2026/09/25 22:52:52:8980] N: process killed with signal 1, pid: 79690
[2026/09/25 22:52:53:0360] N: WS closed from (unix skt), clients: 7
[2026/09/25 22:52:53:0360] N: killing process, pid: 79680
[2026/09/25 22:52:53:0365] N: process killed with signal 0, pid: 79680
[2026/09/25 22:52:53:0501] N: WS closed from (unix skt), clients: 6
[2026/09/25 22:52:53:0501] N: killing process, pid: 79683
[2026/09/25 22:52:53:0505] N: process killed with signal 0, pid: 79683
[2026/09/25 22:52:53:0858] N: WS closed from (unix skt), clients: 5
[2026/09/25 22:52:53:0858] N: killing process, pid: 79686
[2026/09/25 22:52:53:0862] N: process killed with signal 0, pid: 79686
[2026/09/25 22:52:53:1009] N: WS closed from (unix skt), clients: 4
[2026/09/25 22:52:53:1009] N: killing process, pid: 79685
[2026/09/25 22:52:53:1013] N: process killed with signal 0, pid: 79685
[2026/09/25 22:52:53:4927] N: WS closed from (unix skt), clients: 3
[2026/09/25 22:52:53:4927] N: killing process, pid: 79681
[2026/09/25 22:52:53:4933] N: process killed with signal 0, pid: 79681
[2026/09/25 22:52:53:6019] N: WS closed from (unix skt), clients: 2
[2026/09/25 22:52:53:6019] N: killing process, pid: 79687
[2026/09/25 22:52:53:6033] N: process killed with signal 0, pid: 79687
[2026/09/25 22:52:54:7261] N: WS closed from (unix skt), clients: 1
[2026/09/25 22:52:54:7261] N: killing process, pid: 79684
[2026/09/25 22:52:54:7262] N: WS closed from (unix skt), clients: 0
[2026/09/25 22:52:54:7262] N: killing process, pid: 79697
[2026/09/25 22:52:54:7268] N: process killed with signal 0, pid: 79684
[2026/09/25 22:52:54:7274] N: process killed with signal 0, pid: 79697
[2026/09/25 22:52:54:7349] N: WS   /ws - (unix skt), clients: 1
[2026/09/25 22:52:54:7349] N: WS   /ws - (unix skt), clients: 2
[2026/09/25 22:52:54:7349] N: WS   /ws - (unix skt), clients: 3
[2026/09/25 22:52:54:7349] N: WS   /ws - (unix skt), clients: 4
[2026/09/25 22:52:54:7349] N: WS   /ws - (unix skt), clients: 5
[2026/09/25 22:52:54:7349] N: WS   /ws - (unix skt), clients: 6
[2026/09/25 22:52:54:7349] N: WS   /ws - (unix skt), clients: 7
[2026/09/25 22:52:54:7349] N: WS   /ws - (unix skt), clients: 8
[2026/09/25 22:52:54:7349] N: WS   /ws - (unix skt), clients: 9
[2026/09/25 22:52:54:7350] N: WS   /ws - (unix skt), clients: 10
[2026/09/25 22:52:54:7357] N: started process, pid: 80203
[2026/09/25 22:52:54:7362] N: started process, pid: 80204
[2026/09/25 22:52:54:7366] N: started process, pid: 80205
[2026/09/25 22:52:54:7370] N: started process, pid: 80206
[2026/09/25 22:52:54:7379] N: started process, pid: 80207
[2026/09/25 22:52:54:7384] N: started process, pid: 80208
[2026/09/25 22:52:54:7391] N: started process, pid: 80209
[2026/09/25 22:52:54:7401] N: started process, pid: 80210
[2026/09/25 22:52:54:7416] N: started process, pid: 80215
[2026/09/25 22:52:54:7423] N: started process, pid: 80223
[2026/09/25 22:52:54:8083] N: WS closed from (unix skt), clients: 9
[2026/09/25 22:52:54:8084] N: killing process, pid: 80205
[2026/09/25 22:52:54:8089] N: process killed with signal 1, pid: 80205
[2026/09/25 22:52:54:9160] N: WS closed from (unix skt), clients: 8
[2026/09/25 22:52:54:9161] N: killing process, pid: 80215
[2026/09/25 22:52:54:9165] N: process killed with signal 1, pid: 80215
[2026/09/25 22:52:55:0238] N: WS closed from (unix skt), clients: 7
[2026/09/25 22:52:55:0238] N: killing process, pid: 80203
[2026/09/25 22:52:55:0242] N: process killed with signal 0, pid: 80203
[2026/09/25 22:52:55:0676] N: WS closed from (unix skt), clients: 6
[2026/09/25 22:52:55:0676] N: killing process, pid: 80209
[2026/09/25 22:52:55:0681] N: process killed with signal 0, pid: 80209
[2026/09/25 22:52:55:0788] N: WS closed from (unix skt), clients: 5
[2026/09/25 22:52:55:0788] N: killing process, pid: 80206
[2026/09/25 22:52:55:0792] N: process killed with signal 0, pid: 80206
[2026/09/25 22:52:55:1039] N: WS closed from (unix skt), clients: 4
[2026/09/25 22:52:55:1039] N: killing process, pid: 80208
[2026/09/25 22:52:55:1044] N: process killed with signal 0, pid: 80208
[2026/09/25 22:52:55:5396] N: WS closed from (unix skt), clients: 3
[2026/09/25 22:52:55:5396] N: killing process, pid: 80204
[2026/09/25 22:52:55:5404] N: process killed with signal 0, pid: 80204
[2026/09/25 22:52:55:6223] N: WS closed from (unix skt), clients: 2
[2026/09/25 22:52:55:6224] N: killing process, pid: 80210
[2026/09/25 22:52:55:6235] N: process killed with signal 0, pid: 80210
[2026/09/25 22:52:56:7370] N: WS closed from (unix skt), clients: 1
[2026/09/25 22:52:56:7371] N: killing process, pid: 80207
[2026/09/25 22:52:56:7371] N: WS closed from (unix skt), clients: 0
[2026/09/25 22:52:56:7371] N: killing process, pid: 80223
[2026/09/25 22:52:56:7386] N: process killed with signal 0, pid: 80207
[2026/09/25 22:52:56:7386] N: process killed with signal 0, pid: 80223
[2026/09/25 22:52:56:7467] N: WS   /ws - (unix skt), clients: 1
[2026/09/25 22:52:56:7467] N: WS   /ws - (unix skt), clients: 2
[2026/09/25 22:52:56:7467] N: WS   /ws - (unix skt), clients: 3
[2026/09/25 22:52:56:7468] N: WS   /ws - (unix skt), clients: 4
[2026/09/25 22:52:56:7468] N: WS   /ws - (unix skt), clients: 5
[2026/09/25 22:52:56:7468] N: WS   /ws - (unix skt), clients: 6
[2026/09/25 22:52:56:7468] N: WS   /ws - (unix skt), clients: 7
[2026/09/25 22:52:56:7468] N: WS   /ws - (unix skt), clients: 8
[2026/09/25 22:52:56:7468] N: WS   /ws - (unix skt), clients: 9
[2026/09/25 22:52:56:7468] N: WS   /ws - (unix skt), clients: 10
[2026/09/25 22:52:56:7476] N: started process, pid: 80534
[2026/09/25 22:52:56:7481] N: started process, pid: 80535
[2026/09/25 22:52:56:7487] N: started process, pid: 80536
[2026/09/25 22:52:56:7492] N: started process, pid: 80537
[2026/09/25 22:52:56:7499] N: started process, pid: 80538
[2026/09/25 22:52:56:7507] N: started process, pid: 80539
[2026/09/25 22:52:56:7515] N: started process, pid: 80540
[2026/09/25 22:52:56:7521] N: started process, pid: 80543
[2026/09/25 22:52:56:7531] N: started process, pid: 80546
[2026/09/25 22:52:56:7541] N: started process, pid: 80551
[2026/09/25 22:52:56:8540] N: WS closed from (unix skt), clients: 9
[2026/09/25 22:52:56:8540] N: killing process, pid: 80536
[2026/09/25 22:52:56:8545] N: process killed with signal 1, pid: 80536
[2026/09/25 22:52:56:9418] N: WS closed from (unix skt), clients: 8
[2026/09/25 22:52:56:9418] N: killing process, pid: 80546
[2026/09/25 22:52:56:9423] N: process killed with signal 1, pid: 80546
[2026/09/25 22:52:57:0564] N: WS closed from (unix skt), clients: 7
[2026/09/25 22:52:57:0565] N: killing process, pid: 80534
[2026/09/25 22:52:57:0569] N: process killed with signal 0, pid: 80534
[2026/09/25 22:52:57:0859] N: WS closed from (unix skt), clients: 6
[2026/09/25 22:52:57:0859] N: killing process, pid: 80538
[2026/09/25 22:52:57:0864] N: process killed with signal 0, pid: 80538
[2026/09/25 22:52:57:1303] N: WS closed from (unix skt), clients: 5
[2026/09/25 22:52:57:1303] N: killing process, pid: 80539
[2026/09/25 22:52:57:1307] N: process killed with signal 0, pid: 80539
[2026/09/25 22:52:57:1495] N: WS closed from (unix skt), clients: 4
[2026/09/25 22:52:57:1495] N: killing process, pid: 80540
[2026/09/25 22:52:57:1499] N: process killed with signal 0, pid: 80540
[2026/09/25 22:52:57:5460] N: WS closed from (unix skt), clients: 3
[2026/09/25 22:52:57:5460] N: killing process, pid: 80535
[2026/09/25 22:52:57:5467] N: process killed with signal 0, pid: 80535
[2026/09/25 22:52:57:6495] N: WS closed from (unix skt), clients: 2
[2026/09/25 22:52:57:6495] N: killing process, pid: 80543
[2026/09/25 22:52:57:6499] N: process killed with signal 0, pid: 80543
[2026/09/25 22:52:58:7494] N: WS closed from (unix skt), clients: 1
[2026/09/25 22:52:58:7494] N: killing process, pid: 80537
[2026/09/25 22:52:58:7495] N: WS closed from (unix skt), clients: 0
[2026/09/25 22:52:58:7495] N: killing process, pid: 80551
[2026/09/25 22:52:58:7502] N: process killed with signal 0, pid: 80537
[2026/09/25 22:52:58:7508] N: process killed with signal 0, pid: 80551
[2026/09/25 22:52:58:7603] N: WS   /ws - (unix skt), clients: 1
[2026/09/25 22:52:58:7603] N: WS   /ws - (unix skt), clients: 2
[2026/09/25 22:52:58:7603] N: WS   /ws - (unix skt), clients: 3
[2026/09/25 22:52:58:7603] N: WS   /ws - (unix skt), clients: 4
[2026/09/25 22:52:58:7603] N: WS   /ws - (unix skt), clients: 5
[2026/09/25 22:52:58:7603] N: WS   /ws - (unix skt), clients: 6
[2026/09/25 22:52:58:7604] N: WS   /ws - (unix skt), clients: 7
[2026/09/25 22:52:58:7604] N: WS   /ws - (unix skt), clients: 8
[2026/09/25 22:52:58:7604] N: WS   /ws - (unix skt), clients: 9
[2026/09/25 22:52:58:7604] N: WS   /ws - (unix skt), clients: 10
[2026/09/25 22:52:58:7612] N: started process, pid: 80933
[2026/09/25 22:52:58:7617] N: started process, pid: 80934
[2026/09/25 22:52:58:7622] N: started process, pid: 80935
[2026/09/25 22:52:58:7627] N: started process, pid: 80936
[2026/09/25 22:52:58:7636] N: started process, pid: 80937
[2026/09/25 22:52:58:7643] N: started process, pid: 80938
[2026/09/25 22:52:58:7651] N: started process, pid: 80939
[2026/09/25 22:52:58:7661] N: started process, pid: 80940
[2026/09/25 22:52:58:7675] N: started process, pid: 80947
[2026/09/25 22:52:58:7700] N: started process, pid: 80955
[2026/09/25 22:52:58:8813] N: WS closed from (unix skt), clients: 9
[2026/09/25 22:52:58:8813] N: killing process, pid: 80935
[2026/09/25 22:52:58:8818] N: process killed with signal 1, pid: 80935
[2026/09/25 22:52:58:9217] N: WS closed from (unix skt), clients: 8
[2026/09/25 22:52:58:9217] N: killing process, pid: 80947
[2026/09/25 22:52:58:9221] N: process killed with signal 1, pid: 80947
[2026/09/25 22:52:59:0588] N: WS closed from (unix skt), clients: 7
[2026/09/25 22:52:59:0589] N: killing process, pid: 80933
[2026/09/25 22:52:59:0595] N: process killed with signal 0, pid: 80933
[2026/09/25 22:52:59:0720] N: WS closed from (unix skt), clients: 6
[2026/09/25 22:52:59:0720] N: killing process, pid: 80937
[2026/09/25 22:52:59:0724] N: process killed with signal 0, pid: 80937
[2026/09/25 22:52:59:0950] N: WS closed from (unix skt), clients: 5
[2026/09/25 22:52:59:0951] N: killing process, pid: 80938
[2026/09/25 22:52:59:0955] N: process killed with signal 0, pid: 80938
[2026/09/25 22:52:59:1355] N: WS closed from (unix skt), clients: 4
[2026/09/25 22:52:59:1355] N: killing process, pid: 80939
[2026/09/25 22:52:59:1359] N: process killed with signal 0, pid: 80939
[2026/09/25 22:52:59:5484] N: WS closed from (unix skt), clients: 3
[2026/09/25 22:52:59:5484] N: killing process, pid: 80934
[2026/09/25 22:52:59:5489] N: process killed with signal 0, pid: 80934
[2026/09/25 22:52:59:6358] N: WS closed from (unix skt), clients: 2
[2026/09/25 22:52:59:6358] N: killing process, pid: 80940
[2026/09/25 22:52:59:6362] N: process killed with signal 0, pid: 80940
[2026/09/25 22:53:00:7627] N: WS closed from (unix skt), clients: 1
[2026/09/25 22:53:00:7627] N: killing process, pid: 80936
[2026/09/25 22:53:00:7627] N: WS closed from (unix skt), clients: 0
[2026/09/25 22:53:00:7628] N: killing process, pid: 80955
[2026/09/25 22:53:00:7642] N: process killed with signal 0, pid: 80955
[2026/09/25 22:53:00:7643] N: process killed with signal 0, pid: 80936
[2026/09/25 22:53:00:7756] N: WS   /ws - (unix skt), clients: 1
[2026/09/25 22:53:00:7756] N: WS   /ws - (unix skt), clients: 2
[2026/09/25 22:53:00:7756] N: WS   /ws - (unix skt), clients: 3
[2026/09/25 22:53:00:7756] N: WS   /ws - (unix skt), clients: 4
[2026/09/25 22:53:00:7756] N: WS   /ws - (unix skt), clients: 5
[2026/09/25 22:53:00:7756] N: WS   /ws - (unix skt), clients: 6
[2026/09/25 22:53:00:7757] N: WS   /ws - (unix skt), clients: 7
[2026/09/25 22:53:00:7757] N: WS   /ws - (unix skt), clients: 8
[2026/09/25 22:53:00:7757] N: WS   /ws - (unix skt), clients: 9
[2026/09/25 22:53:00:7757] N: WS   /ws - (unix skt), clients: 10
[2026/09/25 22:53:00:7767] N: started process, pid: 81216
[2026/09/25 22:53:00:7774] N: started process, pid: 81217
[2026/09/25 22:53:00:7780] N: started process, pid: 81218
[2026/09/25 22:53:00:7786] N: started process, pid: 81219
[2026/09/25 22:53:00:7798] N: started process, pid: 81220
[2026/09/25 22:53:00:7809] N: started process, pid: 81221
[2026/09/25 22:53:00:7820] N: started process, pid: 81222
[2026/09/25 22:53:00:7833] N: started process, pid: 81227
[2026/09/25 22:53:00:7851] N: started process, pid: 81233
[2026/09/25 22:53:00:7865] N: started process, pid: 81238
[2026/09/25 22:53:00:9035] N: WS closed from (unix skt), clients: 9
[2026/09/25 22:53:00:9035] N: killing process, pid: 81218
[2026/09/25 22:53:00:9039] N: process killed with signal 1, pid: 81218
[2026/09/25 22:53:00:9418] N: WS closed from (unix skt), clients: 8
[2026/09/25 22:53:00:9418] N: killing process, pid: 81233
[2026/09/25 22:53:00:9423] N: process killed with signal 1, pid: 81233
[2026/09/25 22:53:01:0493] N: WS closed from (unix skt), clients: 7
[2026/09/25 22:53:01:0493] N: killing process, pid: 81216
[2026/09/25 22:53:01:0497] N: process killed with signal 0, pid: 81216
[2026/09/25 22:53:01:1185] N: WS closed from (unix skt), clients: 6
[2026/09/25 22:53:01:1185] N: killing process, pid: 81222
[2026/09/25 22:53:01:1190] N: process killed with signal 0, pid: 81222
[2026/09/25 22:53:01:1299] N: WS closed from (unix skt), clients: 5
[2026/09/25 22:53:01:1299] N: killing process, pid: 81220
[2026/09/25 22:53:01:1303] N: process killed with signal 0, pid: 81220
[2026/09/25 22:53:01:1570] N: WS closed from (unix skt), clients: 4
[2026/09/25 22:53:01:1570] N: killing process, pid: 81221
[2026/09/25 22:53:01:1575] N: process killed with signal 0, pid: 81221
[2026/09/25 22:53:01:5804] N: WS closed from (unix skt), clients: 3
[2026/09/25 22:53:01:5804] N: killing process, pid: 81217
[2026/09/25 22:53:01:5815] N: process killed with signal 0, pid: 81217
[2026/09/25 22:53:01:6585] N: WS closed from (unix skt), clients: 2
[2026/09/25 22:53:01:6586] N: killing process, pid: 81227
[2026/09/25 22:53:01:6602] N: process killed with signal 0, pid: 81227
[2026/09/25 22:53:02:7776] N: WS closed from (unix skt), clients: 1
[2026/09/25 22:53:02:7777] N: killing process, pid: 81219
[2026/09/25 22:53:02:7777] N: WS closed from (unix skt), clients: 0
[2026/09/25 22:53:02:7777] N: killing process, pid: 81238
[2026/09/25 22:53:02:7784] N: process killed with signal 0, pid: 81219
[2026/09/25 22:53:02:7787] N: process killed with signal 0, pid: 81238
[2026/09/25 22:53:02:7877] N: WS   /ws - (unix skt), clients: 1
[2026/09/25 22:53:02:7877] N: WS   /ws - (unix skt), clients: 2
[2026/09/25 22:53:02:7877] N: WS   /ws - (unix skt), clients: 3
[2026/09/25 22:53:02:7877] N: WS   /ws - (unix skt), clients: 4
[2026/09/25 22:53:02:7877] N: WS   /ws - (unix skt), clients: 5
[2026/09/25 22:53:02:7877] N: WS   /ws - (unix skt), clients: 6
[2026/09/25 22:53:02:7878] N: WS   /ws - (unix skt), clients: 7
[2026/09/25 22:53:02:7878] N: WS   /ws - (unix skt), clients: 8
[2026/09/25 22:53:02:7878] N: WS   /ws - (unix skt), clients: 9
[2026/09/25 22:53:02:7878] N: WS   /ws - (unix skt), clients: 10
[2026/09/25 22:53:02:7886] N: started process, pid: 81585
[2026/09/25 22:53:02:7890] N: started process, pid: 81586
[2026/09/25 22:53:02:7894] N: started process, pid: 81587
[2026/09/25 22:53:02:7899] N: started process, pid: 81588
[2026/09/25 22:53:02:7907] N: started process, pid: 81589
[2026/09/25 22:53:02:7916] N: started process, pid: 81590
[2026/09/25 22:53:02:7921] N: started process, pid: 81591
[2026/09/25 22:53:02:7932] N: started process, pid: 81592
[2026/09/25 22:53:02:7941] N: started process, pid: 81596
[2026/09/25 22:53:02:7961] N: started process, pid: 81602
[2026/09/25 22:53:02:8857] N: WS closed from (unix skt), clients: 9
[2026/09/25 22:53:02:8857] N: killing process, pid: 81587
[2026/09/25 22:53:02:8860] N: process killed with signal 1, pid: 81587
[2026/09/25 22:53:02:9609] N: WS closed from (unix skt), clients: 8
[2026/09/25 22:53:02:9609] N: killing process, pid: 81596
[2026/09/25 22:53:02:9614] N: process killed with signal 1, pid: 81596
[2026/09/25 22:53:03:0882] N: WS closed from (unix skt), clients: 7
[2026/09/25 22:53:03:0882] N: killing process, pid: 81585
[2026/09/25 22:53:03:0887] N: process killed with signal 0, pid: 81585
[2026/09/25 22:53:03:1123] N: WS closed from (unix skt), clients: 6
[2026/09/25 22:53:03:1124] N: killing process, pid: 81589
[2026/09/25 22:53:03:1128] N: process killed with signal 0, pid: 81589
[2026/09/25 22:53:03:1374] N: WS closed from (unix skt), clients: 5
[2026/09/25 22:53:03:1374] N: killing process, pid: 81590
[2026/09/25 22:53:03:1377] N: process killed with signal 0, pid: 81590
[2026/09/25 22:53:03:1505] N: WS closed from (unix skt), clients: 4
[2026/09/25 22:53:03:1505] N: killing process, pid: 81591
[2026/09/25 22:53:03:1508] N: process killed with signal 0, pid: 81591
[2026/09/25 22:53:03:6142] N: WS closed from (unix skt), clients: 3
[2026/09/25 22:53:03:6142] N: killing process, pid: 81586
[2026/09/25 22:53:03:6148] N: process killed with signal 0, pid: 81586
[2026/09/25 22:53:03:6634] N: WS closed from (unix skt), clients: 2
[2026/09/25 22:53:03:6634] N: killing process, pid: 81592
[2026/09/25 22:53:03:6644] N: process killed with signal 0, pid: 81592
[2026/09/25 22:53:04:7900] N: WS closed from (unix skt), clients: 1
[2026/09/25 22:53:04:7901] N: killing process, pid: 81588
[2026/09/25 22:53:04:7902] N: WS closed from (unix skt), clients: 0
[2026/09/25 22:53:04:7902] N: killing process, pid: 81602
[2026/09/25 22:53:04:7925] N: process killed with signal 0, pid: 81588
[2026/09/25 22:53:04:7932] N: process killed with signal 0, pid: 81602
[2026/09/25 22:53:04:8118] N: WS   /ws - (unix skt), clients: 1
[2026/09/25 22:53:04:8118] N: WS   /ws - (unix skt), clients: 2
[2026/09/25 22:53:04:8118] N: WS   /ws - (unix skt), clients: 3
[2026/09/25 22:53:04:8119] N: WS   /ws - (unix skt), clients: 4
[2026/09/25 22:53:04:8119] N: WS   /ws - (unix skt), clients: 5
[2026/09/25 22:53:04:8119] N: WS   /ws - (unix skt), clients: 6
[2026/09/25 22:53:04:8119] N: WS   /ws - (unix skt), clients: 7
[2026/09/25 22:53:04:8119] N: WS   /ws - (unix skt), clients: 8
[2026/09/25 22:53:04:8119] N: WS   /ws - (unix skt), clients: 9
[2026/09/25 22:53:04:8119] N: WS   /ws - (unix skt), clients: 10
[2026/09/25 22:53:04:8128] N: started process, pid: 81869
[2026/09/25 22:53:04:8135] N: started process, pid: 81870
[2026/09/25 22:53:04:8141] N: started process, pid: 81871
[2026/09/25 22:53:04:8147] N: started process, pid: 81872
[2026/09/25 22:53:04:8158] N: started process, pid: 81873
[2026/09/25 22:53:04:8168] N: started process, pid: 81874
[2026/09/25 22:53:04:8177] N: started process, pid: 81875
[2026/09/25 22:53:04:8188] N: started process, pid: 81876
[2026/09/25 22:53:04:8202] N: started process, pid: 81879
[2026/09/25 22:53:04:8219] N: started process, pid: 81888
[2026/09/25 22:53:04:8750] N: WS closed from (unix skt), clients: 9
[2026/09/25 22:53:04:8751] N: killing process, pid: 81871
[2026/09/25 22:53:04:8755] N: process killed with signal 1, pid: 81871
[2026/09/25 22:53:04:9823] N: WS closed from (unix skt), clients: 8
[2026/09/25 22:53:04:9824] N: killing process, pid: 81879
[2026/09/25 22:53:04:9826] N: process killed with signal 1, pid: 81879
[2026/09/25 22:53:05:1381] N: WS closed from (unix skt), clients: 7
[2026/09/25 22:53:05:1381] N: killing process, pid: 81869
[2026/09/25 22:53:05:1386] N: process killed with signal 0, pid: 81869
[2026/09/25 22:53:05:1492] N: WS closed from (unix skt), clients: 6
[2026/09/25 22:53:05:1492] N: killing process, pid: 81874
[2026/09/25 22:53:05:1496] N: process killed with signal 0, pid: 81874
[2026/09/25 22:53:05:1613] N: WS closed from (unix skt), clients: 5
[2026/09/25 22:53:05:1613] N: killing process, pid: 81875
[2026/09/25 22:53:05:1617] N: process killed with signal 0, pid: 81875
[2026/09/25 22:53:05:1734] N: WS closed from (unix skt), clients: 4
[2026/09/25 22:53:05:1734] N: killing process, pid: 81873
[2026/09/25 22:53:05:1739] N: process killed with signal 0, pid: 81873
[2026/09/25 22:53:05:6269] N: WS closed from (unix skt), clients: 3
[2026/09/25 22:53:05:6270] N: killing process, pid: 81870
[2026/09/25 22:53:05:6275] N: process killed with signal 0, pid: 81870
[2026/09/25 22:53:05:6860] N: WS closed from (unix skt), clients: 2
[2026/09/25 22:53:05:6861] N: killing process, pid: 81876
[2026/09/25 22:53:05:6869] N: process killed with signal 0, pid: 81876
[2026/09/25 22:53:06:8141] N: WS closed from (unix skt), clients: 1
[2026/09/25 22:53:06:8142] N: killing process, pid: 81872
[2026/09/25 22:53:06:8142] N: WS closed from (unix skt), clients: 0
[2026/09/25 22:53:06:8143] N: killing process, pid: 81888
[2026/09/25 22:53:06:8156] N: process killed with signal 0, pid: 81888
[2026/09/25 22:53:06:8156] N: process killed with signal 0, pid: 81872
[2026/09/25 22:53:06:8254] N: WS   /ws - (unix skt), clients: 1
[2026/09/25 22:53:06:8254] N: WS   /ws - (unix skt), clients: 2
[2026/09/25 22:53:06:8254] N: WS   /ws - (unix skt), clients: 3
[2026/09/25 22:53:06:8254] N: WS   /ws - (unix skt), clients: 4
[2026/09/25 22:53:06:8262] N: started process, pid: 82160
[2026/09/25 22:53:06:8262] N: WS   /ws - (unix skt), clients: 5
[2026/09/25 22:53:06:8262] N: WS   /ws - (unix skt), clients: 6
[2026/09/25 22:53:06:8263] N: WS   /ws - (unix skt), clients: 7
[2026/09/25 22:53:06:8263] N: WS   /ws - (unix skt), clients: 8
[2026/09/25 22:53:06:8263] N: WS   /ws - (unix skt), clients: 9
[2026/09/25 22:53:06:8263] N: WS   /ws - (unix skt), clients: 10
[2026/09/25 22:53:06:8268] N: started process, pid: 82161
[2026/09/25 22:53:06:8273] N: started process, pid: 82162
[2026/09/25 22:53:06:8279] N: started process, pid: 82163
[2026/09/25 22:53:06:8286] N: started process, pid: 82164
[2026/09/25 22:53:06:8292] N: started process, pid: 82165
[2026/09/25 22:53:06:8301] N: started process, pid: 82166
[2026/09/25 22:53:06:8310] N: started process, pid: 82167
[2026/09/25 22:53:06:8326] N: started process, pid: 82173
[2026/09/25 22:53:06:8341] N: started process, pid: 82183
[2026/09/25 22:53:06:9520] N: WS closed from (unix skt), clients: 9
[2026/09/25 22:53:06:9521] N: killing process, pid: 82163
[2026/09/25 22:53:06:9523] N: process killed with signal 1, pid: 82163
[2026/09/25 22:53:07:0154] N: WS closed from (unix skt), clients: 8
[2026/09/25 22:53:07:0154] N: killing process, pid: 82173
[2026/09/25 22:53:07:0160] N: process killed with signal 1, pid: 82173
[2026/09/25 22:53:07:1280] N: WS closed from (unix skt), clients: 7
[2026/09/25 22:53:07:1280] N: killing process, pid: 82160
[2026/09/25 22:53:07:1284] N: process killed with signal 0, pid: 82160
[2026/09/25 22:53:07:1541] N: WS closed from (unix skt), clients: 6
[2026/09/25 22:53:07:1542] N: killing process, pid: 82161
[2026/09/25 22:53:07:1546] N: process killed with signal 0, pid: 82161
[2026/09/25 22:53:07:1673] N: WS closed from (unix skt), clients: 5
[2026/09/25 22:53:07:1673] N: killing process, pid: 82166
[2026/09/25 22:53:07:1679] N: process killed with signal 0, pid: 82166
[2026/09/25 22:53:07:1820] N: WS closed from (unix skt), clients: 4
[2026/09/25 22:53:07:1821] N: killing process, pid: 82165
[2026/09/25 22:53:07:1825] N: process killed with signal 0, pid: 82165
[2026/09/25 22:53:07:6566] N: WS closed from (unix skt), clients: 3
[2026/09/25 22:53:07:6567] N: killing process, pid: 82162
[2026/09/25 22:53:07:6586] N: process killed with signal 0, pid: 82162
[2026/09/25 22:53:07:6688] N: WS closed from (unix skt), clients: 2
[2026/09/25 22:53:07:6688] N: killing process, pid: 82167
[2026/09/25 22:53:07:6695] N: process killed with signal 0, pid: 82167
[2026/09/25 22:53:08:8280] N: WS closed from (unix skt), clients: 1
[2026/09/25 22:53:08:8282] N: killing process, pid: 82164
[2026/09/25 22:53:08:8283] N: WS closed from (unix skt), clients: 0
[2026/09/25 22:53:08:8283] N: killing process, pid: 82183
[2026/09/25 22:53:08:8302] N: process killed with signal 0, pid: 82164
[2026/09/25 22:53:08:8311] N: process killed with signal 0, pid: 82183
[2026/09/25 22:53:08:8392] N: WS   /ws - (unix skt), clients: 1
[2026/09/25 22:53:08:8392] N: WS   /ws - (unix skt), clients: 2
[2026/09/25 22:53:08:8392] N: WS   /ws - (unix skt), clients: 3
[2026/09/25 22:53:08:8392] N: WS   /ws - (unix skt), clients: 4
[2026/09/25 22:53:08:8392] N: WS   /ws - (unix skt), clients: 5
[2026/09/25 22:53:08:8392] N: WS   /ws - (unix skt), clients: 6
[2026/09/25 22:53:08:8392] N: WS   /ws - (unix skt), clients: 7
[2026/09/25 22:53:08:8392] N: WS   /ws - (unix skt), clients: 8
[2026/09/25 22:53:08:8393] N: WS   /ws - (unix skt), clients: 9
[2026/09/25 22:53:08:8393] N: WS   /ws - (unix skt), clients: 10
[2026/09/25 22:53:08:8405] N: started process, pid: 82475
[2026/09/25 22:53:08:8410] N: started process, pid: 82476
[2026/09/25 22:53:08:8416] N: started process, pid: 82477
[2026/09/25 22:53:08:8422] N: started process, pid: 82478
[2026/09/25 22:53:08:8430] N: started process, pid: 82479
[2026/09/25 22:53:08:8438] N: started process, pid: 82480
[2026/09/25 22:53:08:8449] N: started process, pid: 82481
[2026/09/25 22:53:08:8470] N: started process, pid: 82485
[2026/09/25 22:53:08:8479] N: started process, pid: 82490
[2026/09/25 22:53:08:8498] N: started process, pid: 82493
[2026/09/25 22:53:08:9723] N: WS closed from (unix skt), clients: 9
[2026/09/25 22:53:08:9723] N: killing process, pid: 82478
[2026/09/25 22:53:08:9726] N: process killed with signal 1, pid: 82478
[2026/09/25 22:53:08:9841] N: WS closed from (unix skt), clients: 8
[2026/09/25 22:53:08:9842] N: killing process, pid: 82490
[2026/09/25 22:53:08:9844] N: process killed with signal 1, pid: 82490
[2026/09/25 22:53:09:1728] N: WS closed from (unix skt), clients: 7
[2026/09/25 22:53:09:1729] N: killing process, pid: 82476
[2026/09/25 22:53:09:1729] N: WS closed from (unix skt), clients: 6
[2026/09/25 22:53:09:1730] N: killing process, pid: 82475
[2026/09/25 22:53:09:1737] N: process killed with signal 0, pid: 82475
[2026/09/25 22:53:09:1738] N: process killed with signal 0, pid: 82476
[2026/09/25 22:53:09:1848] N: WS closed from (unix skt), clients: 5
[2026/09/25 22:53:09:1848] N: killing process, pid: 82480
[2026/09/25 22:53:09:1854] N: process killed with signal 0, pid: 82480
[2026/09/25 22:53:09:2127] N: WS closed from (unix skt), clients: 4
[2026/09/25 22:53:09:2127] N: killing process, pid: 82481
[2026/09/25 22:53:09:2131] N: process killed with signal 0, pid: 82481
[2026/09/25 22:53:09:6038] N: WS closed from (unix skt), clients: 3
[2026/09/25 22:53:09:6038] N: killing process, pid: 82477
[2026/09/25 22:53:09:6045] N: process killed with signal 0, pid: 82477
[2026/09/25 22:53:09:7146] N: WS closed from (unix skt), clients: 2
[2026/09/25 22:53:09:7146] N: killing process, pid: 82485
[2026/09/25 22:53:09:7155] N: process killed with signal 0, pid: 82485
[2026/09/25 22:53:10:8405] N: WS closed from (unix skt), clients: 1
[2026/09/25 22:53:10:8406] N: killing process, pid: 82479
[2026/09/25 22:53:10:8406] N: WS closed from (unix skt), clients: 0
[2026/09/25 22:53:10:8406] N: killing process, pid: 82493
[2026/09/25 22:53:10:8420] N: process killed with signal 0, pid: 82479
[2026/09/25 22:53:10:8421] N: process killed with signal 0, pid: 82493
[2026/09/25 22:53:10:8528] N: WS   /ws - (unix skt), clients: 1
[2026/09/25 22:53:10:8528] N: WS   /ws - (unix skt), clients: 2
[2026/09/25 22:53:10:8528] N: WS   /ws - (unix skt), clients: 3
[2026/09/25 22:53:10:8528] N: WS   /ws - (unix skt), clients: 4
[2026/09/25 22:53:10:8528] N: WS   /ws - (unix skt), clients: 5
[2026/09/25 22:53:10:8528] N: WS   /ws - (unix skt), clients: 6
[2026/09/25 22:53:10:8529] N: WS   /ws - (unix skt), clients: 7
[2026/09/25 22:53:10:8529] N: WS   /ws - (unix skt), clients: 8
[2026/09/25 22:53:10:8529] N: WS   /ws - (unix skt), clients: 9
[2026/09/25 22:53:10:8536] N: started process, pid: 82794
[2026/09/25 22:53:10:8541] N: started process, pid: 82795
[2026/09/25 22:53:10:8542] N: WS   /ws - (unix skt), clients: 10
[2026/09/25 22:53:10:8547] N: started process, pid: 82796
[2026/09/25 22:53:10:8555] N: started process, pid: 82797
[2026/09/25 22:53:10:8563] N: started process, pid: 82798
[2026/09/25 22:53:10:8571] N: started process, pid: 82799
[2026/09/25 22:53:10:8580] N: started process, pid: 82800
[2026/09/25 22:53:10:8591] N: started process, pid: 82803
[2026/09/25 22:53:10:8600] N: started process, pid: 82811
[2026/09/25 22:53:10:8613] N: started process, pid: 82813
[2026/09/25 22:53:10:9566] N: WS closed from (unix skt), clients: 9
[2026/09/25 22:53:10:9566] N: killing process, pid: 82798
[2026/09/25 22:53:10:9583] N: process killed with signal 1, pid: 82798
[2026/09/25 22:53:11:0223] N: WS closed from (unix skt), clients: 8
[2026/09/25 22:53:11:0223] N: killing process, pid: 82813
[2026/09/25 22:53:11:0226] N: process killed with signal 1, pid: 82813
[2026/09/25 22:53:11:1343] N: WS closed from (unix skt), clients: 7
[2026/09/25 22:53:11:1344] N: killing process, pid: 82794
[2026/09/25 22:53:11:1348] N: process killed with signal 0, pid: 82794
[2026/09/25 22:53:11:1710] N: WS closed from (unix skt), clients: 6
[2026/09/25 22:53:11:1711] N: killing process, pid: 82796
[2026/09/25 22:53:11:1718] N: process killed with signal 0, pid: 82796
[2026/09/25 22:53:11:1970] N: WS closed from (unix skt), clients: 5
[2026/09/25 22:53:11:1971] N: killing process, pid: 82803
[2026/09/25 22:53:11:1975] N: process killed with signal 0, pid: 82803
[2026/09/25 22:53:11:2232] N: WS closed from (unix skt), clients: 4
[2026/09/25 22:53:11:2232] N: killing process, pid: 82800
[2026/09/25 22:53:11:2236] N: process killed with signal 0, pid: 82800
[2026/09/25 22:53:11:6861] N: WS closed from (unix skt), clients: 3
[2026/09/25 22:53:11:6862] N: killing process, pid: 82795
[2026/09/25 22:53:11:6870] N: process killed with signal 0, pid: 82795
[2026/09/25 22:53:11:7253] N: WS closed from (unix skt), clients: 2
[2026/09/25 22:53:11:7254] N: killing process, pid: 82811
[2026/09/25 22:53:11:7267] N: process killed with signal 0, pid: 82811
[2026/09/25 22:53:12:8559] N: WS closed from (unix skt), clients: 1
[2026/09/25 22:53:12:8561] N: killing process, pid: 82799
[2026/09/25 22:53:12:8566] N: WS closed from (unix skt), clients: 0
[2026/09/25 22:53:12:8567] N: killing process, pid: 82797
[2026/09/25 22:53:12:8593] N: process killed with signal 0, pid: 82799
[2026/09/25 22:53:12:8605] N: process killed with signal 0, pid: 82797
[2026/09/25 22:53:12:8731] N: WS   /ws - (unix skt), clients: 1
[2026/09/25 22:53:12:8731] N: WS   /ws - (unix skt), clients: 2
[2026/09/25 22:53:12:8732] N: WS   /ws - (unix skt), clients: 3
[2026/09/25 22:53:12:8732] N: WS   /ws - (unix skt), clients: 4
[2026/09/25 22:53:12:8732] N: WS   /ws - (unix skt), clients: 5
[2026/09/25 22:53:12:8732] N: WS   /ws - (unix skt), clients: 6
[2026/09/25 22:53:12:8732] N: WS   /ws - (unix skt), clients: 7
[2026/09/25 22:53:12:8732] N: WS   /ws - (unix skt), clients: 8
[2026/09/25 22:53:12:8732] N: WS   /ws - (unix skt), clients: 9
[2026/09/25 22:53:12:8732] N: WS   /ws - (unix skt), clients: 10
[2026/09/25 22:53:12:8741] N: started process, pid: 83075
[2026/09/25 22:53:12:8747] N: started process, pid: 83076
[2026/09/25 22:53:12:8753] N: started process, pid: 83077
[2026/09/25 22:53:12:8759] N: started process, pid: 83078
[2026/09/25 22:53:12:8771] N: started process, pid: 83079
[2026/09/25 22:53:12:8780] N: started process, pid: 83080
[2026/09/25 22:53:12:8793] N: started process, pid: 83081
[2026/09/25 22:53:12:8807] N: started process, pid: 83089
[2026/09/25 22:53:12:8827] N: started process, pid: 83099
[2026/09/25 22:53:12:8840] N: started process, pid: 83102
[2026/09/25 22:53:12:9835] N: WS closed from (unix skt), clients: 9
[2026/09/25 22:53:12:9835] N: killing process, pid: 83077
[2026/09/25 22:53:12:9841] N: process killed with signal 1, pid: 83077
[2026/09/25 22:53:13:0464] N: WS closed from (unix skt), clients: 8
[2026/09/25 22:53:13:0464] N: killing process, pid: 83099
[2026/09/25 22:53:13:0467] N: process killed with signal 1, pid: 83099
[2026/09/25 22:53:13:1849] N: WS closed from (unix skt), clients: 7
[2026/09/25 22:53:13:1849] N: killing process, pid: 83075
[2026/09/25 22:53:13:1853] N: process killed with signal 0, pid: 83075
[2026/09/25 22:53:13:1970] N: WS closed from (unix skt), clients: 6
[2026/09/25 22:53:13:1970] N: killing process, pid: 83079
[2026/09/25 22:53:13:1973] N: process killed with signal 0, pid: 83079
[2026/09/25 22:53:13:2201] N: WS closed from (unix skt), clients: 5
[2026/09/25 22:53:13:2202] N: killing process, pid: 83080
[2026/09/25 22:53:13:2205] N: process killed with signal 0, pid: 83080
[2026/09/25 22:53:13:2353] N: WS closed from (unix skt), clients: 4
[2026/09/25 22:53:13:2354] N: killing process, pid: 83089
[2026/09/25 22:53:13:2358] N: process killed with signal 0, pid: 83089
[2026/09/25 22:53:13:6595] N: WS closed from (unix skt), clients: 3
[2026/09/25 22:53:13:6596] N: killing process, pid: 83076
[2026/09/25 22:53:13:6603] N: process killed with signal 0, pid: 83076
[2026/09/25 22:53:13:7117] N: WS closed from (unix skt), clients: 2
[2026/09/25 22:53:13:7117] N: killing process, pid: 83081
[2026/09/25 22:53:13:7120] N: process killed with signal 0, pid: 83081
[2026/09/25 22:53:14:8741] N: WS closed from (unix skt), clients: 1
[2026/09/25 22:53:14:8741] N: killing process, pid: 83078
[2026/09/25 22:53:14:8742] N: WS closed from (unix skt), clients: 0
[2026/09/25 22:53:14:8742] N: killing process, pid: 83102
[2026/09/25 22:53:14:8748] N: process killed with signal 0, pid: 83078
[2026/09/25 22:53:14:8755] N: process killed with signal 0, pid: 83102
[2026/09/25 22:53:14:8854] N: WS   /ws - (unix skt), clients: 1
[2026/09/25 22:53:14:8854] N: WS   /ws - (unix skt), clients: 2
[2026/09/25 22:53:14:8854] N: WS   /ws - (unix skt), clients: 3
[2026/09/25 22:53:14:8855] N: WS   /ws - (unix skt), clients: 4
[2026/09/25 22:53:14:8855] N: WS   /ws - (unix skt), clients: 5
[2026/09/25 22:53:14:8855] N: WS   /ws - (unix skt), clients: 6
[2026/09/25 22:53:14:8855] N: WS   /ws - (unix skt), clients: 7
[2026/09/25 22:53:14:8855] N: WS   /ws - (unix skt), clients: 8
[2026/09/25 22:53:14:8855] N: WS   /ws - (unix skt), clients: 9
[2026/09/25 22:53:14:8855] N: WS   /ws - (unix skt), clients: 10
[2026/09/25 22:53:14:8864] N: started process, pid: 83460
[2026/09/25 22:53:14:8869] N: started process, pid: 83461
[2026/09/25 22:53:14:8875] N: started process, pid: 83462
[2026/09/25 22:53:14:8883] N: started process, pid: 83463
[2026/09/25 22:53:14:8892] N: started process, pid: 83464
[2026/09/25 22:53:14:8906] N: started process, pid: 83465
[2026/09/25 22:53:14:8919] N: started process, pid: 83468
[2026/09/25 22:53:14:8934] N: started process, pid: 83476
[2026/09/25 22:53:14:8940] N: started process, pid: 83480
[2026/09/25 22:53:14:8954] N: started process, pid: 83483
[2026/09/25 22:53:15:0044] N: WS closed from (unix skt), clients: 9
[2026/09/25 22:53:15:0045] N: killing process, pid: 83462
[2026/09/25 22:53:15:0049] N: process killed with signal 1, pid: 83462
[2026/09/25 22:53:15:0420] N: WS closed from (unix skt), clients: 8
[2026/09/25 22:53:15:0420] N: killing process, pid: 83480
[2026/09/25 22:53:15:0423] N: process killed with signal 1, pid: 83480
[2026/09/25 22:53:15:1785] N: WS closed from (unix skt), clients: 7
[2026/09/25 22:53:15:1785] N: killing process, pid: 83460
[2026/09/25 22:53:15:1790] N: process killed with signal 0, pid: 83460
[2026/09/25 22:53:15:2196] N: WS closed from (unix skt), clients: 6
[2026/09/25 22:53:15:2196] N: killing process, pid: 83464
[2026/09/25 22:53:15:2200] N: process killed with signal 0, pid: 83464
[2026/09/25 22:53:15:2317] N: WS closed from (unix skt), clients: 5
[2026/09/25 22:53:15:2317] N: killing process, pid: 83468
[2026/09/25 22:53:15:2321] N: process killed with signal 0, pid: 83468
[2026/09/25 22:53:15:2548] N: WS closed from (unix skt), clients: 4
[2026/09/25 22:53:15:2548] N: killing process, pid: 83465
[2026/09/25 22:53:15:2553] N: process killed with signal 0, pid: 83465
[2026/09/25 22:53:15:6567] N: WS closed from (unix skt), clients: 3
[2026/09/25 22:53:15:6567] N: killing process, pid: 83461
[2026/09/25 22:53:15:6574] N: process killed with signal 0, pid: 83461
[2026/09/25 22:53:15:7579] N: WS closed from (unix skt), clients: 2
[2026/09/25 22:53:15:7579] N: killing process, pid: 83476
[2026/09/25 22:53:15:7590] N: process killed with signal 0, pid: 83476
[2026/09/25 22:53:16:8876] N: WS closed from (unix skt), clients: 1
[2026/09/25 22:53:16:8877] N: killing process, pid: 83463
[2026/09/25 22:53:16:8878] N: WS closed from (unix skt), clients: 0
[2026/09/25 22:53:16:8878] N: killing process, pid: 83483
[2026/09/25 22:53:16:8889] N: process killed with signal 0, pid: 83463
[2026/09/25 22:53:16:8893] N: process killed with signal 0, pid: 83483
[2026/09/25 22:53:16:9046] N: WS   /ws - (unix skt), clients: 1
[2026/09/25 22:53:16:9047] N: WS   /ws - (unix skt), clients: 2
[2026/09/25 22:53:16:9047] N: WS   /ws - (unix skt), clients: 3
[2026/09/25 22:53:16:9047] N: WS   /ws - (unix skt), clients: 4
[2026/09/25 22:53:16:9047] N: WS   /ws - (unix skt), clients: 5
[2026/09/25 22:53:16:9047] N: WS   /ws - (unix skt), clients: 6
[2026/09/25 22:53:16:9048] N: WS   /ws - (unix skt), clients: 7
[2026/09/25 22:53:16:9048] N: WS   /ws - (unix skt), clients: 8
[2026/09/25 22:53:16:9048] N: WS   /ws - (unix skt), clients: 9
[2026/09/25 22:53:16:9048] N: WS   /ws - (unix skt), clients: 10
[2026/09/25 22:53:16:9058] N: started process, pid: 83737
[2026/09/25 22:53:16:9065] N: started process, pid: 83738
[2026/09/25 22:53:16:9071] N: started process, pid: 83739
[2026/09/25 22:53:16:9078] N: started process, pid: 83740
[2026/09/25 22:53:16:9088] N: started process, pid: 83741
[2026/09/25 22:53:16:9099] N: started process, pid: 83742
[2026/09/25 22:53:16:9113] N: started process, pid: 83743
[2026/09/25 22:53:16:9131] N: started process, pid: 83746
[2026/09/25 22:53:16:9153] N: started process, pid: 83756
[2026/09/25 22:53:16:9175] N: started process, pid: 83763
[2026/09/25 22:53:17:0448] N: WS closed from (unix skt), clients: 9
[2026/09/25 22:53:17:0448] N: killing process, pid: 83739
[2026/09/25 22:53:17:0452] N: process killed with signal 1, pid: 83739
[2026/09/25 22:53:17:0981] N: WS closed from (unix skt), clients: 8
[2026/09/25 22:53:17:0982] N: killing process, pid: 83756
[2026/09/25 22:53:17:0986] N: process killed with signal 1, pid: 83756
[2026/09/25 22:53:17:1973] N: WS closed from (unix skt), clients: 7
[2026/09/25 22:53:17:1973] N: killing process, pid: 83737
[2026/09/25 22:53:17:1981] N: process killed with signal 0, pid: 83737
[2026/09/25 22:53:17:2471] N: WS closed from (unix skt), clients: 6
[2026/09/25 22:53:17:2472] N: killing process, pid: 83741
[2026/09/25 22:53:17:2476] N: process killed with signal 0, pid: 83741
[2026/09/25 22:53:17:2713] N: WS closed from (unix skt), clients: 5
[2026/09/25 22:53:17:2714] N: killing process, pid: 83743
[2026/09/25 22:53:17:2718] N: process killed with signal 0, pid: 83743
[2026/09/25 22:53:17:2834] N: WS closed from (unix skt), clients: 4
[2026/09/25 22:53:17:2834] N: killing process, pid: 83742
[2026/09/25 22:53:17:2838] N: process killed with signal 0, pid: 83742
[2026/09/25 22:53:17:6996] N: WS closed from (unix skt), clients: 3
[2026/09/25 22:53:17:6996] N: killing process, pid: 83738
[2026/09/25 22:53:17:7000] N: process killed with signal 0, pid: 83738
[2026/09/25 22:53:17:8012] N: WS closed from (unix skt), clients: 2
[2026/09/25 22:53:17:8013] N: killing process, pid: 83746
[2026/09/25 22:53:17:8020] N: process killed with signal 0, pid: 83746
[2026/09/25 22:53:18:9060] N: WS closed from (unix skt), clients: 1
[2026/09/25 22:53:18:9061] N: killing process, pid: 83740
[2026/09/25 22:53:18:9061] N: WS closed from (unix skt), clients: 0
[2026/09/25 22:53:18:9061] N: killing process, pid: 83763
[2026/09/25 22:53:18:9077] N: process killed with signal 0, pid: 83740
[2026/09/25 22:53:18:9085] N: process killed with signal 0, pid: 83763
[2026/09/25 22:53:18:9277] N: WS   /ws - (unix skt), clients: 1
[2026/09/25 22:53:18:9278] N: WS   /ws - (unix skt), clients: 2
[2026/09/25 22:53:18:9278] N: WS   /ws - (unix skt), clients: 3
[2026/09/25 22:53:18:9278] N: WS   /ws - (unix skt), clients: 4
[2026/09/25 22:53:18:9279] N: WS   /ws - (unix skt), clients: 5
[2026/09/25 22:53:18:9279] N: WS   /ws - (unix skt), clients: 6
[2026/09/25 22:53:18:9279] N: WS   /ws - (unix skt), clients: 7
[2026/09/25 22:53:18:9288] N: started process, pid: 84099
[2026/09/25 22:53:18:9293] N: started process, pid: 84100
[2026/09/25 22:53:18:9300] N: started process, pid: 84101
[2026/09/25 22:53:18:9313] N: started process, pid: 84102
[2026/09/25 22:53:18:9315] N: WS   /ws - (unix skt), clients: 8
[2026/09/25 22:53:18:9316] N: WS   /ws - (unix skt), clients: 9
[2026/09/25 22:53:18:9316] N: WS   /ws - (unix skt), clients: 10
[2026/09/25 22:53:18:9326] N: started process, pid: 84103
[2026/09/25 22:53:18:9343] N: started process, pid: 84104
[2026/09/25 22:53:18:9354] N: started process, pid: 84106
[2026/09/25 22:53:18:9368] N: started process, pid: 84113
[2026/09/25 22:53:18:9379] N: started process, pid: 84120
[2026/09/25 22:53:18:9412] N: started process, pid: 84122
[2026/09/25 22:53:19:0317] N: WS closed from (unix skt), clients: 9
[2026/09/25 22:53:19:0318] N: killing process, pid: 84102
[2026/09/25 22:53:19:0322] N: process killed with signal 1, pid: 84102
[2026/09/25 22:53:19:1188] N: WS closed from (unix skt), clients: 8
[2026/09/25 22:53:19:1189] N: killing process, pid: 84120
[2026/09/25 22:53:19:1191] N: process killed with signal 1, pid: 84120
[2026/09/25 22:53:19:2030] N: WS closed from (unix skt), clients: 7
[2026/09/25 22:53:19:2031] N: killing process, pid: 84100
[2026/09/25 22:53:19:2036] N: process killed with signal 0, pid: 84100
[2026/09/25 22:53:19:2319] N: WS closed from (unix skt), clients: 6
[2026/09/25 22:53:19:2319] N: killing process, pid: 84099
[2026/09/25 22:53:19:2323] N: process killed with signal 0, pid: 84099
[2026/09/25 22:53:19:2932] N: WS closed from (unix skt), clients: 5
[2026/09/25 22:53:19:2932] N: killing process, pid: 84106
[2026/09/25 22:53:19:2939] N: process killed with signal 0, pid: 84106
[2026/09/25 22:53:19:3203] N: WS closed from (unix skt), clients: 4
[2026/09/25 22:53:19:3203] N: killing process, pid: 84104
[2026/09/25 22:53:19:3209] N: process killed with signal 0, pid: 84104
[2026/09/25 22:53:19:7346] N: WS closed from (unix skt), clients: 3
[2026/09/25 22:53:19:7346] N: killing process, pid: 84101
[2026/09/25 22:53:19:7353] N: process killed with signal 0, pid: 84101
[2026/09/25 22:53:19:7817] N: WS closed from (unix skt), clients: 2
[2026/09/25 22:53:19:7818] N: killing process, pid: 84113
[2026/09/25 22:53:19:7827] N: process killed with signal 0, pid: 84113
[2026/09/25 22:53:20:9300] N: WS closed from (unix skt), clients: 1
[2026/09/25 22:53:20:9301] N: killing process, pid: 84103
[2026/09/25 22:53:20:9309] N: process killed with signal 0, pid: 84103
[2026/09/25 22:53:20:9323] N: WS closed from (unix skt), clients: 0
[2026/09/25 22:53:20:9323] N: killing process, pid: 84122
[2026/09/25 22:53:20:9333] N: process killed with signal 0, pid: 84122
[2026/09/25 22:53:20:9460] N: WS   /ws - (unix skt), clients: 1
[2026/09/25 22:53:20:9460] N: WS   /ws - (unix skt), clients: 2
[2026/09/25 22:53:20:9461] N: WS   /ws - (unix skt), clients: 3
[2026/09/25 22:53:20:9461] N: WS   /ws - (unix skt), clients: 4
[2026/09/25 22:53:20:9461] N: WS   /ws - (unix skt), clients: 5
[2026/09/25 22:53:20:9461] N: WS   /ws - (unix skt), clients: 6
[2026/09/25 22:53:20:9461] N: WS   /ws - (unix skt), clients: 7
[2026/09/25 22:53:20:9461] N: WS   /ws - (unix skt), clients: 8
[2026/09/25 22:53:20:9462] N: WS   /ws - (unix skt), clients: 9
[2026/09/25 22:53:20:9462] N: WS   /ws - (unix skt), clients: 10
[2026/09/25 22:53:20:9472] N: started process, pid: 84320
[2026/09/25 22:53:20:9478] N: started process, pid: 84321
[2026/09/25 22:53:20:9483] N: started process, pid: 84322
[2026/09/25 22:53:20:9488] N: started process, pid: 84323
[2026/09/25 22:53:20:9494] N: started process, pid: 84324
[2026/09/25 22:53:20:9504] N: started process, pid: 84325
[2026/09/25 22:53:20:9516] N: started process, pid: 84326
[2026/09/25 22:53:20:9527] N: started process, pid: 84327
[2026/09/25 22:53:20:9542] N: started process, pid: 84330
[2026/09/25 22:53:20:9556] N: started process, pid: 84340
[2026/09/25 22:53:21:1263] N: WS closed from (unix skt), clients: 9
[2026/09/25 22:53:21:1264] N: killing process, pid: 84322
[2026/09/25 22:53:21:1267] N: process killed with signal 1, pid: 84322
[2026/09/25 22:53:21:1392] N: WS closed from (unix skt), clients: 8
[2026/09/25 22:53:21:1393] N: killing process, pid: 84330
[2026/09/25 22:53:21:1396] N: process killed with signal 1, pid: 84330
[2026/09/25 22:53:21:2442] N: WS closed from (unix skt), clients: 7
[2026/09/25 22:53:21:2443] N: killing process, pid: 84324
[2026/09/25 22:53:21:2447] N: process killed with signal 0, pid: 84324
[2026/09/25 22:53:21:3288] N: WS closed from (unix skt), clients: 6
[2026/09/25 22:53:21:3288] N: killing process, pid: 84325
[2026/09/25 22:53:21:3294] N: process killed with signal 0, pid: 84325
[2026/09/25 22:53:21:3400] N: WS closed from (unix skt), clients: 5
[2026/09/25 22:53:21:3400] N: killing process, pid: 84320
[2026/09/25 22:53:21:3400] N: WS closed from (unix skt), clients: 4
[2026/09/25 22:53:21:3400] N: killing process, pid: 84326
[2026/09/25 22:53:21:3405] N: process killed with signal 0, pid: 84326
[2026/09/25 22:53:21:3405] N: process killed with signal 0, pid: 84320
[2026/09/25 22:53:21:7471] N: WS closed from (unix skt), clients: 3
[2026/09/25 22:53:21:7472] N: killing process, pid: 84321
[2026/09/25 22:53:21:7490] N: process killed with signal 0, pid: 84321
[2026/09/25 22:53:21:8305] N: WS closed from (unix skt), clients: 2
[2026/09/25 22:53:21:8306] N: killing process, pid: 84327
[2026/09/25 22:53:21:8321] N: process killed with signal 0, pid: 84327
[2026/09/25 22:53:22:9480] N: WS closed from (unix skt), clients: 1
[2026/09/25 22:53:22:9480] N: killing process, pid: 84323
[2026/09/25 22:53:22:9481] N: WS closed from (unix skt), clients: 0
[2026/09/25 22:53:22:9481] N: killing process, pid: 84340
[2026/09/25 22:53:22:9494] N: process killed with signal 0, pid: 84323
[2026/09/25 22:53:22:9494] N: process killed with signal 0, pid: 84340
[2026/09/25 22:53:22:9597] N: WS   /ws - (unix skt), clients: 1
[2026/09/25 22:53:22:9598] N: WS   /ws - (unix skt), clients: 2
[2026/09/25 22:53:22:9598] N: WS   /ws - (unix skt), clients: 3
[2026/09/25 22:53:22:9598] N: WS   /ws - (unix skt), clients: 4
[2026/09/25 22:53:22:9598] N: WS   /ws - (unix skt), clients: 5
[2026/09/25 22:53:22:9598] N: WS   /ws - (unix skt), clients: 6
[2026/09/25 22:53:22:9599] N: WS   /ws - (unix skt), clients: 7
[2026/09/25 22:53:22:9599] N: WS   /ws - (unix skt), clients: 8
[2026/09/25 22:53:22:9599] N: WS   /ws - (unix skt), clients: 9
[2026/09/25 22:53:22:9599] N: WS   /ws - (unix skt), clients: 10
[2026/09/25 22:53:22:9608] N: started process, pid: 84915
[2026/09/25 22:53:22:9613] N: started process, pid: 84916
[2026/09/25 22:53:22:9619] N: started process, pid: 84917
[2026/09/25 22:53:22:9626] N: started process, pid: 84918
[2026/09/25 22:53:22:9635] N: started process, pid: 84919
[2026/09/25 22:53:22:9644] N: started process, pid: 84920
[2026/09/25 22:53:22:9656] N: started process, pid: 84921
[2026/09/25 22:53:22:9678] N: started process, pid: 84926
[2026/09/25 22:53:22:9688] N: started process, pid: 84938
[2026/09/25 22:53:22:9709] N: started process, pid: 84940
[2026/09/25 22:53:23:0571] N: WS closed from (unix skt), clients: 9
[2026/09/25 22:53:23:0571] N: killing process, pid: 84917
[2026/09/25 22:53:23:0574] N: process killed with signal 1, pid: 84917
[2026/09/25 22:53:23:1112] N: WS closed from (unix skt), clients: 8
[2026/09/25 22:53:23:1112] N: killing process, pid: 84938
[2026/09/25 22:53:23:1114] N: process killed with signal 1, pid: 84938
[2026/09/25 22:53:23:2178] N: WS closed from (unix skt), clients: 7
[2026/09/25 22:53:23:2178] N: killing process, pid: 84915
[2026/09/25 22:53:23:2182] N: process killed with signal 0, pid: 84915
[2026/09/25 22:53:23:2979] N: WS closed from (unix skt), clients: 6
[2026/09/25 22:53:23:2979] N: killing process, pid: 84919
[2026/09/25 22:53:23:2984] N: process killed with signal 0, pid: 84919
[2026/09/25 22:53:23:3141] N: WS closed from (unix skt), clients: 5
[2026/09/25 22:53:23:3141] N: killing process, pid: 84920
[2026/09/25 22:53:23:3145] N: process killed with signal 0, pid: 84920
[2026/09/25 22:53:23:3272] N: WS closed from (unix skt), clients: 4
[2026/09/25 22:53:23:3272] N: killing process, pid: 84921
[2026/09/25 22:53:23:3277] N: process killed with signal 0, pid: 84921
[2026/09/25 22:53:23:7873] N: WS closed from (unix skt), clients: 3
[2026/09/25 22:53:23:7873] N: killing process, pid: 84916
[2026/09/25 22:53:23:7877] N: process killed with signal 0, pid: 84916
[2026/09/25 22:53:23:8430] N: WS closed from (unix skt), clients: 2
[2026/09/25 22:53:23:8430] N: killing process, pid: 84926
[2026/09/25 22:53:23:8434] N: process killed with signal 0, pid: 84926
[2026/09/25 22:53:24:9619] N: WS closed from (unix skt), clients: 1
[2026/09/25 22:53:24:9620] N: killing process, pid: 84918
[2026/09/25 22:53:24:9620] N: WS closed from (unix skt), clients: 0
[2026/09/25 22:53:24:9620] N: killing process, pid: 84940
[2026/09/25 22:53:24:9624] N: process killed with signal 0, pid: 84940
[2026/09/25 22:53:24:9629] N: process killed with signal 0, pid: 84918
[2026/09/25 22:53:24:9687] N: WS   /ws - (unix skt), clients: 1
[2026/09/25 22:53:24:9687] N: WS   /ws - (unix skt), clients: 2
[2026/09/25 22:53:24:9687] N: WS   /ws - (unix skt), clients: 3
[2026/09/25 22:53:24:9687] N: WS   /ws - (unix skt), clients: 4
[2026/09/25 22:53:24:9687] N: WS   /ws - (unix skt), clients: 5
[2026/09/25 22:53:24:9687] N: WS   /ws - (unix skt), clients: 6
[2026/09/25 22:53:24:9687] N: WS   /ws - (unix skt), clients: 7
[2026/09/25 22:53:24:9687] N: WS   /ws - (unix skt), clients: 8
[2026/09/25 22:53:24:9687] N: WS   /ws - (unix skt), clients: 9
[2026/09/25 22:53:24:9687] N: WS   /ws - (unix skt), clients: 10
[2026/09/25 22:53:24:9695] N: started process, pid: 85368
[2026/09/25 22:53:24:9701] N: started process, pid: 85369
[2026/09/25 22:53:24:9707] N: started process, pid: 85370
[2026/09/25 22:53:24:9712] N: started process, pid: 85371
[2026/09/25 22:53:24:9718] N: started process, pid: 85372
[2026/09/25 22:53:24:9731] N: started process, pid: 85373
[2026/09/25 22:53:24:9744] N: started process, pid: 85375
[2026/09/25 22:53:24:9760] N: started process, pid: 85383
[2026/09/25 22:53:24:9771] N: started process, pid: 85388
[2026/09/25 22:53:24:9787] N: started process, pid: 85391
[2026/09/25 22:53:25:1330] N: WS closed from (unix skt), clients: 9
[2026/09/25 22:53:25:1331] N: killing process, pid: 85370
[2026/09/25 22:53:25:1335] N: process killed with signal 1, pid: 85370
[2026/09/25 22:53:25:1584] N: WS closed from (unix skt), clients: 8
[2026/09/25 22:53:25:1584] N: killing process, pid: 85388
[2026/09/25 22:53:25:1589] N: process killed with signal 1, pid: 85388
[2026/09/25 22:53:25:2838] N: WS closed from (unix skt), clients: 7
[2026/09/25 22:53:25:2838] N: killing process, pid: 85368
[2026/09/25 22:53:25:2843] N: process killed with signal 0, pid: 85368
[2026/09/25 22:53:25:3080] N: WS closed from (unix skt), clients: 6
[2026/09/25 22:53:25:3080] N: killing process, pid: 85372
[2026/09/25 22:53:25:3085] N: process killed with signal 0, pid: 85372
[2026/09/25 22:53:25:3188] N: WS closed from (unix skt), clients: 5
[2026/09/25 22:53:25:3188] N: killing process, pid: 85373
[2026/09/25 22:53:25:3192] N: process killed with signal 0, pid: 85373
[2026/09/25 22:53:25:3469] N: WS closed from (unix skt), clients: 4
[2026/09/25 22:53:25:3469] N: killing process, pid: 85375
[2026/09/25 22:53:25:3474] N: process killed with signal 0, pid: 85375
[2026/09/25 22:53:25:7547] N: WS closed from (unix skt), clients: 3
[2026/09/25 22:53:25:7547] N: killing process, pid: 85369
[2026/09/25 22:53:25:7555] N: process killed with signal 0, pid: 85369
[2026/09/25 22:53:25:8636] N: WS closed from (unix skt), clients: 2
[2026/09/25 22:53:25:8637] N: killing process, pid: 85383
[2026/09/25 22:53:25:8647] N: process killed with signal 0, pid: 85383
[2026/09/25 22:53:26:9695] N: WS closed from (unix skt), clients: 1
[2026/09/25 22:53:26:9696] N: killing process, pid: 85371
[2026/09/25 22:53:26:9697] N: WS closed from (unix skt), clients: 0
[2026/09/25 22:53:26:9698] N: killing process, pid: 85391
[2026/09/25 22:53:26:9721] N: process killed with signal 0, pid: 85371
[2026/09/25 22:53:26:9722] N: process killed with signal 0, pid: 85391
[2026/09/25 22:53:26:9887] N: WS   /ws - (unix skt), clients: 1
[2026/09/25 22:53:26:9888] N: WS   /ws - (unix skt), clients: 2
[2026/09/25 22:53:26:9888] N: WS   /ws - (unix skt), clients: 3
[2026/09/25 22:53:26:9889] N: WS   /ws - (unix skt), clients: 4
[2026/09/25 22:53:26:9889] N: WS   /ws - (unix skt), clients: 5
[2026/09/25 22:53:26:9889] N: WS   /ws - (unix skt), clients: 6
[2026/09/25 22:53:26:9889] N: WS   /ws - (unix skt), clients: 7
[2026/09/25 22:53:26:9889] N: WS   /ws - (unix skt), clients: 8
[2026/09/25 22:53:26:9889] N: WS   /ws - (unix skt), clients: 9
[2026/09/25 22:53:26:9890] N: WS   /ws - (unix skt), clients: 10
[2026/09/25 22:53:26:9903] N: started process, pid: 85677
[2026/09/25 22:53:26:9911] N: started process, pid: 85678
[2026/09/25 22:53:26:9920] N: started process, pid: 85679
[2026/09/25 22:53:26:9930] N: started process, pid: 85680
[2026/09/25 22:53:26:9944] N: started process, pid: 85681
[2026/09/25 22:53:26:9953] N: started process, pid: 85682
[2026/09/25 22:53:26:9966] N: started process, pid: 85683
[2026/09/25 22:53:26:9981] N: started process, pid: 85689
[2026/09/25 22:53:26:9999] N: started process, pid: 85694
[2026/09/25 22:53:27:0017] N: started process, pid: 85701
[2026/09/25 22:53:27:1336] N: WS closed from (unix skt), clients: 9
[2026/09/25 22:53:27:1337] N: killing process, pid: 85679
[2026/09/25 22:53:27:1343] N: process killed with signal 1, pid: 85679
[2026/09/25 22:53:27:1895] N: WS closed from (unix skt), clients: 8
[2026/09/25 22:53:27:1896] N: killing process, pid: 85694
[2026/09/25 22:53:27:1898] N: process killed with signal 1, pid: 85694
[2026/09/25 22:53:27:3069] N: WS closed from (unix skt), clients: 7
[2026/09/25 22:53:27:3069] N: killing process, pid: 85677
[2026/09/25 22:53:27:3073] N: process killed with signal 0, pid: 85677
[2026/09/25 22:53:27:3621] N: WS closed from (unix skt), clients: 6
[2026/09/25 22:53:27:3621] N: killing process, pid: 85683
[2026/09/25 22:53:27:3622] N: WS closed from (unix skt), clients: 5
[2026/09/25 22:53:27:3622] N: killing process, pid: 85681
[2026/09/25 22:53:27:3628] N: process killed with signal 0, pid: 85681
[2026/09/25 22:53:27:3628] N: process killed with signal 0, pid: 85683
[2026/09/25 22:53:27:3763] N: WS closed from (unix skt), clients: 4
[2026/09/25 22:53:27:3763] N: killing process, pid: 85682
[2026/09/25 22:53:27:3768] N: process killed with signal 0, pid: 85682
[2026/09/25 22:53:27:7595] N: WS closed from (unix skt), clients: 3
[2026/09/25 22:53:27:7595] N: killing process, pid: 85678
[2026/09/25 22:53:27:7599] N: process killed with signal 0, pid: 85678
[2026/09/25 22:53:27:8516] N: WS closed from (unix skt), clients: 2
[2026/09/25 22:53:27:8516] N: killing process, pid: 85689
[2026/09/25 22:53:27:8521] N: process killed with signal 0, pid: 85689
[2026/09/25 22:53:28:9914] N: WS closed from (unix skt), clients: 1
[2026/09/25 22:53:28:9915] N: killing process, pid: 85680
[2026/09/25 22:53:28:9916] N: WS closed from (unix skt), clients: 0
[2026/09/25 22:53:28:9916] N: killing process, pid: 85701
[2026/09/25 22:53:28:9933] N: process killed with signal 0, pid: 85680
[2026/09/25 22:53:28:9935] N: process killed with signal 0, pid: 85701
[2026/09/25 22:53:29:0053] N: WS   /ws - (unix skt), clients: 1
[2026/09/25 22:53:29:0054] N: WS   /ws - (unix skt), clients: 2
[2026/09/25 22:53:29:0054] N: WS   /ws - (unix skt), clients: 3
[2026/09/25 22:53:29:0054] N: WS   /ws - (unix skt), clients: 4
[2026/09/25 22:53:29:0054] N: WS   /ws - (unix skt), clients: 5
[2026/09/25 22:53:29:0054] N: WS   /ws - (unix skt), clients: 6
[2026/09/25 22:53:29:0054] N: WS   /ws - (unix skt), clients: 7
[2026/09/25 22:53:29:0054] N: WS   /ws - (unix skt), clients: 8
[2026/09/25 22:53:29:0054] N: WS   /ws - (unix skt), clients: 9
[2026/09/25 22:53:29:0054] N: WS   /ws - (unix skt), clients: 10
[2026/09/25 22:53:29:0062] N: started process, pid: 86011
[2026/09/25 22:53:29:0066] N: started process, pid: 86012
[2026/09/25 22:53:29:0072] N: started process, pid: 86013
[2026/09/25 22:53:29:0079] N: started process, pid: 86014
[2026/09/25 22:53:29:0104] N: started process, pid: 86015
[2026/09/25 22:53:29:0163] N: started process, pid: 86018
[2026/09/25 22:53:29:0194] N: started process, pid: 86028
[2026/09/25 22:53:29:0215] N: started process, pid: 86033
[2026/09/25 22:53:29:0231] N: started process, pid: 86039
[2026/09/25 22:53:29:0251] N: started process, pid: 86047
[2026/09/25 22:53:29:0866] N: WS closed from (unix skt), clients: 9
[2026/09/25 22:53:29:0866] N: killing process, pid: 86013
[2026/09/25 22:53:29:0871] N: process killed with signal 1, pid: 86013
[2026/09/25 22:53:29:1936] N: WS closed from (unix skt), clients: 8
[2026/09/25 22:53:29:1937] N: killing process, pid: 86039
[2026/09/25 22:53:29:1939] N: process killed with signal 1, pid: 86039
[2026/09/25 22:53:29:2860] N: WS closed from (unix skt), clients: 7
[2026/09/25 22:53:29:2861] N: killing process, pid: 86011
[2026/09/25 22:53:29:2867] N: process killed with signal 0, pid: 86011
[2026/09/25 22:53:29:3689] N: WS closed from (unix skt), clients: 6
[2026/09/25 22:53:29:3690] N: killing process, pid: 86015
[2026/09/25 22:53:29:3694] N: process killed with signal 0, pid: 86015
[2026/09/25 22:53:29:3807] N: WS closed from (unix skt), clients: 5
[2026/09/25 22:53:29:3807] N: killing process, pid: 86018
[2026/09/25 22:53:29:3807] N: WS closed from (unix skt), clients: 4
[2026/09/25 22:53:29:3807] N: killing process, pid: 86028
[2026/09/25 22:53:29:3810] N: process killed with signal 0, pid: 86018
[2026/09/25 22:53:29:3810] N: process killed with signal 0, pid: 86028
[2026/09/25 22:53:29:8574] N: WS closed from (unix skt), clients: 3
[2026/09/25 22:53:29:8575] N: killing process, pid: 86012
[2026/09/25 22:53:29:8585] N: process killed with signal 0, pid: 86012
[2026/09/25 22:53:29:9092] N: WS closed from (unix skt), clients: 2
[2026/09/25 22:53:29:9093] N: killing process, pid: 86033
[2026/09/25 22:53:29:9106] N: process killed with signal 0, pid: 86033
[2026/09/25 22:53:31:0068] N: WS closed from (unix skt), clients: 1
[2026/09/25 22:53:31:0069] N: killing process, pid: 86014
[2026/09/25 22:53:31:0069] N: WS closed from (unix skt), clients: 0
[2026/09/25 22:53:31:0069] N: killing process, pid: 86047
[2026/09/25 22:53:31:0079] N: process killed with signal 0, pid: 86014
[2026/09/25 22:53:31:0079] N: process killed with signal 0, pid: 86047
[2026/09/25 22:53:31:0172] N: WS   /ws - (unix skt), clients: 1
[2026/09/25 22:53:31:0173] N: WS   /ws - (unix skt), clients: 2
[2026/09/25 22:53:31:0173] N: WS   /ws - (unix skt), clients: 3
[2026/09/25 22:53:31:0173] N: WS   /ws - (unix skt), clients: 4
[2026/09/25 22:53:31:0173] N: WS   /ws - (unix skt), clients: 5
[2026/09/25 22:53:31:0173] N: WS   /ws - (unix skt), clients: 6
[2026/09/25 22:53:31:0173] N: WS   /ws - (unix skt), clients: 7
[2026/09/25 22:53:31:0173] N: WS   /ws - (unix skt), clients: 8
[2026/09/25 22:53:31:0173] N: WS   /ws - (unix skt), clients: 9
[2026/09/25 22:53:31:0174] N: WS   /ws - (unix skt), clients: 10
[2026/09/25 22:53:31:0182] N: started process, pid: 86321
[2026/09/25 22:53:31:0187] N: started process, pid: 86322
[2026/09/25 22:53:31:0192] N: started process, pid: 86323
[2026/09/25 22:53:31:0197] N: started process, pid: 86324
[2026/09/25 22:53:31:0203] N: started process, pid: 86325
[2026/09/25 22:53:31:0210] N: started process, pid: 86326
[2026/09/25 22:53:31:0217] N: started process, pid: 86327
[2026/09/25 22:53:31:0230] N: started process, pid: 86328
[2026/09/25 22:53:31:0247] N: started process, pid: 86332
[2026/09/25 22:53:31:0259] N: started process, pid: 86340
[2026/09/25 22:53:31:1667] N: WS closed from (unix skt), clients: 9
[2026/09/25 22:53:31:1668] N: killing process, pid: 86323
[2026/09/25 22:53:31:1670] N: process killed with signal 1, pid: 86323
[2026/09/25 22:53:31:2046] N: WS closed from (unix skt), clients: 8
[2026/09/25 22:53:31:2046] N: killing process, pid: 86332
[2026/09/25 22:53:31:2048] N: process killed with signal 1, pid: 86332
[2026/09/25 22:53:31:2905] N: WS closed from (unix skt), clients: 7
[2026/09/25 22:53:31:2905] N: killing process, pid: 86321
[2026/09/25 22:53:31:2909] N: process killed with signal 0, pid: 86321
[2026/09/25 22:53:31:3527] N: WS closed from (unix skt), clients: 6
[2026/09/25 22:53:31:3527] N: killing process, pid: 86324
[2026/09/25 22:53:31:3531] N: process killed with signal 0, pid: 86324
[2026/09/25 22:53:31:3694] N: WS closed from (unix skt), clients: 5
[2026/09/25 22:53:31:3694] N: killing process, pid: 86326
[2026/09/25 22:53:31:3699] N: process killed with signal 0, pid: 86326
[2026/09/25 22:53:31:3929] N: WS closed from (unix skt), clients: 4
[2026/09/25 22:53:31:3929] N: killing process, pid: 86327
[2026/09/25 22:53:31:3935] N: process killed with signal 0, pid: 86327
[2026/09/25 22:53:31:7926] N: WS closed from (unix skt), clients: 3
[2026/09/25 22:53:31:7926] N: killing process, pid: 86322
[2026/09/25 22:53:31:7933] N: process killed with signal 0, pid: 86322
[2026/09/25 22:53:31:9079] N: WS closed from (unix skt), clients: 2
[2026/09/25 22:53:31:9080] N: killing process, pid: 86328
[2026/09/25 22:53:31:9098] N: process killed with signal 0, pid: 86328
[2026/09/25 22:53:33:0199] N: WS closed from (unix skt), clients: 1
[2026/09/25 22:53:33:0199] N: killing process, pid: 86325
[2026/09/25 22:53:33:0199] N: WS closed from (unix skt), clients: 0
[2026/09/25 22:53:33:0199] N: killing process, pid: 86340
[2026/09/25 22:53:33:0207] N: process killed with signal 0, pid: 86325
[2026/09/25 22:53:33:0217] N: process killed with signal 0, pid: 86340
[2026/09/25 22:53:33:0301] N: WS   /ws - (unix skt), clients: 1
[2026/09/25 22:53:33:0301] N: WS   /ws - (unix skt), clients: 2
[2026/09/25 22:53:33:0301] N: WS   /ws - (unix skt), clients: 3
[2026/09/25 22:53:33:0301] N: WS   /ws - (unix skt), clients: 4
[2026/09/25 22:53:33:0301] N: WS   /ws - (unix skt), clients: 5
[2026/09/25 22:53:33:0301] N: WS   /ws - (unix skt), clients: 6
[2026/09/25 22:53:33:0302] N: WS   /ws - (unix skt), clients: 7
[2026/09/25 22:53:33:0302] N: WS   /ws - (unix skt), clients: 8
[2026/09/25 22:53:33:0302] N: WS   /ws - (unix skt), clients: 9
[2026/09/25 22:53:33:0302] N: WS   /ws - (unix skt), clients: 10
[2026/09/25 22:53:33:0309] N: started process, pid: 86610
[2026/09/25 22:53:33:0313] N: started process, pid: 86611
[2026/09/25 22:53:33:0317] N: started process, pid: 86612
[2026/09/25 22:53:33:0321] N: started process, pid: 86613
[2026/09/25 22:53:33:0325] N: started process, pid: 86614
[2026/09/25 22:53:33:0332] N: started process, pid: 86615
[2026/09/25 22:53:33:0338] N: started process, pid: 86616
[2026/09/25 22:53:33:0349] N: started process, pid: 86617
[2026/09/25 22:53:33:0358] N: started process, pid: 86623
[2026/09/25 22:53:33:0365] N: started process, pid: 86630
[2026/09/25 22:53:33:1594] N: WS closed from (unix skt), clients: 9
[2026/09/25 22:53:33:1594] N: killing process, pid: 86613
[2026/09/25 22:53:33:1597] N: process killed with signal 1, pid: 86613
[2026/09/25 22:53:33:1863] N: WS closed from (unix skt), clients: 8
[2026/09/25 22:53:33:1863] N: killing process, pid: 86623
[2026/09/25 22:53:33:1866] N: process killed with signal 1, pid: 86623
[2026/09/25 22:53:33:3472] N: WS closed from (unix skt), clients: 7
[2026/09/25 22:53:33:3473] N: killing process, pid: 86612
[2026/09/25 22:53:33:3473] N: WS closed from (unix skt), clients: 6
[2026/09/25 22:53:33:3473] N: killing process, pid: 86610
[2026/09/25 22:53:33:3478] N: process killed with signal 0, pid: 86612
[2026/09/25 22:53:33:3478] N: process killed with signal 0, pid: 86610
[2026/09/25 22:53:33:3738] N: WS closed from (unix skt), clients: 5
[2026/09/25 22:53:33:3738] N: killing process, pid: 86615
[2026/09/25 22:53:33:3742] N: process killed with signal 0, pid: 86615
[2026/09/25 22:53:33:4019] N: WS closed from (unix skt), clients: 4
[2026/09/25 22:53:33:4019] N: killing process, pid: 86616
[2026/09/25 22:53:33:4024] N: process killed with signal 0, pid: 86616
[2026/09/25 22:53:33:8253] N: WS closed from (unix skt), clients: 3
[2026/09/25 22:53:33:8254] N: killing process, pid: 86611
[2026/09/25 22:53:33:8263] N: process killed with signal 0, pid: 86611
[2026/09/25 22:53:33:9029] N: WS closed from (unix skt), clients: 2
[2026/09/25 22:53:33:9029] N: killing process, pid: 86617
[2026/09/25 22:53:33:9040] N: process killed with signal 0, pid: 86617
[2026/09/25 22:53:35:0308] N: WS closed from (unix skt), clients: 1
[2026/09/25 22:53:35:0310] N: killing process, pid: 86614
[2026/09/25 22:53:35:0312] N: WS closed from (unix skt), clients: 0
[2026/09/25 22:53:35:0313] N: killing process, pid: 86630
[2026/09/25 22:53:35:0343] N: process killed with signal 0, pid: 86614
[2026/09/25 22:53:35:0344] N: process killed with signal 0, pid: 86630
[2026/09/25 22:53:35:0462] N: WS   /ws - (unix skt), clients: 1
[2026/09/25 22:53:35:0462] N: WS   /ws - (unix skt), clients: 2
[2026/09/25 22:53:35:0462] N: WS   /ws - (unix skt), clients: 3
[2026/09/25 22:53:35:0463] N: WS   /ws - (unix skt), clients: 4
[2026/09/25 22:53:35:0463] N: WS   /ws - (unix skt), clients: 5
[2026/09/25 22:53:35:0463] N: WS   /ws - (unix skt), clients: 6
[2026/09/25 22:53:35:0463] N: WS   /ws - (unix skt), clients: 7
[2026/09/25 22:53:35:0463] N: WS   /ws - (unix skt), clients: 8
[2026/09/25 22:53:35:0463] N: WS   /ws - (unix skt), clients: 9
[2026/09/25 22:53:35:0463] N: WS   /ws - (unix skt), clients: 10
[2026/09/25 22:53:35:0482] N: started process, pid: 86927
[2026/09/25 22:53:35:0495] N: started process, pid: 86928
[2026/09/25 22:53:35:0504] N: started process, pid: 86929
[2026/09/25 22:53:35:0513] N: started process, pid: 86930
[2026/09/25 22:53:35:0520] N: started process, pid: 86931
[2026/09/25 22:53:35:0533] N: started process, pid: 86932
[2026/09/25 22:53:35:0539] N: started process, pid: 86934
[2026/09/25 22:53:35:0554] N: started process, pid: 86938
[2026/09/25 22:53:35:0565] N: started process, pid: 86946
[2026/09/25 22:53:35:0584] N: started process, pid: 86950
[2026/09/25 22:53:35:1897] N: WS closed from (unix skt), clients: 9
[2026/09/25 22:53:35:1897] N: killing process, pid: 86929
[2026/09/25 22:53:35:1901] N: process killed with signal 1, pid: 86929
[2026/09/25 22:53:35:2205] N: WS closed from (unix skt), clients: 8
[2026/09/25 22:53:35:2206] N: killing process, pid: 86946
[2026/09/25 22:53:35:2209] N: process killed with signal 1, pid: 86946
[2026/09/25 22:53:35:3067] N: WS closed from (unix skt), clients: 7
[2026/09/25 22:53:35:3067] N: killing process, pid: 86927
[2026/09/25 22:53:35:3071] N: process killed with signal 0, pid: 86927
[2026/09/25 22:53:35:4051] N: WS closed from (unix skt), clients: 6
[2026/09/25 22:53:35:4051] N: killing process, pid: 86931
[2026/09/25 22:53:35:4055] N: process killed with signal 0, pid: 86931
[2026/09/25 22:53:35:4522] N: WS closed from (unix skt), clients: 5
[2026/09/25 22:53:35:4523] N: killing process, pid: 86932
[2026/09/25 22:53:35:4529] N: process killed with signal 0, pid: 86932
[2026/09/25 22:53:35:4673] N: WS closed from (unix skt), clients: 4
[2026/09/25 22:53:35:4674] N: killing process, pid: 86934
[2026/09/25 22:53:35:4677] N: process killed with signal 0, pid: 86934
[2026/09/25 22:53:35:8932] N: WS closed from (unix skt), clients: 3
[2026/09/25 22:53:35:8933] N: killing process, pid: 86928
[2026/09/25 22:53:35:8943] N: process killed with signal 0, pid: 86928
[2026/09/25 22:53:35:9820] N: WS closed from (unix skt), clients: 2
[2026/09/25 22:53:35:9821] N: killing process, pid: 86938
[2026/09/25 22:53:35:9828] N: process killed with signal 0, pid: 86938
[2026/09/25 22:53:37:0474] N: WS closed from (unix skt), clients: 1
[2026/09/25 22:53:37:0474] N: killing process, pid: 86930
[2026/09/25 22:53:37:0474] N: WS closed from (unix skt), clients: 0
[2026/09/25 22:53:37:0474] N: killing process, pid: 86950
[2026/09/25 22:53:37:0481] N: process killed with signal 0, pid: 86930
[2026/09/25 22:53:37:0490] N: process killed with signal 0, pid: 86950
[2026/09/25 22:53:37:0637] N: WS   /ws - (unix skt), clients: 1
[2026/09/25 22:53:37:0637] N: WS   /ws - (unix skt), clients: 2
[2026/09/25 22:53:37:0637] N: WS   /ws - (unix skt), clients: 3
[2026/09/25 22:53:37:0637] N: WS   /ws - (unix skt), clients: 4
[2026/09/25 22:53:37:0637] N: WS   /ws - (unix skt), clients: 5
[2026/09/25 22:53:37:0637] N: WS   /ws - (unix skt), clients: 6
[2026/09/25 22:53:37:0637] N: WS   /ws - (unix skt), clients: 7
[2026/09/25 22:53:37:0638] N: WS   /ws - (unix skt), clients: 8
[2026/09/25 22:53:37:0638] N: WS   /ws - (unix skt), clients: 9
[2026/09/25 22:53:37:0638] N: WS   /ws - (unix skt), clients: 10
[2026/09/25 22:53:37:0647] N: started process, pid: 87246
[2026/09/25 22:53:37:0652] N: started process, pid: 87248
[2026/09/25 22:53:37:0657] N: started process, pid: 87250
[2026/09/25 22:53:37:0668] N: started process, pid: 87251
[2026/09/25 22:53:37:0675] N: started process, pid: 87252
[2026/09/25 22:53:37:0681] N: started process, pid: 87254
[2026/09/25 22:53:37:0693] N: started process, pid: 87257
[2026/09/25 22:53:37:0706] N: started process, pid: 87258
[2026/09/25 22:53:37:0714] N: started process, pid: 87264
[2026/09/25 22:53:37:0742] N: started process, pid: 87269
[2026/09/25 22:53:37:1722] N: WS closed from (unix skt), clients: 9
[2026/09/25 22:53:37:1723] N: killing process, pid: 87250
[2026/09/25 22:53:37:1726] N: process killed with signal 1, pid: 87250
[2026/09/25 22:53:37:2605] N: WS closed from (unix skt), clients: 8
[2026/09/25 22:53:37:2605] N: killing process, pid: 87264
[2026/09/25 22:53:37:2607] N: process killed with signal 1, pid: 87264
[2026/09/25 22:53:37:3869] N: WS closed from (unix skt), clients: 7
[2026/09/25 22:53:37:3869] N: killing process, pid: 87246
[2026/09/25 22:53:37:3874] N: process killed with signal 0, pid: 87246
[2026/09/25 22:53:37:3996] N: WS closed from (unix skt), clients: 6
[2026/09/25 22:53:37:3996] N: killing process, pid: 87251
[2026/09/25 22:53:37:4000] N: process killed with signal 0, pid: 87251
[2026/09/25 22:53:37:4387] N: WS closed from (unix skt), clients: 5
[2026/09/25 22:53:37:4387] N: killing process, pid: 87257
[2026/09/25 22:53:37:4393] N: process killed with signal 0, pid: 87257
[2026/09/25 22:53:37:4630] N: WS closed from (unix skt), clients: 4
[2026/09/25 22:53:37:4630] N: killing process, pid: 87254
[2026/09/25 22:53:37:4635] N: process killed with signal 0, pid: 87254
[2026/09/25 22:53:37:8756] N: WS closed from (unix skt), clients: 3
[2026/09/25 22:53:37:8757] N: killing process, pid: 87248
[2026/09/25 22:53:37:8767] N: process killed with signal 0, pid: 87248
[2026/09/25 22:53:37:9514] N: WS closed from (unix skt), clients: 2
[2026/09/25 22:53:37:9516] N: killing process, pid: 87258
[2026/09/25 22:53:37:9537] N: process killed with signal 0, pid: 87258
[2026/09/25 22:53:39:0639] N: WS closed from (unix skt), clients: 1
[2026/09/25 22:53:39:0639] N: killing process, pid: 87252
[2026/09/25 22:53:39:0640] N: WS closed from (unix skt), clients: 0
[2026/09/25 22:53:39:0640] N: killing process, pid: 87269
[2026/09/25 22:53:39:0651] N: process killed with signal 0, pid: 87269
[2026/09/25 22:53:39:0652] N: process killed with signal 0, pid: 87252
[2026/09/25 22:53:39:0749] N: WS   /ws - (unix skt), clients: 1
[2026/09/25 22:53:39:0750] N: WS   /ws - (unix skt), clients: 2
[2026/09/25 22:53:39:0750] N: WS   /ws - (unix skt), clients: 3
[2026/09/25 22:53:39:0750] N: WS   /ws - (unix skt), clients: 4
[2026/09/25 22:53:39:0750] N: WS   /ws - (unix skt), clients: 5
[2026/09/25 22:53:39:0750] N: WS   /ws - (unix skt), clients: 6
[2026/09/25 22:53:39:0750] N: WS   /ws - (unix skt), clients: 7
[2026/09/25 22:53:39:0750] N: WS   /ws - (unix skt), clients: 8
[2026/09/25 22:53:39:0750] N: WS   /ws - (unix skt), clients: 9
[2026/09/25 22:53:39:0751] N: WS   /ws - (unix skt), clients: 10
[2026/09/25 22:53:39:0760] N: started process, pid: 87708
[2026/09/25 22:53:39:0764] N: started process, pid: 87709
[2026/09/25 22:53:39:0769] N: started process, pid: 87710
[2026/09/25 22:53:39:0780] N: started process, pid: 87711
[2026/09/25 22:53:39:0792] N: started process, pid: 87712
[2026/09/25 22:53:39:0798] N: started process, pid: 87713
[2026/09/25 22:53:39:0805] N: started process, pid: 87714
[2026/09/25 22:53:39:0814] N: started process, pid: 87715
[2026/09/25 22:53:39:0820] N: started process, pid: 87716
[2026/09/25 22:53:39:0842] N: started process, pid: 87719
[2026/09/25 22:53:39:2015] N: WS closed from (unix skt), clients: 9
[2026/09/25 22:53:39:2016] N: killing process, pid: 87710
[2026/09/25 22:53:39:2020] N: process killed with signal 1, pid: 87710
[2026/09/25 22:53:39:2562] N: WS closed from (unix skt), clients: 8
[2026/09/25 22:53:39:2563] N: killing process, pid: 87716
[2026/09/25 22:53:39:2566] N: process killed with signal 1, pid: 87716
[2026/09/25 22:53:39:3902] N: WS closed from (unix skt), clients: 7
[2026/09/25 22:53:39:3902] N: killing process, pid: 87708
[2026/09/25 22:53:39:3907] N: process killed with signal 0, pid: 87708
[2026/09/25 22:53:39:4163] N: WS closed from (unix skt), clients: 6
[2026/09/25 22:53:39:4163] N: killing process, pid: 87713
[2026/09/25 22:53:39:4167] N: process killed with signal 0, pid: 87713
[2026/09/25 22:53:39:4718] N: WS closed from (unix skt), clients: 5
[2026/09/25 22:53:39:4718] N: killing process, pid: 87712
[2026/09/25 22:53:39:4718] N: WS closed from (unix skt), clients: 4
[2026/09/25 22:53:39:4718] N: killing process, pid: 87714
[2026/09/25 22:53:39:4724] N: process killed with signal 0, pid: 87714
[2026/09/25 22:53:39:4724] N: process killed with signal 0, pid: 87712
[2026/09/25 22:53:39:8784] N: WS closed from (unix skt), clients: 3
[2026/09/25 22:53:39:8785] N: killing process, pid: 87709
[2026/09/25 22:53:39:8790] N: process killed with signal 0, pid: 87709
[2026/09/25 22:53:39:9436] N: WS closed from (unix skt), clients: 2
[2026/09/25 22:53:39:9436] N: killing process, pid: 87715
[2026/09/25 22:53:39:9446] N: process killed with signal 0, pid: 87715
[2026/09/25 22:53:41:0765] N: WS closed from (unix skt), clients: 1
[2026/09/25 22:53:41:0766] N: killing process, pid: 87711
[2026/09/25 22:53:41:0767] N: WS closed from (unix skt), clients: 0
[2026/09/25 22:53:41:0767] N: killing process, pid: 87719
[2026/09/25 22:53:41:0793] N: process killed with signal 0, pid: 87711
[2026/09/25 22:53:41:0794] N: process killed with signal 0, pid: 87719
[2026/09/25 22:53:41:1031] N: WS   /ws - (unix skt), clients: 1
[2026/09/25 22:53:41:1031] N: WS   /ws - (unix skt), clients: 2
[2026/09/25 22:53:41:1031] N: WS   /ws - (unix skt), clients: 3
[2026/09/25 22:53:41:1031] N: WS   /ws - (unix skt), clients: 4
[2026/09/25 22:53:41:1031] N: WS   /ws - (unix skt), clients: 5
[2026/09/25 22:53:41:1031] N: WS   /ws - (unix skt), clients: 6
[2026/09/25 22:53:41:1032] N: WS   /ws - (unix skt), clients: 7
[2026/09/25 22:53:41:1032] N: WS   /ws - (unix skt), clients: 8
[2026/09/25 22:53:41:1032] N: WS   /ws - (unix skt), clients: 9
[2026/09/25 22:53:41:1032] N: WS   /ws - (unix skt), clients: 10
[2026/09/25 22:53:41:1040] N: started process, pid: 87962
[2026/09/25 22:53:41:1046] N: started process, pid: 87963
[2026/09/25 22:53:41:1051] N: started process, pid: 87964
[2026/09/25 22:53:41:1056] N: started process, pid: 87965
[2026/09/25 22:53:41:1065] N: started process, pid: 87966
[2026/09/25 22:53:41:1074] N: started process, pid: 87967
[2026/09/25 22:53:41:1083] N: started process, pid: 87968
[2026/09/25 22:53:41:1090] N: started process, pid: 87969
[2026/09/25 22:53:41:1103] N: started process, pid: 87971
[2026/09/25 22:53:41:1112] N: started process, pid: 87980
[2026/09/25 22:53:41:2283] N: WS closed from (unix skt), clients: 9
[2026/09/25 22:53:41:2284] N: killing process, pid: 87964
[2026/09/25 22:53:41:2290] N: process killed with signal 1, pid: 87964
[2026/09/25 22:53:41:2852] N: WS closed from (unix skt), clients: 8
[2026/09/25 22:53:41:2852] N: killing process, pid: 87971
[2026/09/25 22:53:41:2854] N: process killed with signal 1, pid: 87971
[2026/09/25 22:53:41:4153] N: WS closed from (unix skt), clients: 7
[2026/09/25 22:53:41:4154] N: killing process, pid: 87962
[2026/09/25 22:53:41:4154] N: WS closed from (unix skt), clients: 6
[2026/09/25 22:53:41:4154] N: killing process, pid: 87965
[2026/09/25 22:53:41:4160] N: process killed with signal 0, pid: 87962
[2026/09/25 22:53:41:4160] N: process killed with signal 0, pid: 87965
[2026/09/25 22:53:41:4581] N: WS closed from (unix skt), clients: 5
[2026/09/25 22:53:41:4582] N: killing process, pid: 87968
[2026/09/25 22:53:41:4589] N: process killed with signal 0, pid: 87968
[2026/09/25 22:53:41:4723] N: WS closed from (unix skt), clients: 4
[2026/09/25 22:53:41:4723] N: killing process, pid: 87967
[2026/09/25 22:53:41:4728] N: process killed with signal 0, pid: 87967
[2026/09/25 22:53:41:8591] N: WS closed from (unix skt), clients: 3
[2026/09/25 22:53:41:8592] N: killing process, pid: 87963
[2026/09/25 22:53:41:8596] N: process killed with signal 0, pid: 87963
[2026/09/25 22:53:41:9879] N: WS closed from (unix skt), clients: 2
[2026/09/25 22:53:41:9879] N: killing process, pid: 87969
[2026/09/25 22:53:41:9884] N: process killed with signal 0, pid: 87969
[2026/09/25 22:53:43:1041] N: WS closed from (unix skt), clients: 1
[2026/09/25 22:53:43:1042] N: killing process, pid: 87966
[2026/09/25 22:53:43:1042] N: WS closed from (unix skt), clients: 0
[2026/09/25 22:53:43:1042] N: killing process, pid: 87980
[2026/09/25 22:53:43:1058] N: process killed with signal 0, pid: 87966
[2026/09/25 22:53:43:1059] N: process killed with signal 0, pid: 87980
[2026/09/25 22:53:43:1179] N: WS   /ws - (unix skt), clients: 1
[2026/09/25 22:53:43:1179] N: WS   /ws - (unix skt), clients: 2
[2026/09/25 22:53:43:1179] N: WS   /ws - (unix skt), clients: 3
[2026/09/25 22:53:43:1180] N: WS   /ws - (unix skt), clients: 4
[2026/09/25 22:53:43:1180] N: WS   /ws - (unix skt), clients: 5
[2026/09/25 22:53:43:1180] N: WS   /ws - (unix skt), clients: 6
[2026/09/25 22:53:43:1180] N: WS   /ws - (unix skt), clients: 7
[2026/09/25 22:53:43:1180] N: WS   /ws - (unix skt), clients: 8
[2026/09/25 22:53:43:1180] N: WS   /ws - (unix skt), clients: 9
[2026/09/25 22:53:43:1180] N: WS   /ws - (unix skt), clients: 10
[2026/09/25 22:53:43:1195] N: started process, pid: 88276
[2026/09/25 22:53:43:1201] N: started process, pid: 88277
[2026/09/25 22:53:43:1207] N: started process, pid: 88278
[2026/09/25 22:53:43:1214] N: started process, pid: 88279
[2026/09/25 22:53:43:1226] N: started process, pid: 88280
[2026/09/25 22:53:43:1235] N: started process, pid: 88281
[2026/09/25 22:53:43:1250] N: started process, pid: 88282
[2026/09/25 22:53:43:1259] N: started process, pid: 88286
[2026/09/25 22:53:43:1275] N: started process, pid: 88294
[2026/09/25 22:53:43:1285] N: started process, pid: 88301
[2026/09/25 22:53:43:2274] N: WS closed from (unix skt), clients: 9
[2026/09/25 22:53:43:2275] N: killing process, pid: 88279
[2026/09/25 22:53:43:2296] N: process killed with signal 1, pid: 88279
[2026/09/25 22:53:43:2774] N: WS closed from (unix skt), clients: 8
[2026/09/25 22:53:43:2775] N: killing process, pid: 88294
[2026/09/25 22:53:43:2782] N: process killed with signal 1, pid: 88294
[2026/09/25 22:53:43:3890] N: WS closed from (unix skt), clients: 7
[2026/09/25 22:53:43:3890] N: killing process, pid: 88277
[2026/09/25 22:53:43:3894] N: process killed with signal 0, pid: 88277
[2026/09/25 22:53:43:4011] N: WS closed from (unix skt), clients: 6
[2026/09/25 22:53:43:4011] N: killing process, pid: 88276
[2026/09/25 22:53:43:4014] N: process killed with signal 0, pid: 88276
[2026/09/25 22:53:43:4658] N: WS closed from (unix skt), clients: 5
[2026/09/25 22:53:43:4659] N: killing process, pid: 88282
[2026/09/25 22:53:43:4666] N: process killed with signal 0, pid: 88282
[2026/09/25 22:53:43:4770] N: WS closed from (unix skt), clients: 4
[2026/09/25 22:53:43:4771] N: killing process, pid: 88281
[2026/09/25 22:53:43:4776] N: process killed with signal 0, pid: 88281
[2026/09/25 22:53:43:9429] N: WS closed from (unix skt), clients: 3
[2026/09/25 22:53:43:9430] N: killing process, pid: 88278
[2026/09/25 22:53:43:9439] N: process killed with signal 0, pid: 88278
[2026/09/25 22:53:43:9793] N: WS closed from (unix skt), clients: 2
[2026/09/25 22:53:43:9794] N: killing process, pid: 88286
[2026/09/25 22:53:43:9808] N: process killed with signal 0, pid: 88286
[2026/09/25 22:53:45:1207] N: WS closed from (unix skt), clients: 1
[2026/09/25 22:53:45:1209] N: killing process, pid: 88280
[2026/09/25 22:53:45:1210] N: WS closed from (unix skt), clients: 0
[2026/09/25 22:53:45:1211] N: killing process, pid: 88301
[2026/09/25 22:53:45:1228] N: process killed with signal 0, pid: 88280
[2026/09/25 22:53:45:1235] N: process killed with signal 0, pid: 88301
[2026/09/25 22:53:45:1362] N: WS   /ws - (unix skt), clients: 1
[2026/09/25 22:53:45:1362] N: WS   /ws - (unix skt), clients: 2
[2026/09/25 22:53:45:1363] N: WS   /ws - (unix skt), clients: 3
[2026/09/25 22:53:45:1363] N: WS   /ws - (unix skt), clients: 4
[2026/09/25 22:53:45:1363] N: WS   /ws - (unix skt), clients: 5
[2026/09/25 22:53:45:1363] N: WS   /ws - (unix skt), clients: 6
[2026/09/25 22:53:45:1363] N: WS   /ws - (unix skt), clients: 7
[2026/09/25 22:53:45:1363] N: WS   /ws - (unix skt), clients: 8
[2026/09/25 22:53:45:1364] N: WS   /ws - (unix skt), clients: 9
[2026/09/25 22:53:45:1364] N: WS   /ws - (unix skt), clients: 10
[2026/09/25 22:53:45:1372] N: started process, pid: 88585
[2026/09/25 22:53:45:1377] N: started process, pid: 88586
[2026/09/25 22:53:45:1384] N: started process, pid: 88587
[2026/09/25 22:53:45:1393] N: started process, pid: 88588
[2026/09/25 22:53:45:1406] N: started process, pid: 88589
[2026/09/25 22:53:45:1417] N: started process, pid: 88590
[2026/09/25 22:53:45:1425] N: started process, pid: 88591
[2026/09/25 22:53:45:1436] N: started process, pid: 88598
[2026/09/25 22:53:45:1452] N: started process, pid: 88600
[2026/09/25 22:53:45:1458] N: started process, pid: 88607
[2026/09/25 22:53:45:2446] N: WS closed from (unix skt), clients: 9
[2026/09/25 22:53:45:2446] N: killing process, pid: 88587
[2026/09/25 22:53:45:2450] N: process killed with signal 1, pid: 88587
[2026/09/25 22:53:45:3095] N: WS closed from (unix skt), clients: 8
[2026/09/25 22:53:45:3096] N: killing process, pid: 88600
[2026/09/25 22:53:45:3100] N: process killed with signal 1, pid: 88600
[2026/09/25 22:53:45:4334] N: WS closed from (unix skt), clients: 7
[2026/09/25 22:53:45:4335] N: killing process, pid: 88585
[2026/09/25 22:53:45:4339] N: process killed with signal 0, pid: 88585
[2026/09/25 22:53:45:4598] N: WS closed from (unix skt), clients: 6
[2026/09/25 22:53:45:4598] N: killing process, pid: 88589
[2026/09/25 22:53:45:4602] N: process killed with signal 0, pid: 88589
[2026/09/25 22:53:45:4862] N: WS closed from (unix skt), clients: 5
[2026/09/25 22:53:45:4862] N: killing process, pid: 88591
[2026/09/25 22:53:45:4868] N: process killed with signal 0, pid: 88591
[2026/09/25 22:53:45:4984] N: WS closed from (unix skt), clients: 4
[2026/09/25 22:53:45:4984] N: killing process, pid: 88590
[2026/09/25 22:53:45:4988] N: process killed with signal 0, pid: 88590
[2026/09/25 22:53:45:9490] N: WS closed from (unix skt), clients: 3
[2026/09/25 22:53:45:9491] N: killing process, pid: 88586
[2026/09/25 22:53:45:9502] N: process killed with signal 0, pid: 88586
[2026/09/25 22:53:46:0128] N: WS closed from (unix skt), clients: 2
[2026/09/25 22:53:46:0130] N: killing process, pid: 88598
[2026/09/25 22:53:46:0151] N: process killed with signal 0, pid: 88598
[2026/09/25 22:53:47:1365] N: WS closed from (unix skt), clients: 1
[2026/09/25 22:53:47:1365] N: killing process, pid: 88588
[2026/09/25 22:53:47:1366] N: WS closed from (unix skt), clients: 0
[2026/09/25 22:53:47:1366] N: killing process, pid: 88607
[2026/09/25 22:53:47:1373] N: process killed with signal 0, pid: 88588
[2026/09/25 22:53:47:1380] N: process killed with signal 0, pid: 88607
[2026/09/25 22:53:47:1466] N: WS   /ws - (unix skt), clients: 1
[2026/09/25 22:53:47:1466] N: WS   /ws - (unix skt), clients: 2
[2026/09/25 22:53:47:1467] N: WS   /ws - (unix skt), clients: 3
[2026/09/25 22:53:47:1467] N: WS   /ws - (unix skt), clients: 4
[2026/09/25 22:53:47:1467] N: WS   /ws - (unix skt), clients: 5
[2026/09/25 22:53:47:1467] N: WS   /ws - (unix skt), clients: 6
[2026/09/25 22:53:47:1467] N: WS   /ws - (unix skt), clients: 7
[2026/09/25 22:53:47:1467] N: WS   /ws - (unix skt), clients: 8
[2026/09/25 22:53:47:1467] N: WS   /ws - (unix skt), clients: 9
[2026/09/25 22:53:47:1467] N: WS   /ws - (unix skt), clients: 10
[2026/09/25 22:53:47:1477] N: started process, pid: 88900
[2026/09/25 22:53:47:1482] N: started process, pid: 88902
[2026/09/25 22:53:47:1488] N: started process, pid: 88903
[2026/09/25 22:53:47:1501] N: started process, pid: 88904
[2026/09/25 22:53:47:1506] N: started process, pid: 88906
[2026/09/25 22:53:47:1518] N: started process, pid: 88907
[2026/09/25 22:53:47:1528] N: started process, pid: 88911
[2026/09/25 22:53:47:1542] N: started process, pid: 88917
[2026/09/25 22:53:47:1558] N: started process, pid: 88922
[2026/09/25 22:53:47:1575] N: started process, pid: 88927
[2026/09/25 22:53:47:2720] N: WS closed from (unix skt), clients: 9
[2026/09/25 22:53:47:2721] N: killing process, pid: 88903
[2026/09/25 22:53:47:2725] N: process killed with signal 1, pid: 88903
[2026/09/25 22:53:47:3237] N: WS closed from (unix skt), clients: 8
[2026/09/25 22:53:47:3238] N: killing process, pid: 88922
[2026/09/25 22:53:47:3241] N: process killed with signal 1, pid: 88922
[2026/09/25 22:53:47:4352] N: WS closed from (unix skt), clients: 7
[2026/09/25 22:53:47:4353] N: killing process, pid: 88900
[2026/09/25 22:53:47:4365] N: process killed with signal 0, pid: 88900
[2026/09/25 22:53:47:4633] N: WS closed from (unix skt), clients: 6
[2026/09/25 22:53:47:4633] N: killing process, pid: 88906
[2026/09/25 22:53:47:4638] N: process killed with signal 0, pid: 88906
[2026/09/25 22:53:47:5123] N: WS closed from (unix skt), clients: 5
[2026/09/25 22:53:47:5123] N: killing process, pid: 88911
[2026/09/25 22:53:47:5132] N: process killed with signal 0, pid: 88911
[2026/09/25 22:53:47:5373] N: WS closed from (unix skt), clients: 4
[2026/09/25 22:53:47:5374] N: killing process, pid: 88907
[2026/09/25 22:53:47:5383] N: process killed with signal 0, pid: 88907
[2026/09/25 22:53:47:9862] N: WS closed from (unix skt), clients: 3
[2026/09/25 22:53:47:9863] N: killing process, pid: 88902
[2026/09/25 22:53:47:9876] N: process killed with signal 0, pid: 88902
[2026/09/25 22:53:48:0394] N: WS closed from (unix skt), clients: 2
[2026/09/25 22:53:48:0396] N: killing process, pid: 88917
[2026/09/25 22:53:48:0412] N: process killed with signal 0, pid: 88917
[2026/09/25 22:53:49:1470] N: WS closed from (unix skt), clients: 1
[2026/09/25 22:53:49:1471] N: killing process, pid: 88904
[2026/09/25 22:53:49:1472] N: WS closed from (unix skt), clients: 0
[2026/09/25 22:53:49:1472] N: killing process, pid: 88927
[2026/09/25 22:53:49:1481] N: process killed with signal 0, pid: 88904
[2026/09/25 22:53:49:1485] N: process killed with signal 0, pid: 88927
[2026/09/25 22:53:49:1542] N: WS   /ws - (unix skt), clients: 1
[2026/09/25 22:53:49:1542] N: WS   /ws - (unix skt), clients: 2
[2026/09/25 22:53:49:1542] N: WS   /ws - (unix skt), clients: 3
[2026/09/25 22:53:49:1542] N: WS   /ws - (unix skt), clients: 4
[2026/09/25 22:53:49:1542] N: WS   /ws - (unix skt), clients: 5
[2026/09/25 22:53:49:1542] N: WS   /ws - (unix skt), clients: 6
[2026/09/25 22:53:49:1542] N: WS   /ws - (unix skt), clients: 7
[2026/09/25 22:53:49:1543] N: WS   /ws - (unix skt), clients: 8
[2026/09/25 22:53:49:1543] N: WS   /ws - (unix skt), clients: 9
[2026/09/25 22:53:49:1543] N: WS   /ws - (unix skt), clients: 10
[2026/09/25 22:53:49:1552] N: started process, pid: 89185
[2026/09/25 22:53:49:1556] N: started process, pid: 89186
[2026/09/25 22:53:49:1560] N: started process, pid: 89187
[2026/09/25 22:53:49:1565] N: started process, pid: 89188
[2026/09/25 22:53:49:1571] N: started process, pid: 89189
[2026/09/25 22:53:49:1576] N: started process, pid: 89190
[2026/09/25 22:53:49:1581] N: started process, pid: 89191
[2026/09/25 22:53:49:1585] N: started process, pid: 89192
[2026/09/25 22:53:49:1590] N: started process, pid: 89193
[2026/09/25 22:53:49:1600] N: started process, pid: 89194
[2026/09/25 22:53:49:3306] N: WS closed from (unix skt), clients: 9
[2026/09/25 22:53:49:3306] N: killing process, pid: 89188
[2026/09/25 22:53:49:3310] N: process killed with signal 1, pid: 89188
[2026/09/25 22:53:49:3557] N: WS closed from (unix skt), clients: 8
[2026/09/25 22:53:49:3558] N: killing process, pid: 89193
[2026/09/25 22:53:49:3563] N: process killed with signal 1, pid: 89193
[2026/09/25 22:53:49:5086] N: WS closed from (unix skt), clients: 7
[2026/09/25 22:53:49:5087] N: killing process, pid: 89191
[2026/09/25 22:53:49:5087] N: WS closed from (unix skt), clients: 6
[2026/09/25 22:53:49:5088] N: killing process, pid: 89185
[2026/09/25 22:53:49:5093] N: process killed with signal 0, pid: 89191
[2026/09/25 22:53:49:5094] N: process killed with signal 0, pid: 89185
[2026/09/25 22:53:49:5439] N: WS closed from (unix skt), clients: 5
[2026/09/25 22:53:49:5439] N: killing process, pid: 89190
[2026/09/25 22:53:49:5443] N: process killed with signal 0, pid: 89190
[2026/09/25 22:53:49:5552] N: WS closed from (unix skt), clients: 4
[2026/09/25 22:53:49:5553] N: killing process, pid: 89186
[2026/09/25 22:53:49:5558] N: process killed with signal 0, pid: 89186
[2026/09/25 22:53:49:9384] N: WS closed from (unix skt), clients: 3
[2026/09/25 22:53:49:9384] N: killing process, pid: 89187
[2026/09/25 22:53:49:9392] N: process killed with signal 0, pid: 89187
[2026/09/25 22:53:50:0106] N: WS closed from (unix skt), clients: 2
[2026/09/25 22:53:50:0107] N: killing process, pid: 89192
[2026/09/25 22:53:50:0123] N: process killed with signal 0, pid: 89192
[2026/09/25 22:53:51:1559] N: WS closed from (unix skt), clients: 1
[2026/09/25 22:53:51:1559] N: killing process, pid: 89189
[2026/09/25 22:53:51:1560] N: WS closed from (unix skt), clients: 0
[2026/09/25 22:53:51:1560] N: killing process, pid: 89194
[2026/09/25 22:53:51:1571] N: process killed with signal 0, pid: 89194
[2026/09/25 22:53:51:1571] N: process killed with signal 0, pid: 89189
[2026/09/25 22:53:51:1660] N: WS   /ws - (unix skt), clients: 1
[2026/09/25 22:53:51:1660] N: WS   /ws - (unix skt), clients: 2
[2026/09/25 22:53:51:1660] N: WS   /ws - (unix skt), clients: 3
[2026/09/25 22:53:51:1660] N: WS   /ws - (unix skt), clients: 4
[2026/09/25 22:53:51:1661] N: WS   /ws - (unix skt), clients: 5
[2026/09/25 22:53:51:1661] N: WS   /ws - (unix skt), clients: 6
[2026/09/25 22:53:51:1661] N: WS   /ws - (unix skt), clients: 7
[2026/09/25 22:53:51:1661] N: WS   /ws - (unix skt), clients: 8
[2026/09/25 22:53:51:1661] N: WS   /ws - (unix skt), clients: 9
[2026/09/25 22:53:51:1661] N: WS   /ws - (unix skt), clients: 10
[2026/09/25 22:53:51:1668] N: started process, pid: 89476
[2026/09/25 22:53:51:1672] N: started process, pid: 89477
[2026/09/25 22:53:51:1676] N: started process, pid: 89478
[2026/09/25 22:53:51:1680] N: started process, pid: 89479
[2026/09/25 22:53:51:1685] N: started process, pid: 89480
[2026/09/25 22:53:51:1694] N: started process, pid: 89481
[2026/09/25 22:53:51:1701] N: started process, pid: 89482
[2026/09/25 22:53:51:1707] N: started process, pid: 89483
[2026/09/25 22:53:51:1713] N: started process, pid: 89484
[2026/09/25 22:53:51:1722] N: started process, pid: 89487
[2026/09/25 22:53:51:2714] N: WS closed from (unix skt), clients: 9
[2026/09/25 22:53:51:2714] N: killing process, pid: 89478
[2026/09/25 22:53:51:2718] N: process killed with signal 1, pid: 89478
[2026/09/25 22:53:51:3353] N: WS closed from (unix skt), clients: 8
[2026/09/25 22:53:51:3353] N: killing process, pid: 89484
[2026/09/25 22:53:51:3355] N: process killed with signal 1, pid: 89484
[2026/09/25 22:53:51:4989] N: WS closed from (unix skt), clients: 7
[2026/09/25 22:53:51:4990] N: killing process, pid: 89476
[2026/09/25 22:53:51:4996] N: process killed with signal 0, pid: 89476
[2026/09/25 22:53:51:5100] N: WS closed from (unix skt), clients: 6
[2026/09/25 22:53:51:5100] N: killing process, pid: 89480
[2026/09/25 22:53:51:5104] N: process killed with signal 0, pid: 89480
[2026/09/25 22:53:51:5491] N: WS closed from (unix skt), clients: 5
[2026/09/25 22:53:51:5491] N: killing process, pid: 89482
[2026/09/25 22:53:51:5491] N: WS closed from (unix skt), clients: 4
[2026/09/25 22:53:51:5491] N: killing process, pid: 89481
[2026/09/25 22:53:51:5495] N: process killed with signal 0, pid: 89482
[2026/09/25 22:53:51:5496] N: process killed with signal 0, pid: 89481
[2026/09/25 22:53:51:9859] N: WS closed from (unix skt), clients: 3
[2026/09/25 22:53:51:9860] N: killing process, pid: 89477
[2026/09/25 22:53:51:9876] N: process killed with signal 0, pid: 89477
[2026/09/25 22:53:52:0523] N: WS closed from (unix skt), clients: 2
[2026/09/25 22:53:52:0524] N: killing process, pid: 89483
[2026/09/25 22:53:52:0538] N: process killed with signal 0, pid: 89483
[2026/09/25 22:53:53:1673] N: WS closed from (unix skt), clients: 1
[2026/09/25 22:53:53:1673] N: killing process, pid: 89479
[2026/09/25 22:53:53:1674] N: WS closed from (unix skt), clients: 0
[2026/09/25 22:53:53:1674] N: killing process, pid: 89487
[2026/09/25 22:53:53:1679] N: process killed with signal 0, pid: 89479
[2026/09/25 22:53:53:1687] N: process killed with signal 0, pid: 89487
[2026/09/25 22:53:53:1774] N: WS   /ws - (unix skt), clients: 1
[2026/09/25 22:53:53:1774] N: WS   /ws - (unix skt), clients: 2
[2026/09/25 22:53:53:1775] N: WS   /ws - (unix skt), clients: 3
[2026/09/25 22:53:53:1775] N: WS   /ws - (unix skt), clients: 4
[2026/09/25 22:53:53:1775] N: WS   /ws - (unix skt), clients: 5
[2026/09/25 22:53:53:1775] N: WS   /ws - (unix skt), clients: 6
[2026/09/25 22:53:53:1775] N: WS   /ws - (unix skt), clients: 7
[2026/09/25 22:53:53:1775] N: WS   /ws - (unix skt), clients: 8
[2026/09/25 22:53:53:1775] N: WS   /ws - (unix skt), clients: 9
[2026/09/25 22:53:53:1776] N: WS   /ws - (unix skt), clients: 10
[2026/09/25 22:53:53:1785] N: started process, pid: 89770
[2026/09/25 22:53:53:1791] N: started process, pid: 89771
[2026/09/25 22:53:53:1797] N: started process, pid: 89772
[2026/09/25 22:53:53:1806] N: started process, pid: 89773
[2026/09/25 22:53:53:1816] N: started process, pid: 89774
[2026/09/25 22:53:53:1822] N: started process, pid: 89775
[2026/09/25 22:53:53:1834] N: started process, pid: 89776
[2026/09/25 22:53:53:1843] N: started process, pid: 89778
[2026/09/25 22:53:53:1863] N: started process, pid: 89785
[2026/09/25 22:53:53:1876] N: started process, pid: 89793
[2026/09/25 22:53:53:2918] N: WS closed from (unix skt), clients: 9
[2026/09/25 22:53:53:2919] N: killing process, pid: 89772
[2026/09/25 22:53:53:2926] N: process killed with signal 1, pid: 89772
[2026/09/25 22:53:53:3469] N: WS closed from (unix skt), clients: 8
[2026/09/25 22:53:53:3470] N: killing process, pid: 89785
[2026/09/25 22:53:53:3472] N: process killed with signal 1, pid: 89785
[2026/09/25 22:53:53:4935] N: WS closed from (unix skt), clients: 7
[2026/09/25 22:53:53:4936] N: killing process, pid: 89770
[2026/09/25 22:53:53:4940] N: process killed with signal 0, pid: 89770
[2026/09/25 22:53:53:5247] N: WS closed from (unix skt), clients: 6
[2026/09/25 22:53:53:5247] N: killing process, pid: 89776
[2026/09/25 22:53:53:5247] N: WS closed from (unix skt), clients: 5
[2026/09/25 22:53:53:5247] N: killing process, pid: 89774
[2026/09/25 22:53:53:5248] N: WS closed from (unix skt), clients: 4
[2026/09/25 22:53:53:5248] N: killing process, pid: 89775
[2026/09/25 22:53:53:5252] N: process killed with signal 0, pid: 89776
[2026/09/25 22:53:53:5253] N: process killed with signal 0, pid: 89774
[2026/09/25 22:53:53:5253] N: process killed with signal 0, pid: 89775
[2026/09/25 22:53:53:9829] N: WS closed from (unix skt), clients: 3
[2026/09/25 22:53:53:9830] N: killing process, pid: 89771
[2026/09/25 22:53:53:9840] N: process killed with signal 0, pid: 89771
[2026/09/25 22:53:54:0631] N: WS closed from (unix skt), clients: 2
[2026/09/25 22:53:54:0632] N: killing process, pid: 89778
[2026/09/25 22:53:54:0645] N: process killed with signal 0, pid: 89778
[2026/09/25 22:53:55:1792] N: WS closed from (unix skt), clients: 1
[2026/09/25 22:53:55:1792] N: killing process, pid: 89773
[2026/09/25 22:53:55:1793] N: WS closed from (unix skt), clients: 0
[2026/09/25 22:53:55:1793] N: killing process, pid: 89793
[2026/09/25 22:53:55:1804] N: process killed with signal 0, pid: 89773
[2026/09/25 22:53:55:1805] N: process killed with signal 0, pid: 89793
[2026/09/25 22:53:55:1890] N: WS   /ws - (unix skt), clients: 1
[2026/09/25 22:53:55:1890] N: WS   /ws - (unix skt), clients: 2
[2026/09/25 22:53:55:1890] N: WS   /ws - (unix skt), clients: 3
[2026/09/25 22:53:55:1890] N: WS   /ws - (unix skt), clients: 4
[2026/09/25 22:53:55:1891] N: WS   /ws - (unix skt), clients: 5
[2026/09/25 22:53:55:1891] N: WS   /ws - (unix skt), clients: 6
[2026/09/25 22:53:55:1891] N: WS   /ws - (unix skt), clients: 7
[2026/09/25 22:53:55:1891] N: WS   /ws - (unix skt), clients: 8
[2026/09/25 22:53:55:1891] N: WS   /ws - (unix skt), clients: 9
[2026/09/25 22:53:55:1891] N: WS   /ws - (unix skt), clients: 10
[2026/09/25 22:53:55:1898] N: started process, pid: 90388
[2026/09/25 22:53:55:1903] N: started process, pid: 90389
[2026/09/25 22:53:55:1909] N: started process, pid: 90390
[2026/09/25 22:53:55:1915] N: started process, pid: 90391
[2026/09/25 22:53:55:1921] N: started process, pid: 90392
[2026/09/25 22:53:55:1930] N: started process, pid: 90393
[2026/09/25 22:53:55:1939] N: started process, pid: 90394
[2026/09/25 22:53:55:1949] N: started process, pid: 90397
[2026/09/25 22:53:55:1963] N: started process, pid: 90405
[2026/09/25 22:53:55:1975] N: started process, pid: 90410
[2026/09/25 22:53:55:2961] N: WS closed from (unix skt), clients: 9
[2026/09/25 22:53:55:2962] N: killing process, pid: 90390
[2026/09/25 22:53:55:2966] N: process killed with signal 1, pid: 90390
[2026/09/25 22:53:55:3547] N: WS closed from (unix skt), clients: 8
[2026/09/25 22:53:55:3547] N: killing process, pid: 90405
[2026/09/25 22:53:55:3550] N: process killed with signal 1, pid: 90405
[2026/09/25 22:53:55:5095] N: WS closed from (unix skt), clients: 7
[2026/09/25 22:53:55:5095] N: killing process, pid: 90388
[2026/09/25 22:53:55:5101] N: process killed with signal 0, pid: 90388
[2026/09/25 22:53:55:5216] N: WS closed from (unix skt), clients: 6
[2026/09/25 22:53:55:5216] N: killing process, pid: 90394
[2026/09/25 22:53:55:5221] N: process killed with signal 0, pid: 90394
[2026/09/25 22:53:55:5338] N: WS closed from (unix skt), clients: 5
[2026/09/25 22:53:55:5338] N: killing process, pid: 90392
[2026/09/25 22:53:55:5342] N: process killed with signal 0, pid: 90392
[2026/09/25 22:53:55:5432] N: WS closed from (unix skt), clients: 4
[2026/09/25 22:53:55:5432] N: killing process, pid: 90393
[2026/09/25 22:53:55:5439] N: process killed with signal 0, pid: 90393
[2026/09/25 22:53:55:9431] N: WS closed from (unix skt), clients: 3
[2026/09/25 22:53:55:9431] N: killing process, pid: 90389
[2026/09/25 22:53:55:9439] N: process killed with signal 0, pid: 90389
[2026/09/25 22:53:56:0619] N: WS closed from (unix skt), clients: 2
[2026/09/25 22:53:56:0620] N: killing process, pid: 90397
[2026/09/25 22:53:56:0637] N: process killed with signal 0, pid: 90397
[2026/09/25 22:53:57:1912] N: WS closed from (unix skt), clients: 1
[2026/09/25 22:53:57:1913] N: killing process, pid: 90391
[2026/09/25 22:53:57:1913] N: WS closed from (unix skt), clients: 0
[2026/09/25 22:53:57:1913] N: killing process, pid: 90410
[2026/09/25 22:53:57:1927] N: process killed with signal 0, pid: 90391
[2026/09/25 22:53:57:1928] N: process killed with signal 0, pid: 90410
[2026/09/25 22:53:57:2013] N: WS   /ws - (unix skt), clients: 1
[2026/09/25 22:53:57:2013] N: WS   /ws - (unix skt), clients: 2
[2026/09/25 22:53:57:2013] N: WS   /ws - (unix skt), clients: 3
[2026/09/25 22:53:57:2013] N: WS   /ws - (unix skt), clients: 4
[2026/09/25 22:53:57:2014] N: WS   /ws - (unix skt), clients: 5
[2026/09/25 22:53:57:2014] N: WS   /ws - (unix skt), clients: 6
[2026/09/25 22:53:57:2014] N: WS   /ws - (unix skt), clients: 7
[2026/09/25 22:53:57:2014] N: WS   /ws - (unix skt), clients: 8
[2026/09/25 22:53:57:2014] N: WS   /ws - (unix skt), clients: 9
[2026/09/25 22:53:57:2014] N: WS   /ws - (unix skt), clients: 10
[2026/09/25 22:53:57:2022] N: started process, pid: 90800
[2026/09/25 22:53:57:2026] N: started process, pid: 90801
[2026/09/25 22:53:57:2032] N: started process, pid: 90802
[2026/09/25 22:53:57:2038] N: started process, pid: 90804
[2026/09/25 22:53:57:2050] N: started process, pid: 90805
[2026/09/25 22:53:57:2058] N: started process, pid: 90807
[2026/09/25 22:53:57:2064] N: started process, pid: 90808
[2026/09/25 22:53:57:2076] N: started process, pid: 90810
[2026/09/25 22:53:57:2088] N: started process, pid: 90819
[2026/09/25 22:53:57:2099] N: started process, pid: 90823
[2026/09/25 22:53:57:3391] N: WS closed from (unix skt), clients: 9
[2026/09/25 22:53:57:3391] N: killing process, pid: 90802
[2026/09/25 22:53:57:3395] N: process killed with signal 1, pid: 90802
[2026/09/25 22:53:57:3921] N: WS closed from (unix skt), clients: 8
[2026/09/25 22:53:57:3922] N: killing process, pid: 90819
[2026/09/25 22:53:57:3926] N: process killed with signal 1, pid: 90819
[2026/09/25 22:53:57:4555] N: WS closed from (unix skt), clients: 7
[2026/09/25 22:53:57:4556] N: killing process, pid: 90800
[2026/09/25 22:53:57:4560] N: process killed with signal 0, pid: 90800
[2026/09/25 22:53:57:5550] N: WS closed from (unix skt), clients: 6
[2026/09/25 22:53:57:5550] N: killing process, pid: 90805
[2026/09/25 22:53:57:5554] N: process killed with signal 0, pid: 90805
[2026/09/25 22:53:57:5681] N: WS closed from (unix skt), clients: 5
[2026/09/25 22:53:57:5682] N: killing process, pid: 90807
[2026/09/25 22:53:57:5686] N: process killed with signal 0, pid: 90807
[2026/09/25 22:53:57:5796] N: WS closed from (unix skt), clients: 4
[2026/09/25 22:53:57:5796] N: killing process, pid: 90808
[2026/09/25 22:53:57:5801] N: process killed with signal 0, pid: 90808
[2026/09/25 22:53:58:0151] N: WS closed from (unix skt), clients: 3
[2026/09/25 22:53:58:0152] N: killing process, pid: 90801
[2026/09/25 22:53:58:0161] N: process killed with signal 0, pid: 90801
[2026/09/25 22:53:58:0974] N: WS closed from (unix skt), clients: 2
[2026/09/25 22:53:58:0975] N: killing process, pid: 90810
[2026/09/25 22:53:58:0990] N: process killed with signal 0, pid: 90810
[2026/09/25 22:53:59:2030] N: WS closed from (unix skt), clients: 1
[2026/09/25 22:53:59:2031] N: killing process, pid: 90804
[2026/09/25 22:53:59:2031] N: WS closed from (unix skt), clients: 0
[2026/09/25 22:53:59:2031] N: killing process, pid: 90823
[2026/09/25 22:53:59:2041] N: process killed with signal 0, pid: 90804
[2026/09/25 22:53:59:2042] N: process killed with signal 0, pid: 90823
[2026/09/25 22:53:59:2145] N: WS   /ws - (unix skt), clients: 1
[2026/09/25 22:53:59:2145] N: WS   /ws - (unix skt), clients: 2
[2026/09/25 22:53:59:2145] N: WS   /ws - (unix skt), clients: 3
[2026/09/25 22:53:59:2145] N: WS   /ws - (unix skt), clients: 4
[2026/09/25 22:53:59:2145] N: WS   /ws - (unix skt), clients: 5
[2026/09/25 22:53:59:2146] N: WS   /ws - (unix skt), clients: 6
[2026/09/25 22:53:59:2146] N: WS   /ws - (unix skt), clients: 7
[2026/09/25 22:53:59:2146] N: WS   /ws - (unix skt), clients: 8
[2026/09/25 22:53:59:2146] N: WS   /ws - (unix skt), clients: 9
[2026/09/25 22:53:59:2146] N: WS   /ws - (unix skt), clients: 10
[2026/09/25 22:53:59:2156] N: started process, pid: 91199
[2026/09/25 22:53:59:2162] N: started process, pid: 91200
[2026/09/25 22:53:59:2170] N: started process, pid: 91201
[2026/09/25 22:53:59:2241] N: started process, pid: 91202
[2026/09/25 22:53:59:2252] N: started process, pid: 91204
[2026/09/25 22:53:59:2263] N: started process, pid: 91208
[2026/09/25 22:53:59:2275] N: started process, pid: 91209
[2026/09/25 22:53:59:2289] N: started process, pid: 91214
[2026/09/25 22:53:59:2305] N: started process, pid: 91220
[2026/09/25 22:53:59:2313] N: started process, pid: 91224
[2026/09/25 22:53:59:3279] N: WS closed from (unix skt), clients: 9
[2026/09/25 22:53:59:3280] N: killing process, pid: 91201
[2026/09/25 22:53:59:3285] N: process killed with signal 1, pid: 91201
[2026/09/25 22:53:59:4210] N: WS closed from (unix skt), clients: 8
[2026/09/25 22:53:59:4211] N: killing process, pid: 91220
[2026/09/25 22:53:59:4214] N: process killed with signal 1, pid: 91220
[2026/09/25 22:53:59:5300] N: WS closed from (unix skt), clients: 7
[2026/09/25 22:53:59:5300] N: killing process, pid: 91199
[2026/09/25 22:53:59:5306] N: process killed with signal 0, pid: 91199
[2026/09/25 22:53:59:5807] N: WS closed from (unix skt), clients: 6
[2026/09/25 22:53:59:5808] N: killing process, pid: 91204
[2026/09/25 22:53:59:5812] N: process killed with signal 0, pid: 91204
[2026/09/25 22:53:59:5939] N: WS closed from (unix skt), clients: 5
[2026/09/25 22:53:59:5939] N: killing process, pid: 91208
[2026/09/25 22:53:59:5939] N: WS closed from (unix skt), clients: 4
[2026/09/25 22:53:59:5939] N: killing process, pid: 91209
[2026/09/25 22:53:59:5945] N: process killed with signal 0, pid: 91208
[2026/09/25 22:53:59:5945] N: process killed with signal 0, pid: 91209
[2026/09/25 22:54:00:0029] N: WS closed from (unix skt), clients: 3
[2026/09/25 22:54:00:0029] N: killing process, pid: 91200
[2026/09/25 22:54:00:0037] N: process killed with signal 0, pid: 91200
[2026/09/25 22:54:00:1092] N: WS closed from (unix skt), clients: 2
[2026/09/25 22:54:00:1093] N: killing process, pid: 91214
[2026/09/25 22:54:00:1115] N: process killed with signal 0, pid: 91214
[2026/09/25 22:54:01:2195] N: WS closed from (unix skt), clients: 1
[2026/09/25 22:54:01:2196] N: killing process, pid: 91202
[2026/09/25 22:54:01:2196] N: WS closed from (unix skt), clients: 0
[2026/09/25 22:54:01:2196] N: killing process, pid: 91224
[2026/09/25 22:54:01:2248] N: process killed with signal 0, pid: 91202
[2026/09/25 22:54:01:2249] N: process killed with signal 0, pid: 91224
[2026/09/25 22:54:01:2338] N: WS   /ws - (unix skt), clients: 1
[2026/09/25 22:54:01:2338] N: WS   /ws - (unix skt), clients: 2
[2026/09/25 22:54:01:2338] N: WS   /ws - (unix skt), clients: 3
[2026/09/25 22:54:01:2339] N: WS   /ws - (unix skt), clients: 4
[2026/09/25 22:54:01:2339] N: WS   /ws - (unix skt), clients: 5
[2026/09/25 22:54:01:2339] N: WS   /ws - (unix skt), clients: 6
[2026/09/25 22:54:01:2339] N: WS   /ws - (unix skt), clients: 7
[2026/09/25 22:54:01:2339] N: WS   /ws - (unix skt), clients: 8
[2026/09/25 22:54:01:2339] N: WS   /ws - (unix skt), clients: 9
[2026/09/25 22:54:01:2339] N: WS   /ws - (unix skt), clients: 10
[2026/09/25 22:54:01:2346] N: started process, pid: 91472
[2026/09/25 22:54:01:2350] N: started process, pid: 91473
[2026/09/25 22:54:01:2355] N: started process, pid: 91474
[2026/09/25 22:54:01:2359] N: started process, pid: 91476
[2026/09/25 22:54:01:2367] N: started process, pid: 91477
[2026/09/25 22:54:01:2377] N: started process, pid: 91478
[2026/09/25 22:54:01:2387] N: started process, pid: 91480
[2026/09/25 22:54:01:2412] N: started process, pid: 91485
[2026/09/25 22:54:01:2440] N: started process, pid: 91496
[2026/09/25 22:54:01:2461] N: started process, pid: 91501
[2026/09/25 22:54:01:3709] N: WS closed from (unix skt), clients: 9
[2026/09/25 22:54:01:3709] N: killing process, pid: 91474
[2026/09/25 22:54:01:3712] N: process killed with signal 1, pid: 91474
[2026/09/25 22:54:01:4198] N: WS closed from (unix skt), clients: 8
[2026/09/25 22:54:01:4198] N: killing process, pid: 91496
[2026/09/25 22:54:01:4200] N: process killed with signal 1, pid: 91496
[2026/09/25 22:54:01:5612] N: WS closed from (unix skt), clients: 7
[2026/09/25 22:54:01:5612] N: killing process, pid: 91472
[2026/09/25 22:54:01:5617] N: process killed with signal 0, pid: 91472
[2026/09/25 22:54:01:5854] N: WS closed from (unix skt), clients: 6
[2026/09/25 22:54:01:5854] N: killing process, pid: 91477
[2026/09/25 22:54:01:5858] N: process killed with signal 0, pid: 91477
[2026/09/25 22:54:01:5965] N: WS closed from (unix skt), clients: 5
[2026/09/25 22:54:01:5965] N: killing process, pid: 91478
[2026/09/25 22:54:01:5969] N: process killed with signal 0, pid: 91478
[2026/09/25 22:54:01:6086] N: WS closed from (unix skt), clients: 4
[2026/09/25 22:54:01:6086] N: killing process, pid: 91480
[2026/09/25 22:54:01:6090] N: process killed with signal 0, pid: 91480
[2026/09/25 22:54:02:0638] N: WS closed from (unix skt), clients: 3
[2026/09/25 22:54:02:0639] N: killing process, pid: 91473
[2026/09/25 22:54:02:0658] N: process killed with signal 0, pid: 91473
[2026/09/25 22:54:02:1241] N: WS closed from (unix skt), clients: 2
[2026/09/25 22:54:02:1243] N: killing process, pid: 91485
[2026/09/25 22:54:02:1262] N: process killed with signal 0, pid: 91485
[2026/09/25 22:54:03:2357] N: WS closed from (unix skt), clients: 1
[2026/09/25 22:54:03:2358] N: killing process, pid: 91476
[2026/09/25 22:54:03:2358] N: WS closed from (unix skt), clients: 0
[2026/09/25 22:54:03:2358] N: killing process, pid: 91501
[2026/09/25 22:54:03:2366] N: process killed with signal 0, pid: 91476
[2026/09/25 22:54:03:2366] N: process killed with signal 0, pid: 91501
[2026/09/25 22:54:03:2437] N: WS   /ws - (unix skt), clients: 1
[2026/09/25 22:54:03:2437] N: WS   /ws - (unix skt), clients: 2
[2026/09/25 22:54:03:2437] N: WS   /ws - (unix skt), clients: 3
[2026/09/25 22:54:03:2437] N: WS   /ws - (unix skt), clients: 4
[2026/09/25 22:54:03:2438] N: WS   /ws - (unix skt), clients: 5
[2026/09/25 22:54:03:2438] N: WS   /ws - (unix skt), clients: 6
[2026/09/25 22:54:03:2438] N: WS   /ws - (unix skt), clients: 7
[2026/09/25 22:54:03:2438] N: WS   /ws - (unix skt), clients: 8
[2026/09/25 22:54:03:2438] N: WS   /ws - (unix skt), clients: 9
[2026/09/25 22:54:03:2438] N: WS   /ws - (unix skt), clients: 10
[2026/09/25 22:54:03:2445] N: started process, pid: 91781
[2026/09/25 22:54:03:2449] N: started process, pid: 91782
[2026/09/25 22:54:03:2454] N: started process, pid: 91783
[2026/09/25 22:54:03:2460] N: started process, pid: 91784
[2026/09/25 22:54:03:2468] N: started process, pid: 91785
[2026/09/25 22:54:03:2474] N: started process, pid: 91786
[2026/09/25 22:54:03:2482] N: started process, pid: 91787
[2026/09/25 22:54:03:2493] N: started process, pid: 91788
[2026/09/25 22:54:03:2507] N: started process, pid: 91795
[2026/09/25 22:54:03:2513] N: started process, pid: 91802
[2026/09/25 22:54:03:3343] N: WS closed from (unix skt), clients: 9
[2026/09/25 22:54:03:3344] N: killing process, pid: 91783
[2026/09/25 22:54:03:3349] N: process killed with signal 1, pid: 91783
[2026/09/25 22:54:03:4095] N: WS closed from (unix skt), clients: 8
[2026/09/25 22:54:03:4096] N: killing process, pid: 91795
[2026/09/25 22:54:03:4100] N: process killed with signal 1, pid: 91795
[2026/09/25 22:54:03:5371] N: WS closed from (unix skt), clients: 7
[2026/09/25 22:54:03:5372] N: killing process, pid: 91781
[2026/09/25 22:54:03:5377] N: process killed with signal 0, pid: 91781
[2026/09/25 22:54:03:5854] N: WS closed from (unix skt), clients: 6
[2026/09/25 22:54:03:5854] N: killing process, pid: 91786
[2026/09/25 22:54:03:5859] N: process killed with signal 0, pid: 91786
[2026/09/25 22:54:03:5985] N: WS closed from (unix skt), clients: 5
[2026/09/25 22:54:03:5985] N: killing process, pid: 91785
[2026/09/25 22:54:03:5990] N: process killed with signal 0, pid: 91785
[2026/09/25 22:54:03:6257] N: WS closed from (unix skt), clients: 4
[2026/09/25 22:54:03:6257] N: killing process, pid: 91787
[2026/09/25 22:54:03:6261] N: process killed with signal 0, pid: 91787
[2026/09/25 22:54:04:0751] N: WS closed from (unix skt), clients: 3
[2026/09/25 22:54:04:0752] N: killing process, pid: 91782
[2026/09/25 22:54:04:0765] N: process killed with signal 0, pid: 91782
[2026/09/25 22:54:04:1134] N: WS closed from (unix skt), clients: 2
[2026/09/25 22:54:04:1135] N: killing process, pid: 91788
[2026/09/25 22:54:04:1148] N: process killed with signal 0, pid: 91788
[2026/09/25 22:54:05:2449] N: WS closed from (unix skt), clients: 1
[2026/09/25 22:54:05:2450] N: killing process, pid: 91784
[2026/09/25 22:54:05:2450] N: WS closed from (unix skt), clients: 0
[2026/09/25 22:54:05:2450] N: killing process, pid: 91802
[2026/09/25 22:54:05:2463] N: process killed with signal 0, pid: 91784
[2026/09/25 22:54:05:2463] N: process killed with signal 0, pid: 91802
[2026/09/25 22:54:05:2583] N: WS   /ws - (unix skt), clients: 1
[2026/09/25 22:54:05:2583] N: WS   /ws - (unix skt), clients: 2
[2026/09/25 22:54:05:2583] N: WS   /ws - (unix skt), clients: 3
[2026/09/25 22:54:05:2584] N: WS   /ws - (unix skt), clients: 4
[2026/09/25 22:54:05:2584] N: WS   /ws - (unix skt), clients: 5
[2026/09/25 22:54:05:2584] N: WS   /ws - (unix skt), clients: 6
[2026/09/25 22:54:05:2584] N: WS   /ws - (unix skt), clients: 7
[2026/09/25 22:54:05:2584] N: WS   /ws - (unix skt), clients: 8
[2026/09/25 22:54:05:2584] N: WS   /ws - (unix skt), clients: 9
[2026/09/25 22:54:05:2584] N: WS   /ws - (unix skt), clients: 10
[2026/09/25 22:54:05:2593] N: started process, pid: 92062
[2026/09/25 22:54:05:2598] N: started process, pid: 92063
[2026/09/25 22:54:05:2603] N: started process, pid: 92064
[2026/09/25 22:54:05:2609] N: started process, pid: 92065
[2026/09/25 22:54:05:2619] N: started process, pid: 92066
[2026/09/25 22:54:05:2627] N: started process, pid: 92067
[2026/09/25 22:54:05:2634] N: started process, pid: 92068
[2026/09/25 22:54:05:2647] N: started process, pid: 92069
[2026/09/25 22:54:05:2660] N: started process, pid: 92076
[2026/09/25 22:54:05:2671] N: started process, pid: 92083
[2026/09/25 22:54:05:3488] N: WS closed from (unix skt), clients: 9
[2026/09/25 22:54:05:3489] N: killing process, pid: 92064
[2026/09/25 22:54:05:3492] N: process killed with signal 1, pid: 92064
[2026/09/25 22:54:05:4236] N: WS closed from (unix skt), clients: 8
[2026/09/25 22:54:05:4237] N: killing process, pid: 92076
[2026/09/25 22:54:05:4239] N: process killed with signal 1, pid: 92076
[2026/09/25 22:54:05:5110] N: WS closed from (unix skt), clients: 7
[2026/09/25 22:54:05:5110] N: killing process, pid: 92062
[2026/09/25 22:54:05:5115] N: process killed with signal 0, pid: 92062
[2026/09/25 22:54:05:5622] N: WS closed from (unix skt), clients: 6
[2026/09/25 22:54:05:5622] N: killing process, pid: 92065
[2026/09/25 22:54:05:5627] N: process killed with signal 0, pid: 92065
[2026/09/25 22:54:05:5960] N: WS closed from (unix skt), clients: 5
[2026/09/25 22:54:05:5960] N: killing process, pid: 92068
[2026/09/25 22:54:05:5964] N: process killed with signal 0, pid: 92068
[2026/09/25 22:54:05:6091] N: WS closed from (unix skt), clients: 4
[2026/09/25 22:54:05:6091] N: killing process, pid: 92067
[2026/09/25 22:54:05:6095] N: process killed with signal 0, pid: 92067
[2026/09/25 22:54:06:0536] N: WS closed from (unix skt), clients: 3
[2026/09/25 22:54:06:0537] N: killing process, pid: 92063
[2026/09/25 22:54:06:0543] N: process killed with signal 0, pid: 92063
[2026/09/25 22:54:06:0858] N: WS closed from (unix skt), clients: 2
[2026/09/25 22:54:06:0859] N: killing process, pid: 92069
[2026/09/25 22:54:06:0868] N: process killed with signal 0, pid: 92069
[2026/09/25 22:54:07:2602] N: WS closed from (unix skt), clients: 1
[2026/09/25 22:54:07:2603] N: killing process, pid: 92066
[2026/09/25 22:54:07:2603] N: WS closed from (unix skt), clients: 0
[2026/09/25 22:54:07:2603] N: killing process, pid: 92083
[2026/09/25 22:54:07:2612] N: process killed with signal 0, pid: 92066
[2026/09/25 22:54:07:2618] N: process killed with signal 0, pid: 92083
[2026/09/25 22:54:07:2738] N: WS   /ws - (unix skt), clients: 1
[2026/09/25 22:54:07:2739] N: WS   /ws - (unix skt), clients: 2
[2026/09/25 22:54:07:2739] N: WS   /ws - (unix skt), clients: 3
[2026/09/25 22:54:07:2739] N: WS   /ws - (unix skt), clients: 4
[2026/09/25 22:54:07:2739] N: WS   /ws - (unix skt), clients: 5
[2026/09/25 22:54:07:2739] N: WS   /ws - (unix skt), clients: 6
[2026/09/25 22:54:07:2739] N: WS   /ws - (unix skt), clients: 7
[2026/09/25 22:54:07:2740] N: WS   /ws - (unix skt), clients: 8
[2026/09/25 22:54:07:2740] N: WS   /ws - (unix skt), clients: 9
[2026/09/25 22:54:07:2740] N: WS   /ws - (unix skt), clients: 10
[2026/09/25 22:54:07:2753] N: started process, pid: 92356
[2026/09/25 22:54:07:2760] N: started process, pid: 92357
[2026/09/25 22:54:07:2767] N: started process, pid: 92358
[2026/09/25 22:54:07:2772] N: started process, pid: 92359
[2026/09/25 22:54:07:2777] N: started process, pid: 92360
[2026/09/25 22:54:07:2783] N: started process, pid: 92361
[2026/09/25 22:54:07:2790] N: started process, pid: 92362
[2026/09/25 22:54:07:2801] N: started process, pid: 92363
[2026/09/25 22:54:07:2809] N: started process, pid: 92366
[2026/09/25 22:54:07:2818] N: started process, pid: 92370
[2026/09/25 22:54:07:4013] N: WS closed from (unix skt), clients: 9
[2026/09/25 22:54:07:4013] N: killing process, pid: 92358
[2026/09/25 22:54:07:4016] N: process killed with signal 1, pid: 92358
[2026/09/25 22:54:07:4534] N: WS closed from (unix skt), clients: 8
[2026/09/25 22:54:07:4534] N: killing process, pid: 92366
[2026/09/25 22:54:07:4536] N: process killed with signal 1, pid: 92366
[2026/09/25 22:54:07:5751] N: WS closed from (unix skt), clients: 7
[2026/09/25 22:54:07:5752] N: killing process, pid: 92356
[2026/09/25 22:54:07:5756] N: process killed with signal 0, pid: 92356
[2026/09/25 22:54:07:6163] N: WS closed from (unix skt), clients: 6
[2026/09/25 22:54:07:6163] N: killing process, pid: 92360
[2026/09/25 22:54:07:6166] N: process killed with signal 0, pid: 92360
[2026/09/25 22:54:07:6284] N: WS closed from (unix skt), clients: 5
[2026/09/25 22:54:07:6284] N: killing process, pid: 92361
[2026/09/25 22:54:07:6288] N: process killed with signal 0, pid: 92361
[2026/09/25 22:54:07:6528] N: WS closed from (unix skt), clients: 4
[2026/09/25 22:54:07:6528] N: killing process, pid: 92362
[2026/09/25 22:54:07:6532] N: process killed with signal 0, pid: 92362
[2026/09/25 22:54:08:0658] N: WS closed from (unix skt), clients: 3
[2026/09/25 22:54:08:0660] N: killing process, pid: 92357
[2026/09/25 22:54:08:0676] N: process killed with signal 0, pid: 92357
[2026/09/25 22:54:08:1424] N: WS closed from (unix skt), clients: 2
[2026/09/25 22:54:08:1425] N: killing process, pid: 92363
[2026/09/25 22:54:08:1443] N: process killed with signal 0, pid: 92363
[2026/09/25 22:54:09:2746] N: WS closed from (unix skt), clients: 1
[2026/09/25 22:54:09:2746] N: killing process, pid: 92359
[2026/09/25 22:54:09:2747] N: WS closed from (unix skt), clients: 0
[2026/09/25 22:54:09:2747] N: killing process, pid: 92370
[2026/09/25 22:54:09:2755] N: process killed with signal 0, pid: 92359
[2026/09/25 22:54:09:2765] N: process killed with signal 0, pid: 92370
[2026/09/25 22:54:09:2857] N: WS   /ws - (unix skt), clients: 1
[2026/09/25 22:54:09:2858] N: WS   /ws - (unix skt), clients: 2
[2026/09/25 22:54:09:2858] N: WS   /ws - (unix skt), clients: 3
[2026/09/25 22:54:09:2858] N: WS   /ws - (unix skt), clients: 4
[2026/09/25 22:54:09:2858] N: WS   /ws - (unix skt), clients: 5
[2026/09/25 22:54:09:2858] N: WS   /ws - (unix skt), clients: 6
[2026/09/25 22:54:09:2858] N: WS   /ws - (unix skt), clients: 7
[2026/09/25 22:54:09:2859] N: WS   /ws - (unix skt), clients: 8
[2026/09/25 22:54:09:2859] N: WS   /ws - (unix skt), clients: 9
[2026/09/25 22:54:09:2859] N: WS   /ws - (unix skt), clients: 10
[2026/09/25 22:54:09:2868] N: started process, pid: 92665
[2026/09/25 22:54:09:2874] N: started process, pid: 92666
[2026/09/25 22:54:09:2879] N: started process, pid: 92667
[2026/09/25 22:54:09:2886] N: started process, pid: 92668
[2026/09/25 22:54:09:2898] N: started process, pid: 92669
[2026/09/25 22:54:09:2908] N: started process, pid: 92670
[2026/09/25 22:54:09:2917] N: started process, pid: 92671
[2026/09/25 22:54:09:2939] N: started process, pid: 92675
[2026/09/25 22:54:09:2954] N: started process, pid: 92687
[2026/09/25 22:54:09:2969] N: started process, pid: 92690
[2026/09/25 22:54:09:4417] N: WS closed from (unix skt), clients: 9
[2026/09/25 22:54:09:4418] N: killing process, pid: 92667
[2026/09/25 22:54:09:4422] N: process killed with signal 1, pid: 92667
[2026/09/25 22:54:09:5029] N: WS closed from (unix skt), clients: 8
[2026/09/25 22:54:09:5029] N: killing process, pid: 92687
[2026/09/25 22:54:09:5032] N: process killed with signal 1, pid: 92687
[2026/09/25 22:54:09:6140] N: WS closed from (unix skt), clients: 7
[2026/09/25 22:54:09:6140] N: killing process, pid: 92665
[2026/09/25 22:54:09:6144] N: process killed with signal 0, pid: 92665
[2026/09/25 22:54:09:6414] N: WS closed from (unix skt), clients: 6
[2026/09/25 22:54:09:6415] N: killing process, pid: 92671
[2026/09/25 22:54:09:6418] N: process killed with signal 0, pid: 92671
[2026/09/25 22:54:09:6594] N: WS closed from (unix skt), clients: 5
[2026/09/25 22:54:09:6594] N: killing process, pid: 92670
[2026/09/25 22:54:09:6597] N: process killed with signal 0, pid: 92670
[2026/09/25 22:54:09:6915] N: WS closed from (unix skt), clients: 4
[2026/09/25 22:54:09:6915] N: killing process, pid: 92669
[2026/09/25 22:54:09:6919] N: process killed with signal 0, pid: 92669
[2026/09/25 22:54:10:0519] N: WS closed from (unix skt), clients: 3
[2026/09/25 22:54:10:0519] N: killing process, pid: 92666
[2026/09/25 22:54:10:0527] N: process killed with signal 0, pid: 92666
[2026/09/25 22:54:10:1939] N: WS closed from (unix skt), clients: 2
[2026/09/25 22:54:10:1941] N: killing process, pid: 92675
[2026/09/25 22:54:10:1956] N: process killed with signal 0, pid: 92675
[2026/09/25 22:54:11:2858] N: WS closed from (unix skt), clients: 1
[2026/09/25 22:54:11:2859] N: killing process, pid: 92668
[2026/09/25 22:54:11:2859] N: WS closed from (unix skt), clients: 0
[2026/09/25 22:54:11:2860] N: killing process, pid: 92690
[2026/09/25 22:54:11:2873] N: process killed with signal 0, pid: 92668
[2026/09/25 22:54:11:2874] N: process killed with signal 0, pid: 92690
[2026/09/25 22:54:11:2974] N: WS   /ws - (unix skt), clients: 1
[2026/09/25 22:54:11:2974] N: WS   /ws - (unix skt), clients: 2
[2026/09/25 22:54:11:2974] N: WS   /ws - (unix skt), clients: 3
[2026/09/25 22:54:11:2975] N: WS   /ws - (unix skt), clients: 4
[2026/09/25 22:54:11:2975] N: WS   /ws - (unix skt), clients: 5
[2026/09/25 22:54:11:2975] N: WS   /ws - (unix skt), clients: 6
[2026/09/25 22:54:11:2975] N: WS   /ws - (unix skt), clients: 7
[2026/09/25 22:54:11:2975] N: WS   /ws - (unix skt), clients: 8
[2026/09/25 22:54:11:2975] N: WS   /ws - (unix skt), clients: 9
[2026/09/25 22:54:11:2975] N: WS   /ws - (unix skt), clients: 10
[2026/09/25 22:54:11:2982] N: started process, pid: 93004
[2026/09/25 22:54:11:2985] N: started process, pid: 93005
[2026/09/25 22:54:11:2989] N: started process, pid: 93006
[2026/09/25 22:54:11:3001] N: started process, pid: 93008
[2026/09/25 22:54:11:3005] N: started process, pid: 93009
[2026/09/25 22:54:11:3018] N: started process, pid: 93010
[2026/09/25 22:54:11:3031] N: started process, pid: 93015
[2026/09/25 22:54:11:3042] N: started process, pid: 93022
[2026/09/25 22:54:11:3049] N: started process, pid: 93024
[2026/09/25 22:54:11:3063] N: started process, pid: 93026
[2026/09/25 22:54:11:3673] N: WS closed from (unix skt), clients: 9
[2026/09/25 22:54:11:3673] N: killing process, pid: 93006
[2026/09/25 22:54:11:3677] N: process killed with signal 1, pid: 93006
[2026/09/25 22:54:11:4738] N: WS closed from (unix skt), clients: 8
[2026/09/25 22:54:11:4738] N: killing process, pid: 93024
[2026/09/25 22:54:11:4741] N: process killed with signal 1, pid: 93024
[2026/09/25 22:54:11:5839] N: WS closed from (unix skt), clients: 7
[2026/09/25 22:54:11:5840] N: killing process, pid: 93004
[2026/09/25 22:54:11:5844] N: process killed with signal 0, pid: 93004
[2026/09/25 22:54:11:6462] N: WS closed from (unix skt), clients: 6
[2026/09/25 22:54:11:6462] N: killing process, pid: 93009
[2026/09/25 22:54:11:6462] N: WS closed from (unix skt), clients: 5
[2026/09/25 22:54:11:6463] N: killing process, pid: 93010
[2026/09/25 22:54:11:6467] N: process killed with signal 0, pid: 93009
[2026/09/25 22:54:11:6468] N: process killed with signal 0, pid: 93010
[2026/09/25 22:54:11:6601] N: WS closed from (unix skt), clients: 4
[2026/09/25 22:54:11:6601] N: killing process, pid: 93015
[2026/09/25 22:54:11:6606] N: process killed with signal 0, pid: 93015
[2026/09/25 22:54:12:0966] N: WS closed from (unix skt), clients: 3
[2026/09/25 22:54:12:0966] N: killing process, pid: 93005
[2026/09/25 22:54:12:0973] N: process killed with signal 0, pid: 93005
[2026/09/25 22:54:12:1360] N: WS closed from (unix skt), clients: 2
[2026/09/25 22:54:12:1363] N: killing process, pid: 93022
[2026/09/25 22:54:12:1380] N: process killed with signal 0, pid: 93022
[2026/09/25 22:54:13:2993] N: WS closed from (unix skt), clients: 1
[2026/09/25 22:54:13:2994] N: killing process, pid: 93008
[2026/09/25 22:54:13:2995] N: WS closed from (unix skt), clients: 0
[2026/09/25 22:54:13:2995] N: killing process, pid: 93026
[2026/09/25 22:54:13:3010] N: process killed with signal 0, pid: 93008
[2026/09/25 22:54:13:3010] N: process killed with signal 0, pid: 93026
[2026/09/25 22:54:13:3110] N: WS   /ws - (unix skt), clients: 1
[2026/09/25 22:54:13:3110] N: WS   /ws - (unix skt), clients: 2
[2026/09/25 22:54:13:3110] N: WS   /ws - (unix skt), clients: 3
[2026/09/25 22:54:13:3110] N: WS   /ws - (unix skt), clients: 4
[2026/09/25 22:54:13:3110] N: WS   /ws - (unix skt), clients: 5
[2026/09/25 22:54:13:3110] N: WS   /ws - (unix skt), clients: 6
[2026/09/25 22:54:13:3111] N: WS   /ws - (unix skt), clients: 7
[2026/09/25 22:54:13:3111] N: WS   /ws - (unix skt), clients: 8
[2026/09/25 22:54:13:3111] N: WS   /ws - (unix skt), clients: 9
[2026/09/25 22:54:13:3111] N: WS   /ws - (unix skt), clients: 10
[2026/09/25 22:54:13:3119] N: started process, pid: 93246
[2026/09/25 22:54:13:3123] N: started process, pid: 93247
[2026/09/25 22:54:13:3128] N: started process, pid: 93248
[2026/09/25 22:54:13:3135] N: started process, pid: 93249
[2026/09/25 22:54:13:3144] N: started process, pid: 93250
[2026/09/25 22:54:13:3153] N: started process, pid: 93251
[2026/09/25 22:54:13:3164] N: started process, pid: 93252
[2026/09/25 22:54:13:3172] N: started process, pid: 93254
[2026/09/25 22:54:13:3182] N: started process, pid: 93262
[2026/09/25 22:54:13:3201] N: started process, pid: 93266
[2026/09/25 22:54:13:4668] N: WS closed from (unix skt), clients: 9
[2026/09/25 22:54:13:4668] N: killing process, pid: 93248
[2026/09/25 22:54:13:4672] N: process killed with signal 1, pid: 93248
[2026/09/25 22:54:13:4982] N: WS closed from (unix skt), clients: 8
[2026/09/25 22:54:13:4982] N: killing process, pid: 93262
[2026/09/25 22:54:13:4987] N: process killed with signal 1, pid: 93262
[2026/09/25 22:54:13:5723] N: WS closed from (unix skt), clients: 7
[2026/09/25 22:54:13:5724] N: killing process, pid: 93246
[2026/09/25 22:54:13:5728] N: process killed with signal 0, pid: 93246
[2026/09/25 22:54:13:6399] N: WS closed from (unix skt), clients: 6
[2026/09/25 22:54:13:6399] N: killing process, pid: 93250
[2026/09/25 22:54:13:6404] N: process killed with signal 0, pid: 93250
[2026/09/25 22:54:13:6549] N: WS closed from (unix skt), clients: 5
[2026/09/25 22:54:13:6549] N: killing process, pid: 93252
[2026/09/25 22:54:13:6554] N: process killed with signal 0, pid: 93252
[2026/09/25 22:54:13:6974] N: WS closed from (unix skt), clients: 4
[2026/09/25 22:54:13:6975] N: killing process, pid: 93251
[2026/09/25 22:54:13:6978] N: process killed with signal 0, pid: 93251
[2026/09/25 22:54:14:1180] N: WS closed from (unix skt), clients: 3
[2026/09/25 22:54:14:1181] N: killing process, pid: 93247
[2026/09/25 22:54:14:1196] N: process killed with signal 0, pid: 93247
[2026/09/25 22:54:14:1881] N: WS closed from (unix skt), clients: 2
[2026/09/25 22:54:14:1882] N: killing process, pid: 93254
[2026/09/25 22:54:14:1898] N: process killed with signal 0, pid: 93254
[2026/09/25 22:54:15:3139] N: WS closed from (unix skt), clients: 1
[2026/09/25 22:54:15:3140] N: killing process, pid: 93249
[2026/09/25 22:54:15:3140] N: WS closed from (unix skt), clients: 0
[2026/09/25 22:54:15:3141] N: killing process, pid: 93266
[2026/09/25 22:54:15:3160] N: process killed with signal 0, pid: 93249
[2026/09/25 22:54:15:3161] N: process killed with signal 0, pid: 93266
[2026/09/25 22:54:15:3276] N: WS   /ws - (unix skt), clients: 1
[2026/09/25 22:54:15:3276] N: WS   /ws - (unix skt), clients: 2
[2026/09/25 22:54:15:3276] N: WS   /ws - (unix skt), clients: 3
[2026/09/25 22:54:15:3277] N: WS   /ws - (unix skt), clients: 4
[2026/09/25 22:54:15:3277] N: WS   /ws - (unix skt), clients: 5
[2026/09/25 22:54:15:3277] N: WS   /ws - (unix skt), clients: 6
[2026/09/25 22:54:15:3277] N: WS   /ws - (unix skt), clients: 7
[2026/09/25 22:54:15:3277] N: WS   /ws - (unix skt), clients: 8
[2026/09/25 22:54:15:3277] N: WS   /ws - (unix skt), clients: 9
[2026/09/25 22:54:15:3278] N: WS   /ws - (unix skt), clients: 10
[2026/09/25 22:54:15:3287] N: started process, pid: 93596
[2026/09/25 22:54:15:3295] N: started process, pid: 93597
[2026/09/25 22:54:15:3301] N: started process, pid: 93598
[2026/09/25 22:54:15:3309] N: started process, pid: 93599
[2026/09/25 22:54:15:3321] N: started process, pid: 93601
[2026/09/25 22:54:15:3330] N: started process, pid: 93602
[2026/09/25 22:54:15:3340] N: started process, pid: 93603
[2026/09/25 22:54:15:3350] N: started process, pid: 93605
[2026/09/25 22:54:15:3360] N: started process, pid: 93608
[2026/09/25 22:54:15:3372] N: started process, pid: 93611
[2026/09/25 22:54:15:3942] N: WS closed from (unix skt), clients: 9
[2026/09/25 22:54:15:3942] N: killing process, pid: 93598
[2026/09/25 22:54:15:3947] N: process killed with signal 1, pid: 93598
[2026/09/25 22:54:15:5129] N: WS closed from (unix skt), clients: 8
[2026/09/25 22:54:15:5130] N: killing process, pid: 93608
[2026/09/25 22:54:15:5133] N: process killed with signal 1, pid: 93608
[2026/09/25 22:54:15:6674] N: WS closed from (unix skt), clients: 7
[2026/09/25 22:54:15:6674] N: killing process, pid: 93596
[2026/09/25 22:54:15:6675] N: WS closed from (unix skt), clients: 6
[2026/09/25 22:54:15:6675] N: killing process, pid: 93599
[2026/09/25 22:54:15:6675] N: WS closed from (unix skt), clients: 5
[2026/09/25 22:54:15:6675] N: killing process, pid: 93603
[2026/09/25 22:54:15:6680] N: process killed with signal 0, pid: 93596
[2026/09/25 22:54:15:6680] N: process killed with signal 0, pid: 93603
[2026/09/25 22:54:15:6681] N: process killed with signal 0, pid: 93599
[2026/09/25 22:54:15:6807] N: WS closed from (unix skt), clients: 4
[2026/09/25 22:54:15:6807] N: killing process, pid: 93602
[2026/09/25 22:54:15:6811] N: process killed with signal 0, pid: 93602
[2026/09/25 22:54:16:1696] N: WS closed from (unix skt), clients: 3
[2026/09/25 22:54:16:1697] N: killing process, pid: 93597
[2026/09/25 22:54:16:1710] N: process killed with signal 0, pid: 93597
[2026/09/25 22:54:16:2144] N: WS closed from (unix skt), clients: 2
[2026/09/25 22:54:16:2145] N: killing process, pid: 93605
[2026/09/25 22:54:16:2160] N: process killed with signal 0, pid: 93605
[2026/09/25 22:54:17:3291] N: WS closed from (unix skt), clients: 1
[2026/09/25 22:54:17:3291] N: killing process, pid: 93601
[2026/09/25 22:54:17:3291] N: WS closed from (unix skt), clients: 0
[2026/09/25 22:54:17:3292] N: killing process, pid: 93611
[2026/09/25 22:54:17:3302] N: process killed with signal 0, pid: 93601
[2026/09/25 22:54:17:3303] N: process killed with signal 0, pid: 93611
[2026/09/25 22:54:17:3402] N: WS   /ws - (unix skt), clients: 1
[2026/09/25 22:54:17:3403] N: WS   /ws - (unix skt), clients: 2
[2026/09/25 22:54:17:3403] N: WS   /ws - (unix skt), clients: 3
[2026/09/25 22:54:17:3403] N: WS   /ws - (unix skt), clients: 4
[2026/09/25 22:54:17:3403] N: WS   /ws - (unix skt), clients: 5
[2026/09/25 22:54:17:3403] N: WS   /ws - (unix skt), clients: 6
[2026/09/25 22:54:17:3403] N: WS   /ws - (unix skt), clients: 7
[2026/09/25 22:54:17:3403] N: WS   /ws - (unix skt), clients: 8
[2026/09/25 22:54:17:3403] N: WS   /ws - (unix skt), clients: 9
[2026/09/25 22:54:17:3404] N: WS   /ws - (unix skt), clients: 10
[2026/09/25 22:54:17:3412] N: started process, pid: 93831
[2026/09/25 22:54:17:3417] N: started process, pid: 93832
[2026/09/25 22:54:17:3423] N: started process, pid: 93833
[2026/09/25 22:54:17:3429] N: started process, pid: 93834
[2026/09/25 22:54:17:3438] N: started process, pid: 93835
[2026/09/25 22:54:17:3445] N: started process, pid: 93836
[2026/09/25 22:54:17:3457] N: started process, pid: 93837
[2026/09/25 22:54:17:3463] N: started process, pid: 93839
[2026/09/25 22:54:17:3472] N: started process, pid: 93843
[2026/09/25 22:54:17:3487] N: started process, pid: 93849
[2026/09/25 22:54:17:4343] N: WS closed from (unix skt), clients: 9
[2026/09/25 22:54:17:4343] N: killing process, pid: 93833
[2026/09/25 22:54:17:4348] N: process killed with signal 1, pid: 93833
[2026/09/25 22:54:17:5113] N: WS closed from (unix skt), clients: 8
[2026/09/25 22:54:17:5114] N: killing process, pid: 93843
[2026/09/25 22:54:17:5117] N: process killed with signal 1, pid: 93843
[2026/09/25 22:54:17:6485] N: WS closed from (unix skt), clients: 7
[2026/09/25 22:54:17:6485] N: killing process, pid: 93831
[2026/09/25 22:54:17:6489] N: process killed with signal 0, pid: 93831
[2026/09/25 22:54:17:6745] N: WS closed from (unix skt), clients: 6
[2026/09/25 22:54:17:6746] N: killing process, pid: 93837
[2026/09/25 22:54:17:6751] N: process killed with signal 0, pid: 93837
[2026/09/25 22:54:17:6851] N: WS closed from (unix skt), clients: 5
[2026/09/25 22:54:17:6851] N: killing process, pid: 93835
[2026/09/25 22:54:17:6855] N: process killed with signal 0, pid: 93835
[2026/09/25 22:54:17:7118] N: WS closed from (unix skt), clients: 4
[2026/09/25 22:54:17:7119] N: killing process, pid: 93836
[2026/09/25 22:54:17:7122] N: process killed with signal 0, pid: 93836
[2026/09/25 22:54:18:1364] N: WS closed from (unix skt), clients: 3
[2026/09/25 22:54:18:1364] N: killing process, pid: 93832
[2026/09/25 22:54:18:1373] N: process killed with signal 0, pid: 93832
[2026/09/25 22:54:18:2019] N: WS closed from (unix skt), clients: 2
[2026/09/25 22:54:18:2020] N: killing process, pid: 93839
[2026/09/25 22:54:18:2030] N: process killed with signal 0, pid: 93839
[2026/09/25 22:54:19:3423] N: WS closed from (unix skt), clients: 1
[2026/09/25 22:54:19:3423] N: killing process, pid: 93834
[2026/09/25 22:54:19:3423] N: WS closed from (unix skt), clients: 0
[2026/09/25 22:54:19:3424] N: killing process, pid: 93849
[2026/09/25 22:54:19:3432] N: process killed with signal 0, pid: 93834
[2026/09/25 22:54:19:3441] N: process killed with signal 0, pid: 93849
[2026/09/25 22:54:19:3551] N: WS   /ws - (unix skt), clients: 1
[2026/09/25 22:54:19:3551] N: WS   /ws - (unix skt), clients: 2
[2026/09/25 22:54:19:3551] N: WS   /ws - (unix skt), clients: 3
[2026/09/25 22:54:19:3551] N: WS   /ws - (unix skt), clients: 4
[2026/09/25 22:54:19:3551] N: WS   /ws - (unix skt), clients: 5
[2026/09/25 22:54:19:3551] N: WS   /ws - (unix skt), clients: 6
[2026/09/25 22:54:19:3551] N: WS   /ws - (unix skt), clients: 7
[2026/09/25 22:54:19:3551] N: WS   /ws - (unix skt), clients: 8
[2026/09/25 22:54:19:3552] N: WS   /ws - (unix skt), clients: 9
[2026/09/25 22:54:19:3552] N: WS   /ws - (unix skt), clients: 10
[2026/09/25 22:54:19:3558] N: started process, pid: 94143
[2026/09/25 22:54:19:3563] N: started process, pid: 94144
[2026/09/25 22:54:19:3569] N: started process, pid: 94145
[2026/09/25 22:54:19:3574] N: started process, pid: 94146
[2026/09/25 22:54:19:3579] N: started process, pid: 94147
[2026/09/25 22:54:19:3587] N: started process, pid: 94148
[2026/09/25 22:54:19:3599] N: started process, pid: 94150
[2026/09/25 22:54:19:3611] N: started process, pid: 94157
[2026/09/25 22:54:19:3621] N: started process, pid: 94163
[2026/09/25 22:54:19:3640] N: started process, pid: 94164
[2026/09/25 22:54:19:4538] N: WS closed from (unix skt), clients: 9
[2026/09/25 22:54:19:4539] N: killing process, pid: 94145
[2026/09/25 22:54:19:4542] N: process killed with signal 1, pid: 94145
[2026/09/25 22:54:19:5278] N: WS closed from (unix skt), clients: 8
[2026/09/25 22:54:19:5278] N: killing process, pid: 94163
[2026/09/25 22:54:19:5282] N: process killed with signal 1, pid: 94163
[2026/09/25 22:54:19:6363] N: WS closed from (unix skt), clients: 7
[2026/09/25 22:54:19:6364] N: killing process, pid: 94143
[2026/09/25 22:54:19:6368] N: process killed with signal 0, pid: 94143
[2026/09/25 22:54:19:6940] N: WS closed from (unix skt), clients: 6
[2026/09/25 22:54:19:6940] N: killing process, pid: 94148
[2026/09/25 22:54:19:6944] N: process killed with signal 0, pid: 94148
[2026/09/25 22:54:19:7061] N: WS closed from (unix skt), clients: 5
[2026/09/25 22:54:19:7061] N: killing process, pid: 94150
[2026/09/25 22:54:19:7065] N: process killed with signal 0, pid: 94150
[2026/09/25 22:54:19:7271] N: WS closed from (unix skt), clients: 4
[2026/09/25 22:54:19:7272] N: killing process, pid: 94147
[2026/09/25 22:54:19:7278] N: process killed with signal 0, pid: 94147
[2026/09/25 22:54:20:1582] N: WS closed from (unix skt), clients: 3
[2026/09/25 22:54:20:1582] N: killing process, pid: 94144
[2026/09/25 22:54:20:1593] N: process killed with signal 0, pid: 94144
[2026/09/25 22:54:20:2197] N: WS closed from (unix skt), clients: 2
[2026/09/25 22:54:20:2198] N: killing process, pid: 94157
[2026/09/25 22:54:20:2206] N: process killed with signal 0, pid: 94157
[2026/09/25 22:54:21:3575] N: WS closed from (unix skt), clients: 1
[2026/09/25 22:54:21:3576] N: killing process, pid: 94146
[2026/09/25 22:54:21:3576] N: WS closed from (unix skt), clients: 0
[2026/09/25 22:54:21:3576] N: killing process, pid: 94164
[2026/09/25 22:54:21:3589] N: process killed with signal 0, pid: 94146
[2026/09/25 22:54:21:3590] N: process killed with signal 0, pid: 94164
[2026/09/25 22:54:21:3706] N: WS   /ws - (unix skt), clients: 1
[2026/09/25 22:54:21:3706] N: WS   /ws - (unix skt), clients: 2
[2026/09/25 22:54:21:3706] N: WS   /ws - (unix skt), clients: 3
[2026/09/25 22:54:21:3706] N: WS   /ws - (unix skt), clients: 4
[2026/09/25 22:54:21:3707] N: WS   /ws - (unix skt), clients: 5
[2026/09/25 22:54:21:3707] N: WS   /ws - (unix skt), clients: 6
[2026/09/25 22:54:21:3707] N: WS   /ws - (unix skt), clients: 7
[2026/09/25 22:54:21:3707] N: WS   /ws - (unix skt), clients: 8
[2026/09/25 22:54:21:3707] N: WS   /ws - (unix skt), clients: 9
[2026/09/25 22:54:21:3707] N: WS   /ws - (unix skt), clients: 10
[2026/09/25 22:54:21:3716] N: started process, pid: 94410
[2026/09/25 22:54:21:3722] N: started process, pid: 94411
[2026/09/25 22:54:21:3728] N: started process, pid: 94412
[2026/09/25 22:54:21:3738] N: started process, pid: 94413
[2026/09/25 22:54:21:3747] N: started process, pid: 94414
[2026/09/25 22:54:21:3758] N: started process, pid: 94415
[2026/09/25 22:54:21:3766] N: started process, pid: 94416
[2026/09/25 22:54:21:3780] N: started process, pid: 94420
[2026/09/25 22:54:21:3790] N: started process, pid: 94428
[2026/09/25 22:54:21:3805] N: started process, pid: 94432
[2026/09/25 22:54:21:4650] N: WS closed from (unix skt), clients: 9
[2026/09/25 22:54:21:4651] N: killing process, pid: 94412
[2026/09/25 22:54:21:4654] N: process killed with signal 1, pid: 94412
[2026/09/25 22:54:21:5430] N: WS closed from (unix skt), clients: 8
[2026/09/25 22:54:21:5430] N: killing process, pid: 94428
[2026/09/25 22:54:21:5433] N: process killed with signal 1, pid: 94428
[2026/09/25 22:54:21:6663] N: WS closed from (unix skt), clients: 7
[2026/09/25 22:54:21:6663] N: killing process, pid: 94410
[2026/09/25 22:54:21:6668] N: process killed with signal 0, pid: 94410
[2026/09/25 22:54:21:7062] N: WS closed from (unix skt), clients: 6
[2026/09/25 22:54:21:7062] N: killing process, pid: 94416
[2026/09/25 22:54:21:7066] N: process killed with signal 0, pid: 94416
[2026/09/25 22:54:21:7304] N: WS closed from (unix skt), clients: 5
[2026/09/25 22:54:21:7305] N: killing process, pid: 94414
[2026/09/25 22:54:21:7308] N: process killed with signal 0, pid: 94414
[2026/09/25 22:54:21:7434] N: WS closed from (unix skt), clients: 4
[2026/09/25 22:54:21:7434] N: killing process, pid: 94415
[2026/09/25 22:54:21:7437] N: process killed with signal 0, pid: 94415
[2026/09/25 22:54:22:1550] N: WS closed from (unix skt), clients: 3
[2026/09/25 22:54:22:1551] N: killing process, pid: 94411
[2026/09/25 22:54:22:1559] N: process killed with signal 0, pid: 94411
[2026/09/25 22:54:22:2186] N: WS closed from (unix skt), clients: 2
[2026/09/25 22:54:22:2187] N: killing process, pid: 94420
[2026/09/25 22:54:22:2201] N: process killed with signal 0, pid: 94420
[2026/09/25 22:54:23:3729] N: WS closed from (unix skt), clients: 1
[2026/09/25 22:54:23:3730] N: killing process, pid: 94413
[2026/09/25 22:54:23:3732] N: WS closed from (unix skt), clients: 0
[2026/09/25 22:54:23:3733] N: killing process, pid: 94432
[2026/09/25 22:54:23:3764] N: process killed with signal 0, pid: 94413
[2026/09/25 22:54:23:3765] N: process killed with signal 0, pid: 94432
[2026/09/25 22:54:23:3995] N: WS   /ws - (unix skt), clients: 1
[2026/09/25 22:54:23:3996] N: WS   /ws - (unix skt), clients: 2
[2026/09/25 22:54:23:3996] N: WS   /ws - (unix skt), clients: 3
[2026/09/25 22:54:23:3996] N: WS   /ws - (unix skt), clients: 4
[2026/09/25 22:54:23:3996] N: WS   /ws - (unix skt), clients: 5
[2026/09/25 22:54:23:3996] N: WS   /ws - (unix skt), clients: 6
[2026/09/25 22:54:23:3997] N: WS   /ws - (unix skt), clients: 7
[2026/09/25 22:54:23:3997] N: WS   /ws - (unix skt), clients: 8
[2026/09/25 22:54:23:3997] N: WS   /ws - (unix skt), clients: 9
[2026/09/25 22:54:23:3997] N: WS   /ws - (unix skt), clients: 10
[2026/09/25 22:54:23:4006] N: started process, pid: 94700
[2026/09/25 22:54:23:4011] N: started process, pid: 94701
[2026/09/25 22:54:23:4017] N: started process, pid: 94702
[2026/09/25 22:54:23:4027] N: started process, pid: 94703
[2026/09/25 22:54:23:4035] N: started process, pid: 94704
[2026/09/25 22:54:23:4047] N: started process, pid: 94705
[2026/09/25 22:54:23:4056] N: started process, pid: 94706
[2026/09/25 22:54:23:4069] N: started process, pid: 94709
[2026/09/25 22:54:23:4079] N: started process, pid: 94716
[2026/09/25 22:54:23:4094] N: started process, pid: 94718
[2026/09/25 22:54:23:5141] N: WS closed from (unix skt), clients: 9
[2026/09/25 22:54:23:5142] N: killing process, pid: 94702
[2026/09/25 22:54:23:5145] N: process killed with signal 1, pid: 94702
[2026/09/25 22:54:23:5516] N: WS closed from (unix skt), clients: 8
[2026/09/25 22:54:23:5516] N: killing process, pid: 94716
[2026/09/25 22:54:23:5519] N: process killed with signal 1, pid: 94716
[2026/09/25 22:54:23:7142] N: WS closed from (unix skt), clients: 7
[2026/09/25 22:54:23:7142] N: killing process, pid: 94700
[2026/09/25 22:54:23:7148] N: process killed with signal 0, pid: 94700
[2026/09/25 22:54:23:7275] N: WS closed from (unix skt), clients: 6
[2026/09/25 22:54:23:7275] N: killing process, pid: 94705
[2026/09/25 22:54:23:7279] N: process killed with signal 0, pid: 94705
[2026/09/25 22:54:23:7535] N: WS closed from (unix skt), clients: 5
[2026/09/25 22:54:23:7535] N: killing process, pid: 94704
[2026/09/25 22:54:23:7539] N: process killed with signal 0, pid: 94704
[2026/09/25 22:54:23:7686] N: WS closed from (unix skt), clients: 4
[2026/09/25 22:54:23:7686] N: killing process, pid: 94706
[2026/09/25 22:54:23:7691] N: process killed with signal 0, pid: 94706
[2026/09/25 22:54:24:1580] N: WS closed from (unix skt), clients: 3
[2026/09/25 22:54:24:1580] N: killing process, pid: 94701
[2026/09/25 22:54:24:1584] N: process killed with signal 0, pid: 94701
[2026/09/25 22:54:24:2425] N: WS closed from (unix skt), clients: 2
[2026/09/25 22:54:24:2426] N: killing process, pid: 94709
[2026/09/25 22:54:24:2435] N: process killed with signal 0, pid: 94709
[2026/09/25 22:54:25:4017] N: WS closed from (unix skt), clients: 1
[2026/09/25 22:54:25:4018] N: killing process, pid: 94703
[2026/09/25 22:54:25:4018] N: WS closed from (unix skt), clients: 0
[2026/09/25 22:54:25:4018] N: killing process, pid: 94718
[2026/09/25 22:54:25:4040] N: process killed with signal 0, pid: 94703
[2026/09/25 22:54:25:4041] N: process killed with signal 0, pid: 94718
[2026/09/25 22:54:25:4135] N: WS   /ws - (unix skt), clients: 1
[2026/09/25 22:54:25:4135] N: WS   /ws - (unix skt), clients: 2
[2026/09/25 22:54:25:4136] N: WS   /ws - (unix skt), clients: 3
[2026/09/25 22:54:25:4136] N: WS   /ws - (unix skt), clients: 4
[2026/09/25 22:54:25:4136] N: WS   /ws - (unix skt), clients: 5
[2026/09/25 22:54:25:4136] N: WS   /ws - (unix skt), clients: 6
[2026/09/25 22:54:25:4136] N: WS   /ws - (unix skt), clients: 7
[2026/09/25 22:54:25:4136] N: WS   /ws - (unix skt), clients: 8
[2026/09/25 22:54:25:4136] N: WS   /ws - (unix skt), clients: 9
[2026/09/25 22:54:25:4137] N: WS   /ws - (unix skt), clients: 10
[2026/09/25 22:54:25:4145] N: started process, pid: 95234
[2026/09/25 22:54:25:4151] N: started process, pid: 95235
[2026/09/25 22:54:25:4159] N: started process, pid: 95236
[2026/09/25 22:54:25:4167] N: started process, pid: 95237
[2026/09/25 22:54:25:4173] N: started process, pid: 95238
[2026/09/25 22:54:25:4179] N: started process, pid: 95239
[2026/09/25 22:54:25:4189] N: started process, pid: 95240
[2026/09/25 22:54:25:4200] N: started process, pid: 95242
[2026/09/25 22:54:25:4213] N: started process, pid: 95250
[2026/09/25 22:54:25:4230] N: started process, pid: 95255
[2026/09/25 22:54:25:5182] N: WS closed from (unix skt), clients: 9
[2026/09/25 22:54:25:5183] N: killing process, pid: 95236
[2026/09/25 22:54:25:5186] N: process killed with signal 1, pid: 95236
[2026/09/25 22:54:25:5578] N: WS closed from (unix skt), clients: 8
[2026/09/25 22:54:25:5578] N: killing process, pid: 95250
[2026/09/25 22:54:25:5581] N: process killed with signal 1, pid: 95250
[2026/09/25 22:54:25:7196] N: WS closed from (unix skt), clients: 7
[2026/09/25 22:54:25:7196] N: killing process, pid: 95234
[2026/09/25 22:54:25:7200] N: process killed with signal 0, pid: 95234
[2026/09/25 22:54:25:7337] N: WS closed from (unix skt), clients: 6
[2026/09/25 22:54:25:7337] N: killing process, pid: 95238
[2026/09/25 22:54:25:7341] N: process killed with signal 0, pid: 95238
[2026/09/25 22:54:25:7886] N: WS closed from (unix skt), clients: 5
[2026/09/25 22:54:25:7886] N: killing process, pid: 95240
[2026/09/25 22:54:25:7887] N: WS closed from (unix skt), clients: 4
[2026/09/25 22:54:25:7887] N: killing process, pid: 95239
[2026/09/25 22:54:25:7890] N: process killed with signal 0, pid: 95240
[2026/09/25 22:54:25:7890] N: process killed with signal 0, pid: 95239
[2026/09/25 22:54:26:1882] N: WS closed from (unix skt), clients: 3
[2026/09/25 22:54:26:1883] N: killing process, pid: 95235
[2026/09/25 22:54:26:1890] N: process killed with signal 0, pid: 95235
[2026/09/25 22:54:26:2910] N: WS closed from (unix skt), clients: 2
[2026/09/25 22:54:26:2910] N: killing process, pid: 95242
[2026/09/25 22:54:26:2913] N: process killed with signal 0, pid: 95242
[2026/09/25 22:54:27:4161] N: WS closed from (unix skt), clients: 1
[2026/09/25 22:54:27:4162] N: killing process, pid: 95237
[2026/09/25 22:54:27:4162] N: WS closed from (unix skt), clients: 0
[2026/09/25 22:54:27:4163] N: killing process, pid: 95255
[2026/09/25 22:54:27:4174] N: process killed with signal 0, pid: 95255
[2026/09/25 22:54:27:4175] N: process killed with signal 0, pid: 95237
[2026/09/25 22:54:27:4278] N: WS   /ws - (unix skt), clients: 1
[2026/09/25 22:54:27:4278] N: WS   /ws - (unix skt), clients: 2
[2026/09/25 22:54:27:4278] N: WS   /ws - (unix skt), clients: 3
[2026/09/25 22:54:27:4278] N: WS   /ws - (unix skt), clients: 4
[2026/09/25 22:54:27:4278] N: WS   /ws - (unix skt), clients: 5
[2026/09/25 22:54:27:4279] N: WS   /ws - (unix skt), clients: 6
[2026/09/25 22:54:27:4279] N: WS   /ws - (unix skt), clients: 7
[2026/09/25 22:54:27:4279] N: WS   /ws - (unix skt), clients: 8
[2026/09/25 22:54:27:4279] N: WS   /ws - (unix skt), clients: 9
[2026/09/25 22:54:27:4279] N: WS   /ws - (unix skt), clients: 10
[2026/09/25 22:54:27:4289] N: started process, pid: 95765
[2026/09/25 22:54:27:4295] N: started process, pid: 95766
[2026/09/25 22:54:27:4300] N: started process, pid: 95767
[2026/09/25 22:54:27:4306] N: started process, pid: 95768
[2026/09/25 22:54:27:4314] N: started process, pid: 95769
[2026/09/25 22:54:27:4324] N: started process, pid: 95770
[2026/09/25 22:54:27:4337] N: started process, pid: 95771
[2026/09/25 22:54:27:4346] N: started process, pid: 95774
[2026/09/25 22:54:27:4360] N: started process, pid: 95783
[2026/09/25 22:54:27:4380] N: started process, pid: 95789
[2026/09/25 22:54:27:4884] N: WS closed from (unix skt), clients: 9
[2026/09/25 22:54:27:4884] N: killing process, pid: 95767
[2026/09/25 22:54:27:4890] N: process killed with signal 1, pid: 95767
[2026/09/25 22:54:27:6059] N: WS closed from (unix skt), clients: 8
[2026/09/25 22:54:27:6060] N: killing process, pid: 95783
[2026/09/25 22:54:27:6062] N: process killed with signal 1, pid: 95783
[2026/09/25 22:54:27:7652] N: WS closed from (unix skt), clients: 7
[2026/09/25 22:54:27:7652] N: killing process, pid: 95765
[2026/09/25 22:54:27:7657] N: process killed with signal 0, pid: 95765
[2026/09/25 22:54:27:7793] N: WS closed from (unix skt), clients: 6
[2026/09/25 22:54:27:7793] N: killing process, pid: 95769
[2026/09/25 22:54:27:7799] N: process killed with signal 0, pid: 95769
[2026/09/25 22:54:27:7914] N: WS closed from (unix skt), clients: 5
[2026/09/25 22:54:27:7914] N: killing process, pid: 95771
[2026/09/25 22:54:27:7918] N: process killed with signal 0, pid: 95771
[2026/09/25 22:54:27:8075] N: WS closed from (unix skt), clients: 4
[2026/09/25 22:54:27:8075] N: killing process, pid: 95770
[2026/09/25 22:54:27:8080] N: process killed with signal 0, pid: 95770
[2026/09/25 22:54:28:2666] N: WS closed from (unix skt), clients: 3
[2026/09/25 22:54:28:2666] N: killing process, pid: 95766
[2026/09/25 22:54:28:2670] N: WS closed from (unix skt), clients: 2
[2026/09/25 22:54:28:2670] N: killing process, pid: 95774
[2026/09/25 22:54:28:2685] N: process killed with signal 0, pid: 95766
[2026/09/25 22:54:28:2685] N: process killed with signal 0, pid: 95774
[2026/09/25 22:54:29:4299] N: WS closed from (unix skt), clients: 1
[2026/09/25 22:54:29:4301] N: killing process, pid: 95768
[2026/09/25 22:54:29:4302] N: WS closed from (unix skt), clients: 0
[2026/09/25 22:54:29:4302] N: killing process, pid: 95789
[2026/09/25 22:54:29:4320] N: process killed with signal 0, pid: 95768
[2026/09/25 22:54:29:4327] N: process killed with signal 0, pid: 95789
[2026/09/25 22:54:29:4451] N: WS   /ws - (unix skt), clients: 1
[2026/09/25 22:54:29:4451] N: WS   /ws - (unix skt), clients: 2
[2026/09/25 22:54:29:4451] N: WS   /ws - (unix skt), clients: 3
[2026/09/25 22:54:29:4451] N: WS   /ws - (unix skt), clients: 4
[2026/09/25 22:54:29:4452] N: WS   /ws - (unix skt), clients: 5
[2026/09/25 22:54:29:4452] N: WS   /ws - (unix skt), clients: 6
[2026/09/25 22:54:29:4452] N: WS   /ws - (unix skt), clients: 7
[2026/09/25 22:54:29:4452] N: WS   /ws - (unix skt), clients: 8
[2026/09/25 22:54:29:4452] N: WS   /ws - (unix skt), clients: 9
[2026/09/25 22:54:29:4452] N: WS   /ws - (unix skt), clients: 10
[2026/09/25 22:54:29:4464] N: started process, pid: 96021
[2026/09/25 22:54:29:4469] N: started process, pid: 96022
[2026/09/25 22:54:29:4478] N: started process, pid: 96023
[2026/09/25 22:54:29:4483] N: started process, pid: 96024
[2026/09/25 22:54:29:4489] N: started process, pid: 96025
[2026/09/25 22:54:29:4496] N: started process, pid: 96026
[2026/09/25 22:54:29:4504] N: started process, pid: 96027
[2026/09/25 22:54:29:4512] N: started process, pid: 96028
[2026/09/25 22:54:29:4522] N: started process, pid: 96030
[2026/09/25 22:54:29:4535] N: started process, pid: 96035
[2026/09/25 22:54:29:5799] N: WS closed from (unix skt), clients: 9
[2026/09/25 22:54:29:5799] N: killing process, pid: 96023
[2026/09/25 22:54:29:5844] N: process killed with signal 1, pid: 96023
[2026/09/25 22:54:29:6301] N: WS closed from (unix skt), clients: 8
[2026/09/25 22:54:29:6301] N: killing process, pid: 96030
[2026/09/25 22:54:29:6305] N: process killed with signal 1, pid: 96030
[2026/09/25 22:54:29:7816] N: WS closed from (unix skt), clients: 7
[2026/09/25 22:54:29:7817] N: killing process, pid: 96021
[2026/09/25 22:54:29:7821] N: process killed with signal 0, pid: 96021
[2026/09/25 22:54:29:7948] N: WS closed from (unix skt), clients: 6
[2026/09/25 22:54:29:7949] N: killing process, pid: 96026
[2026/09/25 22:54:29:7952] N: process killed with signal 0, pid: 96026
[2026/09/25 22:54:29:8079] N: WS closed from (unix skt), clients: 5
[2026/09/25 22:54:29:8079] N: killing process, pid: 96025
[2026/09/25 22:54:29:8083] N: process killed with signal 0, pid: 96025
[2026/09/25 22:54:29:8301] N: WS closed from (unix skt), clients: 4
[2026/09/25 22:54:29:8301] N: killing process, pid: 96027
[2026/09/25 22:54:29:8305] N: process killed with signal 0, pid: 96027
[2026/09/25 22:54:30:2909] N: WS closed from (unix skt), clients: 3
[2026/09/25 22:54:30:2928] N: killing process, pid: 96022
[2026/09/25 22:54:30:3046] N: process killed with signal 0, pid: 96022
[2026/09/25 22:54:30:3300] N: WS closed from (unix skt), clients: 2
[2026/09/25 22:54:30:3301] N: killing process, pid: 96028
[2026/09/25 22:54:30:3308] N: process killed with signal 0, pid: 96028
[2026/09/25 22:54:31:4473] N: WS closed from (unix skt), clients: 1
[2026/09/25 22:54:31:4474] N: killing process, pid: 96024
[2026/09/25 22:54:31:4474] N: WS closed from (unix skt), clients: 0
[2026/09/25 22:54:31:4474] N: killing process, pid: 96035
[2026/09/25 22:54:31:4485] N: process killed with signal 0, pid: 96024
[2026/09/25 22:54:31:4485] N: process killed with signal 0, pid: 96035
[2026/09/25 22:54:31:4589] N: WS   /ws - (unix skt), clients: 1
[2026/09/25 22:54:31:4589] N: WS   /ws - (unix skt), clients: 2
[2026/09/25 22:54:31:4589] N: WS   /ws - (unix skt), clients: 3
[2026/09/25 22:54:31:4589] N: WS   /ws - (unix skt), clients: 4
[2026/09/25 22:54:31:4590] N: WS   /ws - (unix skt), clients: 5
[2026/09/25 22:54:31:4590] N: WS   /ws - (unix skt), clients: 6
[2026/09/25 22:54:31:4590] N: WS   /ws - (unix skt), clients: 7
[2026/09/25 22:54:31:4590] N: WS   /ws - (unix skt), clients: 8
[2026/09/25 22:54:31:4590] N: WS   /ws - (unix skt), clients: 9
[2026/09/25 22:54:31:4590] N: WS   /ws - (unix skt), clients: 10
[2026/09/25 22:54:31:4599] N: started process, pid: 96410
[2026/09/25 22:54:31:4605] N: started process, pid: 96411
[2026/09/25 22:54:31:4610] N: started process, pid: 96412
[2026/09/25 22:54:31:4616] N: started process, pid: 96413
[2026/09/25 22:54:31:4625] N: started process, pid: 96414
[2026/09/25 22:54:31:4634] N: started process, pid: 96415
[2026/09/25 22:54:31:4643] N: started process, pid: 96416
[2026/09/25 22:54:31:4650] N: started process, pid: 96417
[2026/09/25 22:54:31:4661] N: started process, pid: 96419
[2026/09/25 22:54:31:4676] N: started process, pid: 96426
[2026/09/25 22:54:31:5922] N: WS closed from (unix skt), clients: 9
[2026/09/25 22:54:31:5922] N: killing process, pid: 96412
[2026/09/25 22:54:31:5927] N: process killed with signal 1, pid: 96412
[2026/09/25 22:54:31:6303] N: WS closed from (unix skt), clients: 8
[2026/09/25 22:54:31:6303] N: killing process, pid: 96419
[2026/09/25 22:54:31:6305] N: process killed with signal 1, pid: 96419
[2026/09/25 22:54:31:7431] N: WS closed from (unix skt), clients: 7
[2026/09/25 22:54:31:7431] N: killing process, pid: 96410
[2026/09/25 22:54:31:7435] N: process killed with signal 0, pid: 96410
[2026/09/25 22:54:31:7673] N: WS closed from (unix skt), clients: 6
[2026/09/25 22:54:31:7674] N: killing process, pid: 96414
[2026/09/25 22:54:31:7678] N: process killed with signal 0, pid: 96414
[2026/09/25 22:54:31:8064] N: WS closed from (unix skt), clients: 5
[2026/09/25 22:54:31:8065] N: killing process, pid: 96416
[2026/09/25 22:54:31:8069] N: process killed with signal 0, pid: 96416
[2026/09/25 22:54:31:8185] N: WS closed from (unix skt), clients: 4
[2026/09/25 22:54:31:8186] N: killing process, pid: 96415
[2026/09/25 22:54:31:8189] N: process killed with signal 0, pid: 96415
[2026/09/25 22:54:32:2579] N: WS closed from (unix skt), clients: 3
[2026/09/25 22:54:32:2579] N: killing process, pid: 96411
[2026/09/25 22:54:32:2589] N: process killed with signal 0, pid: 96411
[2026/09/25 22:54:32:3330] N: WS closed from (unix skt), clients: 2
[2026/09/25 22:54:32:3331] N: killing process, pid: 96417
[2026/09/25 22:54:32:3339] N: process killed with signal 0, pid: 96417
[2026/09/25 22:54:33:4612] N: WS closed from (unix skt), clients: 1
[2026/09/25 22:54:33:4613] N: killing process, pid: 96413
[2026/09/25 22:54:33:4613] N: WS closed from (unix skt), clients: 0
[2026/09/25 22:54:33:4613] N: killing process, pid: 96426
[2026/09/25 22:54:33:4624] N: process killed with signal 0, pid: 96413
[2026/09/25 22:54:33:4625] N: process killed with signal 0, pid: 96426
[2026/09/25 22:54:33:4731] N: WS   /ws - (unix skt), clients: 1
[2026/09/25 22:54:33:4732] N: WS   /ws - (unix skt), clients: 2
[2026/09/25 22:54:33:4732] N: WS   /ws - (unix skt), clients: 3
[2026/09/25 22:54:33:4732] N: WS   /ws - (unix skt), clients: 4
[2026/09/25 22:54:33:4732] N: WS   /ws - (unix skt), clients: 5
[2026/09/25 22:54:33:4732] N: WS   /ws - (unix skt), clients: 6
[2026/09/25 22:54:33:4732] N: WS   /ws - (unix skt), clients: 7
[2026/09/25 22:54:33:4732] N: WS   /ws - (unix skt), clients: 8
[2026/09/25 22:54:33:4732] N: WS   /ws - (unix skt), clients: 9
[2026/09/25 22:54:33:4733] N: WS   /ws - (unix skt), clients: 10
[2026/09/25 22:54:33:4744] N: started process, pid: 96677
[2026/09/25 22:54:33:4750] N: started process, pid: 96678
[2026/09/25 22:54:33:4756] N: started process, pid: 96679
[2026/09/25 22:54:33:4763] N: started process, pid: 96680
[2026/09/25 22:54:33:4772] N: started process, pid: 96681
[2026/09/25 22:54:33:4782] N: started process, pid: 96682
[2026/09/25 22:54:33:4797] N: started process, pid: 96683
[2026/09/25 22:54:33:4812] N: started process, pid: 96687
[2026/09/25 22:54:33:4829] N: started process, pid: 96697
[2026/09/25 22:54:33:4844] N: started process, pid: 96702
[2026/09/25 22:54:33:6037] N: WS closed from (unix skt), clients: 9
[2026/09/25 22:54:33:6038] N: killing process, pid: 96679
[2026/09/25 22:54:33:6042] N: process killed with signal 1, pid: 96679
[2026/09/25 22:54:33:6544] N: WS closed from (unix skt), clients: 8
[2026/09/25 22:54:33:6545] N: killing process, pid: 96697
[2026/09/25 22:54:33:6548] N: process killed with signal 1, pid: 96697
[2026/09/25 22:54:33:7789] N: WS closed from (unix skt), clients: 7
[2026/09/25 22:54:33:7790] N: killing process, pid: 96677
[2026/09/25 22:54:33:7793] N: process killed with signal 0, pid: 96677
[2026/09/25 22:54:33:7948] N: WS closed from (unix skt), clients: 6
[2026/09/25 22:54:33:7948] N: killing process, pid: 96681
[2026/09/25 22:54:33:7952] N: process killed with signal 0, pid: 96681
[2026/09/25 22:54:33:8309] N: WS closed from (unix skt), clients: 5
[2026/09/25 22:54:33:8310] N: killing process, pid: 96682
[2026/09/25 22:54:33:8314] N: process killed with signal 0, pid: 96682
[2026/09/25 22:54:33:8430] N: WS closed from (unix skt), clients: 4
[2026/09/25 22:54:33:8430] N: killing process, pid: 96683
[2026/09/25 22:54:33:8434] N: process killed with signal 0, pid: 96683
[2026/09/25 22:54:34:2519] N: WS closed from (unix skt), clients: 3
[2026/09/25 22:54:34:2520] N: killing process, pid: 96678
[2026/09/25 22:54:34:2527] N: process killed with signal 0, pid: 96678
[2026/09/25 22:54:34:3576] N: WS closed from (unix skt), clients: 2
[2026/09/25 22:54:34:3577] N: killing process, pid: 96687
[2026/09/25 22:54:34:3591] N: process killed with signal 0, pid: 96687
[2026/09/25 22:54:35:4743] N: WS closed from (unix skt), clients: 1
[2026/09/25 22:54:35:4743] N: killing process, pid: 96680
[2026/09/25 22:54:35:4743] N: WS closed from (unix skt), clients: 0
[2026/09/25 22:54:35:4743] N: killing process, pid: 96702
[2026/09/25 22:54:35:4754] N: process killed with signal 0, pid: 96680
[2026/09/25 22:54:35:4754] N: process killed with signal 0, pid: 96702
[2026/09/25 22:54:35:4846] N: WS   /ws - (unix skt), clients: 1
[2026/09/25 22:54:35:4847] N: WS   /ws - (unix skt), clients: 2
[2026/09/25 22:54:35:4847] N: WS   /ws - (unix skt), clients: 3
[2026/09/25 22:54:35:4847] N: WS   /ws - (unix skt), clients: 4
[2026/09/25 22:54:35:4847] N: WS   /ws - (unix skt), clients: 5
[2026/09/25 22:54:35:4847] N: WS   /ws - (unix skt), clients: 6
[2026/09/25 22:54:35:4847] N: WS   /ws - (unix skt), clients: 7
[2026/09/25 22:54:35:4847] N: WS   /ws - (unix skt), clients: 8
[2026/09/25 22:54:35:4848] N: WS   /ws - (unix skt), clients: 9
[2026/09/25 22:54:35:4848] N: WS   /ws - (unix skt), clients: 10
[2026/09/25 22:54:35:4856] N: started process, pid: 97005
[2026/09/25 22:54:35:4862] N: started process, pid: 97006
[2026/09/25 22:54:35:4868] N: started process, pid: 97007
[2026/09/25 22:54:35:4875] N: started process, pid: 97008
[2026/09/25 22:54:35:4885] N: started process, pid: 97009
[2026/09/25 22:54:35:4892] N: started process, pid: 97010
[2026/09/25 22:54:35:4900] N: started process, pid: 97011
[2026/09/25 22:54:35:4909] N: started process, pid: 97013
[2026/09/25 22:54:35:4923] N: started process, pid: 97019
[2026/09/25 22:54:35:4938] N: started process, pid: 97028
[2026/09/25 22:54:35:5614] N: WS closed from (unix skt), clients: 9
[2026/09/25 22:54:35:5615] N: killing process, pid: 97007
[2026/09/25 22:54:35:5619] N: process killed with signal 1, pid: 97007
[2026/09/25 22:54:35:6675] N: WS closed from (unix skt), clients: 8
[2026/09/25 22:54:35:6676] N: killing process, pid: 97019
[2026/09/25 22:54:35:6678] N: process killed with signal 1, pid: 97019
[2026/09/25 22:54:35:7642] N: WS closed from (unix skt), clients: 7
[2026/09/25 22:54:35:7642] N: killing process, pid: 97005
[2026/09/25 22:54:35:7645] N: process killed with signal 0, pid: 97005
[2026/09/25 22:54:35:8278] N: WS closed from (unix skt), clients: 6
[2026/09/25 22:54:35:8279] N: killing process, pid: 97010
[2026/09/25 22:54:35:8283] N: process killed with signal 0, pid: 97010
[2026/09/25 22:54:35:8400] N: WS closed from (unix skt), clients: 5
[2026/09/25 22:54:35:8400] N: killing process, pid: 97009
[2026/09/25 22:54:35:8405] N: process killed with signal 0, pid: 97009
[2026/09/25 22:54:35:8691] N: WS closed from (unix skt), clients: 4
[2026/09/25 22:54:35:8691] N: killing process, pid: 97011
[2026/09/25 22:54:35:8696] N: process killed with signal 0, pid: 97011
[2026/09/25 22:54:36:3288] N: WS closed from (unix skt), clients: 3
[2026/09/25 22:54:36:3289] N: killing process, pid: 97006
[2026/09/25 22:54:36:3298] N: process killed with signal 0, pid: 97006
[2026/09/25 22:54:36:3693] N: WS closed from (unix skt), clients: 2
[2026/09/25 22:54:36:3694] N: killing process, pid: 97013
[2026/09/25 22:54:36:3704] N: process killed with signal 0, pid: 97013
[2026/09/25 22:54:37:4853] N: WS closed from (unix skt), clients: 1
[2026/09/25 22:54:37:4854] N: killing process, pid: 97008
[2026/09/25 22:54:37:4854] N: WS closed from (unix skt), clients: 0
[2026/09/25 22:54:37:4854] N: killing process, pid: 97028
[2026/09/25 22:54:37:4868] N: process killed with signal 0, pid: 97008
[2026/09/25 22:54:37:4869] N: process killed with signal 0, pid: 97028
[2026/09/25 22:54:37:4980] N: WS   /ws - (unix skt), clients: 1
[2026/09/25 22:54:37:4981] N: WS   /ws - (unix skt), clients: 2
[2026/09/25 22:54:37:4981] N: WS   /ws - (unix skt), clients: 3
[2026/09/25 22:54:37:4981] N: WS   /ws - (unix skt), clients: 4
[2026/09/25 22:54:37:4981] N: WS   /ws - (unix skt), clients: 5
[2026/09/25 22:54:37:4981] N: WS   /ws - (unix skt), clients: 6
[2026/09/25 22:54:37:4982] N: WS   /ws - (unix skt), clients: 7
[2026/09/25 22:54:37:4982] N: WS   /ws - (unix skt), clients: 8
[2026/09/25 22:54:37:4982] N: WS   /ws - (unix skt), clients: 9
[2026/09/25 22:54:37:4982] N: WS   /ws - (unix skt), clients: 10
[2026/09/25 22:54:37:4990] N: started process, pid: 97239
[2026/09/25 22:54:37:4995] N: started process, pid: 97240
[2026/09/25 22:54:37:5000] N: started process, pid: 97241
[2026/09/25 22:54:37:5005] N: started process, pid: 97242
[2026/09/25 22:54:37:5014] N: started process, pid: 97243
[2026/09/25 22:54:37:5024] N: started process, pid: 97244
[2026/09/25 22:54:37:5036] N: started process, pid: 97245
[2026/09/25 22:54:37:5048] N: started process, pid: 97248
[2026/09/25 22:54:37:5059] N: started process, pid: 97256
[2026/09/25 22:54:37:5076] N: started process, pid: 97262
[2026/09/25 22:54:37:5676] N: WS closed from (unix skt), clients: 9
[2026/09/25 22:54:37:5677] N: killing process, pid: 97241
[2026/09/25 22:54:37:5680] N: process killed with signal 1, pid: 97241
[2026/09/25 22:54:37:6823] N: WS closed from (unix skt), clients: 8
[2026/09/25 22:54:37:6824] N: killing process, pid: 97256
[2026/09/25 22:54:37:6827] N: process killed with signal 1, pid: 97256
[2026/09/25 22:54:37:8251] N: WS closed from (unix skt), clients: 7
[2026/09/25 22:54:37:8251] N: killing process, pid: 97243
[2026/09/25 22:54:37:8255] N: process killed with signal 0, pid: 97243
[2026/09/25 22:54:37:8402] N: WS closed from (unix skt), clients: 6
[2026/09/25 22:54:37:8402] N: killing process, pid: 97239
[2026/09/25 22:54:37:8405] N: process killed with signal 0, pid: 97239
[2026/09/25 22:54:37:8809] N: WS closed from (unix skt), clients: 5
[2026/09/25 22:54:37:8810] N: killing process, pid: 97244
[2026/09/25 22:54:37:8810] N: WS closed from (unix skt), clients: 4
[2026/09/25 22:54:37:8810] N: killing process, pid: 97245
[2026/09/25 22:54:37:8814] N: process killed with signal 0, pid: 97244
[2026/09/25 22:54:37:8815] N: process killed with signal 0, pid: 97245
[2026/09/25 22:54:38:3250] N: WS closed from (unix skt), clients: 3
[2026/09/25 22:54:38:3251] N: killing process, pid: 97240
[2026/09/25 22:54:38:3272] N: process killed with signal 0, pid: 97240
[2026/09/25 22:54:38:3708] N: WS closed from (unix skt), clients: 2
[2026/09/25 22:54:38:3708] N: killing process, pid: 97248
[2026/09/25 22:54:38:3719] N: process killed with signal 0, pid: 97248
[2026/09/25 22:54:39:4984] N: WS closed from (unix skt), clients: 1
[2026/09/25 22:54:39:4984] N: killing process, pid: 97242
[2026/09/25 22:54:39:4984] N: WS closed from (unix skt), clients: 0
[2026/09/25 22:54:39:4984] N: killing process, pid: 97262
[2026/09/25 22:54:39:4990] N: process killed with signal 0, pid: 97242
[2026/09/25 22:54:39:4996] N: process killed with signal 0, pid: 97262
[2026/09/25 22:54:39:5071] N: WS   /ws - (unix skt), clients: 1
[2026/09/25 22:54:39:5071] N: WS   /ws - (unix skt), clients: 2
[2026/09/25 22:54:39:5072] N: WS   /ws - (unix skt), clients: 3
[2026/09/25 22:54:39:5072] N: WS   /ws - (unix skt), clients: 4
[2026/09/25 22:54:39:5072] N: WS   /ws - (unix skt), clients: 5
[2026/09/25 22:54:39:5072] N: WS   /ws - (unix skt), clients: 6
[2026/09/25 22:54:39:5072] N: WS   /ws - (unix skt), clients: 7
[2026/09/25 22:54:39:5072] N: WS   /ws - (unix skt), clients: 8
[2026/09/25 22:54:39:5072] N: WS   /ws - (unix skt), clients: 9
[2026/09/25 22:54:39:5072] N: WS   /ws - (unix skt), clients: 10
[2026/09/25 22:54:39:5080] N: started process, pid: 97534
[2026/09/25 22:54:39:5085] N: started process, pid: 97535
[2026/09/25 22:54:39:5090] N: started process, pid: 97536
[2026/09/25 22:54:39:5100] N: started process, pid: 97541
[2026/09/25 22:54:39:5113] N: started process, pid: 97548
[2026/09/25 22:54:39:5127] N: started process, pid: 97549
[2026/09/25 22:54:39:5139] N: started process, pid: 97555
[2026/09/25 22:54:39:5151] N: started process, pid: 97560
[2026/09/25 22:54:39:5172] N: started process, pid: 97567
[2026/09/25 22:54:39:5191] N: started process, pid: 97570
[2026/09/25 22:54:39:6604] N: WS closed from (unix skt), clients: 9
[2026/09/25 22:54:39:6605] N: killing process, pid: 97536
[2026/09/25 22:54:39:6607] N: process killed with signal 1, pid: 97536
[2026/09/25 22:54:39:7365] N: WS closed from (unix skt), clients: 8
[2026/09/25 22:54:39:7366] N: killing process, pid: 97567
[2026/09/25 22:54:39:7369] N: process killed with signal 1, pid: 97567
[2026/09/25 22:54:39:8131] N: WS closed from (unix skt), clients: 7
[2026/09/25 22:54:39:8131] N: killing process, pid: 97534
[2026/09/25 22:54:39:8136] N: process killed with signal 0, pid: 97534
[2026/09/25 22:54:39:9072] N: WS closed from (unix skt), clients: 6
[2026/09/25 22:54:39:9072] N: killing process, pid: 97548
[2026/09/25 22:54:39:9078] N: process killed with signal 0, pid: 97548
[2026/09/25 22:54:39:9349] N: WS closed from (unix skt), clients: 5
[2026/09/25 22:54:39:9350] N: killing process, pid: 97555
[2026/09/25 22:54:39:9357] N: process killed with signal 0, pid: 97555
[2026/09/25 22:54:39:9364] N: WS closed from (unix skt), clients: 4
[2026/09/25 22:54:39:9364] N: killing process, pid: 97549
[2026/09/25 22:54:39:9370] N: process killed with signal 0, pid: 97549
[2026/09/25 22:54:40:2875] N: WS closed from (unix skt), clients: 3
[2026/09/25 22:54:40:2875] N: killing process, pid: 97535
[2026/09/25 22:54:40:2882] N: process killed with signal 0, pid: 97535
[2026/09/25 22:54:40:4218] N: WS closed from (unix skt), clients: 2
[2026/09/25 22:54:40:4220] N: killing process, pid: 97560
[2026/09/25 22:54:40:4243] N: process killed with signal 0, pid: 97560
[2026/09/25 22:54:41:5092] N: WS closed from (unix skt), clients: 1
[2026/09/25 22:54:41:5092] N: killing process, pid: 97541
[2026/09/25 22:54:41:5092] N: WS closed from (unix skt), clients: 0
[2026/09/25 22:54:41:5093] N: killing process, pid: 97570
[2026/09/25 22:54:41:5099] N: process killed with signal 0, pid: 97541
[2026/09/25 22:54:41:5106] N: process killed with signal 0, pid: 97570
[2026/09/25 22:54:41:5207] N: WS   /ws - (unix skt), clients: 1
[2026/09/25 22:54:41:5207] N: WS   /ws - (unix skt), clients: 2
[2026/09/25 22:54:41:5207] N: WS   /ws - (unix skt), clients: 3
[2026/09/25 22:54:41:5208] N: WS   /ws - (unix skt), clients: 4
[2026/09/25 22:54:41:5208] N: WS   /ws - (unix skt), clients: 5
[2026/09/25 22:54:41:5208] N: WS   /ws - (unix skt), clients: 6
[2026/09/25 22:54:41:5208] N: WS   /ws - (unix skt), clients: 7
[2026/09/25 22:54:41:5208] N: WS   /ws - (unix skt), clients: 8
[2026/09/25 22:54:41:5208] N: WS   /ws - (unix skt), clients: 9
[2026/09/25 22:54:41:5208] N: WS   /ws - (unix skt), clients: 10
[2026/09/25 22:54:41:5217] N: started process, pid: 97851
[2026/09/25 22:54:41:5223] N: started process, pid: 97852
[2026/09/25 22:54:41:5228] N: started process, pid: 97853
[2026/09/25 22:54:41:5233] N: started process, pid: 97854
[2026/09/25 22:54:41:5239] N: started process, pid: 97855
[2026/09/25 22:54:41:5248] N: started process, pid: 97856
[2026/09/25 22:54:41:5258] N: started process, pid: 97857
[2026/09/25 22:54:41:5273] N: started process, pid: 97858
[2026/09/25 22:54:41:5286] N: started process, pid: 97864
[2026/09/25 22:54:41:5303] N: started process, pid: 97872
[2026/09/25 22:54:41:7189] N: WS closed from (unix skt), clients: 9
[2026/09/25 22:54:41:7190] N: killing process, pid: 97853
[2026/09/25 22:54:41:7193] N: process killed with signal 1, pid: 97853
[2026/09/25 22:54:41:7362] N: WS closed from (unix skt), clients: 8
[2026/09/25 22:54:41:7363] N: killing process, pid: 97864
[2026/09/25 22:54:41:7365] N: process killed with signal 1, pid: 97864
[2026/09/25 22:54:41:7917] N: WS closed from (unix skt), clients: 7
[2026/09/25 22:54:41:7917] N: killing process, pid: 97851
[2026/09/25 22:54:41:7917] N: WS closed from (unix skt), clients: 6
[2026/09/25 22:54:41:7917] N: killing process, pid: 97856
[2026/09/25 22:54:41:7922] N: process killed with signal 0, pid: 97851
[2026/09/25 22:54:41:7922] N: process killed with signal 0, pid: 97856
[2026/09/25 22:54:41:8812] N: WS closed from (unix skt), clients: 5
[2026/09/25 22:54:41:8813] N: killing process, pid: 97855
[2026/09/25 22:54:41:8818] N: process killed with signal 0, pid: 97855
[2026/09/25 22:54:41:9223] N: WS closed from (unix skt), clients: 4
[2026/09/25 22:54:41:9223] N: killing process, pid: 97857
[2026/09/25 22:54:41:9229] N: process killed with signal 0, pid: 97857
[2026/09/25 22:54:42:3671] N: WS closed from (unix skt), clients: 3
[2026/09/25 22:54:42:3672] N: killing process, pid: 97852
[2026/09/25 22:54:42:3683] N: process killed with signal 0, pid: 97852
[2026/09/25 22:54:42:4366] N: WS closed from (unix skt), clients: 2
[2026/09/25 22:54:42:4369] N: killing process, pid: 97858
[2026/09/25 22:54:42:4409] N: process killed with signal 0, pid: 97858
[2026/09/25 22:54:43:5231] N: WS closed from (unix skt), clients: 1
[2026/09/25 22:54:43:5232] N: killing process, pid: 97854
[2026/09/25 22:54:43:5232] N: WS closed from (unix skt), clients: 0
[2026/09/25 22:54:43:5232] N: killing process, pid: 97872
[2026/09/25 22:54:43:5243] N: process killed with signal 0, pid: 97872
[2026/09/25 22:54:43:5244] N: process killed with signal 0, pid: 97854
[2026/09/25 22:54:43:5347] N: WS   /ws - (unix skt), clients: 1
[2026/09/25 22:54:43:5347] N: WS   /ws - (unix skt), clients: 2
[2026/09/25 22:54:43:5348] N: WS   /ws - (unix skt), clients: 3
[2026/09/25 22:54:43:5348] N: WS   /ws - (unix skt), clients: 4
[2026/09/25 22:54:43:5348] N: WS   /ws - (unix skt), clients: 5
[2026/09/25 22:54:43:5348] N: WS   /ws - (unix skt), clients: 6
[2026/09/25 22:54:43:5348] N: WS   /ws - (unix skt), clients: 7
[2026/09/25 22:54:43:5348] N: WS   /ws - (unix skt), clients: 8
[2026/09/25 22:54:43:5348] N: WS   /ws - (unix skt), clients: 9
[2026/09/25 22:54:43:5348] N: WS   /ws - (unix skt), clients: 10
[2026/09/25 22:54:43:5356] N: started process, pid: 98162
[2026/09/25 22:54:43:5362] N: started process, pid: 98163
[2026/09/25 22:54:43:5367] N: started process, pid: 98164
[2026/09/25 22:54:43:5372] N: started process, pid: 98165
[2026/09/25 22:54:43:5380] N: started process, pid: 98166
[2026/09/25 22:54:43:5388] N: started process, pid: 98167
[2026/09/25 22:54:43:5397] N: started process, pid: 98168
[2026/09/25 22:54:43:5409] N: started process, pid: 98169
[2026/09/25 22:54:43:5422] N: started process, pid: 98175
[2026/09/25 22:54:43:5434] N: started process, pid: 98185
[2026/09/25 22:54:43:6814] N: WS closed from (unix skt), clients: 9
[2026/09/25 22:54:43:6815] N: killing process, pid: 98164
[2026/09/25 22:54:43:6818] N: process killed with signal 1, pid: 98164
[2026/09/25 22:54:43:7212] N: WS closed from (unix skt), clients: 8
[2026/09/25 22:54:43:7212] N: killing process, pid: 98175
[2026/09/25 22:54:43:7215] N: process killed with signal 1, pid: 98175
[2026/09/25 22:54:43:8311] N: WS closed from (unix skt), clients: 7
[2026/09/25 22:54:43:8311] N: killing process, pid: 98162
[2026/09/25 22:54:43:8320] N: process killed with signal 0, pid: 98162
[2026/09/25 22:54:43:8695] N: WS closed from (unix skt), clients: 6
[2026/09/25 22:54:43:8695] N: killing process, pid: 98166
[2026/09/25 22:54:43:8700] N: process killed with signal 0, pid: 98166
[2026/09/25 22:54:43:8967] N: WS closed from (unix skt), clients: 5
[2026/09/25 22:54:43:8967] N: killing process, pid: 98167
[2026/09/25 22:54:43:8971] N: process killed with signal 0, pid: 98167
[2026/09/25 22:54:43:9228] N: WS closed from (unix skt), clients: 4
[2026/09/25 22:54:43:9229] N: killing process, pid: 98168
[2026/09/25 22:54:43:9233] N: process killed with signal 0, pid: 98168
[2026/09/25 22:54:44:3579] N: WS closed from (unix skt), clients: 3
[2026/09/25 22:54:44:3580] N: killing process, pid: 98163
[2026/09/25 22:54:44:3592] N: process killed with signal 0, pid: 98163
[2026/09/25 22:54:44:4104] N: WS closed from (unix skt), clients: 2
[2026/09/25 22:54:44:4105] N: killing process, pid: 98169
[2026/09/25 22:54:44:4120] N: process killed with signal 0, pid: 98169
[2026/09/25 22:54:45:5379] N: WS closed from (unix skt), clients: 1
[2026/09/25 22:54:45:5381] N: killing process, pid: 98165
[2026/09/25 22:54:45:5382] N: WS closed from (unix skt), clients: 0
[2026/09/25 22:54:45:5382] N: killing process, pid: 98185
[2026/09/25 22:54:45:5420] N: process killed with signal 0, pid: 98165
[2026/09/25 22:54:45:5421] N: process killed with signal 0, pid: 98185
[2026/09/25 22:54:45:5551] N: WS   /ws - (unix skt), clients: 1
[2026/09/25 22:54:45:5551] N: WS   /ws - (unix skt), clients: 2
[2026/09/25 22:54:45:5552] N: WS   /ws - (unix skt), clients: 3
[2026/09/25 22:54:45:5552] N: WS   /ws - (unix skt), clients: 4
[2026/09/25 22:54:45:5552] N: WS   /ws - (unix skt), clients: 5
[2026/09/25 22:54:45:5552] N: WS   /ws - (unix skt), clients: 6
[2026/09/25 22:54:45:5552] N: WS   /ws - (unix skt), clients: 7
[2026/09/25 22:54:45:5552] N: WS   /ws - (unix skt), clients: 8
[2026/09/25 22:54:45:5552] N: WS   /ws - (unix skt), clients: 9
[2026/09/25 22:54:45:5553] N: WS   /ws - (unix skt), clients: 10
[2026/09/25 22:54:45:5561] N: started process, pid: 98408
[2026/09/25 22:54:45:5567] N: started process, pid: 98409
[2026/09/25 22:54:45:5572] N: started process, pid: 98410
[2026/09/25 22:54:45:5580] N: started process, pid: 98411
[2026/09/25 22:54:45:5591] N: started process, pid: 98412
[2026/09/25 22:54:45:5598] N: started process, pid: 98413
[2026/09/25 22:54:45:5611] N: started process, pid: 98415
[2026/09/25 22:54:45:5624] N: started process, pid: 98416
[2026/09/25 22:54:45:5638] N: started process, pid: 98418
[2026/09/25 22:54:45:5648] N: started process, pid: 98425
[2026/09/25 22:54:45:6416] N: WS closed from (unix skt), clients: 9
[2026/09/25 22:54:45:6417] N: killing process, pid: 98410
[2026/09/25 22:54:45:6421] N: process killed with signal 1, pid: 98410
[2026/09/25 22:54:45:7564] N: WS closed from (unix skt), clients: 8
[2026/09/25 22:54:45:7565] N: killing process, pid: 98418
[2026/09/25 22:54:45:7568] N: process killed with signal 1, pid: 98418
[2026/09/25 22:54:45:8727] N: WS closed from (unix skt), clients: 7
[2026/09/25 22:54:45:8728] N: killing process, pid: 98408
[2026/09/25 22:54:45:8731] N: process killed with signal 0, pid: 98408
[2026/09/25 22:54:45:9097] N: WS closed from (unix skt), clients: 6
[2026/09/25 22:54:45:9097] N: killing process, pid: 98415
[2026/09/25 22:54:45:9101] N: process killed with signal 0, pid: 98415
[2026/09/25 22:54:45:9228] N: WS closed from (unix skt), clients: 5
[2026/09/25 22:54:45:9228] N: killing process, pid: 98412
[2026/09/25 22:54:45:9231] N: process killed with signal 0, pid: 98412
[2026/09/25 22:54:45:9347] N: WS closed from (unix skt), clients: 4
[2026/09/25 22:54:45:9347] N: killing process, pid: 98413
[2026/09/25 22:54:45:9350] N: process killed with signal 0, pid: 98413
[2026/09/25 22:54:46:4001] N: WS closed from (unix skt), clients: 3
[2026/09/25 22:54:46:4002] N: killing process, pid: 98409
[2026/09/25 22:54:46:4018] N: process killed with signal 0, pid: 98409
[2026/09/25 22:54:46:4599] N: WS closed from (unix skt), clients: 2
[2026/09/25 22:54:46:4600] N: killing process, pid: 98416
[2026/09/25 22:54:46:4623] N: process killed with signal 0, pid: 98416
[2026/09/25 22:54:47:5555] N: WS closed from (unix skt), clients: 1
[2026/09/25 22:54:47:5556] N: killing process, pid: 98411
[2026/09/25 22:54:47:5556] N: WS closed from (unix skt), clients: 0
[2026/09/25 22:54:47:5556] N: killing process, pid: 98425
[2026/09/25 22:54:47:5561] N: process killed with signal 0, pid: 98411
[2026/09/25 22:54:47:5568] N: process killed with signal 0, pid: 98425
[2026/09/25 22:54:47:5653] N: WS   /ws - (unix skt), clients: 1
[2026/09/25 22:54:47:5654] N: WS   /ws - (unix skt), clients: 2
[2026/09/25 22:54:47:5654] N: WS   /ws - (unix skt), clients: 3
[2026/09/25 22:54:47:5654] N: WS   /ws - (unix skt), clients: 4
[2026/09/25 22:54:47:5654] N: WS   /ws - (unix skt), clients: 5
[2026/09/25 22:54:47:5654] N: WS   /ws - (unix skt), clients: 6
[2026/09/25 22:54:47:5654] N: WS   /ws - (unix skt), clients: 7
[2026/09/25 22:54:47:5654] N: WS   /ws - (unix skt), clients: 8
[2026/09/25 22:54:47:5654] N: WS   /ws - (unix skt), clients: 9
[2026/09/25 22:54:47:5654] N: WS   /ws - (unix skt), clients: 10
[2026/09/25 22:54:47:5687] N: started process, pid: 98754
[2026/09/25 22:54:47:5713] N: started process, pid: 98755
[2026/09/25 22:54:47:5725] N: started process, pid: 98756
[2026/09/25 22:54:47:5738] N: started process, pid: 98757
[2026/09/25 22:54:47:5748] N: started process, pid: 98758
[2026/09/25 22:54:47:5754] N: started process, pid: 98760
[2026/09/25 22:54:47:5763] N: started process, pid: 98761
[2026/09/25 22:54:47:5775] N: started process, pid: 98762
[2026/09/25 22:54:47:5781] N: started process, pid: 98764
[2026/09/25 22:54:47:5800] N: started process, pid: 98768
[2026/09/25 22:54:47:7607] N: WS closed from (unix skt), clients: 9
[2026/09/25 22:54:47:7608] N: killing process, pid: 98757
[2026/09/25 22:54:47:7611] N: process killed with signal 1, pid: 98757
[2026/09/25 22:54:47:7899] N: WS closed from (unix skt), clients: 8
[2026/09/25 22:54:47:7900] N: killing process, pid: 98764
[2026/09/25 22:54:47:7903] N: process killed with signal 1, pid: 98764
[2026/09/25 22:54:47:8529] N: WS closed from (unix skt), clients: 7
[2026/09/25 22:54:47:8530] N: killing process, pid: 98755
[2026/09/25 22:54:47:8535] N: process killed with signal 0, pid: 98755
[2026/09/25 22:54:47:9201] N: WS closed from (unix skt), clients: 6
[2026/09/25 22:54:47:9202] N: killing process, pid: 98760
[2026/09/25 22:54:47:9205] N: process killed with signal 0, pid: 98760
[2026/09/25 22:54:47:9325] N: WS closed from (unix skt), clients: 5
[2026/09/25 22:54:47:9325] N: killing process, pid: 98754
[2026/09/25 22:54:47:9328] N: process killed with signal 0, pid: 98754
[2026/09/25 22:54:47:9756] N: WS closed from (unix skt), clients: 4
[2026/09/25 22:54:47:9757] N: killing process, pid: 98761
[2026/09/25 22:54:47:9760] N: process killed with signal 0, pid: 98761
[2026/09/25 22:54:48:4051] N: WS closed from (unix skt), clients: 3
[2026/09/25 22:54:48:4053] N: killing process, pid: 98756
[2026/09/25 22:54:48:4071] N: process killed with signal 0, pid: 98756
[2026/09/25 22:54:48:4954] N: WS closed from (unix skt), clients: 2
[2026/09/25 22:54:48:4955] N: killing process, pid: 98762
[2026/09/25 22:54:48:4970] N: process killed with signal 0, pid: 98762
[2026/09/25 22:54:49:5708] N: WS closed from (unix skt), clients: 1
[2026/09/25 22:54:49:5709] N: killing process, pid: 98758
[2026/09/25 22:54:49:5710] N: WS closed from (unix skt), clients: 0
[2026/09/25 22:54:49:5710] N: killing process, pid: 98768
[2026/09/25 22:54:49:5734] N: process killed with signal 0, pid: 98758
[2026/09/25 22:54:49:5738] N: process killed with signal 0, pid: 98768
[2026/09/25 22:54:49:5852] N: WS   /ws - (unix skt), clients: 1
[2026/09/25 22:54:49:5853] N: WS   /ws - (unix skt), clients: 2
[2026/09/25 22:54:49:5853] N: WS   /ws - (unix skt), clients: 3
[2026/09/25 22:54:49:5853] N: WS   /ws - (unix skt), clients: 4
[2026/09/25 22:54:49:5853] N: WS   /ws - (unix skt), clients: 5
[2026/09/25 22:54:49:5853] N: WS   /ws - (unix skt), clients: 6
[2026/09/25 22:54:49:5854] N: WS   /ws - (unix skt), clients: 7
[2026/09/25 22:54:49:5854] N: WS   /ws - (unix skt), clients: 8
[2026/09/25 22:54:49:5854] N: WS   /ws - (unix skt), clients: 9
[2026/09/25 22:54:49:5854] N: WS   /ws - (unix skt), clients: 10
[2026/09/25 22:54:49:5863] N: started process, pid: 98992
[2026/09/25 22:54:49:5868] N: started process, pid: 98993
[2026/09/25 22:54:49:5873] N: started process, pid: 98994
[2026/09/25 22:54:49:5880] N: started process, pid: 98995
[2026/09/25 22:54:49:5889] N: started process, pid: 98996
[2026/09/25 22:54:49:5897] N: started process, pid: 98997
[2026/09/25 22:54:49:5905] N: started process, pid: 98998
[2026/09/25 22:54:49:5913] N: started process, pid: 98999
[2026/09/25 22:54:49:5933] N: started process, pid: 99004
[2026/09/25 22:54:49:5958] N: started process, pid: 99015
[2026/09/25 22:54:49:7409] N: WS closed from (unix skt), clients: 9
[2026/09/25 22:54:49:7409] N: killing process, pid: 98994
[2026/09/25 22:54:49:7414] N: process killed with signal 1, pid: 98994
[2026/09/25 22:54:49:7736] N: WS closed from (unix skt), clients: 8
[2026/09/25 22:54:49:7736] N: killing process, pid: 99004
[2026/09/25 22:54:49:7740] N: process killed with signal 1, pid: 99004
[2026/09/25 22:54:49:8919] N: WS closed from (unix skt), clients: 7
[2026/09/25 22:54:49:8920] N: killing process, pid: 98996
[2026/09/25 22:54:49:8924] N: process killed with signal 0, pid: 98996
[2026/09/25 22:54:49:9301] N: WS closed from (unix skt), clients: 6
[2026/09/25 22:54:49:9301] N: killing process, pid: 98997
[2026/09/25 22:54:49:9304] N: process killed with signal 0, pid: 98997
[2026/09/25 22:54:49:9562] N: WS closed from (unix skt), clients: 5
[2026/09/25 22:54:49:9562] N: killing process, pid: 98992
[2026/09/25 22:54:49:9567] N: process killed with signal 0, pid: 98992
[2026/09/25 22:54:49:9763] N: WS closed from (unix skt), clients: 4
[2026/09/25 22:54:49:9763] N: killing process, pid: 98998
[2026/09/25 22:54:49:9768] N: process killed with signal 0, pid: 98998
[2026/09/25 22:54:50:4148] N: WS closed from (unix skt), clients: 3
[2026/09/25 22:54:50:4150] N: killing process, pid: 98993
[2026/09/25 22:54:50:4170] N: process killed with signal 0, pid: 98993
[2026/09/25 22:54:50:4782] N: WS closed from (unix skt), clients: 2
[2026/09/25 22:54:50:4783] N: killing process, pid: 98999
[2026/09/25 22:54:50:4801] N: process killed with signal 0, pid: 98999
[2026/09/25 22:54:51:5863] N: WS closed from (unix skt), clients: 1
[2026/09/25 22:54:51:5863] N: killing process, pid: 98995
[2026/09/25 22:54:51:5864] N: WS closed from (unix skt), clients: 0
[2026/09/25 22:54:51:5864] N: killing process, pid: 99015
[2026/09/25 22:54:51:5876] N: process killed with signal 0, pid: 99015
[2026/09/25 22:54:51:5877] N: process killed with signal 0, pid: 98995
[2026/09/25 22:54:51:5955] N: WS   /ws - (unix skt), clients: 1
[2026/09/25 22:54:51:5955] N: WS   /ws - (unix skt), clients: 2
[2026/09/25 22:54:51:5955] N: WS   /ws - (unix skt), clients: 3
[2026/09/25 22:54:51:5955] N: WS   /ws - (unix skt), clients: 4
[2026/09/25 22:54:51:5955] N: WS   /ws - (unix skt), clients: 5
[2026/09/25 22:54:51:5955] N: WS   /ws - (unix skt), clients: 6
[2026/09/25 22:54:51:5956] N: WS   /ws - (unix skt), clients: 7
[2026/09/25 22:54:51:5956] N: WS   /ws - (unix skt), clients: 8
[2026/09/25 22:54:51:5956] N: WS   /ws - (unix skt), clients: 9
[2026/09/25 22:54:51:5956] N: WS   /ws - (unix skt), clients: 10
[2026/09/25 22:54:51:5963] N: started process, pid: 99319
[2026/09/25 22:54:51:5967] N: started process, pid: 99320
[2026/09/25 22:54:51:5972] N: started process, pid: 99321
[2026/09/25 22:54:51:5978] N: started process, pid: 99323
[2026/09/25 22:54:51:5986] N: started process, pid: 99324
[2026/09/25 22:54:51:5993] N: started process, pid: 99325
[2026/09/25 22:54:51:6001] N: started process, pid: 99327
[2026/09/25 22:54:51:6010] N: started process, pid: 99329
[2026/09/25 22:54:51:6022] N: started process, pid: 99334
[2026/09/25 22:54:51:6033] N: started process, pid: 99342
[2026/09/25 22:54:51:6997] N: WS closed from (unix skt), clients: 9
[2026/09/25 22:54:51:6998] N: killing process, pid: 99321
[2026/09/25 22:54:51:7001] N: process killed with signal 1, pid: 99321
[2026/09/25 22:54:51:7367] N: WS closed from (unix skt), clients: 8
[2026/09/25 22:54:51:7368] N: killing process, pid: 99334
[2026/09/25 22:54:51:7370] N: process killed with signal 1, pid: 99334
[2026/09/25 22:54:51:9121] N: WS closed from (unix skt), clients: 7
[2026/09/25 22:54:51:9122] N: killing process, pid: 99319
[2026/09/25 22:54:51:9126] N: process killed with signal 0, pid: 99319
[2026/09/25 22:54:51:9272] N: WS closed from (unix skt), clients: 6
[2026/09/25 22:54:51:9272] N: killing process, pid: 99325
[2026/09/25 22:54:51:9276] N: process killed with signal 0, pid: 99325
[2026/09/25 22:54:51:9387] N: WS closed from (unix skt), clients: 5
[2026/09/25 22:54:51:9387] N: killing process, pid: 99324
[2026/09/25 22:54:51:9391] N: process killed with signal 0, pid: 99324
[2026/09/25 22:54:51:9518] N: WS closed from (unix skt), clients: 4
[2026/09/25 22:54:51:9518] N: killing process, pid: 99327
[2026/09/25 22:54:51:9522] N: process killed with signal 0, pid: 99327
[2026/09/25 22:54:52:3777] N: WS closed from (unix skt), clients: 3
[2026/09/25 22:54:52:3777] N: killing process, pid: 99320
[2026/09/25 22:54:52:3785] N: process killed with signal 0, pid: 99320
[2026/09/25 22:54:52:4667] N: WS closed from (unix skt), clients: 2
[2026/09/25 22:54:52:4668] N: killing process, pid: 99329
[2026/09/25 22:54:52:4678] N: process killed with signal 0, pid: 99329
[2026/09/25 22:54:53:5966] N: WS closed from (unix skt), clients: 1
[2026/09/25 22:54:53:5967] N: killing process, pid: 99323
[2026/09/25 22:54:53:5967] N: WS closed from (unix skt), clients: 0
[2026/09/25 22:54:53:5967] N: killing process, pid: 99342
[2026/09/25 22:54:53:5978] N: process killed with signal 0, pid: 99323
[2026/09/25 22:54:53:5984] N: process killed with signal 0, pid: 99342
[2026/09/25 22:54:53:6038] N: WS   /ws - (unix skt), clients: 1
[2026/09/25 22:54:53:6038] N: WS   /ws - (unix skt), clients: 2
[2026/09/25 22:54:53:6038] N: WS   /ws - (unix skt), clients: 3
[2026/09/25 22:54:53:6038] N: WS   /ws - (unix skt), clients: 4
[2026/09/25 22:54:53:6038] N: WS   /ws - (unix skt), clients: 5
[2026/09/25 22:54:53:6038] N: WS   /ws - (unix skt), clients: 6
[2026/09/25 22:54:53:6038] N: WS   /ws - (unix skt), clients: 7
[2026/09/25 22:54:53:6038] N: WS   /ws - (unix skt), clients: 8
[2026/09/25 22:54:53:6039] N: WS   /ws - (unix skt), clients: 9
[2026/09/25 22:54:53:6039] N: WS   /ws - (unix skt), clients: 10
[2026/09/25 22:54:53:6044] N: started process, pid: 99785
[2026/09/25 22:54:53:6048] N: started process, pid: 99786
[2026/09/25 22:54:53:6051] N: started process, pid: 99787
[2026/09/25 22:54:53:6059] N: started process, pid: 99788
[2026/09/25 22:54:53:6065] N: started process, pid: 99789
[2026/09/25 22:54:53:6077] N: started process, pid: 99790
[2026/09/25 22:54:53:6085] N: started process, pid: 99797
[2026/09/25 22:54:53:6098] N: started process, pid: 99801
[2026/09/25 22:54:53:6105] N: started process, pid: 99805
[2026/09/25 22:54:53:6111] N: started process, pid: 99806
[2026/09/25 22:54:53:6730] N: WS closed from (unix skt), clients: 9
[2026/09/25 22:54:53:6731] N: killing process, pid: 99787
[2026/09/25 22:54:53:6733] N: process killed with signal 1, pid: 99787
[2026/09/25 22:54:53:7870] N: WS closed from (unix skt), clients: 8
[2026/09/25 22:54:53:7870] N: killing process, pid: 99805
[2026/09/25 22:54:53:7873] N: process killed with signal 1, pid: 99805
[2026/09/25 22:54:53:9024] N: WS closed from (unix skt), clients: 7
[2026/09/25 22:54:53:9024] N: killing process, pid: 99785
[2026/09/25 22:54:53:9025] N: WS closed from (unix skt), clients: 6
[2026/09/25 22:54:53:9025] N: killing process, pid: 99789
[2026/09/25 22:54:53:9029] N: process killed with signal 0, pid: 99785
[2026/09/25 22:54:53:9029] N: process killed with signal 0, pid: 99789
[2026/09/25 22:54:53:9441] N: WS closed from (unix skt), clients: 5
[2026/09/25 22:54:53:9441] N: killing process, pid: 99790
[2026/09/25 22:54:53:9445] N: process killed with signal 0, pid: 99790
[2026/09/25 22:54:53:9912] N: WS closed from (unix skt), clients: 4
[2026/09/25 22:54:53:9912] N: killing process, pid: 99797
[2026/09/25 22:54:53:9915] N: process killed with signal 0, pid: 99797
[2026/09/25 22:54:54:4175] N: WS closed from (unix skt), clients: 3
[2026/09/25 22:54:54:4176] N: killing process, pid: 99786
[2026/09/25 22:54:54:4186] N: process killed with signal 0, pid: 99786
[2026/09/25 22:54:54:4609] N: WS closed from (unix skt), clients: 2
[2026/09/25 22:54:54:4609] N: killing process, pid: 99801
[2026/09/25 22:54:54:4622] N: process killed with signal 0, pid: 99801
[2026/09/25 22:54:55:6067] N: WS closed from (unix skt), clients: 1
[2026/09/25 22:54:55:6068] N: killing process, pid: 99788
[2026/09/25 22:54:55:6069] N: WS closed from (unix skt), clients: 0
[2026/09/25 22:54:55:6069] N: killing process, pid: 99806
[2026/09/25 22:54:55:6088] N: process killed with signal 0, pid: 99788
[2026/09/25 22:54:55:6089] N: process killed with signal 0, pid: 99806
[2026/09/25 22:54:55:6210] N: WS   /ws - (unix skt), clients: 1
[2026/09/25 22:54:55:6211] N: WS   /ws - (unix skt), clients: 2
[2026/09/25 22:54:55:6211] N: WS   /ws - (unix skt), clients: 3
[2026/09/25 22:54:55:6211] N: WS   /ws - (unix skt), clients: 4
[2026/09/25 22:54:55:6211] N: WS   /ws - (unix skt), clients: 5
[2026/09/25 22:54:55:6211] N: WS   /ws - (unix skt), clients: 6
[2026/09/25 22:54:55:6211] N: WS   /ws - (unix skt), clients: 7
[2026/09/25 22:54:55:6211] N: WS   /ws - (unix skt), clients: 8
[2026/09/25 22:54:55:6212] N: WS   /ws - (unix skt), clients: 9
[2026/09/25 22:54:55:6212] N: WS   /ws - (unix skt), clients: 10
[2026/09/25 22:54:55:6220] N: started process, pid: 503
[2026/09/25 22:54:55:6225] N: started process, pid: 504
[2026/09/25 22:54:55:6231] N: started process, pid: 505
[2026/09/25 22:54:55:6240] N: started process, pid: 506
[2026/09/25 22:54:55:6250] N: started process, pid: 507
[2026/09/25 22:54:55:6258] N: started process, pid: 508
[2026/09/25 22:54:55:6270] N: started process, pid: 509
[2026/09/25 22:54:55:6280] N: started process, pid: 516
[2026/09/25 22:54:55:6296] N: started process, pid: 524
[2026/09/25 22:54:55:6309] N: started process, pid: 531
[2026/09/25 22:54:55:7442] N: WS closed from (unix skt), clients: 9
[2026/09/25 22:54:55:7442] N: killing process, pid: 505
[2026/09/25 22:54:55:7445] N: process killed with signal 1, pid: 505
[2026/09/25 22:54:55:7973] N: WS closed from (unix skt), clients: 8
[2026/09/25 22:54:55:7973] N: killing process, pid: 524
[2026/09/25 22:54:55:7975] N: process killed with signal 1, pid: 524
[2026/09/25 22:54:55:8914] N: WS closed from (unix skt), clients: 7
[2026/09/25 22:54:55:8914] N: killing process, pid: 503
[2026/09/25 22:54:55:8918] N: process killed with signal 0, pid: 503
[2026/09/25 22:54:55:9586] N: WS closed from (unix skt), clients: 6
[2026/09/25 22:54:55:9587] N: killing process, pid: 506
[2026/09/25 22:54:55:9591] N: process killed with signal 0, pid: 506
[2026/09/25 22:54:55:9841] N: WS closed from (unix skt), clients: 5
[2026/09/25 22:54:55:9842] N: killing process, pid: 509
[2026/09/25 22:54:55:9848] N: process killed with signal 0, pid: 509
[2026/09/25 22:54:55:9991] N: WS closed from (unix skt), clients: 4
[2026/09/25 22:54:55:9991] N: killing process, pid: 508
[2026/09/25 22:54:55:9995] N: process killed with signal 0, pid: 508
[2026/09/25 22:54:56:4199] N: WS closed from (unix skt), clients: 3
[2026/09/25 22:54:56:4200] N: killing process, pid: 504
[2026/09/25 22:54:56:4206] N: process killed with signal 0, pid: 504
[2026/09/25 22:54:56:5015] N: WS closed from (unix skt), clients: 2
[2026/09/25 22:54:56:5015] N: killing process, pid: 516
[2026/09/25 22:54:56:5029] N: process killed with signal 0, pid: 516
[2026/09/25 22:54:57:6215] N: WS closed from (unix skt), clients: 1
[2026/09/25 22:54:57:6216] N: killing process, pid: 507
[2026/09/25 22:54:57:6216] N: WS closed from (unix skt), clients: 0
[2026/09/25 22:54:57:6217] N: killing process, pid: 531
[2026/09/25 22:54:57:6224] N: process killed with signal 0, pid: 507
[2026/09/25 22:54:57:6235] N: process killed with signal 0, pid: 531
[2026/09/25 22:54:57:6349] N: WS   /ws - (unix skt), clients: 1
[2026/09/25 22:54:57:6349] N: WS   /ws - (unix skt), clients: 2
[2026/09/25 22:54:57:6349] N: WS   /ws - (unix skt), clients: 3
[2026/09/25 22:54:57:6349] N: WS   /ws - (unix skt), clients: 4
[2026/09/25 22:54:57:6349] N: WS   /ws - (unix skt), clients: 5
[2026/09/25 22:54:57:6350] N: WS   /ws - (unix skt), clients: 6
[2026/09/25 22:54:57:6350] N: WS   /ws - (unix skt), clients: 7
[2026/09/25 22:54:57:6350] N: WS   /ws - (unix skt), clients: 8
[2026/09/25 22:54:57:6350] N: WS   /ws - (unix skt), clients: 9
[2026/09/25 22:54:57:6350] N: WS   /ws - (unix skt), clients: 10
[2026/09/25 22:54:57:6360] N: started process, pid: 1441
[2026/09/25 22:54:57:6366] N: started process, pid: 1442
[2026/09/25 22:54:57:6373] N: started process, pid: 1443
[2026/09/25 22:54:57:6384] N: started process, pid: 1444
[2026/09/25 22:54:57:6393] N: started process, pid: 1445
[2026/09/25 22:54:57:6399] N: started process, pid: 1446
[2026/09/25 22:54:57:6410] N: started process, pid: 1447
[2026/09/25 22:54:57:6429] N: started process, pid: 1453
[2026/09/25 22:54:57:6445] N: started process, pid: 1462
[2026/09/25 22:54:57:6458] N: started process, pid: 1467
[2026/09/25 22:54:57:7353] N: WS closed from (unix skt), clients: 9
[2026/09/25 22:54:57:7354] N: killing process, pid: 1443
[2026/09/25 22:54:57:7362] N: process killed with signal 1, pid: 1443
[2026/09/25 22:54:57:8130] N: WS closed from (unix skt), clients: 8
[2026/09/25 22:54:57:8130] N: killing process, pid: 1462
[2026/09/25 22:54:57:8133] N: process killed with signal 1, pid: 1462
[2026/09/25 22:54:57:9480] N: WS closed from (unix skt), clients: 7
[2026/09/25 22:54:57:9481] N: killing process, pid: 1441
[2026/09/25 22:54:57:9484] N: process killed with signal 0, pid: 1441
[2026/09/25 22:54:57:9622] N: WS closed from (unix skt), clients: 6
[2026/09/25 22:54:57:9622] N: killing process, pid: 1444
[2026/09/25 22:54:57:9626] N: process killed with signal 0, pid: 1444
[2026/09/25 22:54:57:9737] N: WS closed from (unix skt), clients: 5
[2026/09/25 22:54:57:9737] N: killing process, pid: 1446
[2026/09/25 22:54:57:9740] N: process killed with signal 0, pid: 1446
[2026/09/25 22:54:57:9863] N: WS closed from (unix skt), clients: 4
[2026/09/25 22:54:57:9863] N: killing process, pid: 1447
[2026/09/25 22:54:57:9867] N: process killed with signal 0, pid: 1447
[2026/09/25 22:54:58:4265] N: WS closed from (unix skt), clients: 3
[2026/09/25 22:54:58:4266] N: killing process, pid: 1442
[2026/09/25 22:54:58:4274] N: process killed with signal 0, pid: 1442
[2026/09/25 22:54:58:5154] N: WS closed from (unix skt), clients: 2
[2026/09/25 22:54:58:5155] N: killing process, pid: 1453
[2026/09/25 22:54:58:5177] N: process killed with signal 0, pid: 1453
[2026/09/25 22:54:59:6368] N: WS closed from (unix skt), clients: 1
[2026/09/25 22:54:59:6369] N: killing process, pid: 1445
[2026/09/25 22:54:59:6369] N: WS closed from (unix skt), clients: 0
[2026/09/25 22:54:59:6369] N: killing process, pid: 1467
[2026/09/25 22:54:59:6378] N: process killed with signal 0, pid: 1445
[2026/09/25 22:54:59:6386] N: process killed with signal 0, pid: 1467
[2026/09/25 22:54:59:6497] N: WS   /ws - (unix skt), clients: 1
[2026/09/25 22:54:59:6498] N: WS   /ws - (unix skt), clients: 2
[2026/09/25 22:54:59:6498] N: WS   /ws - (unix skt), clients: 3
[2026/09/25 22:54:59:6498] N: WS   /ws - (unix skt), clients: 4
[2026/09/25 22:54:59:6498] N: WS   /ws - (unix skt), clients: 5
[2026/09/25 22:54:59:6498] N: WS   /ws - (unix skt), clients: 6
[2026/09/25 22:54:59:6499] N: WS   /ws - (unix skt), clients: 7
[2026/09/25 22:54:59:6499] N: WS   /ws - (unix skt), clients: 8
[2026/09/25 22:54:59:6499] N: WS   /ws - (unix skt), clients: 9
[2026/09/25 22:54:59:6499] N: WS   /ws - (unix skt), clients: 10
[2026/09/25 22:54:59:6511] N: started process, pid: 1752
[2026/09/25 22:54:59:6518] N: started process, pid: 1753
[2026/09/25 22:54:59:6524] N: started process, pid: 1754
[2026/09/25 22:54:59:6531] N: started process, pid: 1755
[2026/09/25 22:54:59:6542] N: started process, pid: 1756
[2026/09/25 22:54:59:6554] N: started process, pid: 1757
[2026/09/25 22:54:59:6562] N: started process, pid: 1758
[2026/09/25 22:54:59:6578] N: started process, pid: 1761
[2026/09/25 22:54:59:6593] N: started process, pid: 1772
[2026/09/25 22:54:59:6612] N: started process, pid: 1776
[2026/09/25 22:54:59:7458] N: WS closed from (unix skt), clients: 9
[2026/09/25 22:54:59:7519] N: killing process, pid: 1754
[2026/09/25 22:54:59:7581] N: process killed with signal 1, pid: 1754
[2026/09/25 22:54:59:8459] N: WS closed from (unix skt), clients: 8
[2026/09/25 22:54:59:8459] N: killing process, pid: 1772
[2026/09/25 22:54:59:8463] N: process killed with signal 1, pid: 1772
[2026/09/25 22:54:59:9613] N: WS closed from (unix skt), clients: 7
[2026/09/25 22:54:59:9614] N: killing process, pid: 1752
[2026/09/25 22:54:59:9618] N: process killed with signal 0, pid: 1752
[2026/09/25 22:54:59:9774] N: WS closed from (unix skt), clients: 6
[2026/09/25 22:54:59:9775] N: killing process, pid: 1756
[2026/09/25 22:54:59:9778] N: process killed with signal 0, pid: 1756
[2026/09/25 22:55:00:0069] N: WS closed from (unix skt), clients: 5
[2026/09/25 22:55:00:0069] N: killing process, pid: 1757
[2026/09/25 22:55:00:0074] N: process killed with signal 0, pid: 1757
[2026/09/25 22:55:00:0200] N: WS closed from (unix skt), clients: 4
[2026/09/25 22:55:00:0200] N: killing process, pid: 1758
[2026/09/25 22:55:00:0204] N: process killed with signal 0, pid: 1758
[2026/09/25 22:55:00:5455] N: WS closed from (unix skt), clients: 3
[2026/09/25 22:55:00:5456] N: killing process, pid: 1753
[2026/09/25 22:55:00:5457] N: WS closed from (unix skt), clients: 2
[2026/09/25 22:55:00:5458] N: killing process, pid: 1761
[2026/09/25 22:55:00:5471] N: process killed with signal 0, pid: 1753
[2026/09/25 22:55:00:5473] N: process killed with signal 0, pid: 1761
[2026/09/25 22:55:01:6525] N: WS closed from (unix skt), clients: 1
[2026/09/25 22:55:01:6525] N: killing process, pid: 1755
[2026/09/25 22:55:01:6526] N: WS closed from (unix skt), clients: 0
[2026/09/25 22:55:01:6526] N: killing process, pid: 1776
[2026/09/25 22:55:01:6538] N: process killed with signal 0, pid: 1755
[2026/09/25 22:55:01:6538] N: process killed with signal 0, pid: 1776
[2026/09/25 22:55:01:6633] N: WS   /ws - (unix skt), clients: 1
[2026/09/25 22:55:01:6633] N: WS   /ws - (unix skt), clients: 2
[2026/09/25 22:55:01:6633] N: WS   /ws - (unix skt), clients: 3
[2026/09/25 22:55:01:6634] N: WS   /ws - (unix skt), clients: 4
[2026/09/25 22:55:01:6634] N: WS   /ws - (unix skt), clients: 5
[2026/09/25 22:55:01:6634] N: WS   /ws - (unix skt), clients: 6
[2026/09/25 22:55:01:6634] N: WS   /ws - (unix skt), clients: 7
[2026/09/25 22:55:01:6634] N: WS   /ws - (unix skt), clients: 8
[2026/09/25 22:55:01:6634] N: WS   /ws - (unix skt), clients: 9
[2026/09/25 22:55:01:6634] N: WS   /ws - (unix skt), clients: 10
[2026/09/25 22:55:01:6643] N: started process, pid: 2092
[2026/09/25 22:55:01:6649] N: started process, pid: 2093
[2026/09/25 22:55:01:6654] N: started process, pid: 2094
[2026/09/25 22:55:01:6659] N: started process, pid: 2095
[2026/09/25 22:55:01:6672] N: started process, pid: 2096
[2026/09/25 22:55:01:6680] N: started process, pid: 2097
[2026/09/25 22:55:01:6692] N: started process, pid: 2098
[2026/09/25 22:55:01:6711] N: started process, pid: 2104
[2026/09/25 22:55:01:6730] N: started process, pid: 2116
[2026/09/25 22:55:01:6739] N: started process, pid: 2118
[2026/09/25 22:55:01:7177] N: WS closed from (unix skt), clients: 9
[2026/09/25 22:55:01:7178] N: killing process, pid: 2094
[2026/09/25 22:55:01:7182] N: process killed with signal 1, pid: 2094
[2026/09/25 22:55:01:8488] N: WS closed from (unix skt), clients: 8
[2026/09/25 22:55:01:8489] N: killing process, pid: 2116
[2026/09/25 22:55:01:8491] N: process killed with signal 1, pid: 2116
[2026/09/25 22:55:01:9608] N: WS closed from (unix skt), clients: 7
[2026/09/25 22:55:01:9608] N: killing process, pid: 2092
[2026/09/25 22:55:01:9612] N: process killed with signal 0, pid: 2092
[2026/09/25 22:55:02:0079] N: WS closed from (unix skt), clients: 6
[2026/09/25 22:55:02:0079] N: killing process, pid: 2095
[2026/09/25 22:55:02:0079] N: WS closed from (unix skt), clients: 5
[2026/09/25 22:55:02:0080] N: killing process, pid: 2098
[2026/09/25 22:55:02:0084] N: process killed with signal 0, pid: 2095
[2026/09/25 22:55:02:0085] N: process killed with signal 0, pid: 2098
[2026/09/25 22:55:02:0366] N: WS closed from (unix skt), clients: 4
[2026/09/25 22:55:02:0366] N: killing process, pid: 2097
[2026/09/25 22:55:02:0370] N: process killed with signal 0, pid: 2097
[2026/09/25 22:55:02:4512] N: WS closed from (unix skt), clients: 3
[2026/09/25 22:55:02:4512] N: killing process, pid: 2093
[2026/09/25 22:55:02:4521] N: process killed with signal 0, pid: 2093
[2026/09/25 22:55:02:5535] N: WS closed from (unix skt), clients: 2
[2026/09/25 22:55:02:5536] N: killing process, pid: 2104
[2026/09/25 22:55:02:5553] N: process killed with signal 0, pid: 2104
[2026/09/25 22:55:03:6644] N: WS closed from (unix skt), clients: 1
[2026/09/25 22:55:03:6645] N: killing process, pid: 2096
[2026/09/25 22:55:03:6646] N: WS closed from (unix skt), clients: 0
[2026/09/25 22:55:03:6646] N: killing process, pid: 2118
[2026/09/25 22:55:03:6660] N: process killed with signal 0, pid: 2096
[2026/09/25 22:55:03:6660] N: process killed with signal 0, pid: 2118
[2026/09/25 22:55:03:6769] N: WS   /ws - (unix skt), clients: 1
[2026/09/25 22:55:03:6769] N: WS   /ws - (unix skt), clients: 2
[2026/09/25 22:55:03:6770] N: WS   /ws - (unix skt), clients: 3
[2026/09/25 22:55:03:6770] N: WS   /ws - (unix skt), clients: 4
[2026/09/25 22:55:03:6770] N: WS   /ws - (unix skt), clients: 5
[2026/09/25 22:55:03:6770] N: WS   /ws - (unix skt), clients: 6
[2026/09/25 22:55:03:6770] N: WS   /ws - (unix skt), clients: 7
[2026/09/25 22:55:03:6770] N: WS   /ws - (unix skt), clients: 8
[2026/09/25 22:55:03:6770] N: WS   /ws - (unix skt), clients: 9
[2026/09/25 22:55:03:6779] N: started process, pid: 2413
[2026/09/25 22:55:03:6784] N: started process, pid: 2414
[2026/09/25 22:55:03:6785] N: WS   /ws - (unix skt), clients: 10
[2026/09/25 22:55:03:6789] N: started process, pid: 2415
[2026/09/25 22:55:03:6795] N: started process, pid: 2416
[2026/09/25 22:55:03:6804] N: started process, pid: 2417
[2026/09/25 22:55:03:6811] N: started process, pid: 2418
[2026/09/25 22:55:03:6818] N: started process, pid: 2419
[2026/09/25 22:55:03:6827] N: started process, pid: 2420
[2026/09/25 22:55:03:6841] N: started process, pid: 2425
[2026/09/25 22:55:03:6850] N: started process, pid: 2430
[2026/09/25 22:55:03:8300] N: WS closed from (unix skt), clients: 9
[2026/09/25 22:55:03:8301] N: killing process, pid: 2416
[2026/09/25 22:55:03:8303] N: process killed with signal 1, pid: 2416
[2026/09/25 22:55:03:8857] N: WS closed from (unix skt), clients: 8
[2026/09/25 22:55:03:8858] N: killing process, pid: 2430
[2026/09/25 22:55:03:8860] N: process killed with signal 1, pid: 2430
[2026/09/25 22:55:03:9420] N: WS closed from (unix skt), clients: 7
[2026/09/25 22:55:03:9420] N: killing process, pid: 2413
[2026/09/25 22:55:03:9424] N: process killed with signal 0, pid: 2413
[2026/09/25 22:55:04:0460] N: WS closed from (unix skt), clients: 6
[2026/09/25 22:55:04:0460] N: killing process, pid: 2415
[2026/09/25 22:55:04:0466] N: process killed with signal 0, pid: 2415
[2026/09/25 22:55:04:0722] N: WS closed from (unix skt), clients: 5
[2026/09/25 22:55:04:0722] N: killing process, pid: 2419
[2026/09/25 22:55:04:0727] N: process killed with signal 0, pid: 2419
[2026/09/25 22:55:04:0893] N: WS closed from (unix skt), clients: 4
[2026/09/25 22:55:04:0893] N: killing process, pid: 2420
[2026/09/25 22:55:04:0899] N: process killed with signal 0, pid: 2420
[2026/09/25 22:55:04:5020] N: WS closed from (unix skt), clients: 3
[2026/09/25 22:55:04:5021] N: killing process, pid: 2414
[2026/09/25 22:55:04:5032] N: process killed with signal 0, pid: 2414
[2026/09/25 22:55:04:5594] N: WS closed from (unix skt), clients: 2
[2026/09/25 22:55:04:5595] N: killing process, pid: 2425
[2026/09/25 22:55:04:5606] N: process killed with signal 0, pid: 2425
[2026/09/25 22:55:05:6786] N: WS closed from (unix skt), clients: 1
[2026/09/25 22:55:05:6786] N: killing process, pid: 2418
[2026/09/25 22:55:05:6786] N: WS closed from (unix skt), clients: 0
[2026/09/25 22:55:05:6787] N: killing process, pid: 2417
[2026/09/25 22:55:05:6800] N: process killed with signal 0, pid: 2417
[2026/09/25 22:55:05:6800] N: process killed with signal 0, pid: 2418
[2026/09/25 22:55:05:6900] N: WS   /ws - (unix skt), clients: 1
[2026/09/25 22:55:05:6901] N: WS   /ws - (unix skt), clients: 2
[2026/09/25 22:55:05:6901] N: WS   /ws - (unix skt), clients: 3
[2026/09/25 22:55:05:6901] N: WS   /ws - (unix skt), clients: 4
[2026/09/25 22:55:05:6901] N: WS   /ws - (unix skt), clients: 5
[2026/09/25 22:55:05:6901] N: WS   /ws - (unix skt), clients: 6
[2026/09/25 22:55:05:6901] N: WS   /ws - (unix skt), clients: 7
[2026/09/25 22:55:05:6901] N: WS   /ws - (unix skt), clients: 8
[2026/09/25 22:55:05:6902] N: WS   /ws - (unix skt), clients: 9
[2026/09/25 22:55:05:6902] N: WS   /ws - (unix skt), clients: 10
[2026/09/25 22:55:05:6909] N: started process, pid: 2652
[2026/09/25 22:55:05:6914] N: started process, pid: 2653
[2026/09/25 22:55:05:6919] N: started process, pid: 2654
[2026/09/25 22:55:05:6924] N: started process, pid: 2655
[2026/09/25 22:55:05:6931] N: started process, pid: 2656
[2026/09/25 22:55:05:6940] N: started process, pid: 2657
[2026/09/25 22:55:05:6952] N: started process, pid: 2658
[2026/09/25 22:55:05:6961] N: started process, pid: 2661
[2026/09/25 22:55:05:6976] N: started process, pid: 2668
[2026/09/25 22:55:05:6991] N: started process, pid: 2675
[2026/09/25 22:55:05:7987] N: WS closed from (unix skt), clients: 9
[2026/09/25 22:55:05:7987] N: killing process, pid: 2654
[2026/09/25 22:55:05:7991] N: process killed with signal 1, pid: 2654
[2026/09/25 22:55:05:8736] N: WS closed from (unix skt), clients: 8
[2026/09/25 22:55:05:8736] N: killing process, pid: 2668
[2026/09/25 22:55:05:8739] N: process killed with signal 1, pid: 2668
[2026/09/25 22:55:06:0015] N: WS closed from (unix skt), clients: 7
[2026/09/25 22:55:06:0015] N: killing process, pid: 2652
[2026/09/25 22:55:06:0015] N: WS closed from (unix skt), clients: 6
[2026/09/25 22:55:06:0015] N: killing process, pid: 2656
[2026/09/25 22:55:06:0019] N: process killed with signal 0, pid: 2656
[2026/09/25 22:55:06:0019] N: process killed with signal 0, pid: 2652
[2026/09/25 22:55:06:0487] N: WS closed from (unix skt), clients: 5
[2026/09/25 22:55:06:0487] N: killing process, pid: 2658
[2026/09/25 22:55:06:0488] N: WS closed from (unix skt), clients: 4
[2026/09/25 22:55:06:0488] N: killing process, pid: 2657
[2026/09/25 22:55:06:0493] N: process killed with signal 0, pid: 2657
[2026/09/25 22:55:06:0493] N: process killed with signal 0, pid: 2658
[2026/09/25 22:55:06:5268] N: WS closed from (unix skt), clients: 3
[2026/09/25 22:55:06:5269] N: killing process, pid: 2653
[2026/09/25 22:55:06:5278] N: process killed with signal 0, pid: 2653
[2026/09/25 22:55:06:5785] N: WS closed from (unix skt), clients: 2
[2026/09/25 22:55:06:5785] N: killing process, pid: 2661
[2026/09/25 22:55:06:5794] N: process killed with signal 0, pid: 2661
[2026/09/25 22:55:07:6919] N: WS closed from (unix skt), clients: 1
[2026/09/25 22:55:07:6919] N: killing process, pid: 2655
[2026/09/25 22:55:07:6919] N: WS closed from (unix skt), clients: 0
[2026/09/25 22:55:07:6919] N: killing process, pid: 2675
[2026/09/25 22:55:07:6925] N: process killed with signal 0, pid: 2655
[2026/09/25 22:55:07:6931] N: process killed with signal 0, pid: 2675
[2026/09/25 22:55:07:7017] N: WS   /ws - (unix skt), clients: 1
[2026/09/25 22:55:07:7018] N: WS   /ws - (unix skt), clients: 2
[2026/09/25 22:55:07:7018] N: WS   /ws - (unix skt), clients: 3
[2026/09/25 22:55:07:7018] N: WS   /ws - (unix skt), clients: 4
[2026/09/25 22:55:07:7018] N: WS   /ws - (unix skt), clients: 5
[2026/09/25 22:55:07:7018] N: WS   /ws - (unix skt), clients: 6
[2026/09/25 22:55:07:7018] N: WS   /ws - (unix skt), clients: 7
[2026/09/25 22:55:07:7018] N: WS   /ws - (unix skt), clients: 8
[2026/09/25 22:55:07:7019] N: WS   /ws - (unix skt), clients: 9
[2026/09/25 22:55:07:7019] N: WS   /ws - (unix skt), clients: 10
[2026/09/25 22:55:07:7027] N: started process, pid: 3023
[2026/09/25 22:55:07:7033] N: started process, pid: 3024
[2026/09/25 22:55:07:7038] N: started process, pid: 3025
[2026/09/25 22:55:07:7044] N: started process, pid: 3026
[2026/09/25 22:55:07:7053] N: started process, pid: 3027
[2026/09/25 22:55:07:7063] N: started process, pid: 3028
[2026/09/25 22:55:07:7082] N: started process, pid: 3029
[2026/09/25 22:55:07:7103] N: started process, pid: 3040
[2026/09/25 22:55:07:7126] N: started process, pid: 3043
[2026/09/25 22:55:07:7155] N: started process, pid: 3044
[2026/09/25 22:55:07:8332] N: WS closed from (unix skt), clients: 9
[2026/09/25 22:55:07:8333] N: killing process, pid: 3025
[2026/09/25 22:55:07:8337] N: process killed with signal 1, pid: 3025
[2026/09/25 22:55:07:8955] N: WS closed from (unix skt), clients: 8
[2026/09/25 22:55:07:8955] N: killing process, pid: 3043
[2026/09/25 22:55:07:8957] N: process killed with signal 1, pid: 3043
[2026/09/25 22:55:07:9642] N: WS closed from (unix skt), clients: 7
[2026/09/25 22:55:07:9642] N: killing process, pid: 3023
[2026/09/25 22:55:07:9647] N: process killed with signal 0, pid: 3023
[2026/09/25 22:55:08:0604] N: WS closed from (unix skt), clients: 6
[2026/09/25 22:55:08:0604] N: killing process, pid: 3026
[2026/09/25 22:55:08:0609] N: process killed with signal 0, pid: 3026
[2026/09/25 22:55:08:0716] N: WS closed from (unix skt), clients: 5
[2026/09/25 22:55:08:0716] N: killing process, pid: 3028
[2026/09/25 22:55:08:0721] N: process killed with signal 0, pid: 3028
[2026/09/25 22:55:08:0811] N: WS closed from (unix skt), clients: 4
[2026/09/25 22:55:08:0811] N: killing process, pid: 3029
[2026/09/25 22:55:08:0816] N: process killed with signal 0, pid: 3029
[2026/09/25 22:55:08:5165] N: WS closed from (unix skt), clients: 3
[2026/09/25 22:55:08:5166] N: killing process, pid: 3024
[2026/09/25 22:55:08:5181] N: process killed with signal 0, pid: 3024
[2026/09/25 22:55:08:5980] N: WS closed from (unix skt), clients: 2
[2026/09/25 22:55:08:5981] N: killing process, pid: 3040
[2026/09/25 22:55:08:5993] N: process killed with signal 0, pid: 3040
[2026/09/25 22:55:09:7028] N: WS closed from (unix skt), clients: 1
[2026/09/25 22:55:09:7028] N: killing process, pid: 3027
[2026/09/25 22:55:09:7028] N: WS closed from (unix skt), clients: 0
[2026/09/25 22:55:09:7028] N: killing process, pid: 3044
[2026/09/25 22:55:09:7036] N: process killed with signal 0, pid: 3027
[2026/09/25 22:55:09:7037] N: process killed with signal 0, pid: 3044
[2026/09/25 22:55:09:7105] N: WS   /ws - (unix skt), clients: 1
[2026/09/25 22:55:09:7105] N: WS   /ws - (unix skt), clients: 2
[2026/09/25 22:55:09:7105] N: WS   /ws - (unix skt), clients: 3
[2026/09/25 22:55:09:7105] N: WS   /ws - (unix skt), clients: 4
[2026/09/25 22:55:09:7105] N: WS   /ws - (unix skt), clients: 5
[2026/09/25 22:55:09:7106] N: WS   /ws - (unix skt), clients: 6
[2026/09/25 22:55:09:7106] N: WS   /ws - (unix skt), clients: 7
[2026/09/25 22:55:09:7106] N: WS   /ws - (unix skt), clients: 8
[2026/09/25 22:55:09:7106] N: WS   /ws - (unix skt), clients: 9
[2026/09/25 22:55:09:7106] N: WS   /ws - (unix skt), clients: 10
[2026/09/25 22:55:09:7114] N: started process, pid: 3259
[2026/09/25 22:55:09:7118] N: started process, pid: 3260
[2026/09/25 22:55:09:7123] N: started process, pid: 3261
[2026/09/25 22:55:09:7134] N: started process, pid: 3262
[2026/09/25 22:55:09:7147] N: started process, pid: 3263
[2026/09/25 22:55:09:7160] N: started process, pid: 3264
[2026/09/25 22:55:09:7173] N: started process, pid: 3269
[2026/09/25 22:55:09:7189] N: started process, pid: 3278
[2026/09/25 22:55:09:7206] N: started process, pid: 3281
[2026/09/25 22:55:09:7222] N: started process, pid: 3285
[2026/09/25 22:55:09:8591] N: WS closed from (unix skt), clients: 9
[2026/09/25 22:55:09:8591] N: killing process, pid: 3261
[2026/09/25 22:55:09:8594] N: process killed with signal 1, pid: 3261
[2026/09/25 22:55:09:9304] N: WS closed from (unix skt), clients: 8
[2026/09/25 22:55:09:9305] N: killing process, pid: 3281
[2026/09/25 22:55:09:9308] N: process killed with signal 1, pid: 3281
[2026/09/25 22:55:10:0399] N: WS closed from (unix skt), clients: 7
[2026/09/25 22:55:10:0399] N: killing process, pid: 3259
[2026/09/25 22:55:10:0404] N: process killed with signal 0, pid: 3259
[2026/09/25 22:55:10:0901] N: WS closed from (unix skt), clients: 6
[2026/09/25 22:55:10:0901] N: killing process, pid: 3263
[2026/09/25 22:55:10:0906] N: process killed with signal 0, pid: 3263
[2026/09/25 22:55:10:1032] N: WS closed from (unix skt), clients: 5
[2026/09/25 22:55:10:1032] N: killing process, pid: 3264
[2026/09/25 22:55:10:1038] N: process killed with signal 0, pid: 3264
[2026/09/25 22:55:10:1166] N: WS closed from (unix skt), clients: 4
[2026/09/25 22:55:10:1166] N: killing process, pid: 3269
[2026/09/25 22:55:10:1171] N: process killed with signal 0, pid: 3269
[2026/09/25 22:55:10:5794] N: WS closed from (unix skt), clients: 3
[2026/09/25 22:55:10:5795] N: killing process, pid: 3260
[2026/09/25 22:55:10:5808] N: process killed with signal 0, pid: 3260
[2026/09/25 22:55:10:6370] N: WS closed from (unix skt), clients: 2
[2026/09/25 22:55:10:6371] N: killing process, pid: 3278
[2026/09/25 22:55:10:6385] N: process killed with signal 0, pid: 3278
[2026/09/25 22:55:11:7132] N: WS closed from (unix skt), clients: 1
[2026/09/25 22:55:11:7132] N: killing process, pid: 3262
[2026/09/25 22:55:11:7132] N: WS closed from (unix skt), clients: 0
[2026/09/25 22:55:11:7133] N: killing process, pid: 3285
[2026/09/25 22:55:11:7139] N: process killed with signal 0, pid: 3262
[2026/09/25 22:55:11:7146] N: process killed with signal 0, pid: 3285
[2026/09/25 22:55:11:7233] N: WS   /ws - (unix skt), clients: 1
[2026/09/25 22:55:11:7234] N: WS   /ws - (unix skt), clients: 2
[2026/09/25 22:55:11:7234] N: WS   /ws - (unix skt), clients: 3
[2026/09/25 22:55:11:7234] N: WS   /ws - (unix skt), clients: 4
[2026/09/25 22:55:11:7234] N: WS   /ws - (unix skt), clients: 5
[2026/09/25 22:55:11:7234] N: WS   /ws - (unix skt), clients: 6
[2026/09/25 22:55:11:7234] N: WS   /ws - (unix skt), clients: 7
[2026/09/25 22:55:11:7234] N: WS   /ws - (unix skt), clients: 8
[2026/09/25 22:55:11:7234] N: WS   /ws - (unix skt), clients: 9
[2026/09/25 22:55:11:7234] N: WS   /ws - (unix skt), clients: 10
[2026/09/25 22:55:11:7244] N: started process, pid: 3620
[2026/09/25 22:55:11:7249] N: started process, pid: 3621
[2026/09/25 22:55:11:7254] N: started process, pid: 3623
[2026/09/25 22:55:11:7261] N: started process, pid: 3624
[2026/09/25 22:55:11:7266] N: started process, pid: 3625
[2026/09/25 22:55:11:7274] N: started process, pid: 3626
[2026/09/25 22:55:11:7288] N: started process, pid: 3628
[2026/09/25 22:55:11:7301] N: started process, pid: 3637
[2026/09/25 22:55:11:7318] N: started process, pid: 3639
[2026/09/25 22:55:11:7326] N: started process, pid: 3646
[2026/09/25 22:55:11:7843] N: WS closed from (unix skt), clients: 9
[2026/09/25 22:55:11:7844] N: killing process, pid: 3624
[2026/09/25 22:55:11:7846] N: process killed with signal 1, pid: 3624
[2026/09/25 22:55:11:8968] N: WS closed from (unix skt), clients: 8
[2026/09/25 22:55:11:8969] N: killing process, pid: 3639
[2026/09/25 22:55:11:8972] N: process killed with signal 1, pid: 3639
[2026/09/25 22:55:12:0244] N: WS closed from (unix skt), clients: 7
[2026/09/25 22:55:12:0245] N: killing process, pid: 3620
[2026/09/25 22:55:12:0250] N: process killed with signal 0, pid: 3620
[2026/09/25 22:55:12:0356] N: WS closed from (unix skt), clients: 6
[2026/09/25 22:55:12:0356] N: killing process, pid: 3621
[2026/09/25 22:55:12:0361] N: process killed with signal 0, pid: 3621
[2026/09/25 22:55:12:0595] N: WS closed from (unix skt), clients: 5
[2026/09/25 22:55:12:0595] N: killing process, pid: 3628
[2026/09/25 22:55:12:0599] N: process killed with signal 0, pid: 3628
[2026/09/25 22:55:12:0997] N: WS closed from (unix skt), clients: 4
[2026/09/25 22:55:12:0998] N: killing process, pid: 3626
[2026/09/25 22:55:12:1002] N: process killed with signal 0, pid: 3626
[2026/09/25 22:55:12:5262] N: WS closed from (unix skt), clients: 3
[2026/09/25 22:55:12:5334] N: killing process, pid: 3623
[2026/09/25 22:55:12:5360] N: process killed with signal 0, pid: 3623
[2026/09/25 22:55:12:5874] N: WS closed from (unix skt), clients: 2
[2026/09/25 22:55:12:5875] N: killing process, pid: 3637
[2026/09/25 22:55:12:5884] N: process killed with signal 0, pid: 3637
[2026/09/25 22:55:13:7239] N: WS closed from (unix skt), clients: 1
[2026/09/25 22:55:13:7240] N: killing process, pid: 3625
[2026/09/25 22:55:13:7240] N: WS closed from (unix skt), clients: 0
[2026/09/25 22:55:13:7240] N: killing process, pid: 3646
[2026/09/25 22:55:13:7250] N: process killed with signal 0, pid: 3625
[2026/09/25 22:55:13:7251] N: process killed with signal 0, pid: 3646
[2026/09/25 22:55:13:7332] N: WS   /ws - (unix skt), clients: 1
[2026/09/25 22:55:13:7332] N: WS   /ws - (unix skt), clients: 2
[2026/09/25 22:55:13:7332] N: WS   /ws - (unix skt), clients: 3
[2026/09/25 22:55:13:7332] N: WS   /ws - (unix skt), clients: 4
[2026/09/25 22:55:13:7332] N: WS   /ws - (unix skt), clients: 5
[2026/09/25 22:55:13:7332] N: WS   /ws - (unix skt), clients: 6
[2026/09/25 22:55:13:7332] N: WS   /ws - (unix skt), clients: 7
[2026/09/25 22:55:13:7333] N: WS   /ws - (unix skt), clients: 8
[2026/09/25 22:55:13:7333] N: WS   /ws - (unix skt), clients: 9
[2026/09/25 22:55:13:7333] N: WS   /ws - (unix skt), clients: 10
[2026/09/25 22:55:13:7339] N: started process, pid: 3868
[2026/09/25 22:55:13:7343] N: started process, pid: 3869
[2026/09/25 22:55:13:7348] N: started process, pid: 3870
[2026/09/25 22:55:13:7353] N: started process, pid: 3871
[2026/09/25 22:55:13:7360] N: started process, pid: 3872
[2026/09/25 22:55:13:7368] N: started process, pid: 3873
[2026/09/25 22:55:13:7376] N: started process, pid: 3874
[2026/09/25 22:55:13:7390] N: started process, pid: 3878
[2026/09/25 22:55:13:7399] N: started process, pid: 3887
[2026/09/25 22:55:13:7420] N: started process, pid: 3891
[2026/09/25 22:55:13:8025] N: WS closed from (unix skt), clients: 9
[2026/09/25 22:55:13:8026] N: killing process, pid: 3870
[2026/09/25 22:55:13:8028] N: process killed with signal 1, pid: 3870
[2026/09/25 22:55:13:8804] N: WS closed from (unix skt), clients: 8
[2026/09/25 22:55:13:8804] N: killing process, pid: 3887
[2026/09/25 22:55:13:8807] N: process killed with signal 1, pid: 3887
[2026/09/25 22:55:14:0694] N: WS closed from (unix skt), clients: 7
[2026/09/25 22:55:14:0694] N: killing process, pid: 3868
[2026/09/25 22:55:14:0699] N: process killed with signal 0, pid: 3868
[2026/09/25 22:55:14:0812] N: WS closed from (unix skt), clients: 6
[2026/09/25 22:55:14:0812] N: killing process, pid: 3874
[2026/09/25 22:55:14:0816] N: process killed with signal 0, pid: 3874
[2026/09/25 22:55:14:1076] N: WS closed from (unix skt), clients: 5
[2026/09/25 22:55:14:1076] N: killing process, pid: 3873
[2026/09/25 22:55:14:1076] N: WS closed from (unix skt), clients: 4
[2026/09/25 22:55:14:1076] N: killing process, pid: 3872
[2026/09/25 22:55:14:1081] N: process killed with signal 0, pid: 3873
[2026/09/25 22:55:14:1081] N: process killed with signal 0, pid: 3872
[2026/09/25 22:55:14:5588] N: WS closed from (unix skt), clients: 3
[2026/09/25 22:55:14:5589] N: killing process, pid: 3869
[2026/09/25 22:55:14:5611] N: process killed with signal 0, pid: 3869
[2026/09/25 22:55:14:5962] N: WS closed from (unix skt), clients: 2
[2026/09/25 22:55:14:5963] N: killing process, pid: 3878
[2026/09/25 22:55:14:5976] N: process killed with signal 0, pid: 3878
[2026/09/25 22:55:15:7333] N: WS closed from (unix skt), clients: 1
[2026/09/25 22:55:15:7334] N: killing process, pid: 3871
[2026/09/25 22:55:15:7334] N: WS closed from (unix skt), clients: 0
[2026/09/25 22:55:15:7334] N: killing process, pid: 3891
[2026/09/25 22:55:15:7343] N: process killed with signal 0, pid: 3891
[2026/09/25 22:55:15:7344] N: process killed with signal 0, pid: 3871
[2026/09/25 22:55:15:7423] N: WS   /ws - (unix skt), clients: 1
[2026/09/25 22:55:15:7424] N: WS   /ws - (unix skt), clients: 2
[2026/09/25 22:55:15:7424] N: WS   /ws - (unix skt), clients: 3
[2026/09/25 22:55:15:7424] N: WS   /ws - (unix skt), clients: 4
[2026/09/25 22:55:15:7424] N: WS   /ws - (unix skt), clients: 5
[2026/09/25 22:55:15:7424] N: WS   /ws - (unix skt), clients: 6
[2026/09/25 22:55:15:7424] N: WS   /ws - (unix skt), clients: 7
[2026/09/25 22:55:15:7424] N: WS   /ws - (unix skt), clients: 8
[2026/09/25 22:55:15:7425] N: WS   /ws - (unix skt), clients: 9
[2026/09/25 22:55:15:7425] N: WS   /ws - (unix skt), clients: 10
[2026/09/25 22:55:15:7433] N: started process, pid: 4192
[2026/09/25 22:55:15:7438] N: started process, pid: 4193
[2026/09/25 22:55:15:7442] N: started process, pid: 4194
[2026/09/25 22:55:15:7448] N: started process, pid: 4195
[2026/09/25 22:55:15:7461] N: started process, pid: 4196
[2026/09/25 22:55:15:7473] N: started process, pid: 4197
[2026/09/25 22:55:15:7484] N: started process, pid: 4198
[2026/09/25 22:55:15:7498] N: started process, pid: 4205
[2026/09/25 22:55:15:7515] N: started process, pid: 4212
[2026/09/25 22:55:15:7525] N: started process, pid: 4218
[2026/09/25 22:55:15:8762] N: WS closed from (unix skt), clients: 9
[2026/09/25 22:55:15:8762] N: killing process, pid: 4194
[2026/09/25 22:55:15:8764] N: process killed with signal 1, pid: 4194
[2026/09/25 22:55:15:9146] N: WS closed from (unix skt), clients: 8
[2026/09/25 22:55:15:9146] N: killing process, pid: 4212
[2026/09/25 22:55:15:9150] N: process killed with signal 1, pid: 4212
[2026/09/25 22:55:16:0770] N: WS closed from (unix skt), clients: 7
[2026/09/25 22:55:16:0771] N: killing process, pid: 4196
[2026/09/25 22:55:16:0771] N: WS closed from (unix skt), clients: 6
[2026/09/25 22:55:16:0771] N: killing process, pid: 4192
[2026/09/25 22:55:16:0777] N: process killed with signal 0, pid: 4192
[2026/09/25 22:55:16:0777] N: process killed with signal 0, pid: 4196
[2026/09/25 22:55:16:0902] N: WS closed from (unix skt), clients: 5
[2026/09/25 22:55:16:0903] N: killing process, pid: 4197
[2026/09/25 22:55:16:0907] N: process killed with signal 0, pid: 4197
[2026/09/25 22:55:16:1033] N: WS closed from (unix skt), clients: 4
[2026/09/25 22:55:16:1033] N: killing process, pid: 4198
[2026/09/25 22:55:16:1038] N: process killed with signal 0, pid: 4198
[2026/09/25 22:55:16:5034] N: WS closed from (unix skt), clients: 3
[2026/09/25 22:55:16:5034] N: killing process, pid: 4193
[2026/09/25 22:55:16:5040] N: process killed with signal 0, pid: 4193
[2026/09/25 22:55:16:6174] N: WS closed from (unix skt), clients: 2
[2026/09/25 22:55:16:6175] N: killing process, pid: 4205
[2026/09/25 22:55:16:6193] N: process killed with signal 0, pid: 4205
[2026/09/25 22:55:17:7441] N: WS closed from (unix skt), clients: 1
[2026/09/25 22:55:17:7441] N: killing process, pid: 4195
[2026/09/25 22:55:17:7442] N: WS closed from (unix skt), clients: 0
[2026/09/25 22:55:17:7442] N: killing process, pid: 4218
[2026/09/25 22:55:17:7452] N: process killed with signal 0, pid: 4195
[2026/09/25 22:55:17:7452] N: process killed with signal 0, pid: 4218
[2026/09/25 22:55:17:7547] N: WS   /ws - (unix skt), clients: 1
[2026/09/25 22:55:17:7547] N: WS   /ws - (unix skt), clients: 2
[2026/09/25 22:55:17:7548] N: WS   /ws - (unix skt), clients: 3
[2026/09/25 22:55:17:7548] N: WS   /ws - (unix skt), clients: 4
[2026/09/25 22:55:17:7548] N: WS   /ws - (unix skt), clients: 5
[2026/09/25 22:55:17:7548] N: WS   /ws - (unix skt), clients: 6
[2026/09/25 22:55:17:7548] N: WS   /ws - (unix skt), clients: 7
[2026/09/25 22:55:17:7548] N: WS   /ws - (unix skt), clients: 8
[2026/09/25 22:55:17:7549] N: WS   /ws - (unix skt), clients: 9
[2026/09/25 22:55:17:7549] N: WS   /ws - (unix skt), clients: 10
[2026/09/25 22:55:17:7559] N: started process, pid: 4528
[2026/09/25 22:55:17:7565] N: started process, pid: 4530
[2026/09/25 22:55:17:7570] N: started process, pid: 4531
[2026/09/25 22:55:17:7579] N: started process, pid: 4532
[2026/09/25 22:55:17:7587] N: started process, pid: 4533
[2026/09/25 22:55:17:7594] N: started process, pid: 4534
[2026/09/25 22:55:17:7606] N: started process, pid: 4535
[2026/09/25 22:55:17:7617] N: started process, pid: 4539
[2026/09/25 22:55:17:7630] N: started process, pid: 4547
[2026/09/25 22:55:17:7642] N: started process, pid: 4551
[2026/09/25 22:55:17:8651] N: WS closed from (unix skt), clients: 9
[2026/09/25 22:55:17:8652] N: killing process, pid: 4531
[2026/09/25 22:55:17:8657] N: process killed with signal 1, pid: 4531
[2026/09/25 22:55:17:9272] N: WS closed from (unix skt), clients: 8
[2026/09/25 22:55:17:9273] N: killing process, pid: 4547
[2026/09/25 22:55:17:9277] N: process killed with signal 1, pid: 4547
[2026/09/25 22:55:18:0542] N: WS closed from (unix skt), clients: 7
[2026/09/25 22:55:18:0542] N: killing process, pid: 4528
[2026/09/25 22:55:18:0547] N: process killed with signal 0, pid: 4528
[2026/09/25 22:55:18:0803] N: WS closed from (unix skt), clients: 6
[2026/09/25 22:55:18:0803] N: killing process, pid: 4533
[2026/09/25 22:55:18:0808] N: process killed with signal 0, pid: 4533
[2026/09/25 22:55:18:1032] N: WS closed from (unix skt), clients: 5
[2026/09/25 22:55:18:1033] N: killing process, pid: 4534
[2026/09/25 22:55:18:1037] N: process killed with signal 0, pid: 4534
[2026/09/25 22:55:18:1270] N: WS closed from (unix skt), clients: 4
[2026/09/25 22:55:18:1270] N: killing process, pid: 4535
[2026/09/25 22:55:18:1274] N: process killed with signal 0, pid: 4535
[2026/09/25 22:55:18:5495] N: WS closed from (unix skt), clients: 3
[2026/09/25 22:55:18:5496] N: killing process, pid: 4530
[2026/09/25 22:55:18:5515] N: process killed with signal 0, pid: 4530
[2026/09/25 22:55:18:6327] N: WS closed from (unix skt), clients: 2
[2026/09/25 22:55:18:6329] N: killing process, pid: 4539
[2026/09/25 22:55:18:6345] N: process killed with signal 0, pid: 4539
[2026/09/25 22:55:19:7557] N: WS closed from (unix skt), clients: 1
[2026/09/25 22:55:19:7557] N: killing process, pid: 4532
[2026/09/25 22:55:19:7557] N: WS closed from (unix skt), clients: 0
[2026/09/25 22:55:19:7557] N: killing process, pid: 4551
[2026/09/25 22:55:19:7570] N: process killed with signal 0, pid: 4532
[2026/09/25 22:55:19:7570] N: process killed with signal 0, pid: 4551
[2026/09/25 22:55:19:7657] N: WS   /ws - (unix skt), clients: 1
[2026/09/25 22:55:19:7658] N: WS   /ws - (unix skt), clients: 2
[2026/09/25 22:55:19:7658] N: WS   /ws - (unix skt), clients: 3
[2026/09/25 22:55:19:7658] N: WS   /ws - (unix skt), clients: 4
[2026/09/25 22:55:19:7658] N: WS   /ws - (unix skt), clients: 5
[2026/09/25 22:55:19:7658] N: WS   /ws - (unix skt), clients: 6
[2026/09/25 22:55:19:7658] N: WS   /ws - (unix skt), clients: 7
[2026/09/25 22:55:19:7659] N: WS   /ws - (unix skt), clients: 8
[2026/09/25 22:55:19:7659] N: WS   /ws - (unix skt), clients: 9
[2026/09/25 22:55:19:7659] N: WS   /ws - (unix skt), clients: 10
[2026/09/25 22:55:19:7667] N: started process, pid: 4838
[2026/09/25 22:55:19:7673] N: started process, pid: 4839
[2026/09/25 22:55:19:7678] N: started process, pid: 4840
[2026/09/25 22:55:19:7685] N: started process, pid: 4841
[2026/09/25 22:55:19:7694] N: started process, pid: 4842
[2026/09/25 22:55:19:7701] N: started process, pid: 4843
[2026/09/25 22:55:19:7709] N: started process, pid: 4844
[2026/09/25 22:55:19:7730] N: started process, pid: 4847
[2026/09/25 22:55:19:7741] N: started process, pid: 4855
[2026/09/25 22:55:19:7806] N: started process, pid: 4857
[2026/09/25 22:55:19:9657] N: WS closed from (unix skt), clients: 9
[2026/09/25 22:55:19:9657] N: killing process, pid: 4840
[2026/09/25 22:55:19:9660] N: process killed with signal 1, pid: 4840
[2026/09/25 22:55:20:0265] N: WS closed from (unix skt), clients: 8
[2026/09/25 22:55:20:0265] N: killing process, pid: 4855
[2026/09/25 22:55:20:0267] N: process killed with signal 1, pid: 4855
[2026/09/25 22:55:20:1333] N: WS closed from (unix skt), clients: 7
[2026/09/25 22:55:20:1333] N: killing process, pid: 4838
[2026/09/25 22:55:20:1338] N: process killed with signal 0, pid: 4838
[2026/09/25 22:55:20:1834] N: WS closed from (unix skt), clients: 6
[2026/09/25 22:55:20:1835] N: killing process, pid: 4844
[2026/09/25 22:55:20:1840] N: process killed with signal 0, pid: 4844
[2026/09/25 22:55:20:1965] N: WS closed from (unix skt), clients: 5
[2026/09/25 22:55:20:1966] N: killing process, pid: 4843
[2026/09/25 22:55:20:1971] N: process killed with signal 0, pid: 4843
[2026/09/25 22:55:20:2137] N: WS closed from (unix skt), clients: 4
[2026/09/25 22:55:20:2137] N: killing process, pid: 4842
[2026/09/25 22:55:20:2143] N: process killed with signal 0, pid: 4842
[2026/09/25 22:55:20:6127] N: WS closed from (unix skt), clients: 3
[2026/09/25 22:55:20:6129] N: killing process, pid: 4839
[2026/09/25 22:55:20:6146] N: process killed with signal 0, pid: 4839
[2026/09/25 22:55:20:7290] N: WS closed from (unix skt), clients: 2
[2026/09/25 22:55:20:7291] N: killing process, pid: 4847
[2026/09/25 22:55:20:7303] N: process killed with signal 0, pid: 4847
[2026/09/25 22:55:21:7665] N: WS closed from (unix skt), clients: 1
[2026/09/25 22:55:21:7666] N: killing process, pid: 4841
[2026/09/25 22:55:21:7666] N: WS closed from (unix skt), clients: 0
[2026/09/25 22:55:21:7666] N: killing process, pid: 4857
[2026/09/25 22:55:21:7678] N: process killed with signal 0, pid: 4841
[2026/09/25 22:55:21:7678] N: process killed with signal 0, pid: 4857
[2026/09/26 00:55:51:9266] N: received signal: SIGTERM (15), exiting...
[2026/09/26 00:55:51:9269] N: send ^C to force exit.
