[2026/09/25 20:29:23:8939] N: ttyd 1.7.7-unknown (libwebsockets 4.5.2-unknown)
[2026/09/25 20:29:23:8971] N: tty configuration:
[2026/09/25 20:29:23:8972] N:   start command: /tmp/tcc-muhtzcqc/attach.sh
[2026/09/25 20:29:23:8972] N:   close signal: SIGHUP (1)
[2026/09/25 20:29:23:8972] N:   terminal type: xterm-256color
[2026/09/25 20:29:23:8972] N:   allow url arg: true
[2026/09/25 20:29:23:8972] N: lws_create_context: LWS: 4.5.2-unknown, NET CLI SRV H1 H2 WS SS-JSON-POL ConMon IPV6-off
[2026/09/25 20:29:23:9002] N: elops_init_pt_uv:  Using foreign event loop...
[2026/09/25 20:29:23:9071] N: [null wsi]: lws_socket_bind: vh default unix skt /tmp/tcc-muhtzcqc/ttyd.sock perms 4294967295:4294967295
[2026/09/25 20:29:23:9072] N: [vh|2|default|/tmp/tcc-muhtzcqc/ttyd.sock|/tmp/tcc-muhtzcqc/tt]: lws_socket_bind: source ads (unix skt)
[2026/09/25 20:29:23:9072] N:  Listening on port: 0
[2026/09/25 20:29:24:2781] N: WS   /ws - (unix skt), clients: 1
[2026/09/25 20:29:24:2783] N: WS   /ws - (unix skt), clients: 2
[2026/09/25 20:29:24:2783] N: WS   /ws - (unix skt), clients: 3
[2026/09/25 20:29:24:2783] N: WS   /ws - (unix skt), clients: 4
[2026/09/25 20:29:24:2783] N: WS   /ws - (unix skt), clients: 5
[2026/09/25 20:29:24:2783] N: WS   /ws - (unix skt), clients: 6
[2026/09/25 20:29:24:2784] N: WS   /ws - (unix skt), clients: 7
[2026/09/25 20:29:24:2784] N: WS   /ws - (unix skt), clients: 8
[2026/09/25 20:29:24:2786] N: WS   /ws - (unix skt), clients: 9
[2026/09/25 20:29:24:2788] N: WS   /ws - (unix skt), clients: 10
[2026/09/25 20:29:24:2815] N: started process, pid: 17106
[2026/09/25 20:29:24:2826] N: started process, pid: 17107
[2026/09/25 20:29:24:2838] N: started process, pid: 17109
[2026/09/25 20:29:24:2864] N: started process, pid: 17111
[2026/09/25 20:29:24:2870] N: started process, pid: 17113
[2026/09/25 20:29:24:2888] N: started process, pid: 17114
[2026/09/25 20:29:24:2906] N: started process, pid: 17115
[2026/09/25 20:29:24:2933] N: started process, pid: 17118
[2026/09/25 20:29:24:2948] N: started process, pid: 17120
[2026/09/25 20:29:24:2968] N: started process, pid: 17121
[2026/09/25 20:29:24:9372] N: WS closed from (unix skt), clients: 9
[2026/09/25 20:29:24:9373] N: killing process, pid: 17111
[2026/09/25 20:29:24:9387] N: process killed with signal 1, pid: 17111
[2026/09/25 20:29:24:9813] N: WS closed from (unix skt), clients: 8
[2026/09/25 20:29:24:9813] N: killing process, pid: 17115
[2026/09/25 20:29:25:0038] N: WS closed from (unix skt), clients: 7
[2026/09/25 20:29:25:0038] N: killing process, pid: 17120
[2026/09/25 20:29:25:0058] N: process killed with signal 1, pid: 17120
[2026/09/25 20:29:25:1380] N: process killed with signal 0, pid: 17115
[2026/09/25 20:29:25:2372] N: WS closed from (unix skt), clients: 6
[2026/09/25 20:29:25:2373] N: killing process, pid: 17107
[2026/09/25 20:29:25:2436] N: process killed with signal 0, pid: 17107
[2026/09/25 20:29:25:3378] N: WS closed from (unix skt), clients: 5
[2026/09/25 20:29:25:3379] N: killing process, pid: 17114
[2026/09/25 20:29:25:3391] N: WS closed from (unix skt), clients: 4
[2026/09/25 20:29:25:3391] N: killing process, pid: 17106
[2026/09/25 20:29:25:3401] N: process killed with signal 0, pid: 17114
[2026/09/25 20:29:25:3408] N: process killed with signal 0, pid: 17106
[2026/09/25 20:29:25:5736] N: WS closed from (unix skt), clients: 3
[2026/09/25 20:29:25:5737] N: killing process, pid: 17109
[2026/09/25 20:29:25:5755] N: process killed with signal 0, pid: 17109
[2026/09/25 20:29:25:6858] N: WS closed from (unix skt), clients: 2
[2026/09/25 20:29:25:6859] N: killing process, pid: 17118
[2026/09/25 20:29:25:6870] N: process killed with signal 0, pid: 17118
[2026/09/25 20:29:26:2833] N: WS closed from (unix skt), clients: 1
[2026/09/25 20:29:26:2833] N: killing process, pid: 17113
[2026/09/25 20:29:26:2833] N: WS closed from (unix skt), clients: 0
[2026/09/25 20:29:26:2833] N: killing process, pid: 17121
[2026/09/25 20:29:26:2892] N: process killed with signal 0, pid: 17113
[2026/09/25 20:29:26:2893] N: process killed with signal 0, pid: 17121
[2026/09/25 20:29:26:3117] N: WS   /ws - (unix skt), clients: 1
[2026/09/25 20:29:26:3118] N: WS   /ws - (unix skt), clients: 2
[2026/09/25 20:29:26:3120] N: WS   /ws - (unix skt), clients: 3
[2026/09/25 20:29:26:3120] N: WS   /ws - (unix skt), clients: 4
[2026/09/25 20:29:26:3121] N: WS   /ws - (unix skt), clients: 5
[2026/09/25 20:29:26:3121] N: WS   /ws - (unix skt), clients: 6
[2026/09/25 20:29:26:3121] N: WS   /ws - (unix skt), clients: 7
[2026/09/25 20:29:26:3121] N: WS   /ws - (unix skt), clients: 8
[2026/09/25 20:29:26:3121] N: WS   /ws - (unix skt), clients: 9
[2026/09/25 20:29:26:3122] N: WS   /ws - (unix skt), clients: 10
[2026/09/25 20:29:26:3138] N: started process, pid: 17927
[2026/09/25 20:29:26:3152] N: started process, pid: 17928
[2026/09/25 20:29:26:3187] N: started process, pid: 17930
[2026/09/25 20:29:26:3217] N: started process, pid: 17931
[2026/09/25 20:29:26:3229] N: started process, pid: 17932
[2026/09/25 20:29:26:3241] N: started process, pid: 17933
[2026/09/25 20:29:26:3252] N: started process, pid: 17934
[2026/09/25 20:29:26:3275] N: started process, pid: 17936
[2026/09/25 20:29:26:3288] N: started process, pid: 17940
[2026/09/25 20:29:26:3296] N: started process, pid: 17941
[2026/09/25 20:29:26:6333] N: WS closed from (unix skt), clients: 9
[2026/09/25 20:29:26:6333] N: killing process, pid: 17927
[2026/09/25 20:29:26:8162] N: process killed with signal 0, pid: 17927
[2026/09/25 20:29:26:8724] N: WS closed from (unix skt), clients: 8
[2026/09/25 20:29:26:8725] N: killing process, pid: 17933
[2026/09/25 20:29:26:9304] N: WS closed from (unix skt), clients: 7
[2026/09/25 20:29:26:9304] N: killing process, pid: 17928
[2026/09/25 20:29:26:9307] N: process killed with signal 1, pid: 17928
[2026/09/25 20:29:26:9425] N: WS closed from (unix skt), clients: 6
[2026/09/25 20:29:26:9426] N: killing process, pid: 17931
[2026/09/25 20:29:26:9431] N: process killed with signal 1, pid: 17931
[2026/09/25 20:29:27:0141] N: WS closed from (unix skt), clients: 5
[2026/09/25 20:29:27:0142] N: killing process, pid: 17934
[2026/09/25 20:29:27:0146] N: process killed with signal 1, pid: 17934
[2026/09/25 20:29:27:0486] N: process killed with signal 0, pid: 17933
[2026/09/25 20:29:27:0750] N: WS closed from (unix skt), clients: 4
[2026/09/25 20:29:27:0751] N: killing process, pid: 17940
[2026/09/25 20:29:27:0755] N: process killed with signal 1, pid: 17940
[2026/09/25 20:29:27:4326] N: WS closed from (unix skt), clients: 3
[2026/09/25 20:29:27:4327] N: killing process, pid: 17930
[2026/09/25 20:29:27:4332] N: process killed with signal 0, pid: 17930
[2026/09/25 20:29:27:7519] N: WS closed from (unix skt), clients: 2
[2026/09/25 20:29:27:7519] N: killing process, pid: 17936
[2026/09/25 20:29:27:7524] N: process killed with signal 0, pid: 17936
[2026/09/25 20:29:28:3133] N: WS closed from (unix skt), clients: 1
[2026/09/25 20:29:28:3133] N: killing process, pid: 17932
[2026/09/25 20:29:28:3135] N: WS closed from (unix skt), clients: 0
[2026/09/25 20:29:28:3135] N: killing process, pid: 17941
[2026/09/25 20:29:28:3281] N: process killed with signal 0, pid: 17932
[2026/09/25 20:29:28:3441] N: process killed with signal 0, pid: 17941
[2026/09/25 20:29:28:3830] N: WS   /ws - (unix skt), clients: 1
[2026/09/25 20:29:28:3831] N: WS   /ws - (unix skt), clients: 2
[2026/09/25 20:29:28:3831] N: WS   /ws - (unix skt), clients: 3
[2026/09/25 20:29:28:3831] N: WS   /ws - (unix skt), clients: 4
[2026/09/25 20:29:28:3831] N: WS   /ws - (unix skt), clients: 5
[2026/09/25 20:29:28:3831] N: WS   /ws - (unix skt), clients: 6
[2026/09/25 20:29:28:3831] N: WS   /ws - (unix skt), clients: 7
[2026/09/25 20:29:28:3831] N: WS   /ws - (unix skt), clients: 8
[2026/09/25 20:29:28:3832] N: WS   /ws - (unix skt), clients: 9
[2026/09/25 20:29:28:3832] N: WS   /ws - (unix skt), clients: 10
[2026/09/25 20:29:28:3845] N: started process, pid: 18808
[2026/09/25 20:29:28:3856] N: started process, pid: 18810
[2026/09/25 20:29:28:3863] N: started process, pid: 18812
[2026/09/25 20:29:28:3878] N: started process, pid: 18814
[2026/09/25 20:29:28:3888] N: started process, pid: 18816
[2026/09/25 20:29:28:3900] N: started process, pid: 18817
[2026/09/25 20:29:28:3910] N: started process, pid: 18818
[2026/09/25 20:29:28:3927] N: started process, pid: 18820
[2026/09/25 20:29:28:3940] N: started process, pid: 18822
[2026/09/25 20:29:28:3966] N: started process, pid: 18824
[2026/09/25 20:29:28:7622] N: WS closed from (unix skt), clients: 9
[2026/09/25 20:29:28:7623] N: killing process, pid: 18816
[2026/09/25 20:29:28:8452] N: process killed with signal 0, pid: 18816
[2026/09/25 20:29:28:9621] N: WS closed from (unix skt), clients: 8
[2026/09/25 20:29:28:9622] N: killing process, pid: 18822
[2026/09/25 20:29:28:9639] N: process killed with signal 1, pid: 18822
[2026/09/25 20:29:29:0242] N: WS closed from (unix skt), clients: 7
[2026/09/25 20:29:29:0243] N: killing process, pid: 18812
[2026/09/25 20:29:29:0256] N: process killed with signal 1, pid: 18812
[2026/09/25 20:29:29:0519] N: WS closed from (unix skt), clients: 6
[2026/09/25 20:29:29:0520] N: killing process, pid: 18817
[2026/09/25 20:29:29:1398] N: WS closed from (unix skt), clients: 5
[2026/09/25 20:29:29:1398] N: killing process, pid: 18818
[2026/09/25 20:29:29:1707] N: process killed with signal 0, pid: 18818
[2026/09/25 20:29:29:1737] N: process killed with signal 0, pid: 18817
[2026/09/25 20:29:29:3173] N: WS closed from (unix skt), clients: 4
[2026/09/25 20:29:29:3174] N: killing process, pid: 18808
[2026/09/25 20:29:29:3185] N: process killed with signal 0, pid: 18808
[2026/09/25 20:29:29:8758] N: WS closed from (unix skt), clients: 3
[2026/09/25 20:29:29:8759] N: killing process, pid: 18820
[2026/09/25 20:29:29:8759] N: WS closed from (unix skt), clients: 2
[2026/09/25 20:29:29:8759] N: killing process, pid: 18810
[2026/09/25 20:29:29:8802] N: process killed with signal 0, pid: 18810
[2026/09/25 20:29:29:8803] N: process killed with signal 0, pid: 18820
[2026/09/25 20:29:30:3856] N: WS closed from (unix skt), clients: 1
[2026/09/25 20:29:30:3856] N: killing process, pid: 18814
[2026/09/25 20:29:30:3856] N: WS closed from (unix skt), clients: 0
[2026/09/25 20:29:30:3856] N: killing process, pid: 18824
[2026/09/25 20:29:30:3869] N: process killed with signal 0, pid: 18824
[2026/09/25 20:29:30:3869] N: process killed with signal 0, pid: 18814
[2026/09/25 20:29:30:4052] N: WS   /ws - (unix skt), clients: 1
[2026/09/25 20:29:30:4052] N: WS   /ws - (unix skt), clients: 2
[2026/09/25 20:29:30:4053] N: WS   /ws - (unix skt), clients: 3
[2026/09/25 20:29:30:4053] N: WS   /ws - (unix skt), clients: 4
[2026/09/25 20:29:30:4053] N: WS   /ws - (unix skt), clients: 5
[2026/09/25 20:29:30:4053] N: WS   /ws - (unix skt), clients: 6
[2026/09/25 20:29:30:4053] N: WS   /ws - (unix skt), clients: 7
[2026/09/25 20:29:30:4053] N: WS   /ws - (unix skt), clients: 8
[2026/09/25 20:29:30:4053] N: WS   /ws - (unix skt), clients: 9
[2026/09/25 20:29:30:4053] N: WS   /ws - (unix skt), clients: 10
[2026/09/25 20:29:30:4093] N: started process, pid: 19630
[2026/09/25 20:29:30:4109] N: started process, pid: 19632
[2026/09/25 20:29:30:4139] N: started process, pid: 19633
[2026/09/25 20:29:30:4167] N: started process, pid: 19634
[2026/09/25 20:29:30:4196] N: started process, pid: 19635
[2026/09/25 20:29:30:4203] N: started process, pid: 19637
[2026/09/25 20:29:30:4216] N: started process, pid: 19638
[2026/09/25 20:29:30:4244] N: started process, pid: 19640
[2026/09/25 20:29:30:4265] N: started process, pid: 19641
[2026/09/25 20:29:30:4287] N: started process, pid: 19643
[2026/09/25 20:29:30:8595] N: WS closed from (unix skt), clients: 9
[2026/09/25 20:29:30:8595] N: killing process, pid: 19634
[2026/09/25 20:29:30:8626] N: process killed with signal 1, pid: 19634
[2026/09/25 20:29:30:9131] N: WS closed from (unix skt), clients: 8
[2026/09/25 20:29:30:9131] N: killing process, pid: 19641
[2026/09/25 20:29:30:9174] N: process killed with signal 1, pid: 19641
[2026/09/25 20:29:30:9678] N: WS closed from (unix skt), clients: 7
[2026/09/25 20:29:30:9678] N: killing process, pid: 19630
[2026/09/25 20:29:31:0515] N: process killed with signal 0, pid: 19630
[2026/09/25 20:29:31:0829] N: WS closed from (unix skt), clients: 6
[2026/09/25 20:29:31:0829] N: killing process, pid: 19637
[2026/09/25 20:29:31:0930] N: process killed with signal 0, pid: 19637
[2026/09/25 20:29:31:1824] N: WS closed from (unix skt), clients: 5
[2026/09/25 20:29:31:1825] N: killing process, pid: 19632
[2026/09/25 20:29:31:1838] N: process killed with signal 0, pid: 19632
[2026/09/25 20:29:31:2553] N: WS closed from (unix skt), clients: 4
[2026/09/25 20:29:31:2554] N: killing process, pid: 19638
[2026/09/25 20:29:31:2624] N: process killed with signal 0, pid: 19638
[2026/09/25 20:29:31:5275] N: WS closed from (unix skt), clients: 3
[2026/09/25 20:29:31:5275] N: killing process, pid: 19640
[2026/09/25 20:29:31:5290] N: process killed with signal 0, pid: 19640
[2026/09/25 20:29:31:7586] N: WS closed from (unix skt), clients: 2
[2026/09/25 20:29:31:7587] N: killing process, pid: 19633
[2026/09/25 20:29:31:7677] N: process killed with signal 0, pid: 19633
[2026/09/25 20:29:32:4073] N: WS closed from (unix skt), clients: 1
[2026/09/25 20:29:32:4074] N: killing process, pid: 19635
[2026/09/25 20:29:32:4075] N: WS closed from (unix skt), clients: 0
[2026/09/25 20:29:32:4076] N: killing process, pid: 19643
[2026/09/25 20:29:32:4094] N: process killed with signal 0, pid: 19635
[2026/09/25 20:29:32:4095] N: process killed with signal 0, pid: 19643
[2026/09/25 20:29:32:4240] N: WS   /ws - (unix skt), clients: 1
[2026/09/25 20:29:32:4241] N: WS   /ws - (unix skt), clients: 2
[2026/09/25 20:29:32:4241] N: WS   /ws - (unix skt), clients: 3
[2026/09/25 20:29:32:4241] N: WS   /ws - (unix skt), clients: 4
[2026/09/25 20:29:32:4241] N: WS   /ws - (unix skt), clients: 5
[2026/09/25 20:29:32:4241] N: WS   /ws - (unix skt), clients: 6
[2026/09/25 20:29:32:4242] N: WS   /ws - (unix skt), clients: 7
[2026/09/25 20:29:32:4242] N: WS   /ws - (unix skt), clients: 8
[2026/09/25 20:29:32:4242] N: WS   /ws - (unix skt), clients: 9
[2026/09/25 20:29:32:4242] N: WS   /ws - (unix skt), clients: 10
[2026/09/25 20:29:32:4258] N: started process, pid: 20596
[2026/09/25 20:29:32:4267] N: started process, pid: 20597
[2026/09/25 20:29:32:4276] N: started process, pid: 20598
[2026/09/25 20:29:32:4288] N: started process, pid: 20599
[2026/09/25 20:29:32:4297] N: started process, pid: 20601
[2026/09/25 20:29:32:4303] N: started process, pid: 20602
[2026/09/25 20:29:32:4316] N: started process, pid: 20604
[2026/09/25 20:29:32:4329] N: started process, pid: 20605
[2026/09/25 20:29:32:4335] N: started process, pid: 20607
[2026/09/25 20:29:32:4362] N: started process, pid: 20610
[2026/09/25 20:29:32:7139] N: WS closed from (unix skt), clients: 9
[2026/09/25 20:29:32:7139] N: killing process, pid: 20597
[2026/09/25 20:29:32:7143] N: process killed with signal 1, pid: 20597
[2026/09/25 20:29:32:8612] N: WS closed from (unix skt), clients: 8
[2026/09/25 20:29:32:8613] N: killing process, pid: 20596
[2026/09/25 20:29:32:8910] N: process killed with signal 0, pid: 20596
[2026/09/25 20:29:33:0554] N: WS closed from (unix skt), clients: 7
[2026/09/25 20:29:33:0555] N: killing process, pid: 20602
[2026/09/25 20:29:33:0566] N: process killed with signal 1, pid: 20602
[2026/09/25 20:29:33:1682] N: WS closed from (unix skt), clients: 6
[2026/09/25 20:29:33:1683] N: killing process, pid: 20599
[2026/09/25 20:29:33:1740] N: process killed with signal 0, pid: 20599
[2026/09/25 20:29:33:2268] N: WS closed from (unix skt), clients: 5
[2026/09/25 20:29:33:2269] N: killing process, pid: 20607
[2026/09/25 20:29:33:2278] N: process killed with signal 0, pid: 20607
[2026/09/25 20:29:33:2988] N: WS closed from (unix skt), clients: 4
[2026/09/25 20:29:33:2990] N: killing process, pid: 20605
[2026/09/25 20:29:33:3003] N: process killed with signal 0, pid: 20605
[2026/09/25 20:29:33:6320] N: WS closed from (unix skt), clients: 3
[2026/09/25 20:29:33:6320] N: killing process, pid: 20601
[2026/09/25 20:29:33:6329] N: process killed with signal 0, pid: 20601
[2026/09/25 20:29:33:8004] N: WS closed from (unix skt), clients: 2
[2026/09/25 20:29:33:8004] N: killing process, pid: 20610
[2026/09/25 20:29:33:8021] N: process killed with signal 0, pid: 20610
[2026/09/25 20:29:34:4262] N: WS closed from (unix skt), clients: 1
[2026/09/25 20:29:34:4262] N: killing process, pid: 20604
[2026/09/25 20:29:34:4263] N: WS closed from (unix skt), clients: 0
[2026/09/25 20:29:34:4263] N: killing process, pid: 20598
[2026/09/25 20:29:34:4274] N: process killed with signal 0, pid: 20598
[2026/09/25 20:29:34:4275] N: process killed with signal 0, pid: 20604
[2026/09/25 20:29:34:4405] N: WS   /ws - (unix skt), clients: 1
[2026/09/25 20:29:34:4405] N: WS   /ws - (unix skt), clients: 2
[2026/09/25 20:29:34:4406] N: WS   /ws - (unix skt), clients: 3
[2026/09/25 20:29:34:4406] N: WS   /ws - (unix skt), clients: 4
[2026/09/25 20:29:34:4406] N: WS   /ws - (unix skt), clients: 5
[2026/09/25 20:29:34:4406] N: WS   /ws - (unix skt), clients: 6
[2026/09/25 20:29:34:4406] N: WS   /ws - (unix skt), clients: 7
[2026/09/25 20:29:34:4406] N: WS   /ws - (unix skt), clients: 8
[2026/09/25 20:29:34:4406] N: WS   /ws - (unix skt), clients: 9
[2026/09/25 20:29:34:4406] N: WS   /ws - (unix skt), clients: 10
[2026/09/25 20:29:34:4418] N: started process, pid: 21500
[2026/09/25 20:29:34:4430] N: started process, pid: 21502
[2026/09/25 20:29:34:4438] N: started process, pid: 21503
[2026/09/25 20:29:34:4449] N: started process, pid: 21504
[2026/09/25 20:29:34:4459] N: started process, pid: 21506
[2026/09/25 20:29:34:4475] N: started process, pid: 21509
[2026/09/25 20:29:34:4490] N: started process, pid: 21513
[2026/09/25 20:29:34:4508] N: started process, pid: 21517
[2026/09/25 20:29:34:4518] N: started process, pid: 21520
[2026/09/25 20:29:34:4567] N: started process, pid: 21525
[2026/09/25 20:29:34:9122] N: WS closed from (unix skt), clients: 9
[2026/09/25 20:29:34:9122] N: killing process, pid: 21500
[2026/09/25 20:29:34:9123] N: WS closed from (unix skt), clients: 8
[2026/09/25 20:29:34:9123] N: killing process, pid: 21502
[2026/09/25 20:29:34:9182] N: process killed with signal 0, pid: 21500
[2026/09/25 20:29:35:0539] N: WS closed from (unix skt), clients: 7
[2026/09/25 20:29:35:0539] N: killing process, pid: 21520
[2026/09/25 20:29:35:0540] N: process killed with signal 0, pid: 21502
[2026/09/25 20:29:35:0542] N: process killed with signal 1, pid: 21520
[2026/09/25 20:29:35:0723] N: WS closed from (unix skt), clients: 6
[2026/09/25 20:29:35:0723] N: killing process, pid: 21504
[2026/09/25 20:29:35:0734] N: process killed with signal 1, pid: 21504
[2026/09/25 20:29:35:1436] N: WS closed from (unix skt), clients: 5
[2026/09/25 20:29:35:1436] N: killing process, pid: 21509
[2026/09/25 20:29:35:1485] N: process killed with signal 0, pid: 21509
[2026/09/25 20:29:35:2757] N: WS closed from (unix skt), clients: 4
[2026/09/25 20:29:35:2757] N: killing process, pid: 21513
[2026/09/25 20:29:35:2768] N: process killed with signal 0, pid: 21513
[2026/09/25 20:29:35:4165] N: WS closed from (unix skt), clients: 3
[2026/09/25 20:29:35:4166] N: killing process, pid: 21503
[2026/09/25 20:29:35:4181] N: process killed with signal 0, pid: 21503
[2026/09/25 20:29:35:7781] N: WS closed from (unix skt), clients: 2
[2026/09/25 20:29:35:7781] N: killing process, pid: 21517
[2026/09/25 20:29:35:7790] N: process killed with signal 0, pid: 21517
[2026/09/25 20:29:36:4419] N: WS closed from (unix skt), clients: 1
[2026/09/25 20:29:36:4420] N: killing process, pid: 21506
[2026/09/25 20:29:36:4421] N: WS closed from (unix skt), clients: 0
[2026/09/25 20:29:36:4421] N: killing process, pid: 21525
[2026/09/25 20:29:36:4462] N: process killed with signal 0, pid: 21506
[2026/09/25 20:29:36:4463] N: process killed with signal 0, pid: 21525
[2026/09/25 20:29:36:4669] N: WS   /ws - (unix skt), clients: 1
[2026/09/25 20:29:36:4669] N: WS   /ws - (unix skt), clients: 2
[2026/09/25 20:29:36:4670] N: WS   /ws - (unix skt), clients: 3
[2026/09/25 20:29:36:4670] N: WS   /ws - (unix skt), clients: 4
[2026/09/25 20:29:36:4670] N: WS   /ws - (unix skt), clients: 5
[2026/09/25 20:29:36:4670] N: WS   /ws - (unix skt), clients: 6
[2026/09/25 20:29:36:4670] N: WS   /ws - (unix skt), clients: 7
[2026/09/25 20:29:36:4671] N: WS   /ws - (unix skt), clients: 8
[2026/09/25 20:29:36:4671] N: WS   /ws - (unix skt), clients: 9
[2026/09/25 20:29:36:4671] N: WS   /ws - (unix skt), clients: 10
[2026/09/25 20:29:36:4685] N: started process, pid: 22312
[2026/09/25 20:29:36:4700] N: started process, pid: 22314
[2026/09/25 20:29:36:4710] N: started process, pid: 22315
[2026/09/25 20:29:36:4722] N: started process, pid: 22318
[2026/09/25 20:29:36:4733] N: started process, pid: 22319
[2026/09/25 20:29:36:4750] N: started process, pid: 22320
[2026/09/25 20:29:36:4769] N: started process, pid: 22329
[2026/09/25 20:29:36:4787] N: started process, pid: 22335
[2026/09/25 20:29:36:4806] N: started process, pid: 22340
[2026/09/25 20:29:36:4829] N: started process, pid: 22350
[2026/09/25 20:29:36:8543] N: WS closed from (unix skt), clients: 9
[2026/09/25 20:29:36:8544] N: killing process, pid: 22314
[2026/09/25 20:29:36:9528] N: WS closed from (unix skt), clients: 8
[2026/09/25 20:29:36:9529] N: killing process, pid: 22318
[2026/09/25 20:29:36:9534] N: process killed with signal 1, pid: 22318
[2026/09/25 20:29:37:0422] N: WS closed from (unix skt), clients: 7
[2026/09/25 20:29:37:0422] N: killing process, pid: 22312
[2026/09/25 20:29:37:0989] N: process killed with signal 0, pid: 22314
[2026/09/25 20:29:37:2201] N: WS closed from (unix skt), clients: 6
[2026/09/25 20:29:37:2201] N: killing process, pid: 22320
[2026/09/25 20:29:37:2232] N: WS closed from (unix skt), clients: 5
[2026/09/25 20:29:37:2233] N: killing process, pid: 22329
[2026/09/25 20:29:37:2312] N: process killed with signal 1, pid: 22329
[2026/09/25 20:29:37:2441] N: process killed with signal 0, pid: 22312
[2026/09/25 20:29:37:2480] N: WS closed from (unix skt), clients: 4
[2026/09/25 20:29:37:2481] N: killing process, pid: 22340
[2026/09/25 20:29:37:2490] N: process killed with signal 1, pid: 22340
[2026/09/25 20:29:37:2720] N: process killed with signal 0, pid: 22320
[2026/09/25 20:29:37:9447] N: WS closed from (unix skt), clients: 3
[2026/09/25 20:29:37:9448] N: killing process, pid: 22315
[2026/09/25 20:29:37:9456] N: process killed with signal 0, pid: 22315
[2026/09/25 20:29:37:9759] N: WS closed from (unix skt), clients: 2
[2026/09/25 20:29:37:9760] N: killing process, pid: 22335
[2026/09/25 20:29:37:9769] N: process killed with signal 0, pid: 22335
[2026/09/25 20:29:38:4687] N: WS closed from (unix skt), clients: 1
[2026/09/25 20:29:38:4687] N: killing process, pid: 22319
[2026/09/25 20:29:38:4688] N: WS closed from (unix skt), clients: 0
[2026/09/25 20:29:38:4688] N: killing process, pid: 22350
[2026/09/25 20:29:38:4700] N: process killed with signal 0, pid: 22319
[2026/09/25 20:29:38:4701] N: process killed with signal 0, pid: 22350
[2026/09/25 20:29:38:4866] N: WS   /ws - (unix skt), clients: 1
[2026/09/25 20:29:38:4866] N: WS   /ws - (unix skt), clients: 2
[2026/09/25 20:29:38:4866] N: WS   /ws - (unix skt), clients: 3
[2026/09/25 20:29:38:4866] N: WS   /ws - (unix skt), clients: 4
[2026/09/25 20:29:38:4866] N: WS   /ws - (unix skt), clients: 5
[2026/09/25 20:29:38:4866] N: WS   /ws - (unix skt), clients: 6
[2026/09/25 20:29:38:4866] N: WS   /ws - (unix skt), clients: 7
[2026/09/25 20:29:38:4867] N: WS   /ws - (unix skt), clients: 8
[2026/09/25 20:29:38:4867] N: WS   /ws - (unix skt), clients: 9
[2026/09/25 20:29:38:4867] N: WS   /ws - (unix skt), clients: 10
[2026/09/25 20:29:38:4885] N: started process, pid: 23093
[2026/09/25 20:29:38:4896] N: started process, pid: 23094
[2026/09/25 20:29:38:4906] N: started process, pid: 23095
[2026/09/25 20:29:38:4918] N: started process, pid: 23096
[2026/09/25 20:29:38:4928] N: started process, pid: 23097
[2026/09/25 20:29:38:4948] N: started process, pid: 23098
[2026/09/25 20:29:38:4998] N: started process, pid: 23107
[2026/09/25 20:29:38:5034] N: started process, pid: 23115
[2026/09/25 20:29:38:5072] N: started process, pid: 23118
[2026/09/25 20:29:38:5156] N: started process, pid: 23129
[2026/09/25 20:29:38:9122] N: WS closed from (unix skt), clients: 9
[2026/09/25 20:29:38:9123] N: killing process, pid: 23094
[2026/09/25 20:29:39:1214] N: process killed with signal 0, pid: 23094
[2026/09/25 20:29:39:1219] N: WS closed from (unix skt), clients: 8
[2026/09/25 20:29:39:1220] N: killing process, pid: 23096
[2026/09/25 20:29:39:1225] N: process killed with signal 1, pid: 23096
[2026/09/25 20:29:39:3232] N: WS closed from (unix skt), clients: 7
[2026/09/25 20:29:39:3232] N: killing process, pid: 23093
[2026/09/25 20:29:39:5113] N: process killed with signal 0, pid: 23093
[2026/09/25 20:29:39:5128] N: WS closed from (unix skt), clients: 6
[2026/09/25 20:29:39:5128] N: killing process, pid: 23118
[2026/09/25 20:29:39:5132] N: process killed with signal 1, pid: 23118
[2026/09/25 20:29:39:5625] N: WS closed from (unix skt), clients: 5
[2026/09/25 20:29:39:5626] N: killing process, pid: 23107
[2026/09/25 20:29:39:5626] N: WS closed from (unix skt), clients: 4
[2026/09/25 20:29:39:5627] N: killing process, pid: 23098
[2026/09/25 20:29:39:5672] N: process killed with signal 0, pid: 23098
[2026/09/25 20:29:39:5673] N: process killed with signal 0, pid: 23107
[2026/09/25 20:29:39:8242] N: WS closed from (unix skt), clients: 3
[2026/09/25 20:29:39:8243] N: killing process, pid: 23095
[2026/09/25 20:29:39:8252] N: process killed with signal 0, pid: 23095
[2026/09/25 20:29:40:2221] N: WS closed from (unix skt), clients: 2
[2026/09/25 20:29:40:2222] N: killing process, pid: 23115
[2026/09/25 20:29:40:2308] N: process killed with signal 0, pid: 23115
[2026/09/25 20:29:40:4897] N: WS closed from (unix skt), clients: 1
[2026/09/25 20:29:40:4897] N: killing process, pid: 23097
[2026/09/25 20:29:40:4898] N: WS closed from (unix skt), clients: 0
[2026/09/25 20:29:40:4898] N: killing process, pid: 23129
[2026/09/25 20:29:40:4907] N: process killed with signal 0, pid: 23097
[2026/09/25 20:29:40:4912] N: process killed with signal 0, pid: 23129
[2026/09/25 20:29:40:5356] N: WS   /ws - (unix skt), clients: 1
[2026/09/25 20:29:40:5356] N: WS   /ws - (unix skt), clients: 2
[2026/09/25 20:29:40:5357] N: WS   /ws - (unix skt), clients: 3
[2026/09/25 20:29:40:5357] N: WS   /ws - (unix skt), clients: 4
[2026/09/25 20:29:40:5357] N: WS   /ws - (unix skt), clients: 5
[2026/09/25 20:29:40:5357] N: WS   /ws - (unix skt), clients: 6
[2026/09/25 20:29:40:5357] N: WS   /ws - (unix skt), clients: 7
[2026/09/25 20:29:40:5357] N: WS   /ws - (unix skt), clients: 8
[2026/09/25 20:29:40:5360] N: WS   /ws - (unix skt), clients: 9
[2026/09/25 20:29:40:5360] N: WS   /ws - (unix skt), clients: 10
[2026/09/25 20:29:40:5389] N: started process, pid: 23907
[2026/09/25 20:29:40:5428] N: started process, pid: 23909
[2026/09/25 20:29:40:5460] N: started process, pid: 23911
[2026/09/25 20:29:40:5477] N: started process, pid: 23912
[2026/09/25 20:29:40:5502] N: started process, pid: 23913
[2026/09/25 20:29:40:5514] N: started process, pid: 23915
[2026/09/25 20:29:40:5531] N: started process, pid: 23917
[2026/09/25 20:29:40:5552] N: started process, pid: 23919
[2026/09/25 20:29:40:5589] N: started process, pid: 23923
[2026/09/25 20:29:40:5616] N: started process, pid: 23937
[2026/09/25 20:29:41:0493] N: WS closed from (unix skt), clients: 9
[2026/09/25 20:29:41:0493] N: killing process, pid: 23912
[2026/09/25 20:29:41:0498] N: process killed with signal 1, pid: 23912
[2026/09/25 20:29:41:2504] N: WS closed from (unix skt), clients: 8
[2026/09/25 20:29:41:2504] N: killing process, pid: 23909
[2026/09/25 20:29:41:2505] N: WS closed from (unix skt), clients: 7
[2026/09/25 20:29:41:2505] N: killing process, pid: 23907
[2026/09/25 20:29:41:2513] N: process killed with signal 0, pid: 23907
[2026/09/25 20:29:41:2518] N: process killed with signal 0, pid: 23909
[2026/09/25 20:29:41:2535] N: WS closed from (unix skt), clients: 6
[2026/09/25 20:29:41:2535] N: killing process, pid: 23915
[2026/09/25 20:29:41:2589] N: WS closed from (unix skt), clients: 5
[2026/09/25 20:29:41:2589] N: killing process, pid: 23923
[2026/09/25 20:29:41:2600] N: process killed with signal 1, pid: 23923
[2026/09/25 20:29:41:2611] N: process killed with signal 0, pid: 23915
[2026/09/25 20:29:41:3750] N: WS closed from (unix skt), clients: 4
[2026/09/25 20:29:41:3750] N: killing process, pid: 23917
[2026/09/25 20:29:41:3773] N: process killed with signal 0, pid: 23917
[2026/09/25 20:29:41:4867] N: WS closed from (unix skt), clients: 3
[2026/09/25 20:29:41:4867] N: killing process, pid: 23911
[2026/09/25 20:29:41:4879] N: process killed with signal 0, pid: 23911
[2026/09/25 20:29:41:9421] N: WS closed from (unix skt), clients: 2
[2026/09/25 20:29:41:9421] N: killing process, pid: 23919
[2026/09/25 20:29:41:9439] N: process killed with signal 0, pid: 23919
[2026/09/25 20:29:42:5383] N: WS closed from (unix skt), clients: 1
[2026/09/25 20:29:42:5384] N: killing process, pid: 23913
[2026/09/25 20:29:42:5385] N: WS closed from (unix skt), clients: 0
[2026/09/25 20:29:42:5386] N: killing process, pid: 23937
[2026/09/25 20:29:42:5405] N: process killed with signal 0, pid: 23913
[2026/09/25 20:29:42:5406] N: process killed with signal 0, pid: 23937
[2026/09/25 20:29:42:5611] N: WS   /ws - (unix skt), clients: 1
[2026/09/25 20:29:42:5612] N: WS   /ws - (unix skt), clients: 2
[2026/09/25 20:29:42:5612] N: WS   /ws - (unix skt), clients: 3
[2026/09/25 20:29:42:5613] N: WS   /ws - (unix skt), clients: 4
[2026/09/25 20:29:42:5613] N: WS   /ws - (unix skt), clients: 5
[2026/09/25 20:29:42:5613] N: WS   /ws - (unix skt), clients: 6
[2026/09/25 20:29:42:5613] N: WS   /ws - (unix skt), clients: 7
[2026/09/25 20:29:42:5614] N: WS   /ws - (unix skt), clients: 8
[2026/09/25 20:29:42:5614] N: WS   /ws - (unix skt), clients: 9
[2026/09/25 20:29:42:5615] N: WS   /ws - (unix skt), clients: 10
[2026/09/25 20:29:42:5634] N: started process, pid: 25193
[2026/09/25 20:29:42:5646] N: started process, pid: 25194
[2026/09/25 20:29:42:5656] N: started process, pid: 25195
[2026/09/25 20:29:42:5672] N: started process, pid: 25196
[2026/09/25 20:29:42:5691] N: started process, pid: 25197
[2026/09/25 20:29:42:5708] N: started process, pid: 25198
[2026/09/25 20:29:42:5718] N: started process, pid: 25200
[2026/09/25 20:29:42:5754] N: started process, pid: 25201
[2026/09/25 20:29:42:5792] N: started process, pid: 25206
[2026/09/25 20:29:42:5849] N: started process, pid: 25209
[2026/09/25 20:29:43:0143] N: WS closed from (unix skt), clients: 9
[2026/09/25 20:29:43:0143] N: killing process, pid: 25193
[2026/09/25 20:29:43:2204] N: WS closed from (unix skt), clients: 8
[2026/09/25 20:29:43:2205] N: killing process, pid: 25195
[2026/09/25 20:29:43:2211] N: process killed with signal 1, pid: 25195
[2026/09/25 20:29:43:3236] N: process killed with signal 0, pid: 25193
[2026/09/25 20:29:43:4082] N: WS closed from (unix skt), clients: 7
[2026/09/25 20:29:43:4083] N: killing process, pid: 25206
[2026/09/25 20:29:43:4092] N: process killed with signal 1, pid: 25206
[2026/09/25 20:29:43:4215] N: WS closed from (unix skt), clients: 6
[2026/09/25 20:29:43:4215] N: killing process, pid: 25200
[2026/09/25 20:29:43:4215] N: WS closed from (unix skt), clients: 5
[2026/09/25 20:29:43:4216] N: killing process, pid: 25197
[2026/09/25 20:29:43:4224] N: process killed with signal 0, pid: 25200
[2026/09/25 20:29:43:4232] N: process killed with signal 0, pid: 25197
[2026/09/25 20:29:43:4233] N: WS closed from (unix skt), clients: 4
[2026/09/25 20:29:43:4233] N: killing process, pid: 25198
[2026/09/25 20:29:43:4240] N: process killed with signal 0, pid: 25198
[2026/09/25 20:29:43:9247] N: WS closed from (unix skt), clients: 3
[2026/09/25 20:29:43:9248] N: killing process, pid: 25194
[2026/09/25 20:29:43:9248] N: WS closed from (unix skt), clients: 2
[2026/09/25 20:29:43:9248] N: killing process, pid: 25201
[2026/09/25 20:29:43:9328] N: process killed with signal 0, pid: 25194
[2026/09/25 20:29:43:9328] N: process killed with signal 0, pid: 25201
[2026/09/25 20:29:44:5638] N: WS closed from (unix skt), clients: 1
[2026/09/25 20:29:44:5639] N: killing process, pid: 25196
[2026/09/25 20:29:44:5640] N: WS closed from (unix skt), clients: 0
[2026/09/25 20:29:44:5640] N: killing process, pid: 25209
[2026/09/25 20:29:44:5648] N: process killed with signal 0, pid: 25196
[2026/09/25 20:29:44:5652] N: process killed with signal 0, pid: 25209
[2026/09/25 20:29:44:5889] N: WS   /ws - (unix skt), clients: 1
[2026/09/25 20:29:44:5889] N: WS   /ws - (unix skt), clients: 2
[2026/09/25 20:29:44:5889] N: WS   /ws - (unix skt), clients: 3
[2026/09/25 20:29:44:5890] N: WS   /ws - (unix skt), clients: 4
[2026/09/25 20:29:44:5890] N: WS   /ws - (unix skt), clients: 5
[2026/09/25 20:29:44:5890] N: WS   /ws - (unix skt), clients: 6
[2026/09/25 20:29:44:5890] N: WS   /ws - (unix skt), clients: 7
[2026/09/25 20:29:44:5890] N: WS   /ws - (unix skt), clients: 8
[2026/09/25 20:29:44:5890] N: WS   /ws - (unix skt), clients: 9
[2026/09/25 20:29:44:5892] N: WS   /ws - (unix skt), clients: 10
[2026/09/25 20:29:44:5936] N: started process, pid: 26154
[2026/09/25 20:29:44:5984] N: started process, pid: 26156
[2026/09/25 20:29:44:6008] N: started process, pid: 26158
[2026/09/25 20:29:44:6042] N: started process, pid: 26159
[2026/09/25 20:29:44:6070] N: started process, pid: 26160
[2026/09/25 20:29:44:6096] N: started process, pid: 26163
[2026/09/25 20:29:44:6132] N: started process, pid: 26164
[2026/09/25 20:29:44:6152] N: started process, pid: 26166
[2026/09/25 20:29:44:6183] N: started process, pid: 26167
[2026/09/25 20:29:44:6211] N: started process, pid: 26168
[2026/09/25 20:29:44:9714] N: WS closed from (unix skt), clients: 9
[2026/09/25 20:29:44:9714] N: killing process, pid: 26154
[2026/09/25 20:29:45:2413] N: process killed with signal 0, pid: 26154
[2026/09/25 20:29:45:2453] N: WS closed from (unix skt), clients: 8
[2026/09/25 20:29:45:2454] N: killing process, pid: 26160
[2026/09/25 20:29:45:2458] N: process killed with signal 1, pid: 26160
[2026/09/25 20:29:45:4500] N: WS closed from (unix skt), clients: 7
[2026/09/25 20:29:45:4501] N: killing process, pid: 26158
[2026/09/25 20:29:45:4501] N: WS closed from (unix skt), clients: 6
[2026/09/25 20:29:45:4501] N: killing process, pid: 26166
[2026/09/25 20:29:45:4502] N: WS closed from (unix skt), clients: 5
[2026/09/25 20:29:45:4502] N: killing process, pid: 26164
[2026/09/25 20:29:45:5122] N: WS closed from (unix skt), clients: 4
[2026/09/25 20:29:45:5123] N: killing process, pid: 26168
[2026/09/25 20:29:45:5125] N: process killed with signal 0, pid: 26158
[2026/09/25 20:29:45:5125] N: process killed with signal 1, pid: 26168
[2026/09/25 20:29:45:5131] N: process killed with signal 0, pid: 26164
[2026/09/25 20:29:45:5174] N: process killed with signal 0, pid: 26166
[2026/09/25 20:29:45:9536] N: WS closed from (unix skt), clients: 3
[2026/09/25 20:29:45:9537] N: killing process, pid: 26159
[2026/09/25 20:29:45:9537] N: WS closed from (unix skt), clients: 2
[2026/09/25 20:29:45:9537] N: killing process, pid: 26167
[2026/09/25 20:29:45:9547] N: process killed with signal 0, pid: 26159
[2026/09/25 20:29:45:9548] N: process killed with signal 0, pid: 26167
[2026/09/25 20:29:46:5923] N: WS closed from (unix skt), clients: 1
[2026/09/25 20:29:46:5924] N: killing process, pid: 26163
[2026/09/25 20:29:46:5930] N: WS closed from (unix skt), clients: 0
[2026/09/25 20:29:46:5930] N: killing process, pid: 26156
[2026/09/25 20:29:46:5952] N: process killed with signal 0, pid: 26163
[2026/09/25 20:29:46:5957] N: process killed with signal 0, pid: 26156
[2026/09/25 20:29:46:6155] N: WS   /ws - (unix skt), clients: 1
[2026/09/25 20:29:46:6156] N: WS   /ws - (unix skt), clients: 2
[2026/09/25 20:29:46:6156] N: WS   /ws - (unix skt), clients: 3
[2026/09/25 20:29:46:6156] N: WS   /ws - (unix skt), clients: 4
[2026/09/25 20:29:46:6156] N: WS   /ws - (unix skt), clients: 5
[2026/09/25 20:29:46:6157] N: WS   /ws - (unix skt), clients: 6
[2026/09/25 20:29:46:6157] N: WS   /ws - (unix skt), clients: 7
[2026/09/25 20:29:46:6157] N: WS   /ws - (unix skt), clients: 8
[2026/09/25 20:29:46:6157] N: WS   /ws - (unix skt), clients: 9
[2026/09/25 20:29:46:6157] N: WS   /ws - (unix skt), clients: 10
[2026/09/25 20:29:46:6173] N: started process, pid: 27439
[2026/09/25 20:29:46:6183] N: started process, pid: 27441
[2026/09/25 20:29:46:6196] N: started process, pid: 27442
[2026/09/25 20:29:46:6208] N: started process, pid: 27443
[2026/09/25 20:29:46:6222] N: started process, pid: 27444
[2026/09/25 20:29:46:6233] N: started process, pid: 27450
[2026/09/25 20:29:46:6265] N: started process, pid: 27451
[2026/09/25 20:29:46:6274] N: started process, pid: 27456
[2026/09/25 20:29:46:6283] N: started process, pid: 27457
[2026/09/25 20:29:46:6304] N: started process, pid: 27458
[2026/09/25 20:29:47:2597] N: WS closed from (unix skt), clients: 9
[2026/09/25 20:29:47:2597] N: killing process, pid: 27443
[2026/09/25 20:29:47:2602] N: process killed with signal 1, pid: 27443
[2026/09/25 20:29:47:4691] N: WS closed from (unix skt), clients: 8
[2026/09/25 20:29:47:4692] N: killing process, pid: 27441
[2026/09/25 20:29:47:4692] N: WS closed from (unix skt), clients: 7
[2026/09/25 20:29:47:4692] N: killing process, pid: 27451
[2026/09/25 20:29:47:7214] N: process killed with signal 0, pid: 27441
[2026/09/25 20:29:47:7215] N: process killed with signal 0, pid: 27451
[2026/09/25 20:29:47:7621] N: WS closed from (unix skt), clients: 6
[2026/09/25 20:29:47:7621] N: killing process, pid: 27457
[2026/09/25 20:29:47:7640] N: process killed with signal 1, pid: 27457
[2026/09/25 20:29:47:9659] N: WS closed from (unix skt), clients: 5
[2026/09/25 20:29:47:9660] N: killing process, pid: 27439
[2026/09/25 20:29:47:9660] N: WS closed from (unix skt), clients: 4
[2026/09/25 20:29:47:9660] N: killing process, pid: 27450
[2026/09/25 20:29:47:9801] N: process killed with signal 0, pid: 27439
[2026/09/25 20:29:47:9802] N: process killed with signal 0, pid: 27450
[2026/09/25 20:29:48:4654] N: WS closed from (unix skt), clients: 3
[2026/09/25 20:29:48:4655] N: killing process, pid: 27456
[2026/09/25 20:29:48:4655] N: WS closed from (unix skt), clients: 2
[2026/09/25 20:29:48:4655] N: killing process, pid: 27442
[2026/09/25 20:29:48:4669] N: process killed with signal 0, pid: 27442
[2026/09/25 20:29:48:4669] N: process killed with signal 0, pid: 27456
[2026/09/25 20:29:48:6189] N: WS closed from (unix skt), clients: 1
[2026/09/25 20:29:48:6189] N: killing process, pid: 27444
[2026/09/25 20:29:48:6189] N: WS closed from (unix skt), clients: 0
[2026/09/25 20:29:48:6189] N: killing process, pid: 27458
[2026/09/25 20:29:48:6339] N: process killed with signal 0, pid: 27444
[2026/09/25 20:29:48:6340] N: process killed with signal 0, pid: 27458
[2026/09/25 20:29:48:6731] N: WS   /ws - (unix skt), clients: 1
[2026/09/25 20:29:48:6731] N: WS   /ws - (unix skt), clients: 2
[2026/09/25 20:29:48:6731] N: WS   /ws - (unix skt), clients: 3
[2026/09/25 20:29:48:6731] N: WS   /ws - (unix skt), clients: 4
[2026/09/25 20:29:48:6731] N: WS   /ws - (unix skt), clients: 5
[2026/09/25 20:29:48:6732] N: WS   /ws - (unix skt), clients: 6
[2026/09/25 20:29:48:6732] N: WS   /ws - (unix skt), clients: 7
[2026/09/25 20:29:48:6732] N: WS   /ws - (unix skt), clients: 8
[2026/09/25 20:29:48:6732] N: WS   /ws - (unix skt), clients: 9
[2026/09/25 20:29:48:6732] N: WS   /ws - (unix skt), clients: 10
[2026/09/25 20:29:48:6744] N: started process, pid: 28487
[2026/09/25 20:29:48:6767] N: started process, pid: 28488
[2026/09/25 20:29:48:6788] N: started process, pid: 28491
[2026/09/25 20:29:48:6816] N: started process, pid: 28492
[2026/09/25 20:29:48:6862] N: started process, pid: 28496
[2026/09/25 20:29:48:6885] N: started process, pid: 28512
[2026/09/25 20:29:48:7014] N: started process, pid: 28517
[2026/09/25 20:29:48:7057] N: started process, pid: 28527
[2026/09/25 20:29:48:7121] N: started process, pid: 28535
[2026/09/25 20:29:48:7193] N: started process, pid: 28537
[2026/09/25 20:29:49:1919] N: WS closed from (unix skt), clients: 9
[2026/09/25 20:29:49:1920] N: killing process, pid: 28488
[2026/09/25 20:29:49:1921] N: WS closed from (unix skt), clients: 8
[2026/09/25 20:29:49:1921] N: killing process, pid: 28487
[2026/09/25 20:29:49:2255] N: process killed with signal 0, pid: 28488
[2026/09/25 20:29:49:2292] N: process killed with signal 0, pid: 28487
[2026/09/25 20:29:49:6761] N: WS closed from (unix skt), clients: 7
[2026/09/25 20:29:49:6762] N: killing process, pid: 28492
[2026/09/25 20:29:49:6763] N: WS closed from (unix skt), clients: 6
[2026/09/25 20:29:49:6763] N: killing process, pid: 28535
[2026/09/25 20:29:49:6779] N: process killed with signal 1, pid: 28492
[2026/09/25 20:29:49:6786] N: process killed with signal 1, pid: 28535
[2026/09/25 20:29:49:7665] N: WS closed from (unix skt), clients: 5
[2026/09/25 20:29:49:7666] N: killing process, pid: 28517
[2026/09/25 20:29:49:7677] N: process killed with signal 0, pid: 28517
[2026/09/25 20:29:49:8752] N: WS closed from (unix skt), clients: 4
[2026/09/25 20:29:49:8752] N: killing process, pid: 28512
[2026/09/25 20:29:49:8797] N: process killed with signal 0, pid: 28512
[2026/09/25 20:29:50:0945] N: WS closed from (unix skt), clients: 3
[2026/09/25 20:29:50:0945] N: killing process, pid: 28491
[2026/09/25 20:29:50:0954] N: process killed with signal 0, pid: 28491
[2026/09/25 20:29:50:3786] N: WS closed from (unix skt), clients: 2
[2026/09/25 20:29:50:3786] N: killing process, pid: 28527
[2026/09/25 20:29:50:3793] N: process killed with signal 0, pid: 28527
[2026/09/25 20:29:50:6759] N: WS closed from (unix skt), clients: 1
[2026/09/25 20:29:50:6759] N: killing process, pid: 28496
[2026/09/25 20:29:50:6760] N: WS closed from (unix skt), clients: 0
[2026/09/25 20:29:50:6760] N: killing process, pid: 28537
[2026/09/25 20:29:50:6773] N: process killed with signal 0, pid: 28496
[2026/09/25 20:29:50:6774] N: process killed with signal 0, pid: 28537
[2026/09/25 20:29:50:7037] N: WS   /ws - (unix skt), clients: 1
[2026/09/25 20:29:50:7039] N: WS   /ws - (unix skt), clients: 2
[2026/09/25 20:29:50:7040] N: WS   /ws - (unix skt), clients: 3
[2026/09/25 20:29:50:7040] N: WS   /ws - (unix skt), clients: 4
[2026/09/25 20:29:50:7041] N: WS   /ws - (unix skt), clients: 5
[2026/09/25 20:29:50:7041] N: WS   /ws - (unix skt), clients: 6
[2026/09/25 20:29:50:7041] N: WS   /ws - (unix skt), clients: 7
[2026/09/25 20:29:50:7041] N: WS   /ws - (unix skt), clients: 8
[2026/09/25 20:29:50:7042] N: WS   /ws - (unix skt), clients: 9
[2026/09/25 20:29:50:7042] N: WS   /ws - (unix skt), clients: 10
[2026/09/25 20:29:50:7124] N: started process, pid: 29482
[2026/09/25 20:29:50:7165] N: started process, pid: 29483
[2026/09/25 20:29:50:7280] N: started process, pid: 29485
[2026/09/25 20:29:50:7318] N: started process, pid: 29486
[2026/09/25 20:29:50:7335] N: started process, pid: 29489
[2026/09/25 20:29:50:7364] N: started process, pid: 29496
[2026/09/25 20:29:50:7380] N: started process, pid: 29513
[2026/09/25 20:29:50:7422] N: started process, pid: 29521
[2026/09/25 20:29:50:7488] N: started process, pid: 29532
[2026/09/25 20:29:50:7553] N: started process, pid: 29539
[2026/09/25 20:29:51:2028] N: WS closed from (unix skt), clients: 9
[2026/09/25 20:29:51:2028] N: killing process, pid: 29486
[2026/09/25 20:29:51:2032] N: process killed with signal 1, pid: 29486
[2026/09/25 20:29:51:4053] N: WS closed from (unix skt), clients: 8
[2026/09/25 20:29:51:4053] N: killing process, pid: 29496
[2026/09/25 20:29:51:5475] N: process killed with signal 0, pid: 29496
[2026/09/25 20:29:51:5480] N: WS closed from (unix skt), clients: 7
[2026/09/25 20:29:51:5481] N: killing process, pid: 29532
[2026/09/25 20:29:51:5485] N: process killed with signal 1, pid: 29532
[2026/09/25 20:29:51:7226] N: WS closed from (unix skt), clients: 6
[2026/09/25 20:29:51:7226] N: killing process, pid: 29513
[2026/09/25 20:29:51:7239] N: process killed with signal 0, pid: 29513
[2026/09/25 20:29:51:7550] N: WS closed from (unix skt), clients: 5
[2026/09/25 20:29:51:7550] N: killing process, pid: 29483
[2026/09/25 20:29:51:7551] N: WS closed from (unix skt), clients: 4
[2026/09/25 20:29:51:7551] N: killing process, pid: 29482
[2026/09/25 20:29:51:7710] N: process killed with signal 0, pid: 29482
[2026/09/25 20:29:51:7711] N: process killed with signal 0, pid: 29483
[2026/09/25 20:29:51:9055] N: WS closed from (unix skt), clients: 3
[2026/09/25 20:29:51:9056] N: killing process, pid: 29521
[2026/09/25 20:29:51:9056] N: WS closed from (unix skt), clients: 2
[2026/09/25 20:29:51:9056] N: killing process, pid: 29485
[2026/09/25 20:29:51:9096] N: process killed with signal 0, pid: 29485
[2026/09/25 20:29:51:9097] N: process killed with signal 0, pid: 29521
[2026/09/25 20:29:52:7073] N: WS closed from (unix skt), clients: 1
[2026/09/25 20:29:52:7074] N: killing process, pid: 29489
[2026/09/25 20:29:52:7075] N: WS closed from (unix skt), clients: 0
[2026/09/25 20:29:52:7075] N: killing process, pid: 29539
[2026/09/25 20:29:52:7089] N: process killed with signal 0, pid: 29489
[2026/09/25 20:29:52:7090] N: process killed with signal 0, pid: 29539
[2026/09/25 20:29:52:7257] N: WS   /ws - (unix skt), clients: 1
[2026/09/25 20:29:52:7258] N: WS   /ws - (unix skt), clients: 2
[2026/09/25 20:29:52:7258] N: WS   /ws - (unix skt), clients: 3
[2026/09/25 20:29:52:7258] N: WS   /ws - (unix skt), clients: 4
[2026/09/25 20:29:52:7258] N: WS   /ws - (unix skt), clients: 5
[2026/09/25 20:29:52:7259] N: WS   /ws - (unix skt), clients: 6
[2026/09/25 20:29:52:7259] N: WS   /ws - (unix skt), clients: 7
[2026/09/25 20:29:52:7259] N: WS   /ws - (unix skt), clients: 8
[2026/09/25 20:29:52:7259] N: WS   /ws - (unix skt), clients: 9
[2026/09/25 20:29:52:7259] N: WS   /ws - (unix skt), clients: 10
[2026/09/25 20:29:52:7283] N: started process, pid: 30797
[2026/09/25 20:29:52:7411] N: started process, pid: 30798
[2026/09/25 20:29:52:7588] N: started process, pid: 30802
[2026/09/25 20:29:52:7686] N: started process, pid: 30807
[2026/09/25 20:29:52:7773] N: started process, pid: 30812
[2026/09/25 20:29:52:7807] N: started process, pid: 30818
[2026/09/25 20:29:52:7886] N: started process, pid: 30831
[2026/09/25 20:29:52:7945] N: started process, pid: 30851
[2026/09/25 20:29:52:7999] N: started process, pid: 30860
[2026/09/25 20:29:52:8029] N: started process, pid: 30869
[2026/09/25 20:29:53:3893] N: WS closed from (unix skt), clients: 9
[2026/09/25 20:29:53:3894] N: killing process, pid: 30797
[2026/09/25 20:29:53:7686] N: WS closed from (unix skt), clients: 8
[2026/09/25 20:29:53:7686] N: killing process, pid: 30818
[2026/09/25 20:29:53:7690] N: process killed with signal 1, pid: 30818
[2026/09/25 20:29:53:7984] N: process killed with signal 0, pid: 30797
[2026/09/25 20:29:53:8105] N: WS closed from (unix skt), clients: 7
[2026/09/25 20:29:53:8106] N: killing process, pid: 30807
[2026/09/25 20:29:53:8111] N: process killed with signal 1, pid: 30807
[2026/09/25 20:29:53:8908] N: WS closed from (unix skt), clients: 6
[2026/09/25 20:29:53:8908] N: killing process, pid: 30851
[2026/09/25 20:29:53:9910] N: WS closed from (unix skt), clients: 5
[2026/09/25 20:29:53:9911] N: killing process, pid: 30798
[2026/09/25 20:29:54:0040] N: WS closed from (unix skt), clients: 4
[2026/09/25 20:29:54:0041] N: killing process, pid: 30860
[2026/09/25 20:29:54:0046] N: process killed with signal 1, pid: 30860
[2026/09/25 20:29:54:1103] N: WS closed from (unix skt), clients: 3
[2026/09/25 20:29:54:1103] N: killing process, pid: 30831
[2026/09/25 20:29:54:1824] N: process killed with signal 0, pid: 30798
[2026/09/25 20:29:54:1834] N: process killed with signal 0, pid: 30831
[2026/09/25 20:29:54:1844] N: process killed with signal 0, pid: 30851
[2026/09/25 20:29:54:7274] N: WS closed from (unix skt), clients: 2
[2026/09/25 20:29:54:7274] N: killing process, pid: 30812
[2026/09/25 20:29:54:7274] N: WS closed from (unix skt), clients: 1
[2026/09/25 20:29:54:7274] N: killing process, pid: 30869
[2026/09/25 20:29:54:7304] N: process killed with signal 0, pid: 30812
[2026/09/25 20:29:54:7305] N: process killed with signal 0, pid: 30869
[2026/09/25 20:29:54:8842] N: WS closed from (unix skt), clients: 0
[2026/09/25 20:29:54:8843] N: killing process, pid: 30802
[2026/09/25 20:29:54:8851] N: process killed with signal 0, pid: 30802
[2026/09/25 20:29:54:8947] N: WS   /ws - (unix skt), clients: 1
[2026/09/25 20:29:54:8948] N: WS   /ws - (unix skt), clients: 2
[2026/09/25 20:29:54:8948] N: WS   /ws - (unix skt), clients: 3
[2026/09/25 20:29:54:8948] N: WS   /ws - (unix skt), clients: 4
[2026/09/25 20:29:54:8948] N: WS   /ws - (unix skt), clients: 5
[2026/09/25 20:29:54:8948] N: WS   /ws - (unix skt), clients: 6
[2026/09/25 20:29:54:8949] N: WS   /ws - (unix skt), clients: 7
[2026/09/25 20:29:54:8949] N: WS   /ws - (unix skt), clients: 8
[2026/09/25 20:29:54:8963] N: started process, pid: 32354
[2026/09/25 20:29:54:8965] N: WS   /ws - (unix skt), clients: 9
[2026/09/25 20:29:54:8966] N: WS   /ws - (unix skt), clients: 10
[2026/09/25 20:29:54:8976] N: started process, pid: 32355
[2026/09/25 20:29:54:8985] N: started process, pid: 32357
[2026/09/25 20:29:54:8998] N: started process, pid: 32358
[2026/09/25 20:29:54:9012] N: started process, pid: 32360
[2026/09/25 20:29:54:9027] N: started process, pid: 32361
[2026/09/25 20:29:54:9047] N: started process, pid: 32362
[2026/09/25 20:29:54:9078] N: started process, pid: 32368
[2026/09/25 20:29:54:9104] N: started process, pid: 32371
[2026/09/25 20:29:54:9133] N: started process, pid: 32383
[2026/09/25 20:29:55:5186] N: WS closed from (unix skt), clients: 9
[2026/09/25 20:29:55:5187] N: killing process, pid: 32358
[2026/09/25 20:29:55:5192] N: process killed with signal 1, pid: 32358
[2026/09/25 20:29:55:5474] N: WS closed from (unix skt), clients: 8
[2026/09/25 20:29:55:5474] N: killing process, pid: 32355
[2026/09/25 20:29:55:8500] N: WS closed from (unix skt), clients: 7
[2026/09/25 20:29:55:8501] N: killing process, pid: 32361
[2026/09/25 20:29:55:9399] N: WS closed from (unix skt), clients: 6
[2026/09/25 20:29:55:9400] N: killing process, pid: 32362
[2026/09/25 20:29:55:9870] N: process killed with signal 0, pid: 32355
[2026/09/25 20:29:56:0416] N: WS closed from (unix skt), clients: 5
[2026/09/25 20:29:56:0417] N: killing process, pid: 32354
[2026/09/25 20:29:56:1298] N: WS closed from (unix skt), clients: 4
[2026/09/25 20:29:56:1298] N: killing process, pid: 32357
[2026/09/25 20:29:56:1305] N: process killed with signal 0, pid: 32357
[2026/09/25 20:29:56:1956] N: process killed with signal 0, pid: 32361
[2026/09/25 20:29:56:1957] N: WS closed from (unix skt), clients: 3
[2026/09/25 20:29:56:1957] N: killing process, pid: 32371
[2026/09/25 20:29:56:1959] N: process killed with signal 0, pid: 32362
[2026/09/25 20:29:56:1963] N: process killed with signal 1, pid: 32371
[2026/09/25 20:29:56:1974] N: process killed with signal 0, pid: 32354
[2026/09/25 20:29:56:8999] N: WS closed from (unix skt), clients: 2
[2026/09/25 20:29:56:9000] N: killing process, pid: 32360
[2026/09/25 20:29:56:9000] N: WS closed from (unix skt), clients: 1
[2026/09/25 20:29:56:9001] N: killing process, pid: 32383
[2026/09/25 20:29:56:9001] N: WS closed from (unix skt), clients: 0
[2026/09/25 20:29:56:9002] N: killing process, pid: 32368
[2026/09/25 20:29:56:9032] N: process killed with signal 0, pid: 32360
[2026/09/25 20:29:56:9033] N: process killed with signal 0, pid: 32383
[2026/09/25 20:29:56:9056] N: process killed with signal 0, pid: 32368
[2026/09/25 20:29:56:9712] N: WS   /ws - (unix skt), clients: 1
[2026/09/25 20:29:56:9713] N: WS   /ws - (unix skt), clients: 2
[2026/09/25 20:29:56:9713] N: WS   /ws - (unix skt), clients: 3
[2026/09/25 20:29:56:9713] N: WS   /ws - (unix skt), clients: 4
[2026/09/25 20:29:56:9714] N: WS   /ws - (unix skt), clients: 5
[2026/09/25 20:29:56:9714] N: WS   /ws - (unix skt), clients: 6
[2026/09/25 20:29:56:9714] N: WS   /ws - (unix skt), clients: 7
[2026/09/25 20:29:56:9714] N: WS   /ws - (unix skt), clients: 8
[2026/09/25 20:29:56:9714] N: WS   /ws - (unix skt), clients: 9
[2026/09/25 20:29:56:9714] N: WS   /ws - (unix skt), clients: 10
[2026/09/25 20:29:56:9737] N: started process, pid: 33684
[2026/09/25 20:29:56:9751] N: started process, pid: 33689
[2026/09/25 20:29:56:9774] N: started process, pid: 33693
[2026/09/25 20:29:56:9800] N: started process, pid: 33698
[2026/09/25 20:29:56:9825] N: started process, pid: 33699
[2026/09/25 20:29:56:9841] N: started process, pid: 33701
[2026/09/25 20:29:56:9858] N: started process, pid: 33702
[2026/09/25 20:29:56:9881] N: started process, pid: 33705
[2026/09/25 20:29:56:9904] N: started process, pid: 33715
[2026/09/25 20:29:56:9925] N: started process, pid: 33722
[2026/09/25 20:29:57:2635] N: WS closed from (unix skt), clients: 9
[2026/09/25 20:29:57:2636] N: killing process, pid: 33698
[2026/09/25 20:29:57:2641] N: process killed with signal 1, pid: 33698
[2026/09/25 20:29:57:7979] N: WS closed from (unix skt), clients: 8
[2026/09/25 20:29:57:7979] N: killing process, pid: 33689
[2026/09/25 20:29:57:9718] N: WS closed from (unix skt), clients: 7
[2026/09/25 20:29:57:9719] N: killing process, pid: 33684
[2026/09/25 20:29:57:9741] N: process killed with signal 0, pid: 33689
[2026/09/25 20:29:58:0111] N: WS closed from (unix skt), clients: 6
[2026/09/25 20:29:58:0112] N: killing process, pid: 33702
[2026/09/25 20:29:58:1388] N: process killed with signal 0, pid: 33684
[2026/09/25 20:29:58:1415] N: WS closed from (unix skt), clients: 5
[2026/09/25 20:29:58:1416] N: killing process, pid: 33715
[2026/09/25 20:29:58:1431] N: process killed with signal 0, pid: 33702
[2026/09/25 20:29:58:1457] N: process killed with signal 1, pid: 33715
[2026/09/25 20:29:58:3076] N: WS closed from (unix skt), clients: 4
[2026/09/25 20:29:58:3076] N: killing process, pid: 33701
[2026/09/25 20:29:58:3086] N: process killed with signal 0, pid: 33701
[2026/09/25 20:29:58:3751] N: WS closed from (unix skt), clients: 3
[2026/09/25 20:29:58:3752] N: killing process, pid: 33693
[2026/09/25 20:29:58:3783] N: process killed with signal 0, pid: 33693
[2026/09/25 20:29:58:8481] N: WS closed from (unix skt), clients: 2
[2026/09/25 20:29:58:8482] N: killing process, pid: 33705
[2026/09/25 20:29:58:8504] N: process killed with signal 0, pid: 33705
[2026/09/25 20:29:58:9785] N: WS closed from (unix skt), clients: 1
[2026/09/25 20:29:58:9786] N: killing process, pid: 33699
[2026/09/25 20:29:58:9786] N: WS closed from (unix skt), clients: 0
[2026/09/25 20:29:58:9787] N: killing process, pid: 33722
[2026/09/25 20:29:58:9983] N: process killed with signal 0, pid: 33699
[2026/09/25 20:29:58:9984] N: process killed with signal 0, pid: 33722
[2026/09/25 20:29:59:0993] N: WS   /ws - (unix skt), clients: 1
[2026/09/25 20:29:59:0994] N: WS   /ws - (unix skt), clients: 2
[2026/09/25 20:29:59:0994] N: WS   /ws - (unix skt), clients: 3
[2026/09/25 20:29:59:0994] N: WS   /ws - (unix skt), clients: 4
[2026/09/25 20:29:59:0994] N: WS   /ws - (unix skt), clients: 5
[2026/09/25 20:29:59:0994] N: WS   /ws - (unix skt), clients: 6
[2026/09/25 20:29:59:0995] N: WS   /ws - (unix skt), clients: 7
[2026/09/25 20:29:59:0995] N: WS   /ws - (unix skt), clients: 8
[2026/09/25 20:29:59:0995] N: WS   /ws - (unix skt), clients: 9
[2026/09/25 20:29:59:0995] N: WS   /ws - (unix skt), clients: 10
[2026/09/25 20:29:59:1026] N: started process, pid: 34556
[2026/09/25 20:29:59:1038] N: started process, pid: 34557
[2026/09/25 20:29:59:1061] N: started process, pid: 34560
[2026/09/25 20:29:59:1077] N: started process, pid: 34561
[2026/09/25 20:29:59:1102] N: started process, pid: 34562
[2026/09/25 20:29:59:1113] N: started process, pid: 34564
[2026/09/25 20:29:59:1124] N: started process, pid: 34565
[2026/09/25 20:29:59:1146] N: started process, pid: 34566
[2026/09/25 20:29:59:1160] N: started process, pid: 34571
[2026/09/25 20:29:59:1174] N: started process, pid: 34572
[2026/09/25 20:29:59:4783] N: WS closed from (unix skt), clients: 9
[2026/09/25 20:29:59:4783] N: killing process, pid: 34557
[2026/09/25 20:29:59:7056] N: process killed with signal 0, pid: 34557
[2026/09/25 20:29:59:7837] N: WS closed from (unix skt), clients: 8
[2026/09/25 20:29:59:7838] N: killing process, pid: 34561
[2026/09/25 20:29:59:7857] N: process killed with signal 1, pid: 34561
[2026/09/25 20:29:59:8442] N: WS closed from (unix skt), clients: 7
[2026/09/25 20:29:59:8443] N: killing process, pid: 34564
[2026/09/25 20:29:59:8677] N: process killed with signal 0, pid: 34564
[2026/09/25 20:29:59:8892] N: WS closed from (unix skt), clients: 6
[2026/09/25 20:29:59:8892] N: killing process, pid: 34556
[2026/09/25 20:29:59:8927] N: process killed with signal 0, pid: 34556
[2026/09/25 20:29:59:9256] N: WS closed from (unix skt), clients: 5
[2026/09/25 20:29:59:9256] N: killing process, pid: 34571
[2026/09/25 20:29:59:9269] N: process killed with signal 1, pid: 34571
[2026/09/25 20:29:59:9445] N: WS closed from (unix skt), clients: 4
[2026/09/25 20:29:59:9446] N: killing process, pid: 34565
[2026/09/25 20:29:59:9454] N: process killed with signal 0, pid: 34565
[2026/09/25 20:30:00:3650] N: WS closed from (unix skt), clients: 3
[2026/09/25 20:30:00:3650] N: killing process, pid: 34566
[2026/09/25 20:30:00:3772] N: process killed with signal 0, pid: 34566
[2026/09/25 20:30:00:4894] N: WS closed from (unix skt), clients: 2
[2026/09/25 20:30:00:4895] N: killing process, pid: 34560
[2026/09/25 20:30:00:4930] N: process killed with signal 0, pid: 34560
[2026/09/25 20:30:01:1113] N: WS closed from (unix skt), clients: 1
[2026/09/25 20:30:01:1113] N: killing process, pid: 34562
[2026/09/25 20:30:01:1113] N: WS closed from (unix skt), clients: 0
[2026/09/25 20:30:01:1114] N: killing process, pid: 34572
[2026/09/25 20:30:01:1359] N: process killed with signal 0, pid: 34562
[2026/09/25 20:30:01:1360] N: process killed with signal 0, pid: 34572
[2026/09/25 20:30:01:1657] N: WS   /ws - (unix skt), clients: 1
[2026/09/25 20:30:01:1658] N: WS   /ws - (unix skt), clients: 2
[2026/09/25 20:30:01:1669] N: started process, pid: 35341
[2026/09/25 20:30:01:1670] N: WS   /ws - (unix skt), clients: 3
[2026/09/25 20:30:01:1670] N: WS   /ws - (unix skt), clients: 4
[2026/09/25 20:30:01:1670] N: WS   /ws - (unix skt), clients: 5
[2026/09/25 20:30:01:1671] N: WS   /ws - (unix skt), clients: 6
[2026/09/25 20:30:01:1671] N: WS   /ws - (unix skt), clients: 7
[2026/09/25 20:30:01:1671] N: WS   /ws - (unix skt), clients: 8
[2026/09/25 20:30:01:1671] N: WS   /ws - (unix skt), clients: 9
[2026/09/25 20:30:01:1671] N: WS   /ws - (unix skt), clients: 10
[2026/09/25 20:30:01:1679] N: started process, pid: 35347
[2026/09/25 20:30:01:1689] N: started process, pid: 35354
[2026/09/25 20:30:01:1704] N: started process, pid: 35356
[2026/09/25 20:30:01:1729] N: started process, pid: 35357
[2026/09/25 20:30:01:1747] N: started process, pid: 35359
[2026/09/25 20:30:01:1760] N: started process, pid: 35360
[2026/09/25 20:30:01:1773] N: started process, pid: 35361
[2026/09/25 20:30:01:1794] N: started process, pid: 35362
[2026/09/25 20:30:01:1806] N: started process, pid: 35366
[2026/09/25 20:30:01:5356] N: WS closed from (unix skt), clients: 9
[2026/09/25 20:30:01:5356] N: killing process, pid: 35356
[2026/09/25 20:30:01:5368] N: process killed with signal 1, pid: 35356
[2026/09/25 20:30:01:7359] N: WS closed from (unix skt), clients: 8
[2026/09/25 20:30:01:7360] N: killing process, pid: 35347
[2026/09/25 20:30:01:8708] N: process killed with signal 0, pid: 35347
[2026/09/25 20:30:01:8982] N: WS closed from (unix skt), clients: 7
[2026/09/25 20:30:01:8982] N: killing process, pid: 35362
[2026/09/25 20:30:01:8985] N: process killed with signal 1, pid: 35362
[2026/09/25 20:30:02:1124] N: WS closed from (unix skt), clients: 6
[2026/09/25 20:30:02:1125] N: killing process, pid: 35359
[2026/09/25 20:30:02:1125] N: WS closed from (unix skt), clients: 5
[2026/09/25 20:30:02:1126] N: killing process, pid: 35341
[2026/09/25 20:30:02:1284] N: process killed with signal 0, pid: 35341
[2026/09/25 20:30:02:1285] N: process killed with signal 0, pid: 35359
[2026/09/25 20:30:02:2548] N: WS closed from (unix skt), clients: 4
[2026/09/25 20:30:02:2549] N: killing process, pid: 35360
[2026/09/25 20:30:02:2563] N: process killed with signal 0, pid: 35360
[2026/09/25 20:30:02:6183] N: WS closed from (unix skt), clients: 3
[2026/09/25 20:30:02:6184] N: killing process, pid: 35354
[2026/09/25 20:30:02:6229] N: process killed with signal 0, pid: 35354
[2026/09/25 20:30:02:7561] N: WS closed from (unix skt), clients: 2
[2026/09/25 20:30:02:7562] N: killing process, pid: 35361
[2026/09/25 20:30:02:7572] N: process killed with signal 0, pid: 35361
[2026/09/25 20:30:03:1702] N: WS closed from (unix skt), clients: 1
[2026/09/25 20:30:03:1702] N: killing process, pid: 35357
[2026/09/25 20:30:03:1703] N: WS closed from (unix skt), clients: 0
[2026/09/25 20:30:03:1703] N: killing process, pid: 35366
[2026/09/25 20:30:03:1712] N: process killed with signal 0, pid: 35357
[2026/09/25 20:30:03:1720] N: process killed with signal 0, pid: 35366
[2026/09/25 20:30:03:1860] N: WS   /ws - (unix skt), clients: 1
[2026/09/25 20:30:03:1860] N: WS   /ws - (unix skt), clients: 2
[2026/09/25 20:30:03:1861] N: WS   /ws - (unix skt), clients: 3
[2026/09/25 20:30:03:1861] N: WS   /ws - (unix skt), clients: 4
[2026/09/25 20:30:03:1861] N: WS   /ws - (unix skt), clients: 5
[2026/09/25 20:30:03:1861] N: WS   /ws - (unix skt), clients: 6
[2026/09/25 20:30:03:1861] N: WS   /ws - (unix skt), clients: 7
[2026/09/25 20:30:03:1861] N: WS   /ws - (unix skt), clients: 8
[2026/09/25 20:30:03:1861] N: WS   /ws - (unix skt), clients: 9
[2026/09/25 20:30:03:1862] N: WS   /ws - (unix skt), clients: 10
[2026/09/25 20:30:03:1880] N: started process, pid: 36556
[2026/09/25 20:30:03:1895] N: started process, pid: 36557
[2026/09/25 20:30:03:1908] N: started process, pid: 36559
[2026/09/25 20:30:03:1924] N: started process, pid: 36560
[2026/09/25 20:30:03:1936] N: started process, pid: 36561
[2026/09/25 20:30:03:1951] N: started process, pid: 36562
[2026/09/25 20:30:03:1965] N: started process, pid: 36563
[2026/09/25 20:30:03:1978] N: started process, pid: 36565
[2026/09/25 20:30:03:2010] N: started process, pid: 36567
[2026/09/25 20:30:03:2094] N: started process, pid: 36568
[2026/09/25 20:30:03:6463] N: WS closed from (unix skt), clients: 9
[2026/09/25 20:30:03:6464] N: killing process, pid: 36560
[2026/09/25 20:30:03:6480] N: process killed with signal 1, pid: 36560
[2026/09/25 20:30:03:9679] N: WS closed from (unix skt), clients: 8
[2026/09/25 20:30:03:9680] N: killing process, pid: 36556
[2026/09/25 20:30:04:0055] N: process killed with signal 0, pid: 36556
[2026/09/25 20:30:04:0056] N: WS closed from (unix skt), clients: 7
[2026/09/25 20:30:04:0056] N: killing process, pid: 36567
[2026/09/25 20:30:04:0138] N: process killed with signal 1, pid: 36567
[2026/09/25 20:30:04:1253] N: WS closed from (unix skt), clients: 6
[2026/09/25 20:30:04:1253] N: killing process, pid: 36557
[2026/09/25 20:30:04:1307] N: process killed with signal 0, pid: 36557
[2026/09/25 20:30:04:2276] N: WS closed from (unix skt), clients: 5
[2026/09/25 20:30:04:2276] N: killing process, pid: 36563
[2026/09/25 20:30:04:2276] N: WS closed from (unix skt), clients: 4
[2026/09/25 20:30:04:2276] N: killing process, pid: 36562
[2026/09/25 20:30:04:2306] N: process killed with signal 0, pid: 36562
[2026/09/25 20:30:04:2307] N: process killed with signal 0, pid: 36563
[2026/09/25 20:30:04:2653] N: WS closed from (unix skt), clients: 3
[2026/09/25 20:30:04:2653] N: killing process, pid: 36559
[2026/09/25 20:30:04:2661] N: process killed with signal 0, pid: 36559
[2026/09/25 20:30:04:7314] N: WS closed from (unix skt), clients: 2
[2026/09/25 20:30:04:7314] N: killing process, pid: 36565
[2026/09/25 20:30:04:7356] N: process killed with signal 0, pid: 36565
[2026/09/25 20:30:05:1889] N: WS closed from (unix skt), clients: 1
[2026/09/25 20:30:05:1890] N: killing process, pid: 36561
[2026/09/25 20:30:05:1890] N: WS closed from (unix skt), clients: 0
[2026/09/25 20:30:05:1890] N: killing process, pid: 36568
[2026/09/25 20:30:05:1898] N: process killed with signal 0, pid: 36561
[2026/09/25 20:30:05:1908] N: process killed with signal 0, pid: 36568
[2026/09/25 20:30:05:2006] N: WS   /ws - (unix skt), clients: 1
[2026/09/25 20:30:05:2007] N: WS   /ws - (unix skt), clients: 2
[2026/09/25 20:30:05:2007] N: WS   /ws - (unix skt), clients: 3
[2026/09/25 20:30:05:2007] N: WS   /ws - (unix skt), clients: 4
[2026/09/25 20:30:05:2007] N: WS   /ws - (unix skt), clients: 5
[2026/09/25 20:30:05:2008] N: WS   /ws - (unix skt), clients: 6
[2026/09/25 20:30:05:2008] N: WS   /ws - (unix skt), clients: 7
[2026/09/25 20:30:05:2008] N: WS   /ws - (unix skt), clients: 8
[2026/09/25 20:30:05:2008] N: WS   /ws - (unix skt), clients: 9
[2026/09/25 20:30:05:2008] N: WS   /ws - (unix skt), clients: 10
[2026/09/25 20:30:05:2021] N: started process, pid: 37728
[2026/09/25 20:30:05:2029] N: started process, pid: 37729
[2026/09/25 20:30:05:2038] N: started process, pid: 37730
[2026/09/25 20:30:05:2045] N: started process, pid: 37731
[2026/09/25 20:30:05:2058] N: started process, pid: 37732
[2026/09/25 20:30:05:2067] N: started process, pid: 37733
[2026/09/25 20:30:05:2106] N: started process, pid: 37734
[2026/09/25 20:30:05:2123] N: started process, pid: 37741
[2026/09/25 20:30:05:2149] N: started process, pid: 37747
[2026/09/25 20:30:05:2158] N: started process, pid: 37755
[2026/09/25 20:30:05:7921] N: WS closed from (unix skt), clients: 9
[2026/09/25 20:30:05:7922] N: killing process, pid: 37731
[2026/09/25 20:30:05:7931] N: process killed with signal 1, pid: 37731
[2026/09/25 20:30:05:8098] N: WS closed from (unix skt), clients: 8
[2026/09/25 20:30:05:8099] N: killing process, pid: 37729
[2026/09/25 20:30:05:8523] N: process killed with signal 0, pid: 37729
[2026/09/25 20:30:05:9971] N: WS closed from (unix skt), clients: 7
[2026/09/25 20:30:05:9971] N: killing process, pid: 37733
[2026/09/25 20:30:06:0040] N: process killed with signal 0, pid: 37733
[2026/09/25 20:30:06:1975] N: WS closed from (unix skt), clients: 6
[2026/09/25 20:30:06:1976] N: killing process, pid: 37728
[2026/09/25 20:30:06:2332] N: process killed with signal 0, pid: 37728
[2026/09/25 20:30:06:2444] N: WS closed from (unix skt), clients: 5
[2026/09/25 20:30:06:2445] N: killing process, pid: 37730
[2026/09/25 20:30:06:2445] N: WS closed from (unix skt), clients: 4
[2026/09/25 20:30:06:2445] N: killing process, pid: 37747
[2026/09/25 20:30:06:2499] N: process killed with signal 1, pid: 37747
[2026/09/25 20:30:06:2566] N: process killed with signal 0, pid: 37730
[2026/09/25 20:30:06:4478] N: WS closed from (unix skt), clients: 3
[2026/09/25 20:30:06:4479] N: killing process, pid: 37734
[2026/09/25 20:30:06:4502] N: process killed with signal 0, pid: 37734
[2026/09/25 20:30:06:7380] N: WS closed from (unix skt), clients: 2
[2026/09/25 20:30:06:7380] N: killing process, pid: 37741
[2026/09/25 20:30:06:7389] N: process killed with signal 0, pid: 37741
[2026/09/25 20:30:07:2040] N: WS closed from (unix skt), clients: 1
[2026/09/25 20:30:07:2040] N: killing process, pid: 37732
[2026/09/25 20:30:07:2040] N: WS closed from (unix skt), clients: 0
[2026/09/25 20:30:07:2040] N: killing process, pid: 37755
[2026/09/25 20:30:07:2078] N: process killed with signal 0, pid: 37732
[2026/09/25 20:30:07:2080] N: process killed with signal 0, pid: 37755
[2026/09/25 20:30:07:2429] N: WS   /ws - (unix skt), clients: 1
[2026/09/25 20:30:07:2430] N: WS   /ws - (unix skt), clients: 2
[2026/09/25 20:30:07:2430] N: WS   /ws - (unix skt), clients: 3
[2026/09/25 20:30:07:2445] N: started process, pid: 38921
[2026/09/25 20:30:07:2448] N: WS   /ws - (unix skt), clients: 4
[2026/09/25 20:30:07:2449] N: WS   /ws - (unix skt), clients: 5
[2026/09/25 20:30:07:2449] N: WS   /ws - (unix skt), clients: 6
[2026/09/25 20:30:07:2449] N: WS   /ws - (unix skt), clients: 7
[2026/09/25 20:30:07:2449] N: WS   /ws - (unix skt), clients: 8
[2026/09/25 20:30:07:2450] N: WS   /ws - (unix skt), clients: 9
[2026/09/25 20:30:07:2450] N: WS   /ws - (unix skt), clients: 10
[2026/09/25 20:30:07:2458] N: started process, pid: 38922
[2026/09/25 20:30:07:2467] N: started process, pid: 38923
[2026/09/25 20:30:07:2476] N: started process, pid: 38924
[2026/09/25 20:30:07:2486] N: started process, pid: 38930
[2026/09/25 20:30:07:2494] N: started process, pid: 38937
[2026/09/25 20:30:07:2502] N: started process, pid: 38938
[2026/09/25 20:30:07:2518] N: started process, pid: 38939
[2026/09/25 20:30:07:2545] N: started process, pid: 38944
[2026/09/25 20:30:07:2567] N: started process, pid: 38946
[2026/09/25 20:30:07:5858] N: WS closed from (unix skt), clients: 9
[2026/09/25 20:30:07:5859] N: killing process, pid: 38922
[2026/09/25 20:30:07:5863] N: process killed with signal 1, pid: 38922
[2026/09/25 20:30:07:7889] N: WS closed from (unix skt), clients: 8
[2026/09/25 20:30:07:7890] N: killing process, pid: 38921
[2026/09/25 20:30:07:8939] N: process killed with signal 0, pid: 38921
[2026/09/25 20:30:08:0529] N: WS closed from (unix skt), clients: 7
[2026/09/25 20:30:08:0530] N: killing process, pid: 38944
[2026/09/25 20:30:08:0551] N: process killed with signal 1, pid: 38944
[2026/09/25 20:30:08:0616] N: WS closed from (unix skt), clients: 6
[2026/09/25 20:30:08:0616] N: killing process, pid: 38924
[2026/09/25 20:30:08:0624] N: process killed with signal 0, pid: 38924
[2026/09/25 20:30:08:1719] N: WS closed from (unix skt), clients: 5
[2026/09/25 20:30:08:1719] N: killing process, pid: 38937
[2026/09/25 20:30:08:1722] N: WS closed from (unix skt), clients: 4
[2026/09/25 20:30:08:1722] N: killing process, pid: 38938
[2026/09/25 20:30:08:1729] N: process killed with signal 0, pid: 38938
[2026/09/25 20:30:08:1730] N: process killed with signal 0, pid: 38937
[2026/09/25 20:30:08:6017] N: WS closed from (unix skt), clients: 3
[2026/09/25 20:30:08:6018] N: killing process, pid: 38939
[2026/09/25 20:30:08:6041] N: process killed with signal 0, pid: 38939
[2026/09/25 20:30:08:7043] N: WS closed from (unix skt), clients: 2
[2026/09/25 20:30:08:7044] N: killing process, pid: 38930
[2026/09/25 20:30:08:7060] N: process killed with signal 0, pid: 38930
[2026/09/25 20:30:09:2525] N: WS closed from (unix skt), clients: 1
[2026/09/25 20:30:09:2525] N: killing process, pid: 38923
[2026/09/25 20:30:09:2526] N: WS closed from (unix skt), clients: 0
[2026/09/25 20:30:09:2526] N: killing process, pid: 38946
[2026/09/25 20:30:09:2675] N: process killed with signal 0, pid: 38923
[2026/09/25 20:30:09:2675] N: process killed with signal 0, pid: 38946
[2026/09/25 20:30:09:2876] N: WS   /ws - (unix skt), clients: 1
[2026/09/25 20:30:09:2877] N: WS   /ws - (unix skt), clients: 2
[2026/09/25 20:30:09:2878] N: WS   /ws - (unix skt), clients: 3
[2026/09/25 20:30:09:2879] N: WS   /ws - (unix skt), clients: 4
[2026/09/25 20:30:09:2879] N: WS   /ws - (unix skt), clients: 5
[2026/09/25 20:30:09:2879] N: WS   /ws - (unix skt), clients: 6
[2026/09/25 20:30:09:2879] N: WS   /ws - (unix skt), clients: 7
[2026/09/25 20:30:09:2879] N: WS   /ws - (unix skt), clients: 8
[2026/09/25 20:30:09:2880] N: WS   /ws - (unix skt), clients: 9
[2026/09/25 20:30:09:2880] N: WS   /ws - (unix skt), clients: 10
[2026/09/25 20:30:09:2893] N: started process, pid: 40362
[2026/09/25 20:30:09:2903] N: started process, pid: 40364
[2026/09/25 20:30:09:2915] N: started process, pid: 40365
[2026/09/25 20:30:09:2949] N: started process, pid: 40366
[2026/09/25 20:30:09:2965] N: started process, pid: 40368
[2026/09/25 20:30:09:2985] N: started process, pid: 40369
[2026/09/25 20:30:09:3034] N: started process, pid: 40373
[2026/09/25 20:30:09:3071] N: started process, pid: 40382
[2026/09/25 20:30:09:3130] N: started process, pid: 40398
[2026/09/25 20:30:09:3159] N: started process, pid: 40403
[2026/09/25 20:30:09:8131] N: WS closed from (unix skt), clients: 9
[2026/09/25 20:30:09:8132] N: killing process, pid: 40362
[2026/09/25 20:30:10:0072] N: WS closed from (unix skt), clients: 8
[2026/09/25 20:30:10:0072] N: killing process, pid: 40366
[2026/09/25 20:30:10:0077] N: process killed with signal 1, pid: 40366
[2026/09/25 20:30:10:0118] N: process killed with signal 0, pid: 40362
[2026/09/25 20:30:10:1999] N: WS closed from (unix skt), clients: 7
[2026/09/25 20:30:10:2000] N: killing process, pid: 40398
[2026/09/25 20:30:10:2003] N: process killed with signal 1, pid: 40398
[2026/09/25 20:30:10:2103] N: WS closed from (unix skt), clients: 6
[2026/09/25 20:30:10:2103] N: killing process, pid: 40365
[2026/09/25 20:30:10:2163] N: process killed with signal 0, pid: 40365
[2026/09/25 20:30:10:3270] N: WS closed from (unix skt), clients: 5
[2026/09/25 20:30:10:3271] N: killing process, pid: 40373
[2026/09/25 20:30:10:3298] N: process killed with signal 0, pid: 40373
[2026/09/25 20:30:10:3532] N: WS closed from (unix skt), clients: 4
[2026/09/25 20:30:10:3532] N: killing process, pid: 40364
[2026/09/25 20:30:10:3537] N: process killed with signal 0, pid: 40364
[2026/09/25 20:30:10:4044] N: WS closed from (unix skt), clients: 3
[2026/09/25 20:30:10:4045] N: killing process, pid: 40369
[2026/09/25 20:30:10:4052] N: process killed with signal 0, pid: 40369
[2026/09/25 20:30:10:7953] N: WS closed from (unix skt), clients: 2
[2026/09/25 20:30:10:7953] N: killing process, pid: 40382
[2026/09/25 20:30:10:7962] N: process killed with signal 0, pid: 40382
[2026/09/25 20:30:11:2913] N: WS closed from (unix skt), clients: 1
[2026/09/25 20:30:11:2914] N: killing process, pid: 40368
[2026/09/25 20:30:11:2914] N: WS closed from (unix skt), clients: 0
[2026/09/25 20:30:11:2914] N: killing process, pid: 40403
[2026/09/25 20:30:11:2961] N: process killed with signal 0, pid: 40368
[2026/09/25 20:30:11:2962] N: process killed with signal 0, pid: 40403
[2026/09/25 20:30:11:3234] N: WS   /ws - (unix skt), clients: 1
[2026/09/25 20:30:11:3235] N: WS   /ws - (unix skt), clients: 2
[2026/09/25 20:30:11:3235] N: WS   /ws - (unix skt), clients: 3
[2026/09/25 20:30:11:3235] N: WS   /ws - (unix skt), clients: 4
[2026/09/25 20:30:11:3236] N: WS   /ws - (unix skt), clients: 5
[2026/09/25 20:30:11:3236] N: WS   /ws - (unix skt), clients: 6
[2026/09/25 20:30:11:3236] N: WS   /ws - (unix skt), clients: 7
[2026/09/25 20:30:11:3236] N: WS   /ws - (unix skt), clients: 8
[2026/09/25 20:30:11:3237] N: WS   /ws - (unix skt), clients: 9
[2026/09/25 20:30:11:3237] N: WS   /ws - (unix skt), clients: 10
[2026/09/25 20:30:11:3255] N: started process, pid: 41653
[2026/09/25 20:30:11:3270] N: started process, pid: 41657
[2026/09/25 20:30:11:3283] N: started process, pid: 41659
[2026/09/25 20:30:11:3309] N: started process, pid: 41663
[2026/09/25 20:30:11:3368] N: started process, pid: 41664
[2026/09/25 20:30:11:3423] N: started process, pid: 41665
[2026/09/25 20:30:11:3432] N: started process, pid: 41669
[2026/09/25 20:30:11:3450] N: started process, pid: 41670
[2026/09/25 20:30:11:3459] N: started process, pid: 41672
[2026/09/25 20:30:11:3467] N: started process, pid: 41673
[2026/09/25 20:30:11:7129] N: WS closed from (unix skt), clients: 9
[2026/09/25 20:30:11:7129] N: killing process, pid: 41659
[2026/09/25 20:30:11:7138] N: process killed with signal 1, pid: 41659
[2026/09/25 20:30:11:7412] N: WS closed from (unix skt), clients: 8
[2026/09/25 20:30:11:7413] N: killing process, pid: 41672
[2026/09/25 20:30:11:7471] N: process killed with signal 1, pid: 41672
[2026/09/25 20:30:11:9137] N: WS closed from (unix skt), clients: 7
[2026/09/25 20:30:11:9137] N: killing process, pid: 41653
[2026/09/25 20:30:11:9821] N: WS closed from (unix skt), clients: 6
[2026/09/25 20:30:11:9822] N: killing process, pid: 41664
[2026/09/25 20:30:12:0080] N: process killed with signal 0, pid: 41653
[2026/09/25 20:30:12:0094] N: process killed with signal 0, pid: 41664
[2026/09/25 20:30:12:0296] N: WS closed from (unix skt), clients: 5
[2026/09/25 20:30:12:0297] N: killing process, pid: 41669
[2026/09/25 20:30:12:0305] N: process killed with signal 0, pid: 41669
[2026/09/25 20:30:12:2175] N: WS closed from (unix skt), clients: 4
[2026/09/25 20:30:12:2176] N: killing process, pid: 41665
[2026/09/25 20:30:12:2191] N: process killed with signal 0, pid: 41665
[2026/09/25 20:30:12:4156] N: WS closed from (unix skt), clients: 3
[2026/09/25 20:30:12:4156] N: killing process, pid: 41657
[2026/09/25 20:30:12:4159] N: process killed with signal 0, pid: 41657
[2026/09/25 20:30:12:6357] N: WS closed from (unix skt), clients: 2
[2026/09/25 20:30:12:6358] N: killing process, pid: 41670
[2026/09/25 20:30:12:6367] N: process killed with signal 0, pid: 41670
[2026/09/25 20:30:13:3252] N: WS closed from (unix skt), clients: 1
[2026/09/25 20:30:13:3253] N: killing process, pid: 41663
[2026/09/25 20:30:13:3253] N: WS closed from (unix skt), clients: 0
[2026/09/25 20:30:13:3253] N: killing process, pid: 41673
[2026/09/25 20:30:13:3261] N: process killed with signal 0, pid: 41663
[2026/09/25 20:30:13:3262] N: process killed with signal 0, pid: 41673
[2026/09/25 20:30:13:3397] N: WS   /ws - (unix skt), clients: 1
[2026/09/25 20:30:13:3398] N: WS   /ws - (unix skt), clients: 2
[2026/09/25 20:30:13:3399] N: WS   /ws - (unix skt), clients: 3
[2026/09/25 20:30:13:3399] N: WS   /ws - (unix skt), clients: 4
[2026/09/25 20:30:13:3399] N: WS   /ws - (unix skt), clients: 5
[2026/09/25 20:30:13:3400] N: WS   /ws - (unix skt), clients: 6
[2026/09/25 20:30:13:3400] N: WS   /ws - (unix skt), clients: 7
[2026/09/25 20:30:13:3400] N: WS   /ws - (unix skt), clients: 8
[2026/09/25 20:30:13:3414] N: started process, pid: 42526
[2026/09/25 20:30:13:3424] N: started process, pid: 42527
[2026/09/25 20:30:13:3429] N: started process, pid: 42529
[2026/09/25 20:30:13:3437] N: started process, pid: 42530
[2026/09/25 20:30:13:3445] N: started process, pid: 42532
[2026/09/25 20:30:13:3449] N: WS   /ws - (unix skt), clients: 9
[2026/09/25 20:30:13:3449] N: WS   /ws - (unix skt), clients: 10
[2026/09/25 20:30:13:3456] N: started process, pid: 42533
[2026/09/25 20:30:13:3470] N: started process, pid: 42534
[2026/09/25 20:30:13:3483] N: started process, pid: 42535
[2026/09/25 20:30:13:3508] N: started process, pid: 42538
[2026/09/25 20:30:13:3557] N: started process, pid: 42547
[2026/09/25 20:30:13:5750] N: WS closed from (unix skt), clients: 9
[2026/09/25 20:30:13:5752] N: killing process, pid: 42529
[2026/09/25 20:30:13:5766] N: process killed with signal 1, pid: 42529
[2026/09/25 20:30:14:0458] N: WS closed from (unix skt), clients: 8
[2026/09/25 20:30:14:0458] N: killing process, pid: 42534
[2026/09/25 20:30:14:0480] N: process killed with signal 1, pid: 42534
[2026/09/25 20:30:14:1432] N: WS closed from (unix skt), clients: 7
[2026/09/25 20:30:14:1432] N: killing process, pid: 42532
[2026/09/25 20:30:14:1434] N: WS closed from (unix skt), clients: 6
[2026/09/25 20:30:14:1434] N: killing process, pid: 42526
[2026/09/25 20:30:14:1434] N: WS closed from (unix skt), clients: 5
[2026/09/25 20:30:14:1434] N: killing process, pid: 42538
[2026/09/25 20:30:14:1456] N: process killed with signal 0, pid: 42526
[2026/09/25 20:30:14:1457] N: process killed with signal 0, pid: 42532
[2026/09/25 20:30:14:1462] N: process killed with signal 0, pid: 42538
[2026/09/25 20:30:14:3364] N: WS closed from (unix skt), clients: 4
[2026/09/25 20:30:14:3364] N: killing process, pid: 42533
[2026/09/25 20:30:14:3439] N: process killed with signal 0, pid: 42533
[2026/09/25 20:30:14:6465] N: WS closed from (unix skt), clients: 3
[2026/09/25 20:30:14:6466] N: killing process, pid: 42527
[2026/09/25 20:30:14:6484] N: process killed with signal 0, pid: 42527
[2026/09/25 20:30:14:8290] N: WS closed from (unix skt), clients: 2
[2026/09/25 20:30:14:8290] N: killing process, pid: 42547
[2026/09/25 20:30:14:8297] N: process killed with signal 0, pid: 42547
[2026/09/25 20:30:15:3407] N: WS closed from (unix skt), clients: 1
[2026/09/25 20:30:15:3407] N: killing process, pid: 42530
[2026/09/25 20:30:15:3417] N: process killed with signal 0, pid: 42530
[2026/09/25 20:30:15:3452] N: WS closed from (unix skt), clients: 0
[2026/09/25 20:30:15:3453] N: killing process, pid: 42535
[2026/09/25 20:30:15:3465] N: process killed with signal 0, pid: 42535
[2026/09/25 20:30:15:3551] N: WS   /ws - (unix skt), clients: 1
[2026/09/25 20:30:15:3551] N: WS   /ws - (unix skt), clients: 2
[2026/09/25 20:30:15:3552] N: WS   /ws - (unix skt), clients: 3
[2026/09/25 20:30:15:3552] N: WS   /ws - (unix skt), clients: 4
[2026/09/25 20:30:15:3552] N: WS   /ws - (unix skt), clients: 5
[2026/09/25 20:30:15:3552] N: WS   /ws - (unix skt), clients: 6
[2026/09/25 20:30:15:3552] N: WS   /ws - (unix skt), clients: 7
[2026/09/25 20:30:15:3552] N: WS   /ws - (unix skt), clients: 8
[2026/09/25 20:30:15:3552] N: WS   /ws - (unix skt), clients: 9
[2026/09/25 20:30:15:3552] N: WS   /ws - (unix skt), clients: 10
[2026/09/25 20:30:15:3564] N: started process, pid: 43484
[2026/09/25 20:30:15:3570] N: started process, pid: 43485
[2026/09/25 20:30:15:3577] N: started process, pid: 43487
[2026/09/25 20:30:15:3582] N: started process, pid: 43488
[2026/09/25 20:30:15:3587] N: started process, pid: 43489
[2026/09/25 20:30:15:3594] N: started process, pid: 43490
[2026/09/25 20:30:15:3608] N: started process, pid: 43491
[2026/09/25 20:30:15:3615] N: started process, pid: 43493
[2026/09/25 20:30:15:3629] N: started process, pid: 43495
[2026/09/25 20:30:15:3655] N: started process, pid: 43501
[2026/09/25 20:30:15:8782] N: WS closed from (unix skt), clients: 9
[2026/09/25 20:30:15:8783] N: killing process, pid: 43490
[2026/09/25 20:30:15:8822] N: WS closed from (unix skt), clients: 8
[2026/09/25 20:30:15:8823] N: killing process, pid: 43485
[2026/09/25 20:30:15:8827] N: process killed with signal 1, pid: 43485
[2026/09/25 20:30:16:0438] N: WS closed from (unix skt), clients: 7
[2026/09/25 20:30:16:0439] N: killing process, pid: 43488
[2026/09/25 20:30:16:0442] N: process killed with signal 1, pid: 43488
[2026/09/25 20:30:16:1282] N: process killed with signal 0, pid: 43490
[2026/09/25 20:30:16:1570] N: WS closed from (unix skt), clients: 6
[2026/09/25 20:30:16:1571] N: killing process, pid: 43495
[2026/09/25 20:30:16:1577] N: process killed with signal 1, pid: 43495
[2026/09/25 20:30:16:1828] N: WS closed from (unix skt), clients: 5
[2026/09/25 20:30:16:1828] N: killing process, pid: 43491
[2026/09/25 20:30:16:1865] N: process killed with signal 0, pid: 43491
[2026/09/25 20:30:16:3559] N: WS closed from (unix skt), clients: 4
[2026/09/25 20:30:16:3559] N: killing process, pid: 43484
[2026/09/25 20:30:16:3567] N: process killed with signal 0, pid: 43484
[2026/09/25 20:30:16:3802] N: WS closed from (unix skt), clients: 3
[2026/09/25 20:30:16:3802] N: killing process, pid: 43487
[2026/09/25 20:30:16:3810] N: process killed with signal 0, pid: 43487
[2026/09/25 20:30:16:8308] N: WS closed from (unix skt), clients: 2
[2026/09/25 20:30:16:8309] N: killing process, pid: 43493
[2026/09/25 20:30:16:8318] N: process killed with signal 0, pid: 43493
[2026/09/25 20:30:17:3570] N: WS closed from (unix skt), clients: 1
[2026/09/25 20:30:17:3570] N: killing process, pid: 43489
[2026/09/25 20:30:17:3571] N: WS closed from (unix skt), clients: 0
[2026/09/25 20:30:17:3571] N: killing process, pid: 43501
[2026/09/25 20:30:17:3580] N: process killed with signal 0, pid: 43489
[2026/09/25 20:30:17:3580] N: process killed with signal 0, pid: 43501
[2026/09/25 20:30:17:3689] N: WS   /ws - (unix skt), clients: 1
[2026/09/25 20:30:17:3689] N: WS   /ws - (unix skt), clients: 2
[2026/09/25 20:30:17:3689] N: WS   /ws - (unix skt), clients: 3
[2026/09/25 20:30:17:3689] N: WS   /ws - (unix skt), clients: 4
[2026/09/25 20:30:17:3690] N: WS   /ws - (unix skt), clients: 5
[2026/09/25 20:30:17:3690] N: WS   /ws - (unix skt), clients: 6
[2026/09/25 20:30:17:3690] N: WS   /ws - (unix skt), clients: 7
[2026/09/25 20:30:17:3690] N: WS   /ws - (unix skt), clients: 8
[2026/09/25 20:30:17:3690] N: WS   /ws - (unix skt), clients: 9
[2026/09/25 20:30:17:3690] N: WS   /ws - (unix skt), clients: 10
[2026/09/25 20:30:17:3772] N: started process, pid: 44743
[2026/09/25 20:30:17:3796] N: started process, pid: 44744
[2026/09/25 20:30:17:3808] N: started process, pid: 44745
[2026/09/25 20:30:17:3821] N: started process, pid: 44746
[2026/09/25 20:30:17:3826] N: started process, pid: 44747
[2026/09/25 20:30:17:3840] N: started process, pid: 44748
[2026/09/25 20:30:17:3849] N: started process, pid: 44751
[2026/09/25 20:30:17:3861] N: started process, pid: 44754
[2026/09/25 20:30:17:3878] N: started process, pid: 44759
[2026/09/25 20:30:17:3899] N: started process, pid: 44763
[2026/09/25 20:30:17:9100] N: WS closed from (unix skt), clients: 9
[2026/09/25 20:30:17:9101] N: killing process, pid: 44743
[2026/09/25 20:30:17:9115] N: WS closed from (unix skt), clients: 8
[2026/09/25 20:30:17:9115] N: killing process, pid: 44744
[2026/09/25 20:30:17:9308] N: WS closed from (unix skt), clients: 7
[2026/09/25 20:30:17:9309] N: killing process, pid: 44746
[2026/09/25 20:30:17:9313] N: process killed with signal 1, pid: 44746
[2026/09/25 20:30:18:1038] N: process killed with signal 0, pid: 44743
[2026/09/25 20:30:18:1041] N: WS closed from (unix skt), clients: 6
[2026/09/25 20:30:18:1041] N: killing process, pid: 44759
[2026/09/25 20:30:18:1046] N: process killed with signal 1, pid: 44759
[2026/09/25 20:30:18:1067] N: process killed with signal 0, pid: 44744
[2026/09/25 20:30:18:3063] N: WS closed from (unix skt), clients: 5
[2026/09/25 20:30:18:3064] N: killing process, pid: 44748
[2026/09/25 20:30:18:3072] N: process killed with signal 0, pid: 44748
[2026/09/25 20:30:18:3552] N: WS closed from (unix skt), clients: 4
[2026/09/25 20:30:18:3552] N: killing process, pid: 44751
[2026/09/25 20:30:18:3560] N: process killed with signal 0, pid: 44751
[2026/09/25 20:30:18:4147] N: WS closed from (unix skt), clients: 3
[2026/09/25 20:30:18:4148] N: killing process, pid: 44745
[2026/09/25 20:30:18:4160] N: process killed with signal 0, pid: 44745
[2026/09/25 20:30:18:8086] N: WS closed from (unix skt), clients: 2
[2026/09/25 20:30:18:8086] N: killing process, pid: 44754
[2026/09/25 20:30:18:8092] N: process killed with signal 0, pid: 44754
[2026/09/25 20:30:19:3691] N: WS closed from (unix skt), clients: 1
[2026/09/25 20:30:19:3692] N: killing process, pid: 44747
[2026/09/25 20:30:19:3700] N: process killed with signal 0, pid: 44747
[2026/09/25 20:30:19:3705] N: WS closed from (unix skt), clients: 0
[2026/09/25 20:30:19:3706] N: killing process, pid: 44763
[2026/09/25 20:30:19:3715] N: process killed with signal 0, pid: 44763
[2026/09/25 20:30:19:3824] N: WS   /ws - (unix skt), clients: 1
[2026/09/25 20:30:19:3825] N: WS   /ws - (unix skt), clients: 2
[2026/09/25 20:30:19:3825] N: WS   /ws - (unix skt), clients: 3
[2026/09/25 20:30:19:3825] N: WS   /ws - (unix skt), clients: 4
[2026/09/25 20:30:19:3825] N: WS   /ws - (unix skt), clients: 5
[2026/09/25 20:30:19:3825] N: WS   /ws - (unix skt), clients: 6
[2026/09/25 20:30:19:3826] N: WS   /ws - (unix skt), clients: 7
[2026/09/25 20:30:19:3826] N: WS   /ws - (unix skt), clients: 8
[2026/09/25 20:30:19:3826] N: WS   /ws - (unix skt), clients: 9
[2026/09/25 20:30:19:3826] N: WS   /ws - (unix skt), clients: 10
[2026/09/25 20:30:19:3853] N: started process, pid: 46021
[2026/09/25 20:30:19:3867] N: started process, pid: 46022
[2026/09/25 20:30:19:3888] N: started process, pid: 46023
[2026/09/25 20:30:19:3916] N: started process, pid: 46024
[2026/09/25 20:30:19:3926] N: started process, pid: 46025
[2026/09/25 20:30:19:3937] N: started process, pid: 46026
[2026/09/25 20:30:19:3947] N: started process, pid: 46027
[2026/09/25 20:30:19:3956] N: started process, pid: 46028
[2026/09/25 20:30:19:3977] N: started process, pid: 46031
[2026/09/25 20:30:19:4005] N: started process, pid: 46043
[2026/09/25 20:30:20:0001] N: WS closed from (unix skt), clients: 9
[2026/09/25 20:30:20:0002] N: killing process, pid: 46022
[2026/09/25 20:30:20:1242] N: WS closed from (unix skt), clients: 8
[2026/09/25 20:30:20:1243] N: killing process, pid: 46021
[2026/09/25 20:30:20:1245] N: process killed with signal 1, pid: 46021
[2026/09/25 20:30:20:2947] N: process killed with signal 0, pid: 46022
[2026/09/25 20:30:20:3571] N: WS closed from (unix skt), clients: 7
[2026/09/25 20:30:20:3581] N: killing process, pid: 46027
[2026/09/25 20:30:20:3720] N: process killed with signal 0, pid: 46027
[2026/09/25 20:30:20:3721] N: WS closed from (unix skt), clients: 6
[2026/09/25 20:30:20:3721] N: killing process, pid: 46031
[2026/09/25 20:30:20:3726] N: process killed with signal 1, pid: 46031
[2026/09/25 20:30:20:3726] N: WS closed from (unix skt), clients: 5
[2026/09/25 20:30:20:3727] N: killing process, pid: 46024
[2026/09/25 20:30:20:3729] N: process killed with signal 1, pid: 46024
[2026/09/25 20:30:20:4126] N: WS closed from (unix skt), clients: 4
[2026/09/25 20:30:20:4128] N: killing process, pid: 46023
[2026/09/25 20:30:20:4154] N: process killed with signal 0, pid: 46023
[2026/09/25 20:30:20:4952] N: WS closed from (unix skt), clients: 3
[2026/09/25 20:30:20:4954] N: killing process, pid: 46026
[2026/09/25 20:30:20:4967] N: process killed with signal 0, pid: 46026
[2026/09/25 20:30:20:9964] N: WS closed from (unix skt), clients: 2
[2026/09/25 20:30:20:9965] N: killing process, pid: 46028
[2026/09/25 20:30:20:9991] N: process killed with signal 0, pid: 46028
[2026/09/25 20:30:21:3854] N: WS closed from (unix skt), clients: 1
[2026/09/25 20:30:21:3854] N: killing process, pid: 46025
[2026/09/25 20:30:21:3854] N: WS closed from (unix skt), clients: 0
[2026/09/25 20:30:21:3855] N: killing process, pid: 46043
[2026/09/25 20:30:21:3862] N: process killed with signal 0, pid: 46025
[2026/09/25 20:30:21:3867] N: process killed with signal 0, pid: 46043
[2026/09/25 20:30:21:3998] N: WS   /ws - (unix skt), clients: 1
[2026/09/25 20:30:21:3998] N: WS   /ws - (unix skt), clients: 2
[2026/09/25 20:30:21:3998] N: WS   /ws - (unix skt), clients: 3
[2026/09/25 20:30:21:3998] N: WS   /ws - (unix skt), clients: 4
[2026/09/25 20:30:21:3999] N: WS   /ws - (unix skt), clients: 5
[2026/09/25 20:30:21:3999] N: WS   /ws - (unix skt), clients: 6
[2026/09/25 20:30:21:3999] N: WS   /ws - (unix skt), clients: 7
[2026/09/25 20:30:21:3999] N: WS   /ws - (unix skt), clients: 8
[2026/09/25 20:30:21:4000] N: WS   /ws - (unix skt), clients: 9
[2026/09/25 20:30:21:4000] N: WS   /ws - (unix skt), clients: 10
[2026/09/25 20:30:21:4014] N: started process, pid: 47331
[2026/09/25 20:30:21:4019] N: started process, pid: 47333
[2026/09/25 20:30:21:4028] N: started process, pid: 47334
[2026/09/25 20:30:21:4033] N: started process, pid: 47336
[2026/09/25 20:30:21:4040] N: started process, pid: 47337
[2026/09/25 20:30:21:4054] N: started process, pid: 47338
[2026/09/25 20:30:21:4073] N: started process, pid: 47346
[2026/09/25 20:30:21:4088] N: started process, pid: 47350
[2026/09/25 20:30:21:4111] N: started process, pid: 47353
[2026/09/25 20:30:21:4140] N: started process, pid: 47361
[2026/09/25 20:30:21:8136] N: WS closed from (unix skt), clients: 9
[2026/09/25 20:30:21:8137] N: killing process, pid: 47336
[2026/09/25 20:30:21:8143] N: process killed with signal 1, pid: 47336
[2026/09/25 20:30:21:8334] N: WS closed from (unix skt), clients: 8
[2026/09/25 20:30:21:8334] N: killing process, pid: 47331
[2026/09/25 20:30:21:8400] N: process killed with signal 0, pid: 47331
[2026/09/25 20:30:21:8436] N: WS closed from (unix skt), clients: 7
[2026/09/25 20:30:21:8436] N: killing process, pid: 47353
[2026/09/25 20:30:21:8446] N: process killed with signal 1, pid: 47353
[2026/09/25 20:30:21:8658] N: WS closed from (unix skt), clients: 6
[2026/09/25 20:30:21:8659] N: killing process, pid: 47333
[2026/09/25 20:30:21:8695] N: process killed with signal 0, pid: 47333
[2026/09/25 20:30:21:9886] N: WS closed from (unix skt), clients: 5
[2026/09/25 20:30:21:9887] N: killing process, pid: 47338
[2026/09/25 20:30:21:9917] N: process killed with signal 0, pid: 47338
[2026/09/25 20:30:22:0435] N: WS closed from (unix skt), clients: 4
[2026/09/25 20:30:22:0435] N: killing process, pid: 47346
[2026/09/25 20:30:22:0443] N: process killed with signal 0, pid: 47346
[2026/09/25 20:30:22:3921] N: WS closed from (unix skt), clients: 3
[2026/09/25 20:30:22:3921] N: killing process, pid: 47334
[2026/09/25 20:30:22:3930] N: process killed with signal 0, pid: 47334
[2026/09/25 20:30:22:4912] N: WS closed from (unix skt), clients: 2
[2026/09/25 20:30:22:4913] N: killing process, pid: 47350
[2026/09/25 20:30:22:4920] N: process killed with signal 0, pid: 47350
[2026/09/25 20:30:23:4013] N: WS closed from (unix skt), clients: 1
[2026/09/25 20:30:23:4014] N: killing process, pid: 47337
[2026/09/25 20:30:23:4015] N: WS closed from (unix skt), clients: 0
[2026/09/25 20:30:23:4015] N: killing process, pid: 47361
[2026/09/25 20:30:23:4026] N: process killed with signal 0, pid: 47361
[2026/09/25 20:30:23:4026] N: process killed with signal 0, pid: 47337
[2026/09/25 20:30:23:4095] N: WS   /ws - (unix skt), clients: 1
[2026/09/25 20:30:23:4096] N: WS   /ws - (unix skt), clients: 2
[2026/09/25 20:30:23:4096] N: WS   /ws - (unix skt), clients: 3
[2026/09/25 20:30:23:4096] N: WS   /ws - (unix skt), clients: 4
[2026/09/25 20:30:23:4096] N: WS   /ws - (unix skt), clients: 5
[2026/09/25 20:30:23:4096] N: WS   /ws - (unix skt), clients: 6
[2026/09/25 20:30:23:4096] N: WS   /ws - (unix skt), clients: 7
[2026/09/25 20:30:23:4096] N: WS   /ws - (unix skt), clients: 8
[2026/09/25 20:30:23:4096] N: WS   /ws - (unix skt), clients: 9
[2026/09/25 20:30:23:4097] N: WS   /ws - (unix skt), clients: 10
[2026/09/25 20:30:23:4108] N: started process, pid: 47871
[2026/09/25 20:30:23:4114] N: started process, pid: 47872
[2026/09/25 20:30:23:4121] N: started process, pid: 47873
[2026/09/25 20:30:23:4129] N: started process, pid: 47874
[2026/09/25 20:30:23:4135] N: started process, pid: 47875
[2026/09/25 20:30:23:4139] N: started process, pid: 47876
[2026/09/25 20:30:23:4145] N: started process, pid: 47877
[2026/09/25 20:30:23:4161] N: started process, pid: 47878
[2026/09/25 20:30:23:4170] N: started process, pid: 47886
[2026/09/25 20:30:23:4186] N: started process, pid: 47890
[2026/09/25 20:30:23:6729] N: WS closed from (unix skt), clients: 9
[2026/09/25 20:30:23:6729] N: killing process, pid: 47873
[2026/09/25 20:30:23:6735] N: process killed with signal 1, pid: 47873
[2026/09/25 20:30:23:7583] N: WS closed from (unix skt), clients: 8
[2026/09/25 20:30:23:7583] N: killing process, pid: 47877
[2026/09/25 20:30:23:7591] N: process killed with signal 1, pid: 47877
[2026/09/25 20:30:23:8454] N: WS closed from (unix skt), clients: 7
[2026/09/25 20:30:23:8455] N: killing process, pid: 47871
[2026/09/25 20:30:23:8462] N: process killed with signal 0, pid: 47871
[2026/09/25 20:30:23:9006] N: WS closed from (unix skt), clients: 6
[2026/09/25 20:30:23:9006] N: killing process, pid: 47875
[2026/09/25 20:30:23:9014] N: process killed with signal 0, pid: 47875
[2026/09/25 20:30:23:9877] N: WS closed from (unix skt), clients: 5
[2026/09/25 20:30:23:9877] N: killing process, pid: 47886
[2026/09/25 20:30:23:9882] N: process killed with signal 0, pid: 47886
[2026/09/25 20:30:23:9904] N: WS closed from (unix skt), clients: 4
[2026/09/25 20:30:23:9904] N: killing process, pid: 47890
[2026/09/25 20:30:23:9909] N: process killed with signal 0, pid: 47890
[2026/09/25 20:30:24:2036] N: WS closed from (unix skt), clients: 3
[2026/09/25 20:30:24:2036] N: killing process, pid: 47872
[2026/09/25 20:30:24:2044] N: process killed with signal 0, pid: 47872
[2026/09/25 20:30:24:4594] N: WS closed from (unix skt), clients: 2
[2026/09/25 20:30:24:4594] N: killing process, pid: 47876
[2026/09/25 20:30:24:4602] N: process killed with signal 0, pid: 47876
[2026/09/25 20:30:25:4123] N: WS closed from (unix skt), clients: 1
[2026/09/25 20:30:25:4123] N: killing process, pid: 47878
[2026/09/25 20:30:25:4124] N: WS closed from (unix skt), clients: 0
[2026/09/25 20:30:25:4124] N: killing process, pid: 47874
[2026/09/25 20:30:25:4128] N: process killed with signal 0, pid: 47878
[2026/09/25 20:30:25:4131] N: process killed with signal 0, pid: 47874
[2026/09/25 20:30:25:4211] N: WS   /ws - (unix skt), clients: 1
[2026/09/25 20:30:25:4211] N: WS   /ws - (unix skt), clients: 2
[2026/09/25 20:30:25:4211] N: WS   /ws - (unix skt), clients: 3
[2026/09/25 20:30:25:4211] N: WS   /ws - (unix skt), clients: 4
[2026/09/25 20:30:25:4211] N: WS   /ws - (unix skt), clients: 5
[2026/09/25 20:30:25:4211] N: WS   /ws - (unix skt), clients: 6
[2026/09/25 20:30:25:4212] N: WS   /ws - (unix skt), clients: 7
[2026/09/25 20:30:25:4212] N: WS   /ws - (unix skt), clients: 8
[2026/09/25 20:30:25:4212] N: WS   /ws - (unix skt), clients: 9
[2026/09/25 20:30:25:4212] N: WS   /ws - (unix skt), clients: 10
[2026/09/25 20:30:25:4223] N: started process, pid: 48517
[2026/09/25 20:30:25:4229] N: started process, pid: 48518
[2026/09/25 20:30:25:4235] N: started process, pid: 48519
[2026/09/25 20:30:25:4242] N: started process, pid: 48520
[2026/09/25 20:30:25:4253] N: started process, pid: 48521
[2026/09/25 20:30:25:4259] N: started process, pid: 48522
[2026/09/25 20:30:25:4277] N: started process, pid: 48523
[2026/09/25 20:30:25:4292] N: started process, pid: 48529
[2026/09/25 20:30:25:4307] N: started process, pid: 48536
[2026/09/25 20:30:25:4326] N: started process, pid: 48542
[2026/09/25 20:30:25:6488] N: WS closed from (unix skt), clients: 9
[2026/09/25 20:30:25:6489] N: killing process, pid: 48520
[2026/09/25 20:30:25:6497] N: process killed with signal 1, pid: 48520
[2026/09/25 20:30:25:7224] N: WS closed from (unix skt), clients: 8
[2026/09/25 20:30:25:7224] N: killing process, pid: 48518
[2026/09/25 20:30:25:7230] N: process killed with signal 0, pid: 48518
[2026/09/25 20:30:25:7624] N: WS closed from (unix skt), clients: 7
[2026/09/25 20:30:25:7628] N: killing process, pid: 48536
[2026/09/25 20:30:25:7632] N: process killed with signal 1, pid: 48536
[2026/09/25 20:30:25:8497] N: WS closed from (unix skt), clients: 6
[2026/09/25 20:30:25:8499] N: killing process, pid: 48517
[2026/09/25 20:30:25:8511] N: process killed with signal 0, pid: 48517
[2026/09/25 20:30:25:9067] N: WS closed from (unix skt), clients: 5
[2026/09/25 20:30:25:9067] N: killing process, pid: 48522
[2026/09/25 20:30:25:9072] N: process killed with signal 0, pid: 48522
[2026/09/25 20:30:25:9346] N: WS closed from (unix skt), clients: 4
[2026/09/25 20:30:25:9346] N: killing process, pid: 48523
[2026/09/25 20:30:25:9353] N: process killed with signal 0, pid: 48523
[2026/09/25 20:30:26:3501] N: WS closed from (unix skt), clients: 3
[2026/09/25 20:30:26:3501] N: killing process, pid: 48519
[2026/09/25 20:30:26:3507] N: process killed with signal 0, pid: 48519
[2026/09/25 20:30:26:4662] N: WS closed from (unix skt), clients: 2
[2026/09/25 20:30:26:4662] N: killing process, pid: 48529
[2026/09/25 20:30:26:4667] N: process killed with signal 0, pid: 48529
[2026/09/25 20:30:27:4228] N: WS closed from (unix skt), clients: 1
[2026/09/25 20:30:27:4228] N: killing process, pid: 48521
[2026/09/25 20:30:27:4228] N: WS closed from (unix skt), clients: 0
[2026/09/25 20:30:27:4228] N: killing process, pid: 48542
[2026/09/25 20:30:27:4235] N: process killed with signal 0, pid: 48521
[2026/09/25 20:30:27:4243] N: process killed with signal 0, pid: 48542
[2026/09/25 20:30:27:4306] N: WS   /ws - (unix skt), clients: 1
[2026/09/25 20:30:27:4306] N: WS   /ws - (unix skt), clients: 2
[2026/09/25 20:30:27:4306] N: WS   /ws - (unix skt), clients: 3
[2026/09/25 20:30:27:4307] N: WS   /ws - (unix skt), clients: 4
[2026/09/25 20:30:27:4307] N: WS   /ws - (unix skt), clients: 5
[2026/09/25 20:30:27:4307] N: WS   /ws - (unix skt), clients: 6
[2026/09/25 20:30:27:4307] N: WS   /ws - (unix skt), clients: 7
[2026/09/25 20:30:27:4307] N: WS   /ws - (unix skt), clients: 8
[2026/09/25 20:30:27:4307] N: WS   /ws - (unix skt), clients: 9
[2026/09/25 20:30:27:4307] N: WS   /ws - (unix skt), clients: 10
[2026/09/25 20:30:27:4318] N: started process, pid: 49160
[2026/09/25 20:30:27:4323] N: started process, pid: 49161
[2026/09/25 20:30:27:4331] N: started process, pid: 49163
[2026/09/25 20:30:27:4340] N: started process, pid: 49164
[2026/09/25 20:30:27:4350] N: started process, pid: 49165
[2026/09/25 20:30:27:4361] N: started process, pid: 49167
[2026/09/25 20:30:27:4374] N: started process, pid: 49175
[2026/09/25 20:30:27:4382] N: started process, pid: 49180
[2026/09/25 20:30:27:4395] N: started process, pid: 49181
[2026/09/25 20:30:27:4411] N: started process, pid: 49184
[2026/09/25 20:30:27:6026] N: WS closed from (unix skt), clients: 9
[2026/09/25 20:30:27:6027] N: killing process, pid: 49164
[2026/09/25 20:30:27:6032] N: process killed with signal 1, pid: 49164
[2026/09/25 20:30:27:6911] N: WS closed from (unix skt), clients: 8
[2026/09/25 20:30:27:6911] N: killing process, pid: 49181
[2026/09/25 20:30:27:6915] N: process killed with signal 1, pid: 49181
[2026/09/25 20:30:27:7129] N: WS closed from (unix skt), clients: 7
[2026/09/25 20:30:27:7130] N: killing process, pid: 49163
[2026/09/25 20:30:27:7134] N: process killed with signal 0, pid: 49163
[2026/09/25 20:30:27:7381] N: WS closed from (unix skt), clients: 6
[2026/09/25 20:30:27:7381] N: killing process, pid: 49160
[2026/09/25 20:30:27:7386] N: process killed with signal 0, pid: 49160
[2026/09/25 20:30:27:8253] N: WS closed from (unix skt), clients: 5
[2026/09/25 20:30:27:8253] N: killing process, pid: 49167
[2026/09/25 20:30:27:8259] N: process killed with signal 0, pid: 49167
[2026/09/25 20:30:27:8924] N: WS closed from (unix skt), clients: 4
[2026/09/25 20:30:27:8924] N: killing process, pid: 49175
[2026/09/25 20:30:27:8929] N: process killed with signal 0, pid: 49175
[2026/09/25 20:30:28:2838] N: WS closed from (unix skt), clients: 3
[2026/09/25 20:30:28:2838] N: killing process, pid: 49161
[2026/09/25 20:30:28:2843] N: process killed with signal 0, pid: 49161
[2026/09/25 20:30:28:3270] N: WS closed from (unix skt), clients: 2
[2026/09/25 20:30:28:3270] N: killing process, pid: 49180
[2026/09/25 20:30:28:3274] N: process killed with signal 0, pid: 49180
[2026/09/25 20:30:29:4327] N: WS closed from (unix skt), clients: 1
[2026/09/25 20:30:29:4328] N: killing process, pid: 49165
[2026/09/25 20:30:29:4328] N: WS closed from (unix skt), clients: 0
[2026/09/25 20:30:29:4328] N: killing process, pid: 49184
[2026/09/25 20:30:29:4336] N: process killed with signal 0, pid: 49165
[2026/09/25 20:30:29:4336] N: process killed with signal 0, pid: 49184
[2026/09/25 20:30:29:4398] N: WS   /ws - (unix skt), clients: 1
[2026/09/25 20:30:29:4398] N: WS   /ws - (unix skt), clients: 2
[2026/09/25 20:30:29:4398] N: WS   /ws - (unix skt), clients: 3
[2026/09/25 20:30:29:4398] N: WS   /ws - (unix skt), clients: 4
[2026/09/25 20:30:29:4398] N: WS   /ws - (unix skt), clients: 5
[2026/09/25 20:30:29:4399] N: WS   /ws - (unix skt), clients: 6
[2026/09/25 20:30:29:4399] N: WS   /ws - (unix skt), clients: 7
[2026/09/25 20:30:29:4399] N: WS   /ws - (unix skt), clients: 8
[2026/09/25 20:30:29:4409] N: started process, pid: 49708
[2026/09/25 20:30:29:4410] N: WS   /ws - (unix skt), clients: 9
[2026/09/25 20:30:29:4410] N: WS   /ws - (unix skt), clients: 10
[2026/09/25 20:30:29:4415] N: started process, pid: 49709
[2026/09/25 20:30:29:4421] N: started process, pid: 49710
[2026/09/25 20:30:29:4426] N: started process, pid: 49711
[2026/09/25 20:30:29:4434] N: started process, pid: 49712
[2026/09/25 20:30:29:4442] N: started process, pid: 49713
[2026/09/25 20:30:29:4456] N: started process, pid: 49714
[2026/09/25 20:30:29:4475] N: started process, pid: 49723
[2026/09/25 20:30:29:4495] N: started process, pid: 49734
[2026/09/25 20:30:29:4506] N: started process, pid: 49737
[2026/09/25 20:30:29:5706] N: WS closed from (unix skt), clients: 9
[2026/09/25 20:30:29:5707] N: killing process, pid: 49710
[2026/09/25 20:30:29:5710] N: process killed with signal 1, pid: 49710
[2026/09/25 20:30:29:6659] N: WS closed from (unix skt), clients: 8
[2026/09/25 20:30:29:6659] N: killing process, pid: 49713
[2026/09/25 20:30:29:6664] N: process killed with signal 1, pid: 49713
[2026/09/25 20:30:29:8132] N: WS closed from (unix skt), clients: 7
[2026/09/25 20:30:29:8132] N: killing process, pid: 49709
[2026/09/25 20:30:29:8138] N: process killed with signal 0, pid: 49709
[2026/09/25 20:30:29:8297] N: WS closed from (unix skt), clients: 6
[2026/09/25 20:30:29:8298] N: killing process, pid: 49708
[2026/09/25 20:30:29:8302] N: process killed with signal 0, pid: 49708
[2026/09/25 20:30:29:8869] N: WS closed from (unix skt), clients: 5
[2026/09/25 20:30:29:8869] N: killing process, pid: 49734
[2026/09/25 20:30:29:8870] N: WS closed from (unix skt), clients: 4
[2026/09/25 20:30:29:8870] N: killing process, pid: 49723
[2026/09/25 20:30:29:8875] N: process killed with signal 0, pid: 49723
[2026/09/25 20:30:29:8875] N: process killed with signal 0, pid: 49734
[2026/09/25 20:30:30:3136] N: WS closed from (unix skt), clients: 3
[2026/09/25 20:30:30:3137] N: killing process, pid: 49712
[2026/09/25 20:30:30:3142] N: process killed with signal 0, pid: 49712
[2026/09/25 20:30:30:3888] N: WS closed from (unix skt), clients: 2
[2026/09/25 20:30:30:3888] N: killing process, pid: 49737
[2026/09/25 20:30:30:3892] N: process killed with signal 0, pid: 49737
[2026/09/25 20:30:31:4405] N: WS closed from (unix skt), clients: 1
[2026/09/25 20:30:31:4405] N: killing process, pid: 49714
[2026/09/25 20:30:31:4406] N: WS closed from (unix skt), clients: 0
[2026/09/25 20:30:31:4406] N: killing process, pid: 49711
[2026/09/25 20:30:31:4413] N: process killed with signal 0, pid: 49711
[2026/09/25 20:30:31:4414] N: process killed with signal 0, pid: 49714
[2026/09/25 20:30:31:4488] N: WS   /ws - (unix skt), clients: 1
[2026/09/25 20:30:31:4488] N: WS   /ws - (unix skt), clients: 2
[2026/09/25 20:30:31:4488] N: WS   /ws - (unix skt), clients: 3
[2026/09/25 20:30:31:4488] N: WS   /ws - (unix skt), clients: 4
[2026/09/25 20:30:31:4488] N: WS   /ws - (unix skt), clients: 5
[2026/09/25 20:30:31:4489] N: WS   /ws - (unix skt), clients: 6
[2026/09/25 20:30:31:4489] N: WS   /ws - (unix skt), clients: 7
[2026/09/25 20:30:31:4489] N: WS   /ws - (unix skt), clients: 8
[2026/09/25 20:30:31:4489] N: WS   /ws - (unix skt), clients: 9
[2026/09/25 20:30:31:4499] N: started process, pid: 50248
[2026/09/25 20:30:31:4499] N: WS   /ws - (unix skt), clients: 10
[2026/09/25 20:30:31:4504] N: started process, pid: 50250
[2026/09/25 20:30:31:4511] N: started process, pid: 50251
[2026/09/25 20:30:31:4522] N: started process, pid: 50252
[2026/09/25 20:30:31:4539] N: started process, pid: 50255
[2026/09/25 20:30:31:4562] N: started process, pid: 50260
[2026/09/25 20:30:31:4583] N: started process, pid: 50270
[2026/09/25 20:30:31:4598] N: started process, pid: 50276
[2026/09/25 20:30:31:4613] N: started process, pid: 50278
[2026/09/25 20:30:31:4624] N: started process, pid: 50283
[2026/09/25 20:30:31:6448] N: WS closed from (unix skt), clients: 9
[2026/09/25 20:30:31:6448] N: killing process, pid: 50255
[2026/09/25 20:30:31:6453] N: process killed with signal 1, pid: 50255
[2026/09/25 20:30:31:7020] N: WS closed from (unix skt), clients: 8
[2026/09/25 20:30:31:7020] N: killing process, pid: 50283
[2026/09/25 20:30:31:7027] N: process killed with signal 1, pid: 50283
[2026/09/25 20:30:31:8087] N: WS closed from (unix skt), clients: 7
[2026/09/25 20:30:31:8087] N: killing process, pid: 50250
[2026/09/25 20:30:31:8088] N: WS closed from (unix skt), clients: 6
[2026/09/25 20:30:31:8088] N: killing process, pid: 50248
[2026/09/25 20:30:31:8093] N: process killed with signal 0, pid: 50250
[2026/09/25 20:30:31:8093] N: process killed with signal 0, pid: 50248
[2026/09/25 20:30:31:8803] N: WS closed from (unix skt), clients: 5
[2026/09/25 20:30:31:8803] N: killing process, pid: 50276
[2026/09/25 20:30:31:8807] N: process killed with signal 0, pid: 50276
[2026/09/25 20:30:31:8987] N: WS closed from (unix skt), clients: 4
[2026/09/25 20:30:31:8988] N: killing process, pid: 50270
[2026/09/25 20:30:31:9013] N: process killed with signal 0, pid: 50270
[2026/09/25 20:30:32:3303] N: WS closed from (unix skt), clients: 3
[2026/09/25 20:30:32:3303] N: killing process, pid: 50252
[2026/09/25 20:30:32:3308] N: process killed with signal 0, pid: 50252
[2026/09/25 20:30:32:4047] N: WS closed from (unix skt), clients: 2
[2026/09/25 20:30:32:4047] N: killing process, pid: 50278
[2026/09/25 20:30:32:4052] N: process killed with signal 0, pid: 50278
[2026/09/25 20:30:33:4510] N: WS closed from (unix skt), clients: 1
[2026/09/25 20:30:33:4510] N: killing process, pid: 50260
[2026/09/25 20:30:33:4511] N: WS closed from (unix skt), clients: 0
[2026/09/25 20:30:33:4511] N: killing process, pid: 50251
[2026/09/25 20:30:33:4519] N: process killed with signal 0, pid: 50260
[2026/09/25 20:30:33:4521] N: process killed with signal 0, pid: 50251
[2026/09/25 20:30:33:4586] N: WS   /ws - (unix skt), clients: 1
[2026/09/25 20:30:33:4587] N: WS   /ws - (unix skt), clients: 2
[2026/09/25 20:30:33:4587] N: WS   /ws - (unix skt), clients: 3
[2026/09/25 20:30:33:4587] N: WS   /ws - (unix skt), clients: 4
[2026/09/25 20:30:33:4587] N: WS   /ws - (unix skt), clients: 5
[2026/09/25 20:30:33:4587] N: WS   /ws - (unix skt), clients: 6
[2026/09/25 20:30:33:4587] N: WS   /ws - (unix skt), clients: 7
[2026/09/25 20:30:33:4587] N: WS   /ws - (unix skt), clients: 8
[2026/09/25 20:30:33:4588] N: WS   /ws - (unix skt), clients: 9
[2026/09/25 20:30:33:4588] N: WS   /ws - (unix skt), clients: 10
[2026/09/25 20:30:33:4598] N: started process, pid: 50832
[2026/09/25 20:30:33:4603] N: started process, pid: 50833
[2026/09/25 20:30:33:4608] N: started process, pid: 50834
[2026/09/25 20:30:33:4619] N: started process, pid: 50836
[2026/09/25 20:30:33:4625] N: started process, pid: 50838
[2026/09/25 20:30:33:4641] N: started process, pid: 50839
[2026/09/25 20:30:33:4651] N: started process, pid: 50846
[2026/09/25 20:30:33:4671] N: started process, pid: 50851
[2026/09/25 20:30:33:4686] N: started process, pid: 50854
[2026/09/25 20:30:33:4710] N: started process, pid: 50861
[2026/09/25 20:30:33:6184] N: WS closed from (unix skt), clients: 9
[2026/09/25 20:30:33:6184] N: killing process, pid: 50838
[2026/09/25 20:30:33:6188] N: process killed with signal 1, pid: 50838
[2026/09/25 20:30:33:6929] N: WS closed from (unix skt), clients: 8
[2026/09/25 20:30:33:6929] N: killing process, pid: 50861
[2026/09/25 20:30:33:6932] N: process killed with signal 1, pid: 50861
[2026/09/25 20:30:33:7174] N: WS closed from (unix skt), clients: 7
[2026/09/25 20:30:33:7175] N: killing process, pid: 50832
[2026/09/25 20:30:33:7179] N: process killed with signal 0, pid: 50832
[2026/09/25 20:30:33:8043] N: WS closed from (unix skt), clients: 6
[2026/09/25 20:30:33:8043] N: killing process, pid: 50834
[2026/09/25 20:30:33:8049] N: process killed with signal 0, pid: 50834
[2026/09/25 20:30:33:8563] N: WS closed from (unix skt), clients: 5
[2026/09/25 20:30:33:8564] N: killing process, pid: 50846
[2026/09/25 20:30:33:8570] N: process killed with signal 0, pid: 50846
[2026/09/25 20:30:33:8747] N: WS closed from (unix skt), clients: 4
[2026/09/25 20:30:33:8747] N: killing process, pid: 50851
[2026/09/25 20:30:33:8753] N: process killed with signal 0, pid: 50851
[2026/09/25 20:30:34:3916] N: WS closed from (unix skt), clients: 3
[2026/09/25 20:30:34:3917] N: killing process, pid: 50836
[2026/09/25 20:30:34:3917] N: WS closed from (unix skt), clients: 2
[2026/09/25 20:30:34:3917] N: killing process, pid: 50854
[2026/09/25 20:30:34:3922] N: process killed with signal 0, pid: 50854
[2026/09/25 20:30:34:3922] N: process killed with signal 0, pid: 50836
[2026/09/25 20:30:35:4613] N: WS closed from (unix skt), clients: 1
[2026/09/25 20:30:35:4613] N: killing process, pid: 50839
[2026/09/25 20:30:35:4614] N: WS closed from (unix skt), clients: 0
[2026/09/25 20:30:35:4614] N: killing process, pid: 50833
[2026/09/25 20:30:35:4622] N: process killed with signal 0, pid: 50833
[2026/09/25 20:30:35:4623] N: process killed with signal 0, pid: 50839
[2026/09/25 20:30:35:4694] N: WS   /ws - (unix skt), clients: 1
[2026/09/25 20:30:35:4694] N: WS   /ws - (unix skt), clients: 2
[2026/09/25 20:30:35:4694] N: WS   /ws - (unix skt), clients: 3
[2026/09/25 20:30:35:4695] N: WS   /ws - (unix skt), clients: 4
[2026/09/25 20:30:35:4695] N: WS   /ws - (unix skt), clients: 5
[2026/09/25 20:30:35:4695] N: WS   /ws - (unix skt), clients: 6
[2026/09/25 20:30:35:4695] N: WS   /ws - (unix skt), clients: 7
[2026/09/25 20:30:35:4695] N: WS   /ws - (unix skt), clients: 8
[2026/09/25 20:30:35:4695] N: WS   /ws - (unix skt), clients: 9
[2026/09/25 20:30:35:4695] N: WS   /ws - (unix skt), clients: 10
[2026/09/25 20:30:35:4705] N: started process, pid: 51388
[2026/09/25 20:30:35:4710] N: started process, pid: 51389
[2026/09/25 20:30:35:4714] N: started process, pid: 51390
[2026/09/25 20:30:35:4720] N: started process, pid: 51391
[2026/09/25 20:30:35:4728] N: started process, pid: 51392
[2026/09/25 20:30:35:4737] N: started process, pid: 51393
[2026/09/25 20:30:35:4748] N: started process, pid: 51394
[2026/09/25 20:30:35:4765] N: started process, pid: 51402
[2026/09/25 20:30:35:4780] N: started process, pid: 51408
[2026/09/25 20:30:35:4802] N: started process, pid: 51415
[2026/09/25 20:30:35:6436] N: WS closed from (unix skt), clients: 9
[2026/09/25 20:30:35:6437] N: killing process, pid: 51391
[2026/09/25 20:30:35:6439] N: process killed with signal 1, pid: 51391
[2026/09/25 20:30:35:6985] N: WS closed from (unix skt), clients: 8
[2026/09/25 20:30:35:6985] N: killing process, pid: 51408
[2026/09/25 20:30:35:6991] N: process killed with signal 1, pid: 51408
[2026/09/25 20:30:35:7538] N: WS closed from (unix skt), clients: 7
[2026/09/25 20:30:35:7539] N: killing process, pid: 51388
[2026/09/25 20:30:35:7544] N: process killed with signal 0, pid: 51388
[2026/09/25 20:30:35:8453] N: WS closed from (unix skt), clients: 6
[2026/09/25 20:30:35:8453] N: killing process, pid: 51389
[2026/09/25 20:30:35:8458] N: process killed with signal 0, pid: 51389
[2026/09/25 20:30:35:8795] N: WS closed from (unix skt), clients: 5
[2026/09/25 20:30:35:8795] N: killing process, pid: 51393
[2026/09/25 20:30:35:8799] N: process killed with signal 0, pid: 51393
[2026/09/25 20:30:35:8967] N: WS closed from (unix skt), clients: 4
[2026/09/25 20:30:35:8967] N: killing process, pid: 51394
[2026/09/25 20:30:35:8971] N: process killed with signal 0, pid: 51394
[2026/09/25 20:30:36:3176] N: WS closed from (unix skt), clients: 3
[2026/09/25 20:30:36:3176] N: killing process, pid: 51390
[2026/09/25 20:30:36:3181] N: process killed with signal 0, pid: 51390
[2026/09/25 20:30:36:3446] N: WS closed from (unix skt), clients: 2
[2026/09/25 20:30:36:3446] N: killing process, pid: 51402
[2026/09/25 20:30:36:3450] N: process killed with signal 0, pid: 51402
[2026/09/25 20:30:37:4702] N: WS closed from (unix skt), clients: 1
[2026/09/25 20:30:37:4703] N: killing process, pid: 51392
[2026/09/25 20:30:37:4703] N: WS closed from (unix skt), clients: 0
[2026/09/25 20:30:37:4703] N: killing process, pid: 51415
[2026/09/25 20:30:37:4707] N: process killed with signal 0, pid: 51415
[2026/09/25 20:30:37:4710] N: process killed with signal 0, pid: 51392
[2026/09/25 20:30:37:4784] N: WS   /ws - (unix skt), clients: 1
[2026/09/25 20:30:37:4784] N: WS   /ws - (unix skt), clients: 2
[2026/09/25 20:30:37:4785] N: WS   /ws - (unix skt), clients: 3
[2026/09/25 20:30:37:4785] N: WS   /ws - (unix skt), clients: 4
[2026/09/25 20:30:37:4785] N: WS   /ws - (unix skt), clients: 5
[2026/09/25 20:30:37:4785] N: WS   /ws - (unix skt), clients: 6
[2026/09/25 20:30:37:4785] N: WS   /ws - (unix skt), clients: 7
[2026/09/25 20:30:37:4785] N: WS   /ws - (unix skt), clients: 8
[2026/09/25 20:30:37:4785] N: WS   /ws - (unix skt), clients: 9
[2026/09/25 20:30:37:4785] N: WS   /ws - (unix skt), clients: 10
[2026/09/25 20:30:37:4795] N: started process, pid: 52081
[2026/09/25 20:30:37:4800] N: started process, pid: 52082
[2026/09/25 20:30:37:4805] N: started process, pid: 52083
[2026/09/25 20:30:37:4813] N: started process, pid: 52084
[2026/09/25 20:30:37:4820] N: started process, pid: 52085
[2026/09/25 20:30:37:4827] N: started process, pid: 52086
[2026/09/25 20:30:37:4841] N: started process, pid: 52087
[2026/09/25 20:30:37:4874] N: started process, pid: 52094
[2026/09/25 20:30:37:4922] N: started process, pid: 52108
[2026/09/25 20:30:37:4961] N: started process, pid: 52121
[2026/09/25 20:30:37:5975] N: WS closed from (unix skt), clients: 9
[2026/09/25 20:30:37:5976] N: killing process, pid: 52082
[2026/09/25 20:30:37:5984] N: process killed with signal 1, pid: 52082
[2026/09/25 20:30:37:6639] N: WS closed from (unix skt), clients: 8
[2026/09/25 20:30:37:6639] N: killing process, pid: 52086
[2026/09/25 20:30:37:6643] N: process killed with signal 1, pid: 52086
[2026/09/25 20:30:37:8502] N: WS closed from (unix skt), clients: 7
[2026/09/25 20:30:37:8503] N: killing process, pid: 52084
[2026/09/25 20:30:37:8508] N: process killed with signal 0, pid: 52084
[2026/09/25 20:30:37:8789] N: WS closed from (unix skt), clients: 6
[2026/09/25 20:30:37:8789] N: killing process, pid: 52081
[2026/09/25 20:30:37:8793] N: process killed with signal 0, pid: 52081
[2026/09/25 20:30:37:9070] N: WS closed from (unix skt), clients: 5
[2026/09/25 20:30:37:9071] N: killing process, pid: 52108
[2026/09/25 20:30:37:9071] N: WS closed from (unix skt), clients: 4
[2026/09/25 20:30:37:9071] N: killing process, pid: 52094
[2026/09/25 20:30:37:9075] N: process killed with signal 0, pid: 52108
[2026/09/25 20:30:37:9076] N: process killed with signal 0, pid: 52094
[2026/09/25 20:30:38:3390] N: WS closed from (unix skt), clients: 3
[2026/09/25 20:30:38:3391] N: killing process, pid: 52085
[2026/09/25 20:30:38:3396] N: process killed with signal 0, pid: 52085
[2026/09/25 20:30:38:4090] N: WS closed from (unix skt), clients: 2
[2026/09/25 20:30:38:4090] N: killing process, pid: 52121
[2026/09/25 20:30:38:4095] N: process killed with signal 0, pid: 52121
[2026/09/25 20:30:39:4804] N: WS closed from (unix skt), clients: 1
[2026/09/25 20:30:39:4805] N: killing process, pid: 52087
[2026/09/25 20:30:39:4805] N: WS closed from (unix skt), clients: 0
[2026/09/25 20:30:39:4805] N: killing process, pid: 52083
[2026/09/25 20:30:39:4819] N: process killed with signal 0, pid: 52083
[2026/09/25 20:30:39:4819] N: process killed with signal 0, pid: 52087
[2026/09/25 20:30:39:4936] N: WS   /ws - (unix skt), clients: 1
[2026/09/25 20:30:39:4953] N: started process, pid: 52629
[2026/09/25 20:30:39:4956] N: WS   /ws - (unix skt), clients: 2
[2026/09/25 20:30:39:4957] N: WS   /ws - (unix skt), clients: 3
[2026/09/25 20:30:39:4957] N: WS   /ws - (unix skt), clients: 4
[2026/09/25 20:30:39:4957] N: WS   /ws - (unix skt), clients: 5
[2026/09/25 20:30:39:4958] N: WS   /ws - (unix skt), clients: 6
[2026/09/25 20:30:39:4958] N: WS   /ws - (unix skt), clients: 7
[2026/09/25 20:30:39:4958] N: WS   /ws - (unix skt), clients: 8
[2026/09/25 20:30:39:4958] N: WS   /ws - (unix skt), clients: 9
[2026/09/25 20:30:39:4958] N: WS   /ws - (unix skt), clients: 10
[2026/09/25 20:30:39:4975] N: started process, pid: 52634
[2026/09/25 20:30:39:4992] N: started process, pid: 52635
[2026/09/25 20:30:39:5000] N: started process, pid: 52636
[2026/09/25 20:30:39:5012] N: started process, pid: 52637
[2026/09/25 20:30:39:5025] N: started process, pid: 52639
[2026/09/25 20:30:39:5035] N: started process, pid: 52645
[2026/09/25 20:30:39:5053] N: started process, pid: 52646
[2026/09/25 20:30:39:5073] N: started process, pid: 52652
[2026/09/25 20:30:39:5093] N: started process, pid: 52655
[2026/09/25 20:30:39:6711] N: WS closed from (unix skt), clients: 9
[2026/09/25 20:30:39:6711] N: killing process, pid: 52636
[2026/09/25 20:30:39:6715] N: process killed with signal 1, pid: 52636
[2026/09/25 20:30:39:6866] N: WS closed from (unix skt), clients: 8
[2026/09/25 20:30:39:6866] N: killing process, pid: 52652
[2026/09/25 20:30:39:6872] N: process killed with signal 1, pid: 52652
[2026/09/25 20:30:39:7634] N: WS closed from (unix skt), clients: 7
[2026/09/25 20:30:39:7634] N: killing process, pid: 52629
[2026/09/25 20:30:39:7640] N: process killed with signal 0, pid: 52629
[2026/09/25 20:30:39:7775] N: WS closed from (unix skt), clients: 6
[2026/09/25 20:30:39:7775] N: killing process, pid: 52634
[2026/09/25 20:30:39:7778] N: process killed with signal 0, pid: 52634
[2026/09/25 20:30:39:8272] N: WS closed from (unix skt), clients: 5
[2026/09/25 20:30:39:8272] N: killing process, pid: 52639
[2026/09/25 20:30:39:8277] N: process killed with signal 0, pid: 52639
[2026/09/25 20:30:39:8373] N: WS closed from (unix skt), clients: 4
[2026/09/25 20:30:39:8373] N: killing process, pid: 52645
[2026/09/25 20:30:39:8376] N: process killed with signal 0, pid: 52645
[2026/09/25 20:30:40:3273] N: WS closed from (unix skt), clients: 3
[2026/09/25 20:30:40:3274] N: killing process, pid: 52635
[2026/09/25 20:30:40:3279] N: process killed with signal 0, pid: 52635
[2026/09/25 20:30:40:3914] N: WS closed from (unix skt), clients: 2
[2026/09/25 20:30:40:3915] N: killing process, pid: 52646
[2026/09/25 20:30:40:3968] N: process killed with signal 0, pid: 52646
[2026/09/25 20:30:41:4979] N: WS closed from (unix skt), clients: 1
[2026/09/25 20:30:41:4979] N: killing process, pid: 52637
[2026/09/25 20:30:41:4979] N: WS closed from (unix skt), clients: 0
[2026/09/25 20:30:41:4979] N: killing process, pid: 52655
[2026/09/25 20:30:41:4984] N: process killed with signal 0, pid: 52637
[2026/09/25 20:30:41:4991] N: process killed with signal 0, pid: 52655
[2026/09/25 20:30:41:5056] N: WS   /ws - (unix skt), clients: 1
[2026/09/25 20:30:41:5056] N: WS   /ws - (unix skt), clients: 2
[2026/09/25 20:30:41:5056] N: WS   /ws - (unix skt), clients: 3
[2026/09/25 20:30:41:5056] N: WS   /ws - (unix skt), clients: 4
[2026/09/25 20:30:41:5057] N: WS   /ws - (unix skt), clients: 5
[2026/09/25 20:30:41:5057] N: WS   /ws - (unix skt), clients: 6
[2026/09/25 20:30:41:5057] N: WS   /ws - (unix skt), clients: 7
[2026/09/25 20:30:41:5057] N: WS   /ws - (unix skt), clients: 8
[2026/09/25 20:30:41:5057] N: WS   /ws - (unix skt), clients: 9
[2026/09/25 20:30:41:5057] N: WS   /ws - (unix skt), clients: 10
[2026/09/25 20:30:41:5068] N: started process, pid: 53528
[2026/09/25 20:30:41:5075] N: started process, pid: 53529
[2026/09/25 20:30:41:5083] N: started process, pid: 53530
[2026/09/25 20:30:41:5091] N: started process, pid: 53532
[2026/09/25 20:30:41:5100] N: started process, pid: 53533
[2026/09/25 20:30:41:5106] N: started process, pid: 53534
[2026/09/25 20:30:41:5125] N: started process, pid: 53536
[2026/09/25 20:30:41:5135] N: started process, pid: 53544
[2026/09/25 20:30:41:5148] N: started process, pid: 53545
[2026/09/25 20:30:41:5154] N: started process, pid: 53548
[2026/09/25 20:30:41:7455] N: WS closed from (unix skt), clients: 9
[2026/09/25 20:30:41:7455] N: killing process, pid: 53532
[2026/09/25 20:30:41:7460] N: process killed with signal 1, pid: 53532
[2026/09/25 20:30:41:7647] N: WS closed from (unix skt), clients: 8
[2026/09/25 20:30:41:7647] N: killing process, pid: 53545
[2026/09/25 20:30:41:7650] N: process killed with signal 1, pid: 53545
[2026/09/25 20:30:41:7730] N: WS closed from (unix skt), clients: 7
[2026/09/25 20:30:41:7731] N: killing process, pid: 53529
[2026/09/25 20:30:41:7746] N: process killed with signal 0, pid: 53529
[2026/09/25 20:30:41:8746] N: WS closed from (unix skt), clients: 6
[2026/09/25 20:30:41:8746] N: killing process, pid: 53528
[2026/09/25 20:30:41:8750] N: process killed with signal 0, pid: 53528
[2026/09/25 20:30:41:9485] N: WS closed from (unix skt), clients: 5
[2026/09/25 20:30:41:9486] N: killing process, pid: 53534
[2026/09/25 20:30:41:9490] N: process killed with signal 0, pid: 53534
[2026/09/25 20:30:41:9646] N: WS closed from (unix skt), clients: 4
[2026/09/25 20:30:41:9647] N: killing process, pid: 53536
[2026/09/25 20:30:41:9651] N: process killed with signal 0, pid: 53536
[2026/09/25 20:30:42:3755] N: WS closed from (unix skt), clients: 3
[2026/09/25 20:30:42:3755] N: killing process, pid: 53530
[2026/09/25 20:30:42:3760] N: process killed with signal 0, pid: 53530
[2026/09/25 20:30:42:3978] N: WS closed from (unix skt), clients: 2
[2026/09/25 20:30:42:3978] N: killing process, pid: 53544
[2026/09/25 20:30:42:3982] N: process killed with signal 0, pid: 53544
[2026/09/25 20:30:43:5077] N: WS closed from (unix skt), clients: 1
[2026/09/25 20:30:43:5077] N: killing process, pid: 53533
[2026/09/25 20:30:43:5078] N: WS closed from (unix skt), clients: 0
[2026/09/25 20:30:43:5078] N: killing process, pid: 53548
[2026/09/25 20:30:43:5090] N: process killed with signal 0, pid: 53533
[2026/09/25 20:30:43:5091] N: process killed with signal 0, pid: 53548
[2026/09/25 20:30:43:5172] N: WS   /ws - (unix skt), clients: 1
[2026/09/25 20:30:43:5172] N: WS   /ws - (unix skt), clients: 2
[2026/09/25 20:30:43:5172] N: WS   /ws - (unix skt), clients: 3
[2026/09/25 20:30:43:5173] N: WS   /ws - (unix skt), clients: 4
[2026/09/25 20:30:43:5173] N: WS   /ws - (unix skt), clients: 5
[2026/09/25 20:30:43:5173] N: WS   /ws - (unix skt), clients: 6
[2026/09/25 20:30:43:5173] N: WS   /ws - (unix skt), clients: 7
[2026/09/25 20:30:43:5173] N: WS   /ws - (unix skt), clients: 8
[2026/09/25 20:30:43:5173] N: WS   /ws - (unix skt), clients: 9
[2026/09/25 20:30:43:5173] N: WS   /ws - (unix skt), clients: 10
[2026/09/25 20:30:43:5190] N: started process, pid: 55163
[2026/09/25 20:30:43:5196] N: started process, pid: 55166
[2026/09/25 20:30:43:5205] N: started process, pid: 55167
[2026/09/25 20:30:43:5224] N: started process, pid: 55168
[2026/09/25 20:30:43:5234] N: started process, pid: 55170
[2026/09/25 20:30:43:5241] N: started process, pid: 55171
[2026/09/25 20:30:43:5250] N: started process, pid: 55172
[2026/09/25 20:30:43:5256] N: started process, pid: 55173
[2026/09/25 20:30:43:5266] N: started process, pid: 55177
[2026/09/25 20:30:43:5285] N: started process, pid: 55183
[2026/09/25 20:30:43:6745] N: WS closed from (unix skt), clients: 9
[2026/09/25 20:30:43:6746] N: killing process, pid: 55168
[2026/09/25 20:30:43:6775] N: process killed with signal 1, pid: 55168
[2026/09/25 20:30:43:7384] N: WS closed from (unix skt), clients: 8
[2026/09/25 20:30:43:7384] N: killing process, pid: 55177
[2026/09/25 20:30:43:7387] N: process killed with signal 1, pid: 55177
[2026/09/25 20:30:43:8632] N: WS closed from (unix skt), clients: 7
[2026/09/25 20:30:43:8632] N: killing process, pid: 55166
[2026/09/25 20:30:43:8633] N: WS closed from (unix skt), clients: 6
[2026/09/25 20:30:43:8633] N: killing process, pid: 55163
[2026/09/25 20:30:43:8639] N: process killed with signal 0, pid: 55163
[2026/09/25 20:30:43:8639] N: process killed with signal 0, pid: 55166
[2026/09/25 20:30:43:9238] N: WS closed from (unix skt), clients: 5
[2026/09/25 20:30:43:9238] N: killing process, pid: 55171
[2026/09/25 20:30:43:9244] N: process killed with signal 0, pid: 55171
[2026/09/25 20:30:43:9570] N: WS closed from (unix skt), clients: 4
[2026/09/25 20:30:43:9570] N: killing process, pid: 55172
[2026/09/25 20:30:43:9575] N: process killed with signal 0, pid: 55172
[2026/09/25 20:30:44:3922] N: WS closed from (unix skt), clients: 3
[2026/09/25 20:30:44:3922] N: killing process, pid: 55167
[2026/09/25 20:30:44:3928] N: process killed with signal 0, pid: 55167
[2026/09/25 20:30:44:4586] N: WS closed from (unix skt), clients: 2
[2026/09/25 20:30:44:4587] N: killing process, pid: 55173
[2026/09/25 20:30:44:4592] N: process killed with signal 0, pid: 55173
[2026/09/25 20:30:45:5191] N: WS closed from (unix skt), clients: 1
[2026/09/25 20:30:45:5192] N: killing process, pid: 55170
[2026/09/25 20:30:45:5192] N: WS closed from (unix skt), clients: 0
[2026/09/25 20:30:45:5192] N: killing process, pid: 55183
[2026/09/25 20:30:45:5197] N: process killed with signal 0, pid: 55170
[2026/09/25 20:30:45:5203] N: process killed with signal 0, pid: 55183
[2026/09/25 20:30:45:5276] N: WS   /ws - (unix skt), clients: 1
[2026/09/25 20:30:45:5276] N: WS   /ws - (unix skt), clients: 2
[2026/09/25 20:30:45:5276] N: WS   /ws - (unix skt), clients: 3
[2026/09/25 20:30:45:5276] N: WS   /ws - (unix skt), clients: 4
[2026/09/25 20:30:45:5276] N: WS   /ws - (unix skt), clients: 5
[2026/09/25 20:30:45:5276] N: WS   /ws - (unix skt), clients: 6
[2026/09/25 20:30:45:5276] N: WS   /ws - (unix skt), clients: 7
[2026/09/25 20:30:45:5277] N: WS   /ws - (unix skt), clients: 8
[2026/09/25 20:30:45:5277] N: WS   /ws - (unix skt), clients: 9
[2026/09/25 20:30:45:5277] N: WS   /ws - (unix skt), clients: 10
[2026/09/25 20:30:45:5287] N: started process, pid: 56067
[2026/09/25 20:30:45:5291] N: started process, pid: 56068
[2026/09/25 20:30:45:5295] N: started process, pid: 56069
[2026/09/25 20:30:45:5300] N: started process, pid: 56070
[2026/09/25 20:30:45:5308] N: started process, pid: 56071
[2026/09/25 20:30:45:5315] N: started process, pid: 56072
[2026/09/25 20:30:45:5322] N: started process, pid: 56073
[2026/09/25 20:30:45:5332] N: started process, pid: 56074
[2026/09/25 20:30:45:5341] N: started process, pid: 56080
[2026/09/25 20:30:45:5365] N: started process, pid: 56089
[2026/09/25 20:30:45:6455] N: WS closed from (unix skt), clients: 9
[2026/09/25 20:30:45:6455] N: killing process, pid: 56070
[2026/09/25 20:30:45:6464] N: process killed with signal 1, pid: 56070
[2026/09/25 20:30:45:7422] N: WS closed from (unix skt), clients: 8
[2026/09/25 20:30:45:7423] N: killing process, pid: 56080
[2026/09/25 20:30:45:7428] N: process killed with signal 1, pid: 56080
[2026/09/25 20:30:45:8636] N: WS closed from (unix skt), clients: 7
[2026/09/25 20:30:45:8637] N: killing process, pid: 56067
[2026/09/25 20:30:45:8643] N: process killed with signal 0, pid: 56067
[2026/09/25 20:30:45:8808] N: WS closed from (unix skt), clients: 6
[2026/09/25 20:30:45:8808] N: killing process, pid: 56069
[2026/09/25 20:30:45:8813] N: process killed with signal 0, pid: 56069
[2026/09/25 20:30:45:8959] N: WS closed from (unix skt), clients: 5
[2026/09/25 20:30:45:8959] N: killing process, pid: 56072
[2026/09/25 20:30:45:8963] N: process killed with signal 0, pid: 56072
[2026/09/25 20:30:45:9291] N: WS closed from (unix skt), clients: 4
[2026/09/25 20:30:45:9291] N: killing process, pid: 56073
[2026/09/25 20:30:45:9296] N: process killed with signal 0, pid: 56073
[2026/09/25 20:30:46:3299] N: WS closed from (unix skt), clients: 3
[2026/09/25 20:30:46:3300] N: killing process, pid: 56068
[2026/09/25 20:30:46:3305] N: process killed with signal 0, pid: 56068
[2026/09/25 20:30:46:4467] N: WS closed from (unix skt), clients: 2
[2026/09/25 20:30:46:4467] N: killing process, pid: 56074
[2026/09/25 20:30:46:4471] N: process killed with signal 0, pid: 56074
[2026/09/25 20:30:47:5299] N: WS closed from (unix skt), clients: 1
[2026/09/25 20:30:47:5300] N: killing process, pid: 56071
[2026/09/25 20:30:47:5300] N: WS closed from (unix skt), clients: 0
[2026/09/25 20:30:47:5300] N: killing process, pid: 56089
[2026/09/25 20:30:47:5309] N: process killed with signal 0, pid: 56089
[2026/09/25 20:30:47:5311] N: process killed with signal 0, pid: 56071
[2026/09/25 20:30:47:5381] N: WS   /ws - (unix skt), clients: 1
[2026/09/25 20:30:47:5381] N: WS   /ws - (unix skt), clients: 2
[2026/09/25 20:30:47:5381] N: WS   /ws - (unix skt), clients: 3
[2026/09/25 20:30:47:5381] N: WS   /ws - (unix skt), clients: 4
[2026/09/25 20:30:47:5382] N: WS   /ws - (unix skt), clients: 5
[2026/09/25 20:30:47:5382] N: WS   /ws - (unix skt), clients: 6
[2026/09/25 20:30:47:5382] N: WS   /ws - (unix skt), clients: 7
[2026/09/25 20:30:47:5382] N: WS   /ws - (unix skt), clients: 8
[2026/09/25 20:30:47:5382] N: WS   /ws - (unix skt), clients: 9
[2026/09/25 20:30:47:5382] N: WS   /ws - (unix skt), clients: 10
[2026/09/25 20:30:47:5393] N: started process, pid: 56704
[2026/09/25 20:30:47:5398] N: started process, pid: 56705
[2026/09/25 20:30:47:5405] N: started process, pid: 56706
[2026/09/25 20:30:47:5410] N: started process, pid: 56708
[2026/09/25 20:30:47:5423] N: started process, pid: 56711
[2026/09/25 20:30:47:5436] N: started process, pid: 56712
[2026/09/25 20:30:47:5455] N: started process, pid: 56722
[2026/09/25 20:30:47:5470] N: started process, pid: 56723
[2026/09/25 20:30:47:5486] N: started process, pid: 56729
[2026/09/25 20:30:47:5499] N: started process, pid: 56738
[2026/09/25 20:30:47:7323] N: WS closed from (unix skt), clients: 9
[2026/09/25 20:30:47:7324] N: killing process, pid: 56708
[2026/09/25 20:30:47:7328] N: process killed with signal 1, pid: 56708
[2026/09/25 20:30:47:7472] N: WS closed from (unix skt), clients: 8
[2026/09/25 20:30:47:7472] N: killing process, pid: 56729
[2026/09/25 20:30:47:7477] N: process killed with signal 1, pid: 56729
[2026/09/25 20:30:47:8228] N: WS closed from (unix skt), clients: 7
[2026/09/25 20:30:47:8228] N: killing process, pid: 56704
[2026/09/25 20:30:47:8233] N: process killed with signal 0, pid: 56704
[2026/09/25 20:30:47:8536] N: WS closed from (unix skt), clients: 6
[2026/09/25 20:30:47:8536] N: killing process, pid: 56705
[2026/09/25 20:30:47:8540] N: process killed with signal 0, pid: 56705
[2026/09/25 20:30:47:8864] N: WS closed from (unix skt), clients: 5
[2026/09/25 20:30:47:8864] N: killing process, pid: 56712
[2026/09/25 20:30:47:8869] N: process killed with signal 0, pid: 56712
[2026/09/25 20:30:47:9015] N: WS closed from (unix skt), clients: 4
[2026/09/25 20:30:47:9015] N: killing process, pid: 56722
[2026/09/25 20:30:47:9019] N: process killed with signal 0, pid: 56722
[2026/09/25 20:30:48:3711] N: WS closed from (unix skt), clients: 3
[2026/09/25 20:30:48:3712] N: killing process, pid: 56706
[2026/09/25 20:30:48:3718] N: process killed with signal 0, pid: 56706
[2026/09/25 20:30:48:4535] N: WS closed from (unix skt), clients: 2
[2026/09/25 20:30:48:4535] N: killing process, pid: 56723
[2026/09/25 20:30:48:4539] N: process killed with signal 0, pid: 56723
[2026/09/25 20:30:49:5395] N: WS closed from (unix skt), clients: 1
[2026/09/25 20:30:49:5396] N: killing process, pid: 56711
[2026/09/25 20:30:49:5396] N: WS closed from (unix skt), clients: 0
[2026/09/25 20:30:49:5396] N: killing process, pid: 56738
[2026/09/25 20:30:49:5404] N: process killed with signal 0, pid: 56711
[2026/09/25 20:30:49:5404] N: process killed with signal 0, pid: 56738
[2026/09/25 20:30:49:5468] N: WS   /ws - (unix skt), clients: 1
[2026/09/25 20:30:49:5468] N: WS   /ws - (unix skt), clients: 2
[2026/09/25 20:30:49:5468] N: WS   /ws - (unix skt), clients: 3
[2026/09/25 20:30:49:5468] N: WS   /ws - (unix skt), clients: 4
[2026/09/25 20:30:49:5469] N: WS   /ws - (unix skt), clients: 5
[2026/09/25 20:30:49:5469] N: WS   /ws - (unix skt), clients: 6
[2026/09/25 20:30:49:5469] N: WS   /ws - (unix skt), clients: 7
[2026/09/25 20:30:49:5469] N: WS   /ws - (unix skt), clients: 8
[2026/09/25 20:30:49:5469] N: WS   /ws - (unix skt), clients: 9
[2026/09/25 20:30:49:5469] N: WS   /ws - (unix skt), clients: 10
[2026/09/25 20:30:49:5479] N: started process, pid: 57303
[2026/09/25 20:30:49:5483] N: started process, pid: 57304
[2026/09/25 20:30:49:5487] N: started process, pid: 57305
[2026/09/25 20:30:49:5499] N: started process, pid: 57306
[2026/09/25 20:30:49:5504] N: started process, pid: 57307
[2026/09/25 20:30:49:5512] N: started process, pid: 57308
[2026/09/25 20:30:49:5521] N: started process, pid: 57313
[2026/09/25 20:30:49:5529] N: started process, pid: 57318
[2026/09/25 20:30:49:5542] N: started process, pid: 57321
[2026/09/25 20:30:49:5557] N: started process, pid: 57324
[2026/09/25 20:30:49:7447] N: WS closed from (unix skt), clients: 9
[2026/09/25 20:30:49:7448] N: killing process, pid: 57306
[2026/09/25 20:30:49:7461] N: process killed with signal 1, pid: 57306
[2026/09/25 20:30:49:7821] N: WS closed from (unix skt), clients: 8
[2026/09/25 20:30:49:7821] N: killing process, pid: 57321
[2026/09/25 20:30:49:7824] N: process killed with signal 1, pid: 57321
[2026/09/25 20:30:49:8478] N: WS closed from (unix skt), clients: 7
[2026/09/25 20:30:49:8478] N: killing process, pid: 57303
[2026/09/25 20:30:49:8483] N: process killed with signal 0, pid: 57303
[2026/09/25 20:30:49:8869] N: WS closed from (unix skt), clients: 6
[2026/09/25 20:30:49:8869] N: killing process, pid: 57305
[2026/09/25 20:30:49:8873] N: process killed with signal 0, pid: 57305
[2026/09/25 20:30:49:9074] N: WS closed from (unix skt), clients: 5
[2026/09/25 20:30:49:9074] N: killing process, pid: 57313
[2026/09/25 20:30:49:9078] N: process killed with signal 0, pid: 57313
[2026/09/25 20:30:49:9633] N: WS closed from (unix skt), clients: 4
[2026/09/25 20:30:49:9634] N: killing process, pid: 57308
[2026/09/25 20:30:49:9640] N: process killed with signal 0, pid: 57308
[2026/09/25 20:30:50:3503] N: WS closed from (unix skt), clients: 3
[2026/09/25 20:30:50:3503] N: killing process, pid: 57304
[2026/09/25 20:30:50:3508] N: process killed with signal 0, pid: 57304
[2026/09/25 20:30:50:4829] N: WS closed from (unix skt), clients: 2
[2026/09/25 20:30:50:4829] N: killing process, pid: 57318
[2026/09/25 20:30:50:4837] N: process killed with signal 0, pid: 57318
[2026/09/25 20:30:51:5489] N: WS closed from (unix skt), clients: 1
[2026/09/25 20:30:51:5489] N: killing process, pid: 57307
[2026/09/25 20:30:51:5490] N: WS closed from (unix skt), clients: 0
[2026/09/25 20:30:51:5490] N: killing process, pid: 57324
[2026/09/25 20:30:51:5499] N: process killed with signal 0, pid: 57307
[2026/09/25 20:30:51:5499] N: process killed with signal 0, pid: 57324
[2026/09/25 20:30:51:5648] N: WS   /ws - (unix skt), clients: 1
[2026/09/25 20:30:51:5648] N: WS   /ws - (unix skt), clients: 2
[2026/09/25 20:30:51:5648] N: WS   /ws - (unix skt), clients: 3
[2026/09/25 20:30:51:5648] N: WS   /ws - (unix skt), clients: 4
[2026/09/25 20:30:51:5649] N: WS   /ws - (unix skt), clients: 5
[2026/09/25 20:30:51:5649] N: WS   /ws - (unix skt), clients: 6
[2026/09/25 20:30:51:5649] N: WS   /ws - (unix skt), clients: 7
[2026/09/25 20:30:51:5649] N: WS   /ws - (unix skt), clients: 8
[2026/09/25 20:30:51:5649] N: WS   /ws - (unix skt), clients: 9
[2026/09/25 20:30:51:5649] N: WS   /ws - (unix skt), clients: 10
[2026/09/25 20:30:51:5663] N: started process, pid: 58198
[2026/09/25 20:30:51:5673] N: started process, pid: 58199
[2026/09/25 20:30:51:5679] N: started process, pid: 58200
[2026/09/25 20:30:51:5689] N: started process, pid: 58201
[2026/09/25 20:30:51:5696] N: started process, pid: 58203
[2026/09/25 20:30:51:5708] N: started process, pid: 58204
[2026/09/25 20:30:51:5720] N: started process, pid: 58205
[2026/09/25 20:30:51:5731] N: started process, pid: 58206
[2026/09/25 20:30:51:5749] N: started process, pid: 58209
[2026/09/25 20:30:51:5762] N: started process, pid: 58216
[2026/09/25 20:30:51:7701] N: WS closed from (unix skt), clients: 9
[2026/09/25 20:30:51:7702] N: killing process, pid: 58201
[2026/09/25 20:30:51:7708] N: process killed with signal 1, pid: 58201
[2026/09/25 20:30:51:8255] N: WS closed from (unix skt), clients: 8
[2026/09/25 20:30:51:8256] N: killing process, pid: 58209
[2026/09/25 20:30:51:8261] N: process killed with signal 1, pid: 58209
[2026/09/25 20:30:51:8755] N: WS closed from (unix skt), clients: 7
[2026/09/25 20:30:51:8756] N: killing process, pid: 58198
[2026/09/25 20:30:51:8760] N: process killed with signal 0, pid: 58198
[2026/09/25 20:30:51:9357] N: WS closed from (unix skt), clients: 6
[2026/09/25 20:30:51:9357] N: killing process, pid: 58199
[2026/09/25 20:30:51:9362] N: process killed with signal 0, pid: 58199
[2026/09/25 20:30:51:9899] N: WS closed from (unix skt), clients: 5
[2026/09/25 20:30:51:9900] N: killing process, pid: 58204
[2026/09/25 20:30:51:9907] N: process killed with signal 0, pid: 58204
[2026/09/25 20:30:52:0347] N: WS closed from (unix skt), clients: 4
[2026/09/25 20:30:52:0347] N: killing process, pid: 58205
[2026/09/25 20:30:52:0352] N: process killed with signal 0, pid: 58205
[2026/09/25 20:30:52:3757] N: WS closed from (unix skt), clients: 3
[2026/09/25 20:30:52:3757] N: killing process, pid: 58200
[2026/09/25 20:30:52:3761] N: process killed with signal 0, pid: 58200
[2026/09/25 20:30:52:5079] N: WS closed from (unix skt), clients: 2
[2026/09/25 20:30:52:5079] N: killing process, pid: 58206
[2026/09/25 20:30:52:5084] N: process killed with signal 0, pid: 58206
[2026/09/25 20:30:53:5667] N: WS closed from (unix skt), clients: 1
[2026/09/25 20:30:53:5667] N: killing process, pid: 58203
[2026/09/25 20:30:53:5667] N: WS closed from (unix skt), clients: 0
[2026/09/25 20:30:53:5667] N: killing process, pid: 58216
[2026/09/25 20:30:53:5672] N: process killed with signal 0, pid: 58203
[2026/09/25 20:30:53:5677] N: process killed with signal 0, pid: 58216
[2026/09/25 20:30:53:5746] N: WS   /ws - (unix skt), clients: 1
[2026/09/25 20:30:53:5746] N: WS   /ws - (unix skt), clients: 2
[2026/09/25 20:30:53:5747] N: WS   /ws - (unix skt), clients: 3
[2026/09/25 20:30:53:5747] N: WS   /ws - (unix skt), clients: 4
[2026/09/25 20:30:53:5747] N: WS   /ws - (unix skt), clients: 5
[2026/09/25 20:30:53:5747] N: WS   /ws - (unix skt), clients: 6
[2026/09/25 20:30:53:5747] N: WS   /ws - (unix skt), clients: 7
[2026/09/25 20:30:53:5747] N: WS   /ws - (unix skt), clients: 8
[2026/09/25 20:30:53:5747] N: WS   /ws - (unix skt), clients: 9
[2026/09/25 20:30:53:5747] N: WS   /ws - (unix skt), clients: 10
[2026/09/25 20:30:53:5757] N: started process, pid: 58857
[2026/09/25 20:30:53:5762] N: started process, pid: 58858
[2026/09/25 20:30:53:5766] N: started process, pid: 58859
[2026/09/25 20:30:53:5776] N: started process, pid: 58860
[2026/09/25 20:30:53:5783] N: started process, pid: 58861
[2026/09/25 20:30:53:5790] N: started process, pid: 58862
[2026/09/25 20:30:53:5803] N: started process, pid: 58866
[2026/09/25 20:30:53:5830] N: started process, pid: 58873
[2026/09/25 20:30:53:5861] N: started process, pid: 58878
[2026/09/25 20:30:53:5884] N: started process, pid: 58892
[2026/09/25 20:30:53:7634] N: WS closed from (unix skt), clients: 9
[2026/09/25 20:30:53:7634] N: killing process, pid: 58860
[2026/09/25 20:30:53:7640] N: process killed with signal 1, pid: 58860
[2026/09/25 20:30:53:8287] N: WS closed from (unix skt), clients: 8
[2026/09/25 20:30:53:8290] N: killing process, pid: 58878
[2026/09/25 20:30:53:8293] N: process killed with signal 1, pid: 58878
[2026/09/25 20:30:53:8896] N: WS closed from (unix skt), clients: 7
[2026/09/25 20:30:53:8896] N: killing process, pid: 58857
[2026/09/25 20:30:53:8896] N: WS closed from (unix skt), clients: 6
[2026/09/25 20:30:53:8897] N: killing process, pid: 58858
[2026/09/25 20:30:53:8904] N: process killed with signal 0, pid: 58857
[2026/09/25 20:30:53:8905] N: process killed with signal 0, pid: 58858
[2026/09/25 20:30:54:0064] N: WS closed from (unix skt), clients: 5
[2026/09/25 20:30:54:0065] N: killing process, pid: 58866
[2026/09/25 20:30:54:0079] N: process killed with signal 0, pid: 58866
[2026/09/25 20:30:54:0141] N: WS closed from (unix skt), clients: 4
[2026/09/25 20:30:54:0142] N: killing process, pid: 58862
[2026/09/25 20:30:54:0156] N: process killed with signal 0, pid: 58862
[2026/09/25 20:30:54:4157] N: WS closed from (unix skt), clients: 3
[2026/09/25 20:30:54:4157] N: killing process, pid: 58859
[2026/09/25 20:30:54:4162] N: process killed with signal 0, pid: 58859
[2026/09/25 20:30:54:5481] N: WS closed from (unix skt), clients: 2
[2026/09/25 20:30:54:5481] N: killing process, pid: 58873
[2026/09/25 20:30:54:5485] N: process killed with signal 0, pid: 58873
[2026/09/25 20:30:55:5770] N: WS closed from (unix skt), clients: 1
[2026/09/25 20:30:55:5770] N: killing process, pid: 58861
[2026/09/25 20:30:55:5770] N: WS closed from (unix skt), clients: 0
[2026/09/25 20:30:55:5770] N: killing process, pid: 58892
[2026/09/25 20:30:55:5774] N: process killed with signal 0, pid: 58861
[2026/09/25 20:30:55:5783] N: process killed with signal 0, pid: 58892
[2026/09/25 20:30:55:5856] N: WS   /ws - (unix skt), clients: 1
[2026/09/25 20:30:55:5856] N: WS   /ws - (unix skt), clients: 2
[2026/09/25 20:30:55:5856] N: WS   /ws - (unix skt), clients: 3
[2026/09/25 20:30:55:5857] N: WS   /ws - (unix skt), clients: 4
[2026/09/25 20:30:55:5857] N: WS   /ws - (unix skt), clients: 5
[2026/09/25 20:30:55:5857] N: WS   /ws - (unix skt), clients: 6
[2026/09/25 20:30:55:5857] N: WS   /ws - (unix skt), clients: 7
[2026/09/25 20:30:55:5857] N: WS   /ws - (unix skt), clients: 8
[2026/09/25 20:30:55:5857] N: WS   /ws - (unix skt), clients: 9
[2026/09/25 20:30:55:5857] N: WS   /ws - (unix skt), clients: 10
[2026/09/25 20:30:55:5864] N: started process, pid: 59626
[2026/09/25 20:30:55:5867] N: started process, pid: 59627
[2026/09/25 20:30:55:5871] N: started process, pid: 59628
[2026/09/25 20:30:55:5884] N: started process, pid: 59629
[2026/09/25 20:30:55:5896] N: started process, pid: 59630
[2026/09/25 20:30:55:5906] N: started process, pid: 59632
[2026/09/25 20:30:55:5924] N: started process, pid: 59639
[2026/09/25 20:30:55:5956] N: started process, pid: 59648
[2026/09/25 20:30:55:5980] N: started process, pid: 59652
[2026/09/25 20:30:55:6017] N: started process, pid: 59662
[2026/09/25 20:30:55:8014] N: WS closed from (unix skt), clients: 9
[2026/09/25 20:30:55:8014] N: killing process, pid: 59629
[2026/09/25 20:30:55:8019] N: process killed with signal 1, pid: 59629
[2026/09/25 20:30:55:9538] N: WS closed from (unix skt), clients: 8
[2026/09/25 20:30:55:9539] N: killing process, pid: 59652
[2026/09/25 20:30:55:9543] N: process killed with signal 1, pid: 59652
[2026/09/25 20:30:56:0015] N: WS closed from (unix skt), clients: 7
[2026/09/25 20:30:56:0016] N: killing process, pid: 59627
[2026/09/25 20:30:56:0026] N: process killed with signal 0, pid: 59627
[2026/09/25 20:30:56:0308] N: WS closed from (unix skt), clients: 6
[2026/09/25 20:30:56:0309] N: killing process, pid: 59626
[2026/09/25 20:30:56:0318] N: process killed with signal 0, pid: 59626
[2026/09/25 20:30:56:0839] N: WS closed from (unix skt), clients: 5
[2026/09/25 20:30:56:0840] N: killing process, pid: 59639
[2026/09/25 20:30:56:0852] N: process killed with signal 0, pid: 59639
[2026/09/25 20:30:56:1174] N: WS closed from (unix skt), clients: 4
[2026/09/25 20:30:56:1174] N: killing process, pid: 59632
[2026/09/25 20:30:56:1181] N: process killed with signal 0, pid: 59632
[2026/09/25 20:30:56:3865] N: WS closed from (unix skt), clients: 3
[2026/09/25 20:30:56:3865] N: killing process, pid: 59628
[2026/09/25 20:30:56:3870] N: process killed with signal 0, pid: 59628
[2026/09/25 20:30:56:6483] N: WS closed from (unix skt), clients: 2
[2026/09/25 20:30:56:6484] N: killing process, pid: 59648
[2026/09/25 20:30:56:6490] N: process killed with signal 0, pid: 59648
[2026/09/25 20:30:57:5878] N: WS closed from (unix skt), clients: 1
[2026/09/25 20:30:57:5878] N: killing process, pid: 59630
[2026/09/25 20:30:57:5879] N: WS closed from (unix skt), clients: 0
[2026/09/25 20:30:57:5879] N: killing process, pid: 59662
[2026/09/25 20:30:57:5886] N: process killed with signal 0, pid: 59630
[2026/09/25 20:30:57:5893] N: process killed with signal 0, pid: 59662
[2026/09/25 20:30:57:5965] N: WS   /ws - (unix skt), clients: 1
[2026/09/25 20:30:57:5965] N: WS   /ws - (unix skt), clients: 2
[2026/09/25 20:30:57:5965] N: WS   /ws - (unix skt), clients: 3
[2026/09/25 20:30:57:5965] N: WS   /ws - (unix skt), clients: 4
[2026/09/25 20:30:57:5965] N: WS   /ws - (unix skt), clients: 5
[2026/09/25 20:30:57:5965] N: WS   /ws - (unix skt), clients: 6
[2026/09/25 20:30:57:5965] N: WS   /ws - (unix skt), clients: 7
[2026/09/25 20:30:57:5966] N: WS   /ws - (unix skt), clients: 8
[2026/09/25 20:30:57:5966] N: WS   /ws - (unix skt), clients: 9
[2026/09/25 20:30:57:5966] N: WS   /ws - (unix skt), clients: 10
[2026/09/25 20:30:57:5975] N: started process, pid: 60197
[2026/09/25 20:30:57:5979] N: started process, pid: 60198
[2026/09/25 20:30:57:5983] N: started process, pid: 60199
[2026/09/25 20:30:57:5995] N: started process, pid: 60200
[2026/09/25 20:30:57:6002] N: started process, pid: 60201
[2026/09/25 20:30:57:6012] N: started process, pid: 60202
[2026/09/25 20:30:57:6026] N: started process, pid: 60207
[2026/09/25 20:30:57:6041] N: started process, pid: 60215
[2026/09/25 20:30:57:6058] N: started process, pid: 60218
[2026/09/25 20:30:57:6068] N: started process, pid: 60223
[2026/09/25 20:30:57:8998] N: WS closed from (unix skt), clients: 9
[2026/09/25 20:30:57:8998] N: killing process, pid: 60197
[2026/09/25 20:30:57:9194] N: process killed with signal 0, pid: 60197
[2026/09/25 20:30:57:9343] N: WS closed from (unix skt), clients: 8
[2026/09/25 20:30:57:9343] N: killing process, pid: 60198
[2026/09/25 20:30:57:9485] N: WS closed from (unix skt), clients: 7
[2026/09/25 20:30:57:9486] N: killing process, pid: 60200
[2026/09/25 20:30:57:9494] N: process killed with signal 1, pid: 60200
[2026/09/25 20:30:57:9535] N: process killed with signal 0, pid: 60198
[2026/09/25 20:30:58:0411] N: WS closed from (unix skt), clients: 6
[2026/09/25 20:30:58:0412] N: killing process, pid: 60218
[2026/09/25 20:30:58:0416] N: process killed with signal 1, pid: 60218
[2026/09/25 20:30:58:1211] N: WS closed from (unix skt), clients: 5
[2026/09/25 20:30:58:1211] N: killing process, pid: 60202
[2026/09/25 20:30:58:1218] N: process killed with signal 0, pid: 60202
[2026/09/25 20:30:58:1861] N: WS closed from (unix skt), clients: 4
[2026/09/25 20:30:58:1861] N: killing process, pid: 60207
[2026/09/25 20:30:58:1868] N: process killed with signal 0, pid: 60207
[2026/09/25 20:30:58:4760] N: WS closed from (unix skt), clients: 3
[2026/09/25 20:30:58:4760] N: killing process, pid: 60199
[2026/09/25 20:30:58:4766] N: process killed with signal 0, pid: 60199
[2026/09/25 20:30:58:7423] N: WS closed from (unix skt), clients: 2
[2026/09/25 20:30:58:7423] N: killing process, pid: 60215
[2026/09/25 20:30:58:7437] N: process killed with signal 0, pid: 60215
[2026/09/25 20:30:59:5984] N: WS closed from (unix skt), clients: 1
[2026/09/25 20:30:59:5984] N: killing process, pid: 60201
[2026/09/25 20:30:59:5984] N: WS closed from (unix skt), clients: 0
[2026/09/25 20:30:59:5984] N: killing process, pid: 60223
[2026/09/25 20:30:59:5992] N: process killed with signal 0, pid: 60201
[2026/09/25 20:30:59:5992] N: process killed with signal 0, pid: 60223
[2026/09/25 20:30:59:6062] N: WS   /ws - (unix skt), clients: 1
[2026/09/25 20:30:59:6062] N: WS   /ws - (unix skt), clients: 2
[2026/09/25 20:30:59:6063] N: WS   /ws - (unix skt), clients: 3
[2026/09/25 20:30:59:6063] N: WS   /ws - (unix skt), clients: 4
[2026/09/25 20:30:59:6063] N: WS   /ws - (unix skt), clients: 5
[2026/09/25 20:30:59:6063] N: WS   /ws - (unix skt), clients: 6
[2026/09/25 20:30:59:6063] N: WS   /ws - (unix skt), clients: 7
[2026/09/25 20:30:59:6063] N: WS   /ws - (unix skt), clients: 8
[2026/09/25 20:30:59:6063] N: WS   /ws - (unix skt), clients: 9
[2026/09/25 20:30:59:6063] N: WS   /ws - (unix skt), clients: 10
[2026/09/25 20:30:59:6074] N: started process, pid: 61424
[2026/09/25 20:30:59:6080] N: started process, pid: 61425
[2026/09/25 20:30:59:6089] N: started process, pid: 61426
[2026/09/25 20:30:59:6095] N: started process, pid: 61427
[2026/09/25 20:30:59:6103] N: started process, pid: 61428
[2026/09/25 20:30:59:6110] N: started process, pid: 61429
[2026/09/25 20:30:59:6123] N: started process, pid: 61430
[2026/09/25 20:30:59:6132] N: started process, pid: 61442
[2026/09/25 20:30:59:6141] N: started process, pid: 61453
[2026/09/25 20:30:59:6163] N: started process, pid: 61457
[2026/09/25 20:30:59:7070] N: WS closed from (unix skt), clients: 9
[2026/09/25 20:30:59:7070] N: killing process, pid: 61425
[2026/09/25 20:30:59:7074] N: process killed with signal 1, pid: 61425
[2026/09/25 20:30:59:9068] N: WS closed from (unix skt), clients: 8
[2026/09/25 20:30:59:9070] N: killing process, pid: 61424
[2026/09/25 20:30:59:9080] N: WS closed from (unix skt), clients: 7
[2026/09/25 20:30:59:9081] N: killing process, pid: 61429
[2026/09/25 20:30:59:9084] N: process killed with signal 1, pid: 61429
[2026/09/25 20:30:59:9093] N: process killed with signal 0, pid: 61424
[2026/09/25 20:30:59:9890] N: WS closed from (unix skt), clients: 6
[2026/09/25 20:30:59:9890] N: killing process, pid: 61427
[2026/09/25 20:30:59:9897] N: process killed with signal 0, pid: 61427
[2026/09/25 20:31:00:0588] N: WS closed from (unix skt), clients: 5
[2026/09/25 20:31:00:0589] N: killing process, pid: 61453
[2026/09/25 20:31:00:0595] N: process killed with signal 0, pid: 61453
[2026/09/25 20:31:00:0791] N: WS closed from (unix skt), clients: 4
[2026/09/25 20:31:00:0791] N: killing process, pid: 61442
[2026/09/25 20:31:00:0797] N: process killed with signal 0, pid: 61442
[2026/09/25 20:31:00:5392] N: WS closed from (unix skt), clients: 3
[2026/09/25 20:31:00:5392] N: killing process, pid: 61428
[2026/09/25 20:31:00:5397] N: process killed with signal 0, pid: 61428
[2026/09/25 20:31:00:6088] N: WS closed from (unix skt), clients: 2
[2026/09/25 20:31:00:6089] N: killing process, pid: 61457
[2026/09/25 20:31:00:6093] N: process killed with signal 0, pid: 61457
[2026/09/25 20:31:01:6082] N: WS closed from (unix skt), clients: 1
[2026/09/25 20:31:01:6082] N: killing process, pid: 61430
[2026/09/25 20:31:01:6082] N: WS closed from (unix skt), clients: 0
[2026/09/25 20:31:01:6082] N: killing process, pid: 61426
[2026/09/25 20:31:01:6086] N: process killed with signal 0, pid: 61430
[2026/09/25 20:31:01:6089] N: process killed with signal 0, pid: 61426
[2026/09/25 20:31:01:6168] N: WS   /ws - (unix skt), clients: 1
[2026/09/25 20:31:01:6168] N: WS   /ws - (unix skt), clients: 2
[2026/09/25 20:31:01:6168] N: WS   /ws - (unix skt), clients: 3
[2026/09/25 20:31:01:6169] N: WS   /ws - (unix skt), clients: 4
[2026/09/25 20:31:01:6169] N: WS   /ws - (unix skt), clients: 5
[2026/09/25 20:31:01:6169] N: WS   /ws - (unix skt), clients: 6
[2026/09/25 20:31:01:6169] N: WS   /ws - (unix skt), clients: 7
[2026/09/25 20:31:01:6169] N: WS   /ws - (unix skt), clients: 8
[2026/09/25 20:31:01:6169] N: WS   /ws - (unix skt), clients: 9
[2026/09/25 20:31:01:6169] N: WS   /ws - (unix skt), clients: 10
[2026/09/25 20:31:01:6179] N: started process, pid: 61988
[2026/09/25 20:31:01:6185] N: started process, pid: 61989
[2026/09/25 20:31:01:6190] N: started process, pid: 61990
[2026/09/25 20:31:01:6195] N: started process, pid: 61991
[2026/09/25 20:31:01:6202] N: started process, pid: 61992
[2026/09/25 20:31:01:6215] N: started process, pid: 61993
[2026/09/25 20:31:01:6225] N: started process, pid: 61995
[2026/09/25 20:31:01:6241] N: started process, pid: 62005
[2026/09/25 20:31:01:6257] N: started process, pid: 62010
[2026/09/25 20:31:01:6269] N: started process, pid: 62017
[2026/09/25 20:31:01:7446] N: WS closed from (unix skt), clients: 9
[2026/09/25 20:31:01:7447] N: killing process, pid: 61991
[2026/09/25 20:31:01:7452] N: process killed with signal 1, pid: 61991
[2026/09/25 20:31:01:9242] N: WS closed from (unix skt), clients: 8
[2026/09/25 20:31:01:9243] N: killing process, pid: 61989
[2026/09/25 20:31:01:9251] N: process killed with signal 0, pid: 61989
[2026/09/25 20:31:01:9308] N: WS closed from (unix skt), clients: 7
[2026/09/25 20:31:01:9308] N: killing process, pid: 62010
[2026/09/25 20:31:01:9314] N: process killed with signal 1, pid: 62010
[2026/09/25 20:31:01:9442] N: WS closed from (unix skt), clients: 6
[2026/09/25 20:31:01:9442] N: killing process, pid: 61988
[2026/09/25 20:31:01:9469] N: process killed with signal 0, pid: 61988
[2026/09/25 20:31:02:0789] N: WS closed from (unix skt), clients: 5
[2026/09/25 20:31:02:0789] N: killing process, pid: 61993
[2026/09/25 20:31:02:0789] N: WS closed from (unix skt), clients: 4
[2026/09/25 20:31:02:0790] N: killing process, pid: 61995
[2026/09/25 20:31:02:0796] N: process killed with signal 0, pid: 61993
[2026/09/25 20:31:02:0796] N: process killed with signal 0, pid: 61995
[2026/09/25 20:31:02:5017] N: WS closed from (unix skt), clients: 3
[2026/09/25 20:31:02:5018] N: killing process, pid: 61990
[2026/09/25 20:31:02:5024] N: process killed with signal 0, pid: 61990
[2026/09/25 20:31:02:6316] N: WS closed from (unix skt), clients: 2
[2026/09/25 20:31:02:6317] N: killing process, pid: 62005
[2026/09/25 20:31:02:6322] N: process killed with signal 0, pid: 62005
[2026/09/25 20:31:03:6190] N: WS closed from (unix skt), clients: 1
[2026/09/25 20:31:03:6191] N: killing process, pid: 61992
[2026/09/25 20:31:03:6191] N: WS closed from (unix skt), clients: 0
[2026/09/25 20:31:03:6191] N: killing process, pid: 62017
[2026/09/25 20:31:03:6197] N: process killed with signal 0, pid: 61992
[2026/09/25 20:31:03:6202] N: process killed with signal 0, pid: 62017
[2026/09/25 20:31:03:6272] N: WS   /ws - (unix skt), clients: 1
[2026/09/25 20:31:03:6272] N: WS   /ws - (unix skt), clients: 2
[2026/09/25 20:31:03:6272] N: WS   /ws - (unix skt), clients: 3
[2026/09/25 20:31:03:6272] N: WS   /ws - (unix skt), clients: 4
[2026/09/25 20:31:03:6273] N: WS   /ws - (unix skt), clients: 5
[2026/09/25 20:31:03:6273] N: WS   /ws - (unix skt), clients: 6
[2026/09/25 20:31:03:6273] N: WS   /ws - (unix skt), clients: 7
[2026/09/25 20:31:03:6273] N: WS   /ws - (unix skt), clients: 8
[2026/09/25 20:31:03:6273] N: WS   /ws - (unix skt), clients: 9
[2026/09/25 20:31:03:6273] N: WS   /ws - (unix skt), clients: 10
[2026/09/25 20:31:03:6286] N: started process, pid: 62930
[2026/09/25 20:31:03:6292] N: started process, pid: 62932
[2026/09/25 20:31:03:6302] N: started process, pid: 62933
[2026/09/25 20:31:03:6311] N: started process, pid: 62934
[2026/09/25 20:31:03:6323] N: started process, pid: 62936
[2026/09/25 20:31:03:6334] N: started process, pid: 62938
[2026/09/25 20:31:03:6353] N: started process, pid: 62943
[2026/09/25 20:31:03:6369] N: started process, pid: 62952
[2026/09/25 20:31:03:6391] N: started process, pid: 62956
[2026/09/25 20:31:03:6411] N: started process, pid: 62966
[2026/09/25 20:31:03:7857] N: WS closed from (unix skt), clients: 9
[2026/09/25 20:31:03:7858] N: killing process, pid: 62934
[2026/09/25 20:31:03:7861] N: process killed with signal 1, pid: 62934
[2026/09/25 20:31:03:8878] N: WS closed from (unix skt), clients: 8
[2026/09/25 20:31:03:8879] N: killing process, pid: 62956
[2026/09/25 20:31:03:8885] N: process killed with signal 1, pid: 62956
[2026/09/25 20:31:03:9290] N: WS closed from (unix skt), clients: 7
[2026/09/25 20:31:03:9290] N: killing process, pid: 62932
[2026/09/25 20:31:03:9295] N: process killed with signal 0, pid: 62932
[2026/09/25 20:31:04:0119] N: WS closed from (unix skt), clients: 6
[2026/09/25 20:31:04:0120] N: killing process, pid: 62930
[2026/09/25 20:31:04:0125] N: process killed with signal 0, pid: 62930
[2026/09/25 20:31:04:0499] N: WS closed from (unix skt), clients: 5
[2026/09/25 20:31:04:0499] N: killing process, pid: 62938
[2026/09/25 20:31:04:0504] N: process killed with signal 0, pid: 62938
[2026/09/25 20:31:04:1132] N: WS closed from (unix skt), clients: 4
[2026/09/25 20:31:04:1133] N: killing process, pid: 62943
[2026/09/25 20:31:04:1137] N: process killed with signal 0, pid: 62943
[2026/09/25 20:31:04:5314] N: WS closed from (unix skt), clients: 3
[2026/09/25 20:31:04:5314] N: killing process, pid: 62933
[2026/09/25 20:31:04:5322] N: process killed with signal 0, pid: 62933
[2026/09/25 20:31:04:5737] N: WS closed from (unix skt), clients: 2
[2026/09/25 20:31:04:5737] N: killing process, pid: 62952
[2026/09/25 20:31:04:5742] N: process killed with signal 0, pid: 62952
[2026/09/25 20:31:05:6294] N: WS closed from (unix skt), clients: 1
[2026/09/25 20:31:05:6294] N: killing process, pid: 62936
[2026/09/25 20:31:05:6295] N: WS closed from (unix skt), clients: 0
[2026/09/25 20:31:05:6296] N: killing process, pid: 62966
[2026/09/25 20:31:05:6302] N: process killed with signal 0, pid: 62936
[2026/09/25 20:31:05:6317] N: process killed with signal 0, pid: 62966
[2026/09/25 20:31:05:6392] N: WS   /ws - (unix skt), clients: 1
[2026/09/25 20:31:05:6392] N: WS   /ws - (unix skt), clients: 2
[2026/09/25 20:31:05:6392] N: WS   /ws - (unix skt), clients: 3
[2026/09/25 20:31:05:6392] N: WS   /ws - (unix skt), clients: 4
[2026/09/25 20:31:05:6392] N: WS   /ws - (unix skt), clients: 5
[2026/09/25 20:31:05:6392] N: WS   /ws - (unix skt), clients: 6
[2026/09/25 20:31:05:6393] N: WS   /ws - (unix skt), clients: 7
[2026/09/25 20:31:05:6393] N: WS   /ws - (unix skt), clients: 8
[2026/09/25 20:31:05:6393] N: WS   /ws - (unix skt), clients: 9
[2026/09/25 20:31:05:6393] N: WS   /ws - (unix skt), clients: 10
[2026/09/25 20:31:05:6405] N: started process, pid: 64446
[2026/09/25 20:31:05:6412] N: started process, pid: 64447
[2026/09/25 20:31:05:6417] N: started process, pid: 64448
[2026/09/25 20:31:05:6422] N: started process, pid: 64449
[2026/09/25 20:31:05:6430] N: started process, pid: 64450
[2026/09/25 20:31:05:6436] N: started process, pid: 64451
[2026/09/25 20:31:05:6442] N: started process, pid: 64452
[2026/09/25 20:31:05:6449] N: started process, pid: 64454
[2026/09/25 20:31:05:6460] N: started process, pid: 64459
[2026/09/25 20:31:05:6484] N: started process, pid: 64463
[2026/09/25 20:31:05:8413] N: WS closed from (unix skt), clients: 9
[2026/09/25 20:31:05:8414] N: killing process, pid: 64449
[2026/09/25 20:31:05:8420] N: process killed with signal 1, pid: 64449
[2026/09/25 20:31:05:9049] N: WS closed from (unix skt), clients: 8
[2026/09/25 20:31:05:9049] N: killing process, pid: 64459
[2026/09/25 20:31:05:9054] N: process killed with signal 1, pid: 64459
[2026/09/25 20:31:05:9329] N: WS closed from (unix skt), clients: 7
[2026/09/25 20:31:05:9329] N: killing process, pid: 64446
[2026/09/25 20:31:05:9334] N: process killed with signal 0, pid: 64446
[2026/09/25 20:31:06:0658] N: WS closed from (unix skt), clients: 6
[2026/09/25 20:31:06:0659] N: killing process, pid: 64452
[2026/09/25 20:31:06:0664] N: process killed with signal 0, pid: 64452
[2026/09/25 20:31:06:0867] N: WS closed from (unix skt), clients: 5
[2026/09/25 20:31:06:0868] N: killing process, pid: 64451
[2026/09/25 20:31:06:0871] N: process killed with signal 0, pid: 64451
[2026/09/25 20:31:06:1079] N: WS closed from (unix skt), clients: 4
[2026/09/25 20:31:06:1079] N: killing process, pid: 64448
[2026/09/25 20:31:06:1082] N: process killed with signal 0, pid: 64448
[2026/09/25 20:31:06:4349] N: WS closed from (unix skt), clients: 3
[2026/09/25 20:31:06:4349] N: killing process, pid: 64447
[2026/09/25 20:31:06:4355] N: process killed with signal 0, pid: 64447
[2026/09/25 20:31:06:5448] N: WS closed from (unix skt), clients: 2
[2026/09/25 20:31:06:5449] N: killing process, pid: 64454
[2026/09/25 20:31:06:5454] N: process killed with signal 0, pid: 64454
[2026/09/25 20:31:07:6416] N: WS closed from (unix skt), clients: 1
[2026/09/25 20:31:07:6416] N: killing process, pid: 64450
[2026/09/25 20:31:07:6416] N: WS closed from (unix skt), clients: 0
[2026/09/25 20:31:07:6416] N: killing process, pid: 64463
[2026/09/25 20:31:07:6421] N: process killed with signal 0, pid: 64450
[2026/09/25 20:31:07:6426] N: process killed with signal 0, pid: 64463
[2026/09/25 20:31:07:6482] N: WS   /ws - (unix skt), clients: 1
[2026/09/25 20:31:07:6482] N: WS   /ws - (unix skt), clients: 2
[2026/09/25 20:31:07:6483] N: WS   /ws - (unix skt), clients: 3
[2026/09/25 20:31:07:6483] N: WS   /ws - (unix skt), clients: 4
[2026/09/25 20:31:07:6483] N: WS   /ws - (unix skt), clients: 5
[2026/09/25 20:31:07:6483] N: WS   /ws - (unix skt), clients: 6
[2026/09/25 20:31:07:6483] N: WS   /ws - (unix skt), clients: 7
[2026/09/25 20:31:07:6483] N: WS   /ws - (unix skt), clients: 8
[2026/09/25 20:31:07:6483] N: WS   /ws - (unix skt), clients: 9
[2026/09/25 20:31:07:6483] N: WS   /ws - (unix skt), clients: 10
[2026/09/25 20:31:07:6494] N: started process, pid: 65007
[2026/09/25 20:31:07:6500] N: started process, pid: 65008
[2026/09/25 20:31:07:6507] N: started process, pid: 65009
[2026/09/25 20:31:07:6516] N: started process, pid: 65010
[2026/09/25 20:31:07:6526] N: started process, pid: 65011
[2026/09/25 20:31:07:6532] N: started process, pid: 65012
[2026/09/25 20:31:07:6546] N: started process, pid: 65018
[2026/09/25 20:31:07:6567] N: started process, pid: 65026
[2026/09/25 20:31:07:6588] N: started process, pid: 65032
[2026/09/25 20:31:07:6609] N: started process, pid: 65039
[2026/09/25 20:31:07:8263] N: WS closed from (unix skt), clients: 9
[2026/09/25 20:31:07:8264] N: killing process, pid: 65009
[2026/09/25 20:31:07:8269] N: process killed with signal 1, pid: 65009
[2026/09/25 20:31:07:8636] N: WS closed from (unix skt), clients: 8
[2026/09/25 20:31:07:8637] N: killing process, pid: 65018
[2026/09/25 20:31:07:8639] N: process killed with signal 1, pid: 65018
[2026/09/25 20:31:07:9093] N: WS closed from (unix skt), clients: 7
[2026/09/25 20:31:07:9093] N: killing process, pid: 65007
[2026/09/25 20:31:07:9103] N: process killed with signal 0, pid: 65007
[2026/09/25 20:31:08:0445] N: WS closed from (unix skt), clients: 6
[2026/09/25 20:31:08:0445] N: killing process, pid: 65011
[2026/09/25 20:31:08:0450] N: process killed with signal 0, pid: 65011
[2026/09/25 20:31:08:1018] N: WS closed from (unix skt), clients: 5
[2026/09/25 20:31:08:1018] N: killing process, pid: 65039
[2026/09/25 20:31:08:1018] N: WS closed from (unix skt), clients: 4
[2026/09/25 20:31:08:1019] N: killing process, pid: 65032
[2026/09/25 20:31:08:1023] N: process killed with signal 0, pid: 65039
[2026/09/25 20:31:08:1023] N: process killed with signal 0, pid: 65032
[2026/09/25 20:31:08:4923] N: WS closed from (unix skt), clients: 3
[2026/09/25 20:31:08:4923] N: killing process, pid: 65008
[2026/09/25 20:31:08:4928] N: process killed with signal 0, pid: 65008
[2026/09/25 20:31:08:5851] N: WS closed from (unix skt), clients: 2
[2026/09/25 20:31:08:5851] N: killing process, pid: 65012
[2026/09/25 20:31:08:5856] N: process killed with signal 0, pid: 65012
[2026/09/25 20:31:09:6499] N: WS closed from (unix skt), clients: 1
[2026/09/25 20:31:09:6499] N: killing process, pid: 65026
[2026/09/25 20:31:09:6499] N: WS closed from (unix skt), clients: 0
[2026/09/25 20:31:09:6500] N: killing process, pid: 65010
[2026/09/25 20:31:09:6510] N: process killed with signal 0, pid: 65026
[2026/09/25 20:31:09:6510] N: process killed with signal 0, pid: 65010
[2026/09/25 20:31:09:6593] N: WS   /ws - (unix skt), clients: 1
[2026/09/25 20:31:09:6594] N: WS   /ws - (unix skt), clients: 2
[2026/09/25 20:31:09:6594] N: WS   /ws - (unix skt), clients: 3
[2026/09/25 20:31:09:6594] N: WS   /ws - (unix skt), clients: 4
[2026/09/25 20:31:09:6594] N: WS   /ws - (unix skt), clients: 5
[2026/09/25 20:31:09:6594] N: WS   /ws - (unix skt), clients: 6
[2026/09/25 20:31:09:6594] N: WS   /ws - (unix skt), clients: 7
[2026/09/25 20:31:09:6594] N: WS   /ws - (unix skt), clients: 8
[2026/09/25 20:31:09:6594] N: WS   /ws - (unix skt), clients: 9
[2026/09/25 20:31:09:6594] N: WS   /ws - (unix skt), clients: 10
[2026/09/25 20:31:09:6604] N: started process, pid: 66030
[2026/09/25 20:31:09:6609] N: started process, pid: 66031
[2026/09/25 20:31:09:6613] N: started process, pid: 66032
[2026/09/25 20:31:09:6618] N: started process, pid: 66037
[2026/09/25 20:31:09:6625] N: started process, pid: 66043
[2026/09/25 20:31:09:6630] N: started process, pid: 66046
[2026/09/25 20:31:09:6643] N: started process, pid: 66047
[2026/09/25 20:31:09:6649] N: started process, pid: 66049
[2026/09/25 20:31:09:6662] N: started process, pid: 66052
[2026/09/25 20:31:09:6678] N: started process, pid: 66055
[2026/09/25 20:31:09:8882] N: WS closed from (unix skt), clients: 9
[2026/09/25 20:31:09:8882] N: killing process, pid: 66032
[2026/09/25 20:31:09:8886] N: process killed with signal 1, pid: 66032
[2026/09/25 20:31:09:9391] N: WS closed from (unix skt), clients: 8
[2026/09/25 20:31:09:9391] N: killing process, pid: 66030
[2026/09/25 20:31:09:9401] N: process killed with signal 0, pid: 66030
[2026/09/25 20:31:09:9693] N: WS closed from (unix skt), clients: 7
[2026/09/25 20:31:09:9693] N: killing process, pid: 66047
[2026/09/25 20:31:09:9697] N: process killed with signal 1, pid: 66047
[2026/09/25 20:31:10:1224] N: WS closed from (unix skt), clients: 6
[2026/09/25 20:31:10:1224] N: killing process, pid: 66043
[2026/09/25 20:31:10:1228] N: process killed with signal 0, pid: 66043
[2026/09/25 20:31:10:1557] N: WS closed from (unix skt), clients: 5
[2026/09/25 20:31:10:1557] N: killing process, pid: 66052
[2026/09/25 20:31:10:1562] N: process killed with signal 0, pid: 66052
[2026/09/25 20:31:10:1689] N: WS closed from (unix skt), clients: 4
[2026/09/25 20:31:10:1689] N: killing process, pid: 66055
[2026/09/25 20:31:10:1694] N: process killed with signal 0, pid: 66055
[2026/09/25 20:31:10:5644] N: WS closed from (unix skt), clients: 3
[2026/09/25 20:31:10:5645] N: killing process, pid: 66031
[2026/09/25 20:31:10:5650] N: process killed with signal 0, pid: 66031
[2026/09/25 20:31:10:6708] N: WS closed from (unix skt), clients: 2
[2026/09/25 20:31:10:6708] N: killing process, pid: 66046
[2026/09/25 20:31:10:6717] N: process killed with signal 0, pid: 66046
[2026/09/25 20:31:11:6613] N: WS closed from (unix skt), clients: 1
[2026/09/25 20:31:11:6614] N: killing process, pid: 66049
[2026/09/25 20:31:11:6614] N: WS closed from (unix skt), clients: 0
[2026/09/25 20:31:11:6615] N: killing process, pid: 66037
[2026/09/25 20:31:11:6627] N: process killed with signal 0, pid: 66037
[2026/09/25 20:31:11:6627] N: process killed with signal 0, pid: 66049
[2026/09/25 20:31:11:6727] N: WS   /ws - (unix skt), clients: 1
[2026/09/25 20:31:11:6727] N: WS   /ws - (unix skt), clients: 2
[2026/09/25 20:31:11:6727] N: WS   /ws - (unix skt), clients: 3
[2026/09/25 20:31:11:6727] N: WS   /ws - (unix skt), clients: 4
[2026/09/25 20:31:11:6728] N: WS   /ws - (unix skt), clients: 5
[2026/09/25 20:31:11:6728] N: WS   /ws - (unix skt), clients: 6
[2026/09/25 20:31:11:6728] N: WS   /ws - (unix skt), clients: 7
[2026/09/25 20:31:11:6728] N: WS   /ws - (unix skt), clients: 8
[2026/09/25 20:31:11:6728] N: WS   /ws - (unix skt), clients: 9
[2026/09/25 20:31:11:6728] N: WS   /ws - (unix skt), clients: 10
[2026/09/25 20:31:11:6746] N: started process, pid: 67077
[2026/09/25 20:31:11:6757] N: started process, pid: 67080
[2026/09/25 20:31:11:6771] N: started process, pid: 67081
[2026/09/25 20:31:11:6783] N: started process, pid: 67082
[2026/09/25 20:31:11:6794] N: started process, pid: 67083
[2026/09/25 20:31:11:6803] N: started process, pid: 67086
[2026/09/25 20:31:11:6817] N: started process, pid: 67091
[2026/09/25 20:31:11:6830] N: started process, pid: 67095
[2026/09/25 20:31:11:6842] N: started process, pid: 67097
[2026/09/25 20:31:11:6855] N: started process, pid: 67100
[2026/09/25 20:31:11:8703] N: WS closed from (unix skt), clients: 9
[2026/09/25 20:31:11:8703] N: killing process, pid: 67082
[2026/09/25 20:31:11:8708] N: process killed with signal 1, pid: 67082
[2026/09/25 20:31:11:9527] N: WS closed from (unix skt), clients: 8
[2026/09/25 20:31:11:9527] N: killing process, pid: 67077
[2026/09/25 20:31:11:9743] N: process killed with signal 0, pid: 67077
[2026/09/25 20:31:11:9982] N: WS closed from (unix skt), clients: 7
[2026/09/25 20:31:11:9983] N: killing process, pid: 67097
[2026/09/25 20:31:11:9990] N: process killed with signal 1, pid: 67097
[2026/09/25 20:31:12:0394] N: WS closed from (unix skt), clients: 6
[2026/09/25 20:31:12:0395] N: killing process, pid: 67080
[2026/09/25 20:31:12:0405] N: process killed with signal 0, pid: 67080
[2026/09/25 20:31:12:1522] N: WS closed from (unix skt), clients: 5
[2026/09/25 20:31:12:1523] N: killing process, pid: 67086
[2026/09/25 20:31:12:1529] N: process killed with signal 0, pid: 67086
[2026/09/25 20:31:12:2285] N: WS closed from (unix skt), clients: 4
[2026/09/25 20:31:12:2285] N: killing process, pid: 67091
[2026/09/25 20:31:12:2288] N: process killed with signal 0, pid: 67091
[2026/09/25 20:31:12:5403] N: WS closed from (unix skt), clients: 3
[2026/09/25 20:31:12:5403] N: killing process, pid: 67081
[2026/09/25 20:31:12:5409] N: process killed with signal 0, pid: 67081
[2026/09/25 20:31:12:6780] N: WS closed from (unix skt), clients: 2
[2026/09/25 20:31:12:6781] N: killing process, pid: 67095
[2026/09/25 20:31:12:6789] N: process killed with signal 0, pid: 67095
[2026/09/25 20:31:13:6742] N: WS closed from (unix skt), clients: 1
[2026/09/25 20:31:13:6743] N: killing process, pid: 67083
[2026/09/25 20:31:13:6744] N: WS closed from (unix skt), clients: 0
[2026/09/25 20:31:13:6744] N: killing process, pid: 67100
[2026/09/25 20:31:13:6752] N: process killed with signal 0, pid: 67083
[2026/09/25 20:31:13:6757] N: process killed with signal 0, pid: 67100
[2026/09/25 20:31:13:6876] N: WS   /ws - (unix skt), clients: 1
[2026/09/25 20:31:13:6876] N: WS   /ws - (unix skt), clients: 2
[2026/09/25 20:31:13:6876] N: WS   /ws - (unix skt), clients: 3
[2026/09/25 20:31:13:6877] N: WS   /ws - (unix skt), clients: 4
[2026/09/25 20:31:13:6877] N: WS   /ws - (unix skt), clients: 5
[2026/09/25 20:31:13:6877] N: WS   /ws - (unix skt), clients: 6
[2026/09/25 20:31:13:6877] N: WS   /ws - (unix skt), clients: 7
[2026/09/25 20:31:13:6877] N: WS   /ws - (unix skt), clients: 8
[2026/09/25 20:31:13:6877] N: WS   /ws - (unix skt), clients: 9
[2026/09/25 20:31:13:6878] N: WS   /ws - (unix skt), clients: 10
[2026/09/25 20:31:13:6892] N: started process, pid: 68120
[2026/09/25 20:31:13:6900] N: started process, pid: 68121
[2026/09/25 20:31:13:6913] N: started process, pid: 68122
[2026/09/25 20:31:13:6923] N: started process, pid: 68123
[2026/09/25 20:31:13:6938] N: started process, pid: 68125
[2026/09/25 20:31:13:6954] N: started process, pid: 68133
[2026/09/25 20:31:13:6969] N: started process, pid: 68136
[2026/09/25 20:31:13:6982] N: started process, pid: 68137
[2026/09/25 20:31:13:6997] N: started process, pid: 68141
[2026/09/25 20:31:13:7019] N: started process, pid: 68145
[2026/09/25 20:31:13:8846] N: WS closed from (unix skt), clients: 9
[2026/09/25 20:31:13:8846] N: killing process, pid: 68122
[2026/09/25 20:31:13:8851] N: process killed with signal 1, pid: 68122
[2026/09/25 20:31:13:9920] N: WS closed from (unix skt), clients: 8
[2026/09/25 20:31:13:9921] N: killing process, pid: 68120
[2026/09/25 20:31:14:0172] N: process killed with signal 0, pid: 68120
[2026/09/25 20:31:14:0188] N: WS closed from (unix skt), clients: 7
[2026/09/25 20:31:14:0188] N: killing process, pid: 68141
[2026/09/25 20:31:14:0191] N: process killed with signal 1, pid: 68141
[2026/09/25 20:31:14:0899] N: WS closed from (unix skt), clients: 6
[2026/09/25 20:31:14:0900] N: killing process, pid: 68125
[2026/09/25 20:31:14:0910] N: process killed with signal 0, pid: 68125
[2026/09/25 20:31:14:1876] N: WS closed from (unix skt), clients: 5
[2026/09/25 20:31:14:1876] N: killing process, pid: 68133
[2026/09/25 20:31:14:1886] N: process killed with signal 0, pid: 68133
[2026/09/25 20:31:14:2195] N: WS closed from (unix skt), clients: 4
[2026/09/25 20:31:14:2195] N: killing process, pid: 68136
[2026/09/25 20:31:14:2201] N: process killed with signal 0, pid: 68136
[2026/09/25 20:31:14:4948] N: WS closed from (unix skt), clients: 3
[2026/09/25 20:31:14:4948] N: killing process, pid: 68121
[2026/09/25 20:31:14:4957] N: process killed with signal 0, pid: 68121
[2026/09/25 20:31:14:7215] N: WS closed from (unix skt), clients: 2
[2026/09/25 20:31:14:7216] N: killing process, pid: 68137
[2026/09/25 20:31:14:7222] N: process killed with signal 0, pid: 68137
[2026/09/25 20:31:15:6881] N: WS closed from (unix skt), clients: 1
[2026/09/25 20:31:15:6881] N: killing process, pid: 68123
[2026/09/25 20:31:15:6882] N: WS closed from (unix skt), clients: 0
[2026/09/25 20:31:15:6882] N: killing process, pid: 68145
[2026/09/25 20:31:15:6902] N: process killed with signal 0, pid: 68145
[2026/09/25 20:31:15:6903] N: process killed with signal 0, pid: 68123
[2026/09/25 20:31:15:7005] N: WS   /ws - (unix skt), clients: 1
[2026/09/25 20:31:15:7005] N: WS   /ws - (unix skt), clients: 2
[2026/09/25 20:31:15:7005] N: WS   /ws - (unix skt), clients: 3
[2026/09/25 20:31:15:7005] N: WS   /ws - (unix skt), clients: 4
[2026/09/25 20:31:15:7006] N: WS   /ws - (unix skt), clients: 5
[2026/09/25 20:31:15:7006] N: WS   /ws - (unix skt), clients: 6
[2026/09/25 20:31:15:7006] N: WS   /ws - (unix skt), clients: 7
[2026/09/25 20:31:15:7006] N: WS   /ws - (unix skt), clients: 8
[2026/09/25 20:31:15:7006] N: WS   /ws - (unix skt), clients: 9
[2026/09/25 20:31:15:7006] N: WS   /ws - (unix skt), clients: 10
[2026/09/25 20:31:15:7017] N: started process, pid: 68699
[2026/09/25 20:31:15:7021] N: started process, pid: 68700
[2026/09/25 20:31:15:7027] N: started process, pid: 68701
[2026/09/25 20:31:15:7034] N: started process, pid: 68702
[2026/09/25 20:31:15:7044] N: started process, pid: 68704
[2026/09/25 20:31:15:7058] N: started process, pid: 68705
[2026/09/25 20:31:15:7087] N: started process, pid: 68706
[2026/09/25 20:31:15:7122] N: started process, pid: 68712
[2026/09/25 20:31:15:7156] N: started process, pid: 68717
[2026/09/25 20:31:15:7182] N: started process, pid: 68720
[2026/09/25 20:31:15:9106] N: WS closed from (unix skt), clients: 9
[2026/09/25 20:31:15:9106] N: killing process, pid: 68701
[2026/09/25 20:31:15:9112] N: process killed with signal 1, pid: 68701
[2026/09/25 20:31:16:0870] N: WS closed from (unix skt), clients: 8
[2026/09/25 20:31:16:0870] N: killing process, pid: 68706
[2026/09/25 20:31:16:0874] N: process killed with signal 1, pid: 68706
[2026/09/25 20:31:16:1721] N: WS closed from (unix skt), clients: 7
[2026/09/25 20:31:16:1721] N: killing process, pid: 68704
[2026/09/25 20:31:16:1730] N: process killed with signal 0, pid: 68704
[2026/09/25 20:31:16:2014] N: WS closed from (unix skt), clients: 6
[2026/09/25 20:31:16:2015] N: killing process, pid: 68720
[2026/09/25 20:31:16:2025] N: process killed with signal 0, pid: 68720
[2026/09/25 20:31:16:2594] N: WS closed from (unix skt), clients: 5
[2026/09/25 20:31:16:2595] N: killing process, pid: 68699
[2026/09/25 20:31:16:2603] N: process killed with signal 0, pid: 68699
[2026/09/25 20:31:16:2877] N: WS closed from (unix skt), clients: 4
[2026/09/25 20:31:16:2877] N: killing process, pid: 68717
[2026/09/25 20:31:16:2885] N: process killed with signal 0, pid: 68717
[2026/09/25 20:31:16:5267] N: WS closed from (unix skt), clients: 3
[2026/09/25 20:31:16:5267] N: killing process, pid: 68700
[2026/09/25 20:31:16:5273] N: process killed with signal 0, pid: 68700
[2026/09/25 20:31:16:7322] N: WS closed from (unix skt), clients: 2
[2026/09/25 20:31:16:7323] N: killing process, pid: 68705
[2026/09/25 20:31:16:7331] N: process killed with signal 0, pid: 68705
[2026/09/25 20:31:17:7015] N: WS closed from (unix skt), clients: 1
[2026/09/25 20:31:17:7015] N: killing process, pid: 68712
[2026/09/25 20:31:17:7016] N: WS closed from (unix skt), clients: 0
[2026/09/25 20:31:17:7016] N: killing process, pid: 68702
[2026/09/25 20:31:17:7029] N: process killed with signal 0, pid: 68702
[2026/09/25 20:31:17:7030] N: process killed with signal 0, pid: 68712
[2026/09/25 20:31:17:7126] N: WS   /ws - (unix skt), clients: 1
[2026/09/25 20:31:17:7126] N: WS   /ws - (unix skt), clients: 2
[2026/09/25 20:31:17:7126] N: WS   /ws - (unix skt), clients: 3
[2026/09/25 20:31:17:7126] N: WS   /ws - (unix skt), clients: 4
[2026/09/25 20:31:17:7127] N: WS   /ws - (unix skt), clients: 5
[2026/09/25 20:31:17:7127] N: WS   /ws - (unix skt), clients: 6
[2026/09/25 20:31:17:7127] N: WS   /ws - (unix skt), clients: 7
[2026/09/25 20:31:17:7127] N: WS   /ws - (unix skt), clients: 8
[2026/09/25 20:31:17:7127] N: WS   /ws - (unix skt), clients: 9
[2026/09/25 20:31:17:7127] N: WS   /ws - (unix skt), clients: 10
[2026/09/25 20:31:17:7140] N: started process, pid: 69312
[2026/09/25 20:31:17:7147] N: started process, pid: 69314
[2026/09/25 20:31:17:7158] N: started process, pid: 69315
[2026/09/25 20:31:17:7166] N: started process, pid: 69316
[2026/09/25 20:31:17:7173] N: started process, pid: 69317
[2026/09/25 20:31:17:7186] N: started process, pid: 69318
[2026/09/25 20:31:17:7200] N: started process, pid: 69324
[2026/09/25 20:31:17:7225] N: started process, pid: 69332
[2026/09/25 20:31:17:7248] N: started process, pid: 69337
[2026/09/25 20:31:17:7274] N: started process, pid: 69340
[2026/09/25 20:31:17:9666] N: WS closed from (unix skt), clients: 9
[2026/09/25 20:31:17:9666] N: killing process, pid: 69315
[2026/09/25 20:31:17:9673] N: process killed with signal 1, pid: 69315
[2026/09/25 20:31:18:1035] N: WS closed from (unix skt), clients: 8
[2026/09/25 20:31:18:1035] N: killing process, pid: 69337
[2026/09/25 20:31:18:1040] N: process killed with signal 1, pid: 69337
[2026/09/25 20:31:18:1680] N: WS closed from (unix skt), clients: 7
[2026/09/25 20:31:18:1681] N: killing process, pid: 69312
[2026/09/25 20:31:18:1682] N: WS closed from (unix skt), clients: 6
[2026/09/25 20:31:18:1682] N: killing process, pid: 69316
[2026/09/25 20:31:18:1692] N: process killed with signal 0, pid: 69312
[2026/09/25 20:31:18:1692] N: process killed with signal 0, pid: 69316
[2026/09/25 20:31:18:2247] N: WS closed from (unix skt), clients: 5
[2026/09/25 20:31:18:2248] N: killing process, pid: 69324
[2026/09/25 20:31:18:2254] N: process killed with signal 0, pid: 69324
[2026/09/25 20:31:18:2607] N: WS closed from (unix skt), clients: 4
[2026/09/25 20:31:18:2608] N: killing process, pid: 69318
[2026/09/25 20:31:18:2615] N: process killed with signal 0, pid: 69318
[2026/09/25 20:31:18:6402] N: WS closed from (unix skt), clients: 3
[2026/09/25 20:31:18:6403] N: killing process, pid: 69314
[2026/09/25 20:31:18:6412] N: process killed with signal 0, pid: 69314
[2026/09/25 20:31:18:8105] N: WS closed from (unix skt), clients: 2
[2026/09/25 20:31:18:8106] N: killing process, pid: 69332
[2026/09/25 20:31:18:8114] N: process killed with signal 0, pid: 69332
[2026/09/25 20:31:19:7139] N: WS closed from (unix skt), clients: 1
[2026/09/25 20:31:19:7139] N: killing process, pid: 69317
[2026/09/25 20:31:19:7139] N: WS closed from (unix skt), clients: 0
[2026/09/25 20:31:19:7139] N: killing process, pid: 69340
[2026/09/25 20:31:19:7145] N: process killed with signal 0, pid: 69317
[2026/09/25 20:31:19:7151] N: process killed with signal 0, pid: 69340
[2026/09/25 20:31:19:7232] N: WS   /ws - (unix skt), clients: 1
[2026/09/25 20:31:19:7233] N: WS   /ws - (unix skt), clients: 2
[2026/09/25 20:31:19:7233] N: WS   /ws - (unix skt), clients: 3
[2026/09/25 20:31:19:7233] N: WS   /ws - (unix skt), clients: 4
[2026/09/25 20:31:19:7233] N: WS   /ws - (unix skt), clients: 5
[2026/09/25 20:31:19:7233] N: WS   /ws - (unix skt), clients: 6
[2026/09/25 20:31:19:7233] N: WS   /ws - (unix skt), clients: 7
[2026/09/25 20:31:19:7233] N: WS   /ws - (unix skt), clients: 8
[2026/09/25 20:31:19:7234] N: WS   /ws - (unix skt), clients: 9
[2026/09/25 20:31:19:7234] N: WS   /ws - (unix skt), clients: 10
[2026/09/25 20:31:19:7244] N: started process, pid: 69864
[2026/09/25 20:31:19:7250] N: started process, pid: 69865
[2026/09/25 20:31:19:7255] N: started process, pid: 69866
[2026/09/25 20:31:19:7261] N: started process, pid: 69867
[2026/09/25 20:31:19:7268] N: started process, pid: 69869
[2026/09/25 20:31:19:7275] N: started process, pid: 69870
[2026/09/25 20:31:19:7289] N: started process, pid: 69871
[2026/09/25 20:31:19:7298] N: started process, pid: 69876
[2026/09/25 20:31:19:7309] N: started process, pid: 69881
[2026/09/25 20:31:19:7332] N: started process, pid: 69887
[2026/09/25 20:31:19:8894] N: WS closed from (unix skt), clients: 9
[2026/09/25 20:31:19:8894] N: killing process, pid: 69866
[2026/09/25 20:31:19:8908] N: process killed with signal 1, pid: 69866
[2026/09/25 20:31:19:9996] N: WS closed from (unix skt), clients: 8
[2026/09/25 20:31:19:9997] N: killing process, pid: 69864
[2026/09/25 20:31:20:0060] N: WS closed from (unix skt), clients: 7
[2026/09/25 20:31:20:0060] N: killing process, pid: 69871
[2026/09/25 20:31:20:0061] N: process killed with signal 0, pid: 69864
[2026/09/25 20:31:20:0069] N: process killed with signal 1, pid: 69871
[2026/09/25 20:31:20:1348] N: WS closed from (unix skt), clients: 6
[2026/09/25 20:31:20:1349] N: killing process, pid: 69869
[2026/09/25 20:31:20:1355] N: process killed with signal 0, pid: 69869
[2026/09/25 20:31:20:1568] N: WS closed from (unix skt), clients: 5
[2026/09/25 20:31:20:1568] N: killing process, pid: 69887
[2026/09/25 20:31:20:1574] N: process killed with signal 0, pid: 69887
[2026/09/25 20:31:20:2082] N: WS closed from (unix skt), clients: 4
[2026/09/25 20:31:20:2084] N: killing process, pid: 69881
[2026/09/25 20:31:20:2093] N: process killed with signal 0, pid: 69881
[2026/09/25 20:31:20:5921] N: WS closed from (unix skt), clients: 3
[2026/09/25 20:31:20:5921] N: killing process, pid: 69865
[2026/09/25 20:31:20:5925] N: process killed with signal 0, pid: 69865
[2026/09/25 20:31:20:6362] N: WS closed from (unix skt), clients: 2
[2026/09/25 20:31:20:6363] N: killing process, pid: 69870
[2026/09/25 20:31:20:6373] N: process killed with signal 0, pid: 69870
[2026/09/25 20:31:21:7234] N: WS closed from (unix skt), clients: 1
[2026/09/25 20:31:21:7234] N: killing process, pid: 69876
[2026/09/25 20:31:21:7235] N: WS closed from (unix skt), clients: 0
[2026/09/25 20:31:21:7235] N: killing process, pid: 69867
[2026/09/25 20:31:21:7245] N: process killed with signal 0, pid: 69867
[2026/09/25 20:31:21:7247] N: process killed with signal 0, pid: 69876
[2026/09/25 20:31:21:7324] N: WS   /ws - (unix skt), clients: 1
[2026/09/25 20:31:21:7324] N: WS   /ws - (unix skt), clients: 2
[2026/09/25 20:31:21:7324] N: WS   /ws - (unix skt), clients: 3
[2026/09/25 20:31:21:7324] N: WS   /ws - (unix skt), clients: 4
[2026/09/25 20:31:21:7324] N: WS   /ws - (unix skt), clients: 5
[2026/09/25 20:31:21:7324] N: WS   /ws - (unix skt), clients: 6
[2026/09/25 20:31:21:7325] N: WS   /ws - (unix skt), clients: 7
[2026/09/25 20:31:21:7325] N: WS   /ws - (unix skt), clients: 8
[2026/09/25 20:31:21:7325] N: WS   /ws - (unix skt), clients: 9
[2026/09/25 20:31:21:7325] N: WS   /ws - (unix skt), clients: 10
[2026/09/25 20:31:21:7338] N: started process, pid: 70438
[2026/09/25 20:31:21:7346] N: started process, pid: 70440
[2026/09/25 20:31:21:7353] N: started process, pid: 70441
[2026/09/25 20:31:21:7364] N: started process, pid: 70443
[2026/09/25 20:31:21:7371] N: started process, pid: 70446
[2026/09/25 20:31:21:7393] N: started process, pid: 70448
[2026/09/25 20:31:21:7411] N: started process, pid: 70454
[2026/09/25 20:31:21:7419] N: started process, pid: 70455
[2026/09/25 20:31:21:7428] N: started process, pid: 70457
[2026/09/25 20:31:21:7435] N: started process, pid: 70458
[2026/09/25 20:31:21:9105] N: WS closed from (unix skt), clients: 9
[2026/09/25 20:31:21:9106] N: killing process, pid: 70441
[2026/09/25 20:31:21:9111] N: process killed with signal 1, pid: 70441
[2026/09/25 20:31:22:0003] N: WS closed from (unix skt), clients: 8
[2026/09/25 20:31:22:0004] N: killing process, pid: 70438
[2026/09/25 20:31:22:0009] N: process killed with signal 0, pid: 70438
[2026/09/25 20:31:22:0430] N: WS closed from (unix skt), clients: 7
[2026/09/25 20:31:22:0433] N: killing process, pid: 70454
[2026/09/25 20:31:22:0438] N: process killed with signal 1, pid: 70454
[2026/09/25 20:31:22:1682] N: WS closed from (unix skt), clients: 6
[2026/09/25 20:31:22:1682] N: killing process, pid: 70446
[2026/09/25 20:31:22:1689] N: process killed with signal 0, pid: 70446
[2026/09/25 20:31:22:1869] N: WS closed from (unix skt), clients: 5
[2026/09/25 20:31:22:1870] N: killing process, pid: 70457
[2026/09/25 20:31:22:1875] N: process killed with signal 0, pid: 70457
[2026/09/25 20:31:22:2471] N: WS closed from (unix skt), clients: 4
[2026/09/25 20:31:22:2471] N: killing process, pid: 70458
[2026/09/25 20:31:22:2477] N: process killed with signal 0, pid: 70458
[2026/09/25 20:31:22:5573] N: WS closed from (unix skt), clients: 3
[2026/09/25 20:31:22:5574] N: killing process, pid: 70440
[2026/09/25 20:31:22:5580] N: process killed with signal 0, pid: 70440
[2026/09/25 20:31:22:6455] N: WS closed from (unix skt), clients: 2
[2026/09/25 20:31:22:6456] N: killing process, pid: 70448
[2026/09/25 20:31:22:6464] N: process killed with signal 0, pid: 70448
[2026/09/25 20:31:23:7340] N: WS closed from (unix skt), clients: 1
[2026/09/25 20:31:23:7340] N: killing process, pid: 70455
[2026/09/25 20:31:23:7341] N: WS closed from (unix skt), clients: 0
[2026/09/25 20:31:23:7341] N: killing process, pid: 70443
[2026/09/25 20:31:23:7363] N: process killed with signal 0, pid: 70443
[2026/09/25 20:31:23:7363] N: process killed with signal 0, pid: 70455
[2026/09/25 20:31:23:7432] N: WS   /ws - (unix skt), clients: 1
[2026/09/25 20:31:23:7432] N: WS   /ws - (unix skt), clients: 2
[2026/09/25 20:31:23:7432] N: WS   /ws - (unix skt), clients: 3
[2026/09/25 20:31:23:7432] N: WS   /ws - (unix skt), clients: 4
[2026/09/25 20:31:23:7432] N: WS   /ws - (unix skt), clients: 5
[2026/09/25 20:31:23:7433] N: WS   /ws - (unix skt), clients: 6
[2026/09/25 20:31:23:7433] N: WS   /ws - (unix skt), clients: 7
[2026/09/25 20:31:23:7433] N: WS   /ws - (unix skt), clients: 8
[2026/09/25 20:31:23:7433] N: WS   /ws - (unix skt), clients: 9
[2026/09/25 20:31:23:7433] N: WS   /ws - (unix skt), clients: 10
[2026/09/25 20:31:23:7441] N: started process, pid: 71153
[2026/09/25 20:31:23:7447] N: started process, pid: 71154
[2026/09/25 20:31:23:7451] N: started process, pid: 71155
[2026/09/25 20:31:23:7458] N: started process, pid: 71156
[2026/09/25 20:31:23:7466] N: started process, pid: 71157
[2026/09/25 20:31:23:7475] N: started process, pid: 71158
[2026/09/25 20:31:23:7481] N: started process, pid: 71159
[2026/09/25 20:31:23:7499] N: started process, pid: 71166
[2026/09/25 20:31:23:7506] N: started process, pid: 71172
[2026/09/25 20:31:23:7512] N: started process, pid: 71174
[2026/09/25 20:31:23:9096] N: WS closed from (unix skt), clients: 9
[2026/09/25 20:31:23:9097] N: killing process, pid: 71156
[2026/09/25 20:31:23:9196] N: process killed with signal 1, pid: 71156
[2026/09/25 20:31:24:0326] N: WS closed from (unix skt), clients: 8
[2026/09/25 20:31:24:0327] N: killing process, pid: 71172
[2026/09/25 20:31:24:0333] N: process killed with signal 1, pid: 71172
[2026/09/25 20:31:24:0591] N: WS closed from (unix skt), clients: 7
[2026/09/25 20:31:24:0592] N: killing process, pid: 71154
[2026/09/25 20:31:24:0592] N: WS closed from (unix skt), clients: 6
[2026/09/25 20:31:24:0592] N: killing process, pid: 71153
[2026/09/25 20:31:24:0600] N: process killed with signal 0, pid: 71153
[2026/09/25 20:31:24:0600] N: process killed with signal 0, pid: 71154
[2026/09/25 20:31:24:1595] N: WS closed from (unix skt), clients: 5
[2026/09/25 20:31:24:1595] N: killing process, pid: 71158
[2026/09/25 20:31:24:1601] N: process killed with signal 0, pid: 71158
[2026/09/25 20:31:24:2044] N: WS closed from (unix skt), clients: 4
[2026/09/25 20:31:24:2045] N: killing process, pid: 71159
[2026/09/25 20:31:24:2050] N: process killed with signal 0, pid: 71159
[2026/09/25 20:31:24:5618] N: WS closed from (unix skt), clients: 3
[2026/09/25 20:31:24:5619] N: killing process, pid: 71155
[2026/09/25 20:31:24:5629] N: process killed with signal 0, pid: 71155
[2026/09/25 20:31:24:7085] N: WS closed from (unix skt), clients: 2
[2026/09/25 20:31:24:7085] N: killing process, pid: 71166
[2026/09/25 20:31:24:7091] N: process killed with signal 0, pid: 71166
[2026/09/25 20:31:25:7458] N: WS closed from (unix skt), clients: 1
[2026/09/25 20:31:25:7459] N: killing process, pid: 71157
[2026/09/25 20:31:25:7459] N: WS closed from (unix skt), clients: 0
[2026/09/25 20:31:25:7459] N: killing process, pid: 71174
[2026/09/25 20:31:25:7469] N: process killed with signal 0, pid: 71157
[2026/09/25 20:31:25:7477] N: process killed with signal 0, pid: 71174
[2026/09/25 20:31:25:7612] N: WS   /ws - (unix skt), clients: 1
[2026/09/25 20:31:25:7613] N: WS   /ws - (unix skt), clients: 2
[2026/09/25 20:31:25:7613] N: WS   /ws - (unix skt), clients: 3
[2026/09/25 20:31:25:7613] N: WS   /ws - (unix skt), clients: 4
[2026/09/25 20:31:25:7613] N: WS   /ws - (unix skt), clients: 5
[2026/09/25 20:31:25:7613] N: WS   /ws - (unix skt), clients: 6
[2026/09/25 20:31:25:7614] N: WS   /ws - (unix skt), clients: 7
[2026/09/25 20:31:25:7614] N: WS   /ws - (unix skt), clients: 8
[2026/09/25 20:31:25:7614] N: WS   /ws - (unix skt), clients: 9
[2026/09/25 20:31:25:7614] N: WS   /ws - (unix skt), clients: 10
[2026/09/25 20:31:25:7630] N: started process, pid: 71488
[2026/09/25 20:31:25:7637] N: started process, pid: 71489
[2026/09/25 20:31:25:7644] N: started process, pid: 71490
[2026/09/25 20:31:25:7652] N: started process, pid: 71491
[2026/09/25 20:31:25:7662] N: started process, pid: 71492
[2026/09/25 20:31:25:7670] N: started process, pid: 71493
[2026/09/25 20:31:25:7681] N: started process, pid: 71495
[2026/09/25 20:31:25:7703] N: started process, pid: 71496
[2026/09/25 20:31:25:7720] N: started process, pid: 71497
[2026/09/25 20:31:25:7770] N: started process, pid: 71499
[2026/09/25 20:31:25:9635] N: WS closed from (unix skt), clients: 9
[2026/09/25 20:31:25:9636] N: killing process, pid: 71497
[2026/09/25 20:31:25:9641] N: process killed with signal 1, pid: 71497
[2026/09/25 20:31:26:0198] N: WS closed from (unix skt), clients: 8
[2026/09/25 20:31:26:0198] N: killing process, pid: 71491
[2026/09/25 20:31:26:0202] N: process killed with signal 1, pid: 71491
[2026/09/25 20:31:26:0609] N: WS closed from (unix skt), clients: 7
[2026/09/25 20:31:26:0610] N: killing process, pid: 71493
[2026/09/25 20:31:26:0614] N: process killed with signal 0, pid: 71493
[2026/09/25 20:31:26:1482] N: WS closed from (unix skt), clients: 6
[2026/09/25 20:31:26:1482] N: killing process, pid: 71488
[2026/09/25 20:31:26:1487] N: process killed with signal 0, pid: 71488
[2026/09/25 20:31:26:1833] N: WS closed from (unix skt), clients: 5
[2026/09/25 20:31:26:1833] N: killing process, pid: 71495
[2026/09/25 20:31:26:1838] N: process killed with signal 0, pid: 71495
[2026/09/25 20:31:26:2236] N: WS closed from (unix skt), clients: 4
[2026/09/25 20:31:26:2236] N: killing process, pid: 71489
[2026/09/25 20:31:26:2242] N: process killed with signal 0, pid: 71489
[2026/09/25 20:31:26:6505] N: WS closed from (unix skt), clients: 3
[2026/09/25 20:31:26:6506] N: killing process, pid: 71496
[2026/09/25 20:31:26:6521] N: process killed with signal 0, pid: 71496
[2026/09/25 20:31:26:7018] N: WS closed from (unix skt), clients: 2
[2026/09/25 20:31:26:7019] N: killing process, pid: 71490
[2026/09/25 20:31:26:7025] N: process killed with signal 0, pid: 71490
[2026/09/25 20:31:27:7632] N: WS closed from (unix skt), clients: 1
[2026/09/25 20:31:27:7633] N: killing process, pid: 71492
[2026/09/25 20:31:27:7633] N: WS closed from (unix skt), clients: 0
[2026/09/25 20:31:27:7633] N: killing process, pid: 71499
[2026/09/25 20:31:27:7638] N: process killed with signal 0, pid: 71492
[2026/09/25 20:31:27:7644] N: process killed with signal 0, pid: 71499
[2026/09/25 20:31:27:7713] N: WS   /ws - (unix skt), clients: 1
[2026/09/25 20:31:27:7713] N: WS   /ws - (unix skt), clients: 2
[2026/09/25 20:31:27:7713] N: WS   /ws - (unix skt), clients: 3
[2026/09/25 20:31:27:7713] N: WS   /ws - (unix skt), clients: 4
[2026/09/25 20:31:27:7713] N: WS   /ws - (unix skt), clients: 5
[2026/09/25 20:31:27:7714] N: WS   /ws - (unix skt), clients: 6
[2026/09/25 20:31:27:7714] N: WS   /ws - (unix skt), clients: 7
[2026/09/25 20:31:27:7714] N: WS   /ws - (unix skt), clients: 8
[2026/09/25 20:31:27:7714] N: WS   /ws - (unix skt), clients: 9
[2026/09/25 20:31:27:7714] N: WS   /ws - (unix skt), clients: 10
[2026/09/25 20:31:27:7725] N: started process, pid: 72048
[2026/09/25 20:31:27:7730] N: started process, pid: 72049
[2026/09/25 20:31:27:7737] N: started process, pid: 72050
[2026/09/25 20:31:27:7747] N: started process, pid: 72051
[2026/09/25 20:31:27:7755] N: started process, pid: 72052
[2026/09/25 20:31:27:7767] N: started process, pid: 72054
[2026/09/25 20:31:27:7784] N: started process, pid: 72061
[2026/09/25 20:31:27:7793] N: started process, pid: 72068
[2026/09/25 20:31:27:7812] N: started process, pid: 72069
[2026/09/25 20:31:27:7821] N: started process, pid: 72073
[2026/09/25 20:31:27:8963] N: WS closed from (unix skt), clients: 9
[2026/09/25 20:31:27:8963] N: killing process, pid: 72050
[2026/09/25 20:31:27:8967] N: process killed with signal 1, pid: 72050
[2026/09/25 20:31:28:0045] N: WS closed from (unix skt), clients: 8
[2026/09/25 20:31:28:0046] N: killing process, pid: 72069
[2026/09/25 20:31:28:0049] N: process killed with signal 1, pid: 72069
[2026/09/25 20:31:28:0770] N: WS closed from (unix skt), clients: 7
[2026/09/25 20:31:28:0770] N: killing process, pid: 72048
[2026/09/25 20:31:28:0775] N: process killed with signal 0, pid: 72048
[2026/09/25 20:31:28:1372] N: WS closed from (unix skt), clients: 6
[2026/09/25 20:31:28:1373] N: killing process, pid: 72052
[2026/09/25 20:31:28:1379] N: process killed with signal 0, pid: 72052
[2026/09/25 20:31:28:1554] N: WS closed from (unix skt), clients: 5
[2026/09/25 20:31:28:1554] N: killing process, pid: 72061
[2026/09/25 20:31:28:1559] N: process killed with signal 0, pid: 72061
[2026/09/25 20:31:28:2030] N: WS closed from (unix skt), clients: 4
[2026/09/25 20:31:28:2030] N: killing process, pid: 72054
[2026/09/25 20:31:28:2034] N: process killed with signal 0, pid: 72054
[2026/09/25 20:31:28:5799] N: WS closed from (unix skt), clients: 3
[2026/09/25 20:31:28:5799] N: killing process, pid: 72049
[2026/09/25 20:31:28:5803] N: process killed with signal 0, pid: 72049
[2026/09/25 20:31:28:7063] N: WS closed from (unix skt), clients: 2
[2026/09/25 20:31:28:7063] N: killing process, pid: 72068
[2026/09/25 20:31:28:7068] N: process killed with signal 0, pid: 72068
[2026/09/25 20:31:29:7735] N: WS closed from (unix skt), clients: 1
[2026/09/25 20:31:29:7737] N: killing process, pid: 72051
[2026/09/25 20:31:29:7737] N: WS closed from (unix skt), clients: 0
[2026/09/25 20:31:29:7737] N: killing process, pid: 72073
[2026/09/25 20:31:29:7749] N: process killed with signal 0, pid: 72051
[2026/09/25 20:31:29:7764] N: process killed with signal 0, pid: 72073
[2026/09/25 20:31:29:7904] N: WS   /ws - (unix skt), clients: 1
[2026/09/25 20:31:29:7905] N: WS   /ws - (unix skt), clients: 2
[2026/09/25 20:31:29:7905] N: WS   /ws - (unix skt), clients: 3
[2026/09/25 20:31:29:7905] N: WS   /ws - (unix skt), clients: 4
[2026/09/25 20:31:29:7905] N: WS   /ws - (unix skt), clients: 5
[2026/09/25 20:31:29:7905] N: WS   /ws - (unix skt), clients: 6
[2026/09/25 20:31:29:7906] N: WS   /ws - (unix skt), clients: 7
[2026/09/25 20:31:29:7906] N: WS   /ws - (unix skt), clients: 8
[2026/09/25 20:31:29:7906] N: WS   /ws - (unix skt), clients: 9
[2026/09/25 20:31:29:7906] N: WS   /ws - (unix skt), clients: 10
[2026/09/25 20:31:29:7922] N: started process, pid: 72391
[2026/09/25 20:31:29:7930] N: started process, pid: 72392
[2026/09/25 20:31:29:7938] N: started process, pid: 72393
[2026/09/25 20:31:29:7946] N: started process, pid: 72394
[2026/09/25 20:31:29:7955] N: started process, pid: 72395
[2026/09/25 20:31:29:7970] N: started process, pid: 72396
[2026/09/25 20:31:29:7978] N: started process, pid: 72397
[2026/09/25 20:31:29:7986] N: started process, pid: 72398
[2026/09/25 20:31:29:8001] N: started process, pid: 72399
[2026/09/25 20:31:29:8009] N: started process, pid: 72400
[2026/09/25 20:31:29:9644] N: WS closed from (unix skt), clients: 9
[2026/09/25 20:31:29:9645] N: killing process, pid: 72393
[2026/09/25 20:31:29:9648] N: process killed with signal 1, pid: 72393
[2026/09/25 20:31:30:0113] N: WS closed from (unix skt), clients: 8
[2026/09/25 20:31:30:0113] N: killing process, pid: 72399
[2026/09/25 20:31:30:0117] N: process killed with signal 1, pid: 72399
[2026/09/25 20:31:30:0607] N: WS closed from (unix skt), clients: 7
[2026/09/25 20:31:30:0607] N: killing process, pid: 72391
[2026/09/25 20:31:30:0611] N: process killed with signal 0, pid: 72391
[2026/09/25 20:31:30:1343] N: WS closed from (unix skt), clients: 6
[2026/09/25 20:31:30:1343] N: killing process, pid: 72395
[2026/09/25 20:31:30:1348] N: process killed with signal 0, pid: 72395
[2026/09/25 20:31:30:1815] N: WS closed from (unix skt), clients: 5
[2026/09/25 20:31:30:1815] N: killing process, pid: 72396
[2026/09/25 20:31:30:1820] N: process killed with signal 0, pid: 72396
[2026/09/25 20:31:30:1940] N: WS closed from (unix skt), clients: 4
[2026/09/25 20:31:30:1940] N: killing process, pid: 72397
[2026/09/25 20:31:30:1946] N: process killed with signal 0, pid: 72397
[2026/09/25 20:31:30:6143] N: WS closed from (unix skt), clients: 3
[2026/09/25 20:31:30:6144] N: killing process, pid: 72392
[2026/09/25 20:31:30:6162] N: process killed with signal 0, pid: 72392
[2026/09/25 20:31:30:6989] N: WS closed from (unix skt), clients: 2
[2026/09/25 20:31:30:6990] N: killing process, pid: 72398
[2026/09/25 20:31:30:7008] N: process killed with signal 0, pid: 72398
[2026/09/25 20:31:31:7926] N: WS closed from (unix skt), clients: 1
[2026/09/25 20:31:31:7927] N: killing process, pid: 72394
[2026/09/25 20:31:31:7927] N: WS closed from (unix skt), clients: 0
[2026/09/25 20:31:31:7928] N: killing process, pid: 72400
[2026/09/25 20:31:31:7937] N: process killed with signal 0, pid: 72394
[2026/09/25 20:31:31:7947] N: process killed with signal 0, pid: 72400
[2026/09/25 20:31:31:8105] N: WS   /ws - (unix skt), clients: 1
[2026/09/25 20:31:31:8105] N: WS   /ws - (unix skt), clients: 2
[2026/09/25 20:31:31:8105] N: WS   /ws - (unix skt), clients: 3
[2026/09/25 20:31:31:8105] N: WS   /ws - (unix skt), clients: 4
[2026/09/25 20:31:31:8106] N: WS   /ws - (unix skt), clients: 5
[2026/09/25 20:31:31:8106] N: WS   /ws - (unix skt), clients: 6
[2026/09/25 20:31:31:8106] N: WS   /ws - (unix skt), clients: 7
[2026/09/25 20:31:31:8106] N: WS   /ws - (unix skt), clients: 8
[2026/09/25 20:31:31:8106] N: WS   /ws - (unix skt), clients: 9
[2026/09/25 20:31:31:8106] N: WS   /ws - (unix skt), clients: 10
[2026/09/25 20:31:31:8124] N: started process, pid: 72650
[2026/09/25 20:31:31:8133] N: started process, pid: 72651
[2026/09/25 20:31:31:8140] N: started process, pid: 72652
[2026/09/25 20:31:31:8149] N: started process, pid: 72653
[2026/09/25 20:31:31:8162] N: started process, pid: 72654
[2026/09/25 20:31:31:8173] N: started process, pid: 72655
[2026/09/25 20:31:31:8192] N: started process, pid: 72656
[2026/09/25 20:31:31:8213] N: started process, pid: 72663
[2026/09/25 20:31:31:8233] N: started process, pid: 72673
[2026/09/25 20:31:31:8245] N: started process, pid: 72675
[2026/09/25 20:31:31:9118] N: WS closed from (unix skt), clients: 9
[2026/09/25 20:31:31:9118] N: killing process, pid: 72652
[2026/09/25 20:31:31:9122] N: process killed with signal 1, pid: 72652
[2026/09/25 20:31:32:0132] N: WS closed from (unix skt), clients: 8
[2026/09/25 20:31:32:0132] N: killing process, pid: 72673
[2026/09/25 20:31:32:0136] N: process killed with signal 1, pid: 72673
[2026/09/25 20:31:32:1134] N: WS closed from (unix skt), clients: 7
[2026/09/25 20:31:32:1134] N: killing process, pid: 72650
[2026/09/25 20:31:32:1134] N: WS closed from (unix skt), clients: 6
[2026/09/25 20:31:32:1134] N: killing process, pid: 72653
[2026/09/25 20:31:32:1138] N: process killed with signal 0, pid: 72650
[2026/09/25 20:31:32:1139] N: process killed with signal 0, pid: 72653
[2026/09/25 20:31:32:1715] N: WS closed from (unix skt), clients: 5
[2026/09/25 20:31:32:1716] N: killing process, pid: 72656
[2026/09/25 20:31:32:1722] N: process killed with signal 0, pid: 72656
[2026/09/25 20:31:32:1867] N: WS closed from (unix skt), clients: 4
[2026/09/25 20:31:32:1867] N: killing process, pid: 72655
[2026/09/25 20:31:32:1871] N: process killed with signal 0, pid: 72655
[2026/09/25 20:31:32:5721] N: WS closed from (unix skt), clients: 3
[2026/09/25 20:31:32:5722] N: killing process, pid: 72651
[2026/09/25 20:31:32:5727] N: process killed with signal 0, pid: 72651
[2026/09/25 20:31:32:7147] N: WS closed from (unix skt), clients: 2
[2026/09/25 20:31:32:7148] N: killing process, pid: 72663
[2026/09/25 20:31:32:7159] N: process killed with signal 0, pid: 72663
[2026/09/25 20:31:33:8113] N: WS closed from (unix skt), clients: 1
[2026/09/25 20:31:33:8113] N: killing process, pid: 72654
[2026/09/25 20:31:33:8113] N: WS closed from (unix skt), clients: 0
[2026/09/25 20:31:33:8113] N: killing process, pid: 72675
[2026/09/25 20:31:33:8117] N: process killed with signal 0, pid: 72654
[2026/09/25 20:31:33:8123] N: process killed with signal 0, pid: 72675
[2026/09/25 20:31:33:8194] N: WS   /ws - (unix skt), clients: 1
[2026/09/25 20:31:33:8194] N: WS   /ws - (unix skt), clients: 2
[2026/09/25 20:31:33:8194] N: WS   /ws - (unix skt), clients: 3
[2026/09/25 20:31:33:8195] N: WS   /ws - (unix skt), clients: 4
[2026/09/25 20:31:33:8195] N: WS   /ws - (unix skt), clients: 5
[2026/09/25 20:31:33:8195] N: WS   /ws - (unix skt), clients: 6
[2026/09/25 20:31:33:8195] N: WS   /ws - (unix skt), clients: 7
[2026/09/25 20:31:33:8195] N: WS   /ws - (unix skt), clients: 8
[2026/09/25 20:31:33:8207] N: started process, pid: 72988
[2026/09/25 20:31:33:8208] N: WS   /ws - (unix skt), clients: 9
[2026/09/25 20:31:33:8208] N: WS   /ws - (unix skt), clients: 10
[2026/09/25 20:31:33:8213] N: started process, pid: 72989
[2026/09/25 20:31:33:8219] N: started process, pid: 72990
[2026/09/25 20:31:33:8226] N: started process, pid: 72991
[2026/09/25 20:31:33:8232] N: started process, pid: 72992
[2026/09/25 20:31:33:8242] N: started process, pid: 72993
[2026/09/25 20:31:33:8249] N: started process, pid: 72994
[2026/09/25 20:31:33:8262] N: started process, pid: 72996
[2026/09/25 20:31:33:8283] N: started process, pid: 73004
[2026/09/25 20:31:33:8308] N: started process, pid: 73013
[2026/09/25 20:31:33:9660] N: WS closed from (unix skt), clients: 9
[2026/09/25 20:31:33:9661] N: killing process, pid: 72990
[2026/09/25 20:31:33:9665] N: process killed with signal 1, pid: 72990
[2026/09/25 20:31:33:9811] N: WS closed from (unix skt), clients: 8
[2026/09/25 20:31:33:9811] N: killing process, pid: 72993
[2026/09/25 20:31:33:9815] N: process killed with signal 1, pid: 72993
[2026/09/25 20:31:34:0917] N: WS closed from (unix skt), clients: 7
[2026/09/25 20:31:34:0917] N: killing process, pid: 72988
[2026/09/25 20:31:34:0921] N: process killed with signal 0, pid: 72988
[2026/09/25 20:31:34:1968] N: WS closed from (unix skt), clients: 6
[2026/09/25 20:31:34:1968] N: killing process, pid: 72989
[2026/09/25 20:31:34:1973] N: process killed with signal 0, pid: 72989
[2026/09/25 20:31:34:2231] N: WS closed from (unix skt), clients: 5
[2026/09/25 20:31:34:2231] N: killing process, pid: 73004
[2026/09/25 20:31:34:2235] N: process killed with signal 0, pid: 73004
[2026/09/25 20:31:34:2351] N: WS closed from (unix skt), clients: 4
[2026/09/25 20:31:34:2351] N: killing process, pid: 72996
[2026/09/25 20:31:34:2354] N: process killed with signal 0, pid: 72996
[2026/09/25 20:31:34:6833] N: WS closed from (unix skt), clients: 3
[2026/09/25 20:31:34:6834] N: killing process, pid: 72992
[2026/09/25 20:31:34:6848] N: process killed with signal 0, pid: 72992
[2026/09/25 20:31:34:7387] N: WS closed from (unix skt), clients: 2
[2026/09/25 20:31:34:7388] N: killing process, pid: 73013
[2026/09/25 20:31:34:7401] N: process killed with signal 0, pid: 73013
[2026/09/25 20:31:35:8218] N: WS closed from (unix skt), clients: 1
[2026/09/25 20:31:35:8218] N: killing process, pid: 72994
[2026/09/25 20:31:35:8219] N: WS closed from (unix skt), clients: 0
[2026/09/25 20:31:35:8219] N: killing process, pid: 72991
[2026/09/25 20:31:35:8248] N: process killed with signal 0, pid: 72991
[2026/09/25 20:31:35:8248] N: process killed with signal 0, pid: 72994
[2026/09/25 20:31:35:8452] N: WS   /ws - (unix skt), clients: 1
[2026/09/25 20:31:35:8452] N: WS   /ws - (unix skt), clients: 2
[2026/09/25 20:31:35:8452] N: WS   /ws - (unix skt), clients: 3
[2026/09/25 20:31:35:8453] N: WS   /ws - (unix skt), clients: 4
[2026/09/25 20:31:35:8453] N: WS   /ws - (unix skt), clients: 5
[2026/09/25 20:31:35:8453] N: WS   /ws - (unix skt), clients: 6
[2026/09/25 20:31:35:8453] N: WS   /ws - (unix skt), clients: 7
[2026/09/25 20:31:35:8453] N: WS   /ws - (unix skt), clients: 8
[2026/09/25 20:31:35:8453] N: WS   /ws - (unix skt), clients: 9
[2026/09/25 20:31:35:8453] N: WS   /ws - (unix skt), clients: 10
[2026/09/25 20:31:35:8464] N: started process, pid: 73239
[2026/09/25 20:31:35:8471] N: started process, pid: 73240
[2026/09/25 20:31:35:8477] N: started process, pid: 73241
[2026/09/25 20:31:35:8487] N: started process, pid: 73242
[2026/09/25 20:31:35:8496] N: started process, pid: 73243
[2026/09/25 20:31:35:8506] N: started process, pid: 73244
[2026/09/25 20:31:35:8515] N: started process, pid: 73245
[2026/09/25 20:31:35:8523] N: started process, pid: 73247
[2026/09/25 20:31:35:8534] N: started process, pid: 73250
[2026/09/25 20:31:35:8549] N: started process, pid: 73255
[2026/09/25 20:31:35:9554] N: WS closed from (unix skt), clients: 9
[2026/09/25 20:31:35:9555] N: killing process, pid: 73242
[2026/09/25 20:31:35:9573] N: process killed with signal 1, pid: 73242
[2026/09/25 20:31:36:0113] N: WS closed from (unix skt), clients: 8
[2026/09/25 20:31:36:0113] N: killing process, pid: 73250
[2026/09/25 20:31:36:0118] N: process killed with signal 1, pid: 73250
[2026/09/25 20:31:36:1018] N: WS closed from (unix skt), clients: 7
[2026/09/25 20:31:36:1018] N: killing process, pid: 73241
[2026/09/25 20:31:36:1022] N: process killed with signal 0, pid: 73241
[2026/09/25 20:31:36:1424] N: WS closed from (unix skt), clients: 6
[2026/09/25 20:31:36:1424] N: killing process, pid: 73239
[2026/09/25 20:31:36:1430] N: process killed with signal 0, pid: 73239
[2026/09/25 20:31:36:1851] N: WS closed from (unix skt), clients: 5
[2026/09/25 20:31:36:1851] N: killing process, pid: 73244
[2026/09/25 20:31:36:1857] N: process killed with signal 0, pid: 73244
[2026/09/25 20:31:36:2126] N: WS closed from (unix skt), clients: 4
[2026/09/25 20:31:36:2126] N: killing process, pid: 73245
[2026/09/25 20:31:36:2132] N: process killed with signal 0, pid: 73245
[2026/09/25 20:31:36:6425] N: WS closed from (unix skt), clients: 3
[2026/09/25 20:31:36:6425] N: killing process, pid: 73240
[2026/09/25 20:31:36:6429] N: process killed with signal 0, pid: 73240
[2026/09/25 20:31:36:6979] N: WS closed from (unix skt), clients: 2
[2026/09/25 20:31:36:6980] N: killing process, pid: 73247
[2026/09/25 20:31:36:6993] N: process killed with signal 0, pid: 73247
[2026/09/25 20:31:37:8508] N: WS closed from (unix skt), clients: 1
[2026/09/25 20:31:37:8510] N: killing process, pid: 73243
[2026/09/25 20:31:37:8510] N: WS closed from (unix skt), clients: 0
[2026/09/25 20:31:37:8511] N: killing process, pid: 73255
[2026/09/25 20:31:37:8524] N: process killed with signal 0, pid: 73243
[2026/09/25 20:31:37:8532] N: process killed with signal 0, pid: 73255
[2026/09/25 20:31:37:8636] N: WS   /ws - (unix skt), clients: 1
[2026/09/25 20:31:37:8637] N: WS   /ws - (unix skt), clients: 2
[2026/09/25 20:31:37:8637] N: WS   /ws - (unix skt), clients: 3
[2026/09/25 20:31:37:8637] N: WS   /ws - (unix skt), clients: 4
[2026/09/25 20:31:37:8637] N: WS   /ws - (unix skt), clients: 5
[2026/09/25 20:31:37:8637] N: WS   /ws - (unix skt), clients: 6
[2026/09/25 20:31:37:8638] N: WS   /ws - (unix skt), clients: 7
[2026/09/25 20:31:37:8638] N: WS   /ws - (unix skt), clients: 8
[2026/09/25 20:31:37:8638] N: WS   /ws - (unix skt), clients: 9
[2026/09/25 20:31:37:8638] N: WS   /ws - (unix skt), clients: 10
[2026/09/25 20:31:37:8660] N: started process, pid: 73573
[2026/09/25 20:31:37:8675] N: started process, pid: 73575
[2026/09/25 20:31:37:8685] N: started process, pid: 73576
[2026/09/25 20:31:37:8697] N: started process, pid: 73577
[2026/09/25 20:31:37:8705] N: started process, pid: 73578
[2026/09/25 20:31:37:8717] N: started process, pid: 73579
[2026/09/25 20:31:37:8729] N: started process, pid: 73582
[2026/09/25 20:31:37:8749] N: started process, pid: 73586
[2026/09/25 20:31:37:8773] N: started process, pid: 73590
[2026/09/25 20:31:37:8791] N: started process, pid: 73595
[2026/09/25 20:31:38:0290] N: WS closed from (unix skt), clients: 9
[2026/09/25 20:31:38:0290] N: killing process, pid: 73577
[2026/09/25 20:31:38:0295] N: process killed with signal 1, pid: 73577
[2026/09/25 20:31:38:0852] N: WS closed from (unix skt), clients: 8
[2026/09/25 20:31:38:0852] N: killing process, pid: 73590
[2026/09/25 20:31:38:0855] N: process killed with signal 1, pid: 73590
[2026/09/25 20:31:38:1319] N: WS closed from (unix skt), clients: 7
[2026/09/25 20:31:38:1319] N: killing process, pid: 73575
[2026/09/25 20:31:38:1324] N: process killed with signal 0, pid: 73575
[2026/09/25 20:31:38:2304] N: WS closed from (unix skt), clients: 6
[2026/09/25 20:31:38:2304] N: killing process, pid: 73573
[2026/09/25 20:31:38:2308] N: process killed with signal 0, pid: 73573
[2026/09/25 20:31:38:2552] N: WS closed from (unix skt), clients: 5
[2026/09/25 20:31:38:2553] N: killing process, pid: 73582
[2026/09/25 20:31:38:2553] N: WS closed from (unix skt), clients: 4
[2026/09/25 20:31:38:2553] N: killing process, pid: 73579
[2026/09/25 20:31:38:2557] N: process killed with signal 0, pid: 73579
[2026/09/25 20:31:38:2558] N: process killed with signal 0, pid: 73582
[2026/09/25 20:31:38:7192] N: WS closed from (unix skt), clients: 3
[2026/09/25 20:31:38:7192] N: killing process, pid: 73576
[2026/09/25 20:31:38:7198] N: process killed with signal 0, pid: 73576
[2026/09/25 20:31:38:7888] N: WS closed from (unix skt), clients: 2
[2026/09/25 20:31:38:7888] N: killing process, pid: 73586
[2026/09/25 20:31:38:7892] N: process killed with signal 0, pid: 73586
[2026/09/25 20:31:39:8667] N: WS closed from (unix skt), clients: 1
[2026/09/25 20:31:39:8667] N: killing process, pid: 73578
[2026/09/25 20:31:39:8667] N: WS closed from (unix skt), clients: 0
[2026/09/25 20:31:39:8667] N: killing process, pid: 73595
[2026/09/25 20:31:39:8674] N: process killed with signal 0, pid: 73578
[2026/09/25 20:31:39:8674] N: process killed with signal 0, pid: 73595
[2026/09/25 20:31:39:8732] N: WS   /ws - (unix skt), clients: 1
[2026/09/25 20:31:39:8732] N: WS   /ws - (unix skt), clients: 2
[2026/09/25 20:31:39:8732] N: WS   /ws - (unix skt), clients: 3
[2026/09/25 20:31:39:8732] N: WS   /ws - (unix skt), clients: 4
[2026/09/25 20:31:39:8732] N: WS   /ws - (unix skt), clients: 5
[2026/09/25 20:31:39:8732] N: WS   /ws - (unix skt), clients: 6
[2026/09/25 20:31:39:8732] N: WS   /ws - (unix skt), clients: 7
[2026/09/25 20:31:39:8732] N: WS   /ws - (unix skt), clients: 8
[2026/09/25 20:31:39:8732] N: WS   /ws - (unix skt), clients: 9
[2026/09/25 20:31:39:8733] N: WS   /ws - (unix skt), clients: 10
[2026/09/25 20:31:39:8741] N: started process, pid: 73965
[2026/09/25 20:31:39:8745] N: started process, pid: 73967
[2026/09/25 20:31:39:8750] N: started process, pid: 73968
[2026/09/25 20:31:39:8756] N: started process, pid: 73969
[2026/09/25 20:31:39:8763] N: started process, pid: 73970
[2026/09/25 20:31:39:8772] N: started process, pid: 73971
[2026/09/25 20:31:39:8780] N: started process, pid: 73972
[2026/09/25 20:31:39:8794] N: started process, pid: 73977
[2026/09/25 20:31:39:8819] N: started process, pid: 73982
[2026/09/25 20:31:39:8835] N: started process, pid: 73988
[2026/09/25 20:31:40:0597] N: WS closed from (unix skt), clients: 9
[2026/09/25 20:31:40:0597] N: killing process, pid: 73969
[2026/09/25 20:31:40:0602] N: process killed with signal 1, pid: 73969
[2026/09/25 20:31:40:0608] N: WS closed from (unix skt), clients: 8
[2026/09/25 20:31:40:0609] N: killing process, pid: 73982
[2026/09/25 20:31:40:0612] N: process killed with signal 1, pid: 73982
[2026/09/25 20:31:40:1771] N: WS closed from (unix skt), clients: 7
[2026/09/25 20:31:40:1771] N: killing process, pid: 73968
[2026/09/25 20:31:40:1776] N: process killed with signal 0, pid: 73968
[2026/09/25 20:31:40:1906] N: WS closed from (unix skt), clients: 6
[2026/09/25 20:31:40:1906] N: killing process, pid: 73965
[2026/09/25 20:31:40:1910] N: process killed with signal 0, pid: 73965
[2026/09/25 20:31:40:2079] N: WS closed from (unix skt), clients: 5
[2026/09/25 20:31:40:2079] N: killing process, pid: 73971
[2026/09/25 20:31:40:2083] N: process killed with signal 0, pid: 73971
[2026/09/25 20:31:40:2470] N: WS closed from (unix skt), clients: 4
[2026/09/25 20:31:40:2470] N: killing process, pid: 73972
[2026/09/25 20:31:40:2474] N: process killed with signal 0, pid: 73972
[2026/09/25 20:31:40:6337] N: WS closed from (unix skt), clients: 3
[2026/09/25 20:31:40:6337] N: killing process, pid: 73967
[2026/09/25 20:31:40:6341] N: process killed with signal 0, pid: 73967
[2026/09/25 20:31:40:7627] N: WS closed from (unix skt), clients: 2
[2026/09/25 20:31:40:7628] N: killing process, pid: 73977
[2026/09/25 20:31:40:7637] N: process killed with signal 0, pid: 73977
[2026/09/25 20:31:41:8759] N: WS closed from (unix skt), clients: 1
[2026/09/25 20:31:41:8759] N: killing process, pid: 73970
[2026/09/25 20:31:41:8760] N: WS closed from (unix skt), clients: 0
[2026/09/25 20:31:41:8760] N: killing process, pid: 73988
[2026/09/25 20:31:41:8768] N: process killed with signal 0, pid: 73988
[2026/09/25 20:31:41:8770] N: process killed with signal 0, pid: 73970
[2026/09/25 20:31:41:8818] N: WS   /ws - (unix skt), clients: 1
[2026/09/25 20:31:41:8818] N: WS   /ws - (unix skt), clients: 2
[2026/09/25 20:31:41:8819] N: WS   /ws - (unix skt), clients: 3
[2026/09/25 20:31:41:8819] N: WS   /ws - (unix skt), clients: 4
[2026/09/25 20:31:41:8819] N: WS   /ws - (unix skt), clients: 5
[2026/09/25 20:31:41:8819] N: WS   /ws - (unix skt), clients: 6
[2026/09/25 20:31:41:8819] N: WS   /ws - (unix skt), clients: 7
[2026/09/25 20:31:41:8819] N: WS   /ws - (unix skt), clients: 8
[2026/09/25 20:31:41:8826] N: started process, pid: 74337
[2026/09/25 20:31:41:8827] N: WS   /ws - (unix skt), clients: 9
[2026/09/25 20:31:41:8827] N: WS   /ws - (unix skt), clients: 10
[2026/09/25 20:31:41:8832] N: started process, pid: 74338
[2026/09/25 20:31:41:8836] N: started process, pid: 74339
[2026/09/25 20:31:41:8843] N: started process, pid: 74340
[2026/09/25 20:31:41:8849] N: started process, pid: 74341
[2026/09/25 20:31:41:8856] N: started process, pid: 74342
[2026/09/25 20:31:41:8870] N: started process, pid: 74344
[2026/09/25 20:31:41:8884] N: started process, pid: 74355
[2026/09/25 20:31:41:8898] N: started process, pid: 74361
[2026/09/25 20:31:41:8910] N: started process, pid: 74362
[2026/09/25 20:31:41:9259] N: WS closed from (unix skt), clients: 9
[2026/09/25 20:31:41:9260] N: killing process, pid: 74339
[2026/09/25 20:31:41:9263] N: process killed with signal 1, pid: 74339
[2026/09/25 20:31:41:9925] N: WS closed from (unix skt), clients: 8
[2026/09/25 20:31:41:9926] N: killing process, pid: 74342
[2026/09/25 20:31:41:9928] N: process killed with signal 1, pid: 74342
[2026/09/25 20:31:42:1693] N: WS closed from (unix skt), clients: 7
[2026/09/25 20:31:42:1694] N: killing process, pid: 74338
[2026/09/25 20:31:42:1697] N: process killed with signal 0, pid: 74338
[2026/09/25 20:31:42:1814] N: WS closed from (unix skt), clients: 6
[2026/09/25 20:31:42:1815] N: killing process, pid: 74337
[2026/09/25 20:31:42:1818] N: process killed with signal 0, pid: 74337
[2026/09/25 20:31:42:2424] N: WS closed from (unix skt), clients: 5
[2026/09/25 20:31:42:2424] N: killing process, pid: 74361
[2026/09/25 20:31:42:2424] N: WS closed from (unix skt), clients: 4
[2026/09/25 20:31:42:2424] N: killing process, pid: 74355
[2026/09/25 20:31:42:2427] N: process killed with signal 0, pid: 74361
[2026/09/25 20:31:42:2427] N: process killed with signal 0, pid: 74355
[2026/09/25 20:31:42:7330] N: WS closed from (unix skt), clients: 3
[2026/09/25 20:31:42:7332] N: killing process, pid: 74341
[2026/09/25 20:31:42:7351] N: process killed with signal 0, pid: 74341
[2026/09/25 20:31:42:7435] N: WS closed from (unix skt), clients: 2
[2026/09/25 20:31:42:7436] N: killing process, pid: 74362
[2026/09/25 20:31:42:7453] N: process killed with signal 0, pid: 74362
[2026/09/25 20:31:43:8835] N: WS closed from (unix skt), clients: 1
[2026/09/25 20:31:43:8836] N: killing process, pid: 74344
[2026/09/25 20:31:43:8837] N: WS closed from (unix skt), clients: 0
[2026/09/25 20:31:43:8837] N: killing process, pid: 74340
[2026/09/25 20:31:43:8849] N: process killed with signal 0, pid: 74340
[2026/09/25 20:31:43:8850] N: process killed with signal 0, pid: 74344
[2026/09/25 20:31:43:9030] N: WS   /ws - (unix skt), clients: 1
[2026/09/25 20:31:43:9030] N: WS   /ws - (unix skt), clients: 2
[2026/09/25 20:31:43:9031] N: WS   /ws - (unix skt), clients: 3
[2026/09/25 20:31:43:9031] N: WS   /ws - (unix skt), clients: 4
[2026/09/25 20:31:43:9031] N: WS   /ws - (unix skt), clients: 5
[2026/09/25 20:31:43:9031] N: WS   /ws - (unix skt), clients: 6
[2026/09/25 20:31:43:9032] N: WS   /ws - (unix skt), clients: 7
[2026/09/25 20:31:43:9032] N: WS   /ws - (unix skt), clients: 8
[2026/09/25 20:31:43:9045] N: started process, pid: 74732
[2026/09/25 20:31:43:9045] N: WS   /ws - (unix skt), clients: 9
[2026/09/25 20:31:43:9046] N: WS   /ws - (unix skt), clients: 10
[2026/09/25 20:31:43:9052] N: started process, pid: 74733
[2026/09/25 20:31:43:9059] N: started process, pid: 74734
[2026/09/25 20:31:43:9066] N: started process, pid: 74735
[2026/09/25 20:31:43:9077] N: started process, pid: 74736
[2026/09/25 20:31:43:9087] N: started process, pid: 74737
[2026/09/25 20:31:43:9100] N: started process, pid: 74738
[2026/09/25 20:31:43:9115] N: started process, pid: 74742
[2026/09/25 20:31:43:9136] N: started process, pid: 74750
[2026/09/25 20:31:43:9146] N: started process, pid: 74756
[2026/09/25 20:31:44:0044] N: WS closed from (unix skt), clients: 9
[2026/09/25 20:31:44:0044] N: killing process, pid: 74734
[2026/09/25 20:31:44:0048] N: process killed with signal 1, pid: 74734
[2026/09/25 20:31:44:0480] N: WS closed from (unix skt), clients: 8
[2026/09/25 20:31:44:0480] N: killing process, pid: 74737
[2026/09/25 20:31:44:0484] N: process killed with signal 1, pid: 74737
[2026/09/25 20:31:44:1928] N: WS closed from (unix skt), clients: 7
[2026/09/25 20:31:44:1928] N: killing process, pid: 74733
[2026/09/25 20:31:44:1934] N: process killed with signal 0, pid: 74733
[2026/09/25 20:31:44:2059] N: WS closed from (unix skt), clients: 6
[2026/09/25 20:31:44:2059] N: killing process, pid: 74732
[2026/09/25 20:31:44:2063] N: process killed with signal 0, pid: 74732
[2026/09/25 20:31:44:2750] N: WS closed from (unix skt), clients: 5
[2026/09/25 20:31:44:2750] N: killing process, pid: 74750
[2026/09/25 20:31:44:2757] N: process killed with signal 0, pid: 74750
[2026/09/25 20:31:44:2866] N: WS closed from (unix skt), clients: 4
[2026/09/25 20:31:44:2866] N: killing process, pid: 74742
[2026/09/25 20:31:44:2873] N: process killed with signal 0, pid: 74742
[2026/09/25 20:31:44:7893] N: WS closed from (unix skt), clients: 3
[2026/09/25 20:31:44:7893] N: killing process, pid: 74736
[2026/09/25 20:31:44:7894] N: WS closed from (unix skt), clients: 2
[2026/09/25 20:31:44:7894] N: killing process, pid: 74756
[2026/09/25 20:31:44:7906] N: process killed with signal 0, pid: 74736
[2026/09/25 20:31:44:7908] N: process killed with signal 0, pid: 74756
[2026/09/25 20:31:45:9059] N: WS closed from (unix skt), clients: 1
[2026/09/25 20:31:45:9060] N: killing process, pid: 74738
[2026/09/25 20:31:45:9060] N: WS closed from (unix skt), clients: 0
[2026/09/25 20:31:45:9060] N: killing process, pid: 74735
[2026/09/25 20:31:45:9068] N: process killed with signal 0, pid: 74738
[2026/09/25 20:31:45:9075] N: process killed with signal 0, pid: 74735
[2026/09/25 20:31:45:9204] N: WS   /ws - (unix skt), clients: 1
[2026/09/25 20:31:45:9204] N: WS   /ws - (unix skt), clients: 2
[2026/09/25 20:31:45:9205] N: WS   /ws - (unix skt), clients: 3
[2026/09/25 20:31:45:9205] N: WS   /ws - (unix skt), clients: 4
[2026/09/25 20:31:45:9205] N: WS   /ws - (unix skt), clients: 5
[2026/09/25 20:31:45:9205] N: WS   /ws - (unix skt), clients: 6
[2026/09/25 20:31:45:9205] N: WS   /ws - (unix skt), clients: 7
[2026/09/25 20:31:45:9205] N: WS   /ws - (unix skt), clients: 8
[2026/09/25 20:31:45:9206] N: WS   /ws - (unix skt), clients: 9
[2026/09/25 20:31:45:9206] N: WS   /ws - (unix skt), clients: 10
[2026/09/25 20:31:45:9220] N: started process, pid: 75029
[2026/09/25 20:31:45:9228] N: started process, pid: 75030
[2026/09/25 20:31:45:9235] N: started process, pid: 75031
[2026/09/25 20:31:45:9246] N: started process, pid: 75032
[2026/09/25 20:31:45:9260] N: started process, pid: 75033
[2026/09/25 20:31:45:9273] N: started process, pid: 75034
[2026/09/25 20:31:45:9286] N: started process, pid: 75035
[2026/09/25 20:31:45:9301] N: started process, pid: 75044
[2026/09/25 20:31:45:9318] N: started process, pid: 75049
[2026/09/25 20:31:45:9341] N: started process, pid: 75058
[2026/09/25 20:31:46:0681] N: WS closed from (unix skt), clients: 9
[2026/09/25 20:31:46:0682] N: killing process, pid: 75031
[2026/09/25 20:31:46:0686] N: process killed with signal 1, pid: 75031
[2026/09/25 20:31:46:1062] N: WS closed from (unix skt), clients: 8
[2026/09/25 20:31:46:1063] N: killing process, pid: 75049
[2026/09/25 20:31:46:1067] N: process killed with signal 1, pid: 75049
[2026/09/25 20:31:46:2425] N: WS closed from (unix skt), clients: 7
[2026/09/25 20:31:46:2426] N: killing process, pid: 75033
[2026/09/25 20:31:46:2431] N: process killed with signal 0, pid: 75033
[2026/09/25 20:31:46:2561] N: WS closed from (unix skt), clients: 6
[2026/09/25 20:31:46:2562] N: killing process, pid: 75029
[2026/09/25 20:31:46:2566] N: process killed with signal 0, pid: 75029
[2026/09/25 20:31:46:2812] N: WS closed from (unix skt), clients: 5
[2026/09/25 20:31:46:2812] N: killing process, pid: 75034
[2026/09/25 20:31:46:2816] N: process killed with signal 0, pid: 75034
[2026/09/25 20:31:46:2947] N: WS closed from (unix skt), clients: 4
[2026/09/25 20:31:46:2948] N: killing process, pid: 75035
[2026/09/25 20:31:46:2952] N: process killed with signal 0, pid: 75035
[2026/09/25 20:31:46:7149] N: WS closed from (unix skt), clients: 3
[2026/09/25 20:31:46:7151] N: killing process, pid: 75030
[2026/09/25 20:31:46:7168] N: process killed with signal 0, pid: 75030
[2026/09/25 20:31:46:8152] N: WS closed from (unix skt), clients: 2
[2026/09/25 20:31:46:8154] N: killing process, pid: 75044
[2026/09/25 20:31:46:8166] N: process killed with signal 0, pid: 75044
[2026/09/25 20:31:47:9222] N: WS closed from (unix skt), clients: 1
[2026/09/25 20:31:47:9223] N: killing process, pid: 75032
[2026/09/25 20:31:47:9225] N: WS closed from (unix skt), clients: 0
[2026/09/25 20:31:47:9225] N: killing process, pid: 75058
[2026/09/25 20:31:47:9239] N: process killed with signal 0, pid: 75032
[2026/09/25 20:31:47:9256] N: process killed with signal 0, pid: 75058
[2026/09/25 20:31:47:9457] N: WS   /ws - (unix skt), clients: 1
[2026/09/25 20:31:47:9458] N: WS   /ws - (unix skt), clients: 2
[2026/09/25 20:31:47:9458] N: WS   /ws - (unix skt), clients: 3
[2026/09/25 20:31:47:9458] N: WS   /ws - (unix skt), clients: 4
[2026/09/25 20:31:47:9458] N: WS   /ws - (unix skt), clients: 5
[2026/09/25 20:31:47:9459] N: WS   /ws - (unix skt), clients: 6
[2026/09/25 20:31:47:9459] N: WS   /ws - (unix skt), clients: 7
[2026/09/25 20:31:47:9459] N: WS   /ws - (unix skt), clients: 8
[2026/09/25 20:31:47:9459] N: WS   /ws - (unix skt), clients: 9
[2026/09/25 20:31:47:9459] N: WS   /ws - (unix skt), clients: 10
[2026/09/25 20:31:47:9478] N: started process, pid: 75318
[2026/09/25 20:31:47:9488] N: started process, pid: 75319
[2026/09/25 20:31:47:9496] N: started process, pid: 75320
[2026/09/25 20:31:47:9507] N: started process, pid: 75321
[2026/09/25 20:31:47:9526] N: started process, pid: 75322
[2026/09/25 20:31:47:9539] N: started process, pid: 75323
[2026/09/25 20:31:47:9562] N: started process, pid: 75324
[2026/09/25 20:31:47:9586] N: started process, pid: 75332
[2026/09/25 20:31:47:9601] N: started process, pid: 75336
[2026/09/25 20:31:47:9614] N: started process, pid: 75342
[2026/09/25 20:31:48:0774] N: WS closed from (unix skt), clients: 9
[2026/09/25 20:31:48:0774] N: killing process, pid: 75320
[2026/09/25 20:31:48:0779] N: process killed with signal 1, pid: 75320
[2026/09/25 20:31:48:1252] N: WS closed from (unix skt), clients: 8
[2026/09/25 20:31:48:1253] N: killing process, pid: 75336
[2026/09/25 20:31:48:1256] N: process killed with signal 1, pid: 75336
[2026/09/25 20:31:48:2130] N: WS closed from (unix skt), clients: 7
[2026/09/25 20:31:48:2131] N: killing process, pid: 75318
[2026/09/25 20:31:48:2135] N: process killed with signal 0, pid: 75318
[2026/09/25 20:31:48:2914] N: WS closed from (unix skt), clients: 6
[2026/09/25 20:31:48:2914] N: killing process, pid: 75322
[2026/09/25 20:31:48:2920] N: process killed with signal 0, pid: 75322
[2026/09/25 20:31:48:3277] N: WS closed from (unix skt), clients: 5
[2026/09/25 20:31:48:3277] N: killing process, pid: 75323
[2026/09/25 20:31:48:3277] N: WS closed from (unix skt), clients: 4
[2026/09/25 20:31:48:3277] N: killing process, pid: 75324
[2026/09/25 20:31:48:3282] N: process killed with signal 0, pid: 75323
[2026/09/25 20:31:48:3282] N: process killed with signal 0, pid: 75324
[2026/09/25 20:31:48:7818] N: WS closed from (unix skt), clients: 3
[2026/09/25 20:31:48:7819] N: killing process, pid: 75319
[2026/09/25 20:31:48:7829] N: process killed with signal 0, pid: 75319
[2026/09/25 20:31:48:8058] N: WS closed from (unix skt), clients: 2
[2026/09/25 20:31:48:8059] N: killing process, pid: 75332
[2026/09/25 20:31:48:8071] N: process killed with signal 0, pid: 75332
[2026/09/25 20:31:49:9478] N: WS closed from (unix skt), clients: 1
[2026/09/25 20:31:49:9478] N: killing process, pid: 75321
[2026/09/25 20:31:49:9479] N: WS closed from (unix skt), clients: 0
[2026/09/25 20:31:49:9479] N: killing process, pid: 75342
[2026/09/25 20:31:49:9494] N: process killed with signal 0, pid: 75321
[2026/09/25 20:31:49:9495] N: process killed with signal 0, pid: 75342
[2026/09/25 20:31:49:9680] N: WS   /ws - (unix skt), clients: 1
[2026/09/25 20:31:49:9680] N: WS   /ws - (unix skt), clients: 2
[2026/09/25 20:31:49:9681] N: WS   /ws - (unix skt), clients: 3
[2026/09/25 20:31:49:9681] N: WS   /ws - (unix skt), clients: 4
[2026/09/25 20:31:49:9681] N: WS   /ws - (unix skt), clients: 5
[2026/09/25 20:31:49:9681] N: WS   /ws - (unix skt), clients: 6
[2026/09/25 20:31:49:9681] N: WS   /ws - (unix skt), clients: 7
[2026/09/25 20:31:49:9681] N: WS   /ws - (unix skt), clients: 8
[2026/09/25 20:31:49:9682] N: WS   /ws - (unix skt), clients: 9
[2026/09/25 20:31:49:9692] N: started process, pid: 75775
[2026/09/25 20:31:49:9701] N: started process, pid: 75776
[2026/09/25 20:31:49:9702] N: WS   /ws - (unix skt), clients: 10
[2026/09/25 20:31:49:9711] N: started process, pid: 75777
[2026/09/25 20:31:49:9733] N: started process, pid: 75779
[2026/09/25 20:31:49:9758] N: started process, pid: 75780
[2026/09/25 20:31:49:9798] N: started process, pid: 75781
[2026/09/25 20:31:49:9811] N: started process, pid: 75782
[2026/09/25 20:31:49:9825] N: started process, pid: 75783
[2026/09/25 20:31:49:9834] N: started process, pid: 75786
[2026/09/25 20:31:49:9851] N: started process, pid: 75792
[2026/09/25 20:31:50:1169] N: WS closed from (unix skt), clients: 9
[2026/09/25 20:31:50:1169] N: killing process, pid: 75780
[2026/09/25 20:31:50:1173] N: process killed with signal 1, pid: 75780
[2026/09/25 20:31:50:1866] N: WS closed from (unix skt), clients: 8
[2026/09/25 20:31:50:1866] N: killing process, pid: 75792
[2026/09/25 20:31:50:1871] N: process killed with signal 1, pid: 75792
[2026/09/25 20:31:50:3039] N: WS closed from (unix skt), clients: 7
[2026/09/25 20:31:50:3039] N: killing process, pid: 75775
[2026/09/25 20:31:50:3046] N: process killed with signal 0, pid: 75775
[2026/09/25 20:31:50:3326] N: WS closed from (unix skt), clients: 6
[2026/09/25 20:31:50:3326] N: killing process, pid: 75777
[2026/09/25 20:31:50:3332] N: process killed with signal 0, pid: 75777
[2026/09/25 20:31:50:3605] N: WS closed from (unix skt), clients: 5
[2026/09/25 20:31:50:3606] N: killing process, pid: 75782
[2026/09/25 20:31:50:3612] N: process killed with signal 0, pid: 75782
[2026/09/25 20:31:50:3839] N: WS closed from (unix skt), clients: 4
[2026/09/25 20:31:50:3840] N: killing process, pid: 75783
[2026/09/25 20:31:50:3868] N: process killed with signal 0, pid: 75783
[2026/09/25 20:31:50:7944] N: WS closed from (unix skt), clients: 3
[2026/09/25 20:31:50:7945] N: killing process, pid: 75776
[2026/09/25 20:31:50:8012] N: process killed with signal 0, pid: 75776
[2026/09/25 20:31:50:8846] N: WS closed from (unix skt), clients: 2
[2026/09/25 20:31:50:8846] N: killing process, pid: 75786
[2026/09/25 20:31:50:8853] N: process killed with signal 0, pid: 75786
[2026/09/25 20:31:51:9703] N: WS closed from (unix skt), clients: 1
[2026/09/25 20:31:51:9705] N: killing process, pid: 75781
[2026/09/25 20:31:51:9706] N: WS closed from (unix skt), clients: 0
[2026/09/25 20:31:51:9706] N: killing process, pid: 75779
[2026/09/25 20:31:51:9729] N: process killed with signal 0, pid: 75779
[2026/09/25 20:31:51:9732] N: process killed with signal 0, pid: 75781
[2026/09/25 20:31:51:9945] N: WS   /ws - (unix skt), clients: 1
[2026/09/25 20:31:51:9946] N: WS   /ws - (unix skt), clients: 2
[2026/09/25 20:31:51:9946] N: WS   /ws - (unix skt), clients: 3
[2026/09/25 20:31:51:9946] N: WS   /ws - (unix skt), clients: 4
[2026/09/25 20:31:51:9946] N: WS   /ws - (unix skt), clients: 5
[2026/09/25 20:31:51:9947] N: WS   /ws - (unix skt), clients: 6
[2026/09/25 20:31:51:9947] N: WS   /ws - (unix skt), clients: 7
[2026/09/25 20:31:51:9947] N: WS   /ws - (unix skt), clients: 8
[2026/09/25 20:31:51:9947] N: WS   /ws - (unix skt), clients: 9
[2026/09/25 20:31:51:9947] N: WS   /ws - (unix skt), clients: 10
[2026/09/25 20:31:51:9963] N: started process, pid: 76091
[2026/09/25 20:31:51:9971] N: started process, pid: 76092
[2026/09/25 20:31:51:9977] N: started process, pid: 76093
[2026/09/25 20:31:51:9989] N: started process, pid: 76094
[2026/09/25 20:31:51:9997] N: started process, pid: 76095
[2026/09/25 20:31:52:0009] N: started process, pid: 76096
[2026/09/25 20:31:52:0023] N: started process, pid: 76097
[2026/09/25 20:31:52:0040] N: started process, pid: 76106
[2026/09/25 20:31:52:0055] N: started process, pid: 76111
[2026/09/25 20:31:52:0071] N: started process, pid: 76115
[2026/09/25 20:31:52:0796] N: WS closed from (unix skt), clients: 9
[2026/09/25 20:31:52:0797] N: killing process, pid: 76093
[2026/09/25 20:31:52:0801] N: process killed with signal 1, pid: 76093
[2026/09/25 20:31:52:1791] N: WS closed from (unix skt), clients: 8
[2026/09/25 20:31:52:1792] N: killing process, pid: 76111
[2026/09/25 20:31:52:1794] N: process killed with signal 1, pid: 76111
[2026/09/25 20:31:52:2816] N: WS closed from (unix skt), clients: 7
[2026/09/25 20:31:52:2817] N: killing process, pid: 76091
[2026/09/25 20:31:52:2824] N: process killed with signal 0, pid: 76091
[2026/09/25 20:31:52:3333] N: WS closed from (unix skt), clients: 6
[2026/09/25 20:31:52:3334] N: killing process, pid: 76096
[2026/09/25 20:31:52:3339] N: process killed with signal 0, pid: 76096
[2026/09/25 20:31:52:3481] N: WS closed from (unix skt), clients: 5
[2026/09/25 20:31:52:3481] N: killing process, pid: 76097
[2026/09/25 20:31:52:3485] N: process killed with signal 0, pid: 76097
[2026/09/25 20:31:52:3616] N: WS closed from (unix skt), clients: 4
[2026/09/25 20:31:52:3616] N: killing process, pid: 76095
[2026/09/25 20:31:52:3620] N: process killed with signal 0, pid: 76095
[2026/09/25 20:31:52:7953] N: WS closed from (unix skt), clients: 3
[2026/09/25 20:31:52:7954] N: killing process, pid: 76092
[2026/09/25 20:31:52:7966] N: process killed with signal 0, pid: 76092
[2026/09/25 20:31:52:8510] N: WS closed from (unix skt), clients: 2
[2026/09/25 20:31:52:8511] N: killing process, pid: 76106
[2026/09/25 20:31:52:8519] N: process killed with signal 0, pid: 76106
[2026/09/25 20:31:54:0047] N: WS closed from (unix skt), clients: 1
[2026/09/25 20:31:54:0048] N: killing process, pid: 76094
[2026/09/25 20:31:54:0049] N: WS closed from (unix skt), clients: 0
[2026/09/25 20:31:54:0049] N: killing process, pid: 76115
[2026/09/25 20:31:54:0119] N: process killed with signal 0, pid: 76094
[2026/09/25 20:31:54:0121] N: process killed with signal 0, pid: 76115
[2026/09/25 20:31:54:0285] N: WS   /ws - (unix skt), clients: 1
[2026/09/25 20:31:54:0286] N: WS   /ws - (unix skt), clients: 2
[2026/09/25 20:31:54:0287] N: WS   /ws - (unix skt), clients: 3
[2026/09/25 20:31:54:0305] N: started process, pid: 76618
[2026/09/25 20:31:54:0307] N: WS   /ws - (unix skt), clients: 4
[2026/09/25 20:31:54:0307] N: WS   /ws - (unix skt), clients: 5
[2026/09/25 20:31:54:0308] N: WS   /ws - (unix skt), clients: 6
[2026/09/25 20:31:54:0308] N: WS   /ws - (unix skt), clients: 7
[2026/09/25 20:31:54:0308] N: WS   /ws - (unix skt), clients: 8
[2026/09/25 20:31:54:0309] N: WS   /ws - (unix skt), clients: 9
[2026/09/25 20:31:54:0309] N: WS   /ws - (unix skt), clients: 10
[2026/09/25 20:31:54:0318] N: started process, pid: 76619
[2026/09/25 20:31:54:0330] N: started process, pid: 76620
[2026/09/25 20:31:54:0341] N: started process, pid: 76621
[2026/09/25 20:31:54:0350] N: started process, pid: 76622
[2026/09/25 20:31:54:0362] N: started process, pid: 76623
[2026/09/25 20:31:54:0373] N: started process, pid: 76624
[2026/09/25 20:31:54:0381] N: started process, pid: 76625
[2026/09/25 20:31:54:0389] N: started process, pid: 76626
[2026/09/25 20:31:54:0395] N: started process, pid: 76628
[2026/09/25 20:31:54:1773] N: WS closed from (unix skt), clients: 9
[2026/09/25 20:31:54:1773] N: killing process, pid: 76619
[2026/09/25 20:31:54:1776] N: process killed with signal 1, pid: 76619
[2026/09/25 20:31:54:2297] N: WS closed from (unix skt), clients: 8
[2026/09/25 20:31:54:2297] N: killing process, pid: 76626
[2026/09/25 20:31:54:2301] N: process killed with signal 1, pid: 76626
[2026/09/25 20:31:54:2926] N: WS closed from (unix skt), clients: 7
[2026/09/25 20:31:54:2926] N: killing process, pid: 76618
[2026/09/25 20:31:54:2930] N: process killed with signal 0, pid: 76618
[2026/09/25 20:31:54:3926] N: WS closed from (unix skt), clients: 6
[2026/09/25 20:31:54:3926] N: killing process, pid: 76621
[2026/09/25 20:31:54:3931] N: process killed with signal 0, pid: 76621
[2026/09/25 20:31:54:4198] N: WS closed from (unix skt), clients: 5
[2026/09/25 20:31:54:4198] N: killing process, pid: 76624
[2026/09/25 20:31:54:4203] N: process killed with signal 0, pid: 76624
[2026/09/25 20:31:54:4320] N: WS closed from (unix skt), clients: 4
[2026/09/25 20:31:54:4321] N: killing process, pid: 76622
[2026/09/25 20:31:54:4329] N: process killed with signal 0, pid: 76622
[2026/09/25 20:31:54:8689] N: WS closed from (unix skt), clients: 3
[2026/09/25 20:31:54:8690] N: killing process, pid: 76625
[2026/09/25 20:31:54:8706] N: process killed with signal 0, pid: 76625
[2026/09/25 20:31:54:9336] N: WS closed from (unix skt), clients: 2
[2026/09/25 20:31:54:9337] N: killing process, pid: 76623
[2026/09/25 20:31:54:9345] N: process killed with signal 0, pid: 76623
[2026/09/25 20:31:56:0330] N: WS closed from (unix skt), clients: 1
[2026/09/25 20:31:56:0330] N: killing process, pid: 76620
[2026/09/25 20:31:56:0331] N: WS closed from (unix skt), clients: 0
[2026/09/25 20:31:56:0331] N: killing process, pid: 76628
[2026/09/25 20:31:56:0335] N: process killed with signal 0, pid: 76620
[2026/09/25 20:31:56:0339] N: process killed with signal 0, pid: 76628
[2026/09/25 20:31:56:0415] N: WS   /ws - (unix skt), clients: 1
[2026/09/25 20:31:56:0415] N: WS   /ws - (unix skt), clients: 2
[2026/09/25 20:31:56:0415] N: WS   /ws - (unix skt), clients: 3
[2026/09/25 20:31:56:0415] N: WS   /ws - (unix skt), clients: 4
[2026/09/25 20:31:56:0415] N: WS   /ws - (unix skt), clients: 5
[2026/09/25 20:31:56:0416] N: WS   /ws - (unix skt), clients: 6
[2026/09/25 20:31:56:0416] N: WS   /ws - (unix skt), clients: 7
[2026/09/25 20:31:56:0416] N: WS   /ws - (unix skt), clients: 8
[2026/09/25 20:31:56:0416] N: WS   /ws - (unix skt), clients: 9
[2026/09/25 20:31:56:0416] N: WS   /ws - (unix skt), clients: 10
[2026/09/25 20:31:56:0425] N: started process, pid: 76855
[2026/09/25 20:31:56:0431] N: started process, pid: 76856
[2026/09/25 20:31:56:0436] N: started process, pid: 76857
[2026/09/25 20:31:56:0441] N: started process, pid: 76858
[2026/09/25 20:31:56:0446] N: started process, pid: 76859
[2026/09/25 20:31:56:0454] N: started process, pid: 76860
[2026/09/25 20:31:56:0460] N: started process, pid: 76861
[2026/09/25 20:31:56:0468] N: started process, pid: 76862
[2026/09/25 20:31:56:0481] N: started process, pid: 76865
[2026/09/25 20:31:56:0495] N: started process, pid: 76872
[2026/09/25 20:31:56:1387] N: WS closed from (unix skt), clients: 9
[2026/09/25 20:31:56:1388] N: killing process, pid: 76857
[2026/09/25 20:31:56:1393] N: process killed with signal 1, pid: 76857
[2026/09/25 20:31:56:2147] N: WS closed from (unix skt), clients: 8
[2026/09/25 20:31:56:2147] N: killing process, pid: 76861
[2026/09/25 20:31:56:2150] N: process killed with signal 1, pid: 76861
[2026/09/25 20:31:56:3536] N: WS closed from (unix skt), clients: 7
[2026/09/25 20:31:56:3537] N: killing process, pid: 76855
[2026/09/25 20:31:56:3542] N: process killed with signal 0, pid: 76855
[2026/09/25 20:31:56:3658] N: WS closed from (unix skt), clients: 6
[2026/09/25 20:31:56:3658] N: killing process, pid: 76859
[2026/09/25 20:31:56:3662] N: process killed with signal 0, pid: 76859
[2026/09/25 20:31:56:4158] N: WS closed from (unix skt), clients: 5
[2026/09/25 20:31:56:4159] N: killing process, pid: 76865
[2026/09/25 20:31:56:4159] N: WS closed from (unix skt), clients: 4
[2026/09/25 20:31:56:4159] N: killing process, pid: 76872
[2026/09/25 20:31:56:4164] N: process killed with signal 0, pid: 76865
[2026/09/25 20:31:56:4164] N: process killed with signal 0, pid: 76872
[2026/09/25 20:31:56:8310] N: WS closed from (unix skt), clients: 3
[2026/09/25 20:31:56:8311] N: killing process, pid: 76856
[2026/09/25 20:31:56:8318] N: process killed with signal 0, pid: 76856
[2026/09/25 20:31:56:8757] N: WS closed from (unix skt), clients: 2
[2026/09/25 20:31:56:8758] N: killing process, pid: 76860
[2026/09/25 20:31:56:8765] N: process killed with signal 0, pid: 76860
[2026/09/25 20:31:58:0417] N: WS closed from (unix skt), clients: 1
[2026/09/25 20:31:58:0417] N: killing process, pid: 76862
[2026/09/25 20:31:58:0418] N: WS closed from (unix skt), clients: 0
[2026/09/25 20:31:58:0418] N: killing process, pid: 76858
[2026/09/25 20:31:58:0425] N: process killed with signal 0, pid: 76862
[2026/09/25 20:31:58:0430] N: process killed with signal 0, pid: 76858
[2026/09/25 20:31:58:0544] N: WS   /ws - (unix skt), clients: 1
[2026/09/25 20:31:58:0559] N: started process, pid: 77243
[2026/09/25 20:31:58:0560] N: WS   /ws - (unix skt), clients: 2
[2026/09/25 20:31:58:0561] N: WS   /ws - (unix skt), clients: 3
[2026/09/25 20:31:58:0561] N: WS   /ws - (unix skt), clients: 4
[2026/09/25 20:31:58:0562] N: WS   /ws - (unix skt), clients: 5
[2026/09/25 20:31:58:0562] N: WS   /ws - (unix skt), clients: 6
[2026/09/25 20:31:58:0562] N: WS   /ws - (unix skt), clients: 7
[2026/09/25 20:31:58:0562] N: WS   /ws - (unix skt), clients: 8
[2026/09/25 20:31:58:0563] N: WS   /ws - (unix skt), clients: 9
[2026/09/25 20:31:58:0563] N: WS   /ws - (unix skt), clients: 10
[2026/09/25 20:31:58:0570] N: started process, pid: 77244
[2026/09/25 20:31:58:0577] N: started process, pid: 77245
[2026/09/25 20:31:58:0586] N: started process, pid: 77246
[2026/09/25 20:31:58:0594] N: started process, pid: 77247
[2026/09/25 20:31:58:0600] N: started process, pid: 77248
[2026/09/25 20:31:58:0607] N: started process, pid: 77249
[2026/09/25 20:31:58:0631] N: started process, pid: 77250
[2026/09/25 20:31:58:0650] N: started process, pid: 77251
[2026/09/25 20:31:58:0673] N: started process, pid: 77259
[2026/09/25 20:31:58:1627] N: WS closed from (unix skt), clients: 9
[2026/09/25 20:31:58:1627] N: killing process, pid: 77246
[2026/09/25 20:31:58:1631] N: process killed with signal 1, pid: 77246
[2026/09/25 20:31:58:2774] N: WS closed from (unix skt), clients: 8
[2026/09/25 20:31:58:2774] N: killing process, pid: 77251
[2026/09/25 20:31:58:2777] N: process killed with signal 1, pid: 77251
[2026/09/25 20:31:58:3651] N: WS closed from (unix skt), clients: 7
[2026/09/25 20:31:58:3651] N: killing process, pid: 77243
[2026/09/25 20:31:58:3656] N: process killed with signal 0, pid: 77243
[2026/09/25 20:31:58:4302] N: WS closed from (unix skt), clients: 6
[2026/09/25 20:31:58:4302] N: killing process, pid: 77244
[2026/09/25 20:31:58:4308] N: process killed with signal 0, pid: 77244
[2026/09/25 20:31:58:4423] N: WS closed from (unix skt), clients: 5
[2026/09/25 20:31:58:4423] N: killing process, pid: 77248
[2026/09/25 20:31:58:4429] N: process killed with signal 0, pid: 77248
[2026/09/25 20:31:58:4789] N: WS closed from (unix skt), clients: 4
[2026/09/25 20:31:58:4789] N: killing process, pid: 77249
[2026/09/25 20:31:58:4794] N: process killed with signal 0, pid: 77249
[2026/09/25 20:31:58:8135] N: WS closed from (unix skt), clients: 3
[2026/09/25 20:31:58:8136] N: killing process, pid: 77245
[2026/09/25 20:31:58:8153] N: process killed with signal 0, pid: 77245
[2026/09/25 20:31:58:9807] N: WS closed from (unix skt), clients: 2
[2026/09/25 20:31:58:9808] N: killing process, pid: 77250
[2026/09/25 20:31:58:9816] N: process killed with signal 0, pid: 77250
[2026/09/25 20:32:00:0586] N: WS closed from (unix skt), clients: 1
[2026/09/25 20:32:00:0587] N: killing process, pid: 77247
[2026/09/25 20:32:00:0587] N: WS closed from (unix skt), clients: 0
[2026/09/25 20:32:00:0587] N: killing process, pid: 77259
[2026/09/25 20:32:00:0592] N: process killed with signal 0, pid: 77247
[2026/09/25 20:32:00:0597] N: process killed with signal 0, pid: 77259
[2026/09/25 20:32:00:0672] N: WS   /ws - (unix skt), clients: 1
[2026/09/25 20:32:00:0673] N: WS   /ws - (unix skt), clients: 2
[2026/09/25 20:32:00:0673] N: WS   /ws - (unix skt), clients: 3
[2026/09/25 20:32:00:0673] N: WS   /ws - (unix skt), clients: 4
[2026/09/25 20:32:00:0673] N: WS   /ws - (unix skt), clients: 5
[2026/09/25 20:32:00:0673] N: WS   /ws - (unix skt), clients: 6
[2026/09/25 20:32:00:0673] N: WS   /ws - (unix skt), clients: 7
[2026/09/25 20:32:00:0673] N: WS   /ws - (unix skt), clients: 8
[2026/09/25 20:32:00:0674] N: WS   /ws - (unix skt), clients: 9
[2026/09/25 20:32:00:0684] N: started process, pid: 77536
[2026/09/25 20:32:00:0689] N: started process, pid: 77538
[2026/09/25 20:32:00:0690] N: WS   /ws - (unix skt), clients: 10
[2026/09/25 20:32:00:0694] N: started process, pid: 77539
[2026/09/25 20:32:00:0704] N: started process, pid: 77540
[2026/09/25 20:32:00:0713] N: started process, pid: 77541
[2026/09/25 20:32:00:0725] N: started process, pid: 77542
[2026/09/25 20:32:00:0740] N: started process, pid: 77547
[2026/09/25 20:32:00:0763] N: started process, pid: 77554
[2026/09/25 20:32:00:0787] N: started process, pid: 77563
[2026/09/25 20:32:00:0800] N: started process, pid: 77572
[2026/09/25 20:32:00:2461] N: WS closed from (unix skt), clients: 9
[2026/09/25 20:32:00:2461] N: killing process, pid: 77541
[2026/09/25 20:32:00:2465] N: process killed with signal 1, pid: 77541
[2026/09/25 20:32:00:2797] N: WS closed from (unix skt), clients: 8
[2026/09/25 20:32:00:2797] N: killing process, pid: 77572
[2026/09/25 20:32:00:2801] N: process killed with signal 1, pid: 77572
[2026/09/25 20:32:00:3564] N: WS closed from (unix skt), clients: 7
[2026/09/25 20:32:00:3565] N: killing process, pid: 77536
[2026/09/25 20:32:00:3569] N: process killed with signal 0, pid: 77536
[2026/09/25 20:32:00:3883] N: WS closed from (unix skt), clients: 6
[2026/09/25 20:32:00:3884] N: killing process, pid: 77539
[2026/09/25 20:32:00:3887] N: process killed with signal 0, pid: 77539
[2026/09/25 20:32:00:4649] N: WS closed from (unix skt), clients: 5
[2026/09/25 20:32:00:4649] N: killing process, pid: 77547
[2026/09/25 20:32:00:4654] N: process killed with signal 0, pid: 77547
[2026/09/25 20:32:00:4810] N: WS closed from (unix skt), clients: 4
[2026/09/25 20:32:00:4811] N: killing process, pid: 77554
[2026/09/25 20:32:00:4815] N: process killed with signal 0, pid: 77554
[2026/09/25 20:32:00:9021] N: WS closed from (unix skt), clients: 3
[2026/09/25 20:32:00:9022] N: killing process, pid: 77538
[2026/09/25 20:32:00:9037] N: process killed with signal 0, pid: 77538
[2026/09/25 20:32:00:9823] N: WS closed from (unix skt), clients: 2
[2026/09/25 20:32:00:9824] N: killing process, pid: 77563
[2026/09/25 20:32:00:9834] N: process killed with signal 0, pid: 77563
[2026/09/25 20:32:02:0701] N: WS closed from (unix skt), clients: 1
[2026/09/25 20:32:02:0702] N: killing process, pid: 77542
[2026/09/25 20:32:02:0702] N: WS closed from (unix skt), clients: 0
[2026/09/25 20:32:02:0703] N: killing process, pid: 77540
[2026/09/25 20:32:02:0715] N: process killed with signal 0, pid: 77540
[2026/09/25 20:32:02:0725] N: process killed with signal 0, pid: 77542
[2026/09/25 20:32:02:0896] N: WS   /ws - (unix skt), clients: 1
[2026/09/25 20:32:02:0897] N: WS   /ws - (unix skt), clients: 2
[2026/09/25 20:32:02:0897] N: WS   /ws - (unix skt), clients: 3
[2026/09/25 20:32:02:0897] N: WS   /ws - (unix skt), clients: 4
[2026/09/25 20:32:02:0898] N: WS   /ws - (unix skt), clients: 5
[2026/09/25 20:32:02:0898] N: WS   /ws - (unix skt), clients: 6
[2026/09/25 20:32:02:0898] N: WS   /ws - (unix skt), clients: 7
[2026/09/25 20:32:02:0898] N: WS   /ws - (unix skt), clients: 8
[2026/09/25 20:32:02:0898] N: WS   /ws - (unix skt), clients: 9
[2026/09/25 20:32:02:0911] N: started process, pid: 78105
[2026/09/25 20:32:02:0917] N: started process, pid: 78106
[2026/09/25 20:32:02:0918] N: WS   /ws - (unix skt), clients: 10
[2026/09/25 20:32:02:0928] N: started process, pid: 78107
[2026/09/25 20:32:02:0935] N: started process, pid: 78108
[2026/09/25 20:32:02:0945] N: started process, pid: 78109
[2026/09/25 20:32:02:0955] N: started process, pid: 78110
[2026/09/25 20:32:02:0967] N: started process, pid: 78111
[2026/09/25 20:32:02:0978] N: started process, pid: 78112
[2026/09/25 20:32:02:0997] N: started process, pid: 78119
[2026/09/25 20:32:02:1012] N: started process, pid: 78127
[2026/09/25 20:32:02:2091] N: WS closed from (unix skt), clients: 9
[2026/09/25 20:32:02:2092] N: killing process, pid: 78109
[2026/09/25 20:32:02:2096] N: process killed with signal 1, pid: 78109
[2026/09/25 20:32:02:2748] N: WS closed from (unix skt), clients: 8
[2026/09/25 20:32:02:2748] N: killing process, pid: 78127
[2026/09/25 20:32:02:2751] N: process killed with signal 1, pid: 78127
[2026/09/25 20:32:02:3535] N: WS closed from (unix skt), clients: 7
[2026/09/25 20:32:02:3535] N: killing process, pid: 78105
[2026/09/25 20:32:02:3539] N: process killed with signal 0, pid: 78105
[2026/09/25 20:32:02:4093] N: WS closed from (unix skt), clients: 6
[2026/09/25 20:32:02:4094] N: killing process, pid: 78107
[2026/09/25 20:32:02:4099] N: process killed with signal 0, pid: 78107
[2026/09/25 20:32:02:4641] N: WS closed from (unix skt), clients: 5
[2026/09/25 20:32:02:4642] N: killing process, pid: 78112
[2026/09/25 20:32:02:4647] N: process killed with signal 0, pid: 78112
[2026/09/25 20:32:02:4763] N: WS closed from (unix skt), clients: 4
[2026/09/25 20:32:02:4763] N: killing process, pid: 78111
[2026/09/25 20:32:02:4767] N: process killed with signal 0, pid: 78111
[2026/09/25 20:32:02:8973] N: WS closed from (unix skt), clients: 3
[2026/09/25 20:32:02:8974] N: killing process, pid: 78106
[2026/09/25 20:32:02:8982] N: process killed with signal 0, pid: 78106
[2026/09/25 20:32:02:9788] N: WS closed from (unix skt), clients: 2
[2026/09/25 20:32:02:9789] N: killing process, pid: 78119
[2026/09/25 20:32:02:9794] N: process killed with signal 0, pid: 78119
[2026/09/25 20:32:04:0922] N: WS closed from (unix skt), clients: 1
[2026/09/25 20:32:04:0922] N: killing process, pid: 78110
[2026/09/25 20:32:04:0922] N: WS closed from (unix skt), clients: 0
[2026/09/25 20:32:04:0922] N: killing process, pid: 78108
[2026/09/25 20:32:04:0930] N: process killed with signal 0, pid: 78108
[2026/09/25 20:32:04:0930] N: process killed with signal 0, pid: 78110
[2026/09/25 20:32:04:1002] N: WS   /ws - (unix skt), clients: 1
[2026/09/25 20:32:04:1002] N: WS   /ws - (unix skt), clients: 2
[2026/09/25 20:32:04:1002] N: WS   /ws - (unix skt), clients: 3
[2026/09/25 20:32:04:1003] N: WS   /ws - (unix skt), clients: 4
[2026/09/25 20:32:04:1003] N: WS   /ws - (unix skt), clients: 5
[2026/09/25 20:32:04:1003] N: WS   /ws - (unix skt), clients: 6
[2026/09/25 20:32:04:1003] N: WS   /ws - (unix skt), clients: 7
[2026/09/25 20:32:04:1003] N: WS   /ws - (unix skt), clients: 8
[2026/09/25 20:32:04:1003] N: WS   /ws - (unix skt), clients: 9
[2026/09/25 20:32:04:1003] N: WS   /ws - (unix skt), clients: 10
[2026/09/25 20:32:04:1013] N: started process, pid: 78423
[2026/09/25 20:32:04:1017] N: started process, pid: 78424
[2026/09/25 20:32:04:1021] N: started process, pid: 78425
[2026/09/25 20:32:04:1026] N: started process, pid: 78426
[2026/09/25 20:32:04:1034] N: started process, pid: 78427
[2026/09/25 20:32:04:1039] N: started process, pid: 78428
[2026/09/25 20:32:04:1053] N: started process, pid: 78429
[2026/09/25 20:32:04:1066] N: started process, pid: 78438
[2026/09/25 20:32:04:1085] N: started process, pid: 78442
[2026/09/25 20:32:04:1101] N: started process, pid: 78449
[2026/09/25 20:32:04:1576] N: WS closed from (unix skt), clients: 9
[2026/09/25 20:32:04:1577] N: killing process, pid: 78425
[2026/09/25 20:32:04:1581] N: process killed with signal 1, pid: 78425
[2026/09/25 20:32:04:2507] N: WS closed from (unix skt), clients: 8
[2026/09/25 20:32:04:2507] N: killing process, pid: 78429
[2026/09/25 20:32:04:2511] N: process killed with signal 1, pid: 78429
[2026/09/25 20:32:04:4404] N: WS closed from (unix skt), clients: 7
[2026/09/25 20:32:04:4405] N: killing process, pid: 78423
[2026/09/25 20:32:04:4405] N: WS closed from (unix skt), clients: 6
[2026/09/25 20:32:04:4405] N: killing process, pid: 78427
[2026/09/25 20:32:04:4409] N: process killed with signal 0, pid: 78423
[2026/09/25 20:32:04:4409] N: process killed with signal 0, pid: 78427
[2026/09/25 20:32:04:4886] N: WS closed from (unix skt), clients: 5
[2026/09/25 20:32:04:4886] N: killing process, pid: 78442
[2026/09/25 20:32:04:4886] N: WS closed from (unix skt), clients: 4
[2026/09/25 20:32:04:4886] N: killing process, pid: 78449
[2026/09/25 20:32:04:4892] N: process killed with signal 0, pid: 78449
[2026/09/25 20:32:04:4892] N: process killed with signal 0, pid: 78442
[2026/09/25 20:32:04:9444] N: WS closed from (unix skt), clients: 3
[2026/09/25 20:32:04:9445] N: killing process, pid: 78424
[2026/09/25 20:32:04:9453] N: process killed with signal 0, pid: 78424
[2026/09/25 20:32:04:9904] N: WS closed from (unix skt), clients: 2
[2026/09/25 20:32:04:9905] N: killing process, pid: 78428
[2026/09/25 20:32:04:9911] N: process killed with signal 0, pid: 78428
[2026/09/25 20:32:06:1024] N: WS closed from (unix skt), clients: 1
[2026/09/25 20:32:06:1025] N: killing process, pid: 78438
[2026/09/25 20:32:06:1026] N: WS closed from (unix skt), clients: 0
[2026/09/25 20:32:06:1026] N: killing process, pid: 78426
[2026/09/25 20:32:06:1038] N: process killed with signal 0, pid: 78438
[2026/09/25 20:32:06:1054] N: process killed with signal 0, pid: 78426
[2026/09/25 20:32:06:1237] N: WS   /ws - (unix skt), clients: 1
[2026/09/25 20:32:06:1238] N: WS   /ws - (unix skt), clients: 2
[2026/09/25 20:32:06:1238] N: WS   /ws - (unix skt), clients: 3
[2026/09/25 20:32:06:1238] N: WS   /ws - (unix skt), clients: 4
[2026/09/25 20:32:06:1238] N: WS   /ws - (unix skt), clients: 5
[2026/09/25 20:32:06:1239] N: WS   /ws - (unix skt), clients: 6
[2026/09/25 20:32:06:1239] N: WS   /ws - (unix skt), clients: 7
[2026/09/25 20:32:06:1239] N: WS   /ws - (unix skt), clients: 8
[2026/09/25 20:32:06:1239] N: WS   /ws - (unix skt), clients: 9
[2026/09/25 20:32:06:1239] N: WS   /ws - (unix skt), clients: 10
[2026/09/25 20:32:06:1255] N: started process, pid: 78730
[2026/09/25 20:32:06:1262] N: started process, pid: 78731
[2026/09/25 20:32:06:1269] N: started process, pid: 78732
[2026/09/25 20:32:06:1279] N: started process, pid: 78733
[2026/09/25 20:32:06:1293] N: started process, pid: 78734
[2026/09/25 20:32:06:1309] N: started process, pid: 78735
[2026/09/25 20:32:06:1319] N: started process, pid: 78736
[2026/09/25 20:32:06:1339] N: started process, pid: 78739
[2026/09/25 20:32:06:1352] N: started process, pid: 78744
[2026/09/25 20:32:06:1377] N: started process, pid: 78753
[2026/09/25 20:32:06:2146] N: WS closed from (unix skt), clients: 9
[2026/09/25 20:32:06:2146] N: killing process, pid: 78732
[2026/09/25 20:32:06:2152] N: process killed with signal 1, pid: 78732
[2026/09/25 20:32:06:3350] N: WS closed from (unix skt), clients: 8
[2026/09/25 20:32:06:3350] N: killing process, pid: 78744
[2026/09/25 20:32:06:3354] N: process killed with signal 1, pid: 78744
[2026/09/25 20:32:06:4726] N: WS closed from (unix skt), clients: 7
[2026/09/25 20:32:06:4727] N: killing process, pid: 78730
[2026/09/25 20:32:06:4731] N: process killed with signal 0, pid: 78730
[2026/09/25 20:32:06:4848] N: WS closed from (unix skt), clients: 6
[2026/09/25 20:32:06:4848] N: killing process, pid: 78734
[2026/09/25 20:32:06:4851] N: process killed with signal 0, pid: 78734
[2026/09/25 20:32:06:5089] N: WS closed from (unix skt), clients: 5
[2026/09/25 20:32:06:5090] N: killing process, pid: 78736
[2026/09/25 20:32:06:5093] N: process killed with signal 0, pid: 78736
[2026/09/25 20:32:06:5341] N: WS closed from (unix skt), clients: 4
[2026/09/25 20:32:06:5341] N: killing process, pid: 78735
[2026/09/25 20:32:06:5345] N: process killed with signal 0, pid: 78735
[2026/09/25 20:32:06:9995] N: WS closed from (unix skt), clients: 3
[2026/09/25 20:32:06:9995] N: killing process, pid: 78731
[2026/09/25 20:32:07:0002] N: process killed with signal 0, pid: 78731
[2026/09/25 20:32:07:0342] N: WS closed from (unix skt), clients: 2
[2026/09/25 20:32:07:0342] N: killing process, pid: 78739
[2026/09/25 20:32:07:0348] N: process killed with signal 0, pid: 78739
[2026/09/25 20:32:08:1257] N: WS closed from (unix skt), clients: 1
[2026/09/25 20:32:08:1258] N: killing process, pid: 78733
[2026/09/25 20:32:08:1261] N: WS closed from (unix skt), clients: 0
[2026/09/25 20:32:08:1262] N: killing process, pid: 78753
[2026/09/25 20:32:08:1278] N: process killed with signal 0, pid: 78733
[2026/09/25 20:32:08:1293] N: process killed with signal 0, pid: 78753
[2026/09/25 20:32:08:1577] N: WS   /ws - (unix skt), clients: 1
[2026/09/25 20:32:08:1578] N: WS   /ws - (unix skt), clients: 2
[2026/09/25 20:32:08:1578] N: WS   /ws - (unix skt), clients: 3
[2026/09/25 20:32:08:1579] N: WS   /ws - (unix skt), clients: 4
[2026/09/25 20:32:08:1579] N: WS   /ws - (unix skt), clients: 5
[2026/09/25 20:32:08:1579] N: WS   /ws - (unix skt), clients: 6
[2026/09/25 20:32:08:1579] N: WS   /ws - (unix skt), clients: 7
[2026/09/25 20:32:08:1579] N: WS   /ws - (unix skt), clients: 8
[2026/09/25 20:32:08:1580] N: WS   /ws - (unix skt), clients: 9
[2026/09/25 20:32:08:1580] N: WS   /ws - (unix skt), clients: 10
[2026/09/25 20:32:08:1599] N: started process, pid: 79011
[2026/09/25 20:32:08:1608] N: started process, pid: 79012
[2026/09/25 20:32:08:1617] N: started process, pid: 79013
[2026/09/25 20:32:08:1625] N: started process, pid: 79014
[2026/09/25 20:32:08:1634] N: started process, pid: 79015
[2026/09/25 20:32:08:1648] N: started process, pid: 79016
[2026/09/25 20:32:08:1665] N: started process, pid: 79017
[2026/09/25 20:32:08:1682] N: started process, pid: 79020
[2026/09/25 20:32:08:1694] N: started process, pid: 79029
[2026/09/25 20:32:08:1701] N: started process, pid: 79035
[2026/09/25 20:32:08:2454] N: WS closed from (unix skt), clients: 9
[2026/09/25 20:32:08:2454] N: killing process, pid: 79013
[2026/09/25 20:32:08:2457] N: process killed with signal 1, pid: 79013
[2026/09/25 20:32:08:3358] N: WS closed from (unix skt), clients: 8
[2026/09/25 20:32:08:3358] N: killing process, pid: 79029
[2026/09/25 20:32:08:3362] N: process killed with signal 1, pid: 79029
[2026/09/25 20:32:08:4787] N: WS closed from (unix skt), clients: 7
[2026/09/25 20:32:08:4788] N: killing process, pid: 79011
[2026/09/25 20:32:08:4793] N: process killed with signal 0, pid: 79011
[2026/09/25 20:32:08:5128] N: WS closed from (unix skt), clients: 6
[2026/09/25 20:32:08:5128] N: killing process, pid: 79015
[2026/09/25 20:32:08:5133] N: process killed with signal 0, pid: 79015
[2026/09/25 20:32:08:5226] N: WS closed from (unix skt), clients: 5
[2026/09/25 20:32:08:5226] N: killing process, pid: 79016
[2026/09/25 20:32:08:5230] N: process killed with signal 0, pid: 79016
[2026/09/25 20:32:08:5367] N: WS closed from (unix skt), clients: 4
[2026/09/25 20:32:08:5367] N: killing process, pid: 79017
[2026/09/25 20:32:08:5371] N: process killed with signal 0, pid: 79017
[2026/09/25 20:32:08:9642] N: WS closed from (unix skt), clients: 3
[2026/09/25 20:32:08:9642] N: killing process, pid: 79012
[2026/09/25 20:32:08:9650] N: process killed with signal 0, pid: 79012
[2026/09/25 20:32:09:0504] N: WS closed from (unix skt), clients: 2
[2026/09/25 20:32:09:0504] N: killing process, pid: 79020
[2026/09/25 20:32:09:0511] N: process killed with signal 0, pid: 79020
[2026/09/25 20:32:10:1596] N: WS closed from (unix skt), clients: 1
[2026/09/25 20:32:10:1598] N: killing process, pid: 79014
[2026/09/25 20:32:10:1599] N: WS closed from (unix skt), clients: 0
[2026/09/25 20:32:10:1599] N: killing process, pid: 79035
[2026/09/25 20:32:10:1620] N: process killed with signal 0, pid: 79014
[2026/09/25 20:32:10:1620] N: process killed with signal 0, pid: 79035
[2026/09/25 20:32:10:1841] N: WS   /ws - (unix skt), clients: 1
[2026/09/25 20:32:10:1842] N: WS   /ws - (unix skt), clients: 2
[2026/09/25 20:32:10:1842] N: WS   /ws - (unix skt), clients: 3
[2026/09/25 20:32:10:1843] N: WS   /ws - (unix skt), clients: 4
[2026/09/25 20:32:10:1843] N: WS   /ws - (unix skt), clients: 5
[2026/09/25 20:32:10:1843] N: WS   /ws - (unix skt), clients: 6
[2026/09/25 20:32:10:1843] N: WS   /ws - (unix skt), clients: 7
[2026/09/25 20:32:10:1844] N: WS   /ws - (unix skt), clients: 8
[2026/09/25 20:32:10:1844] N: WS   /ws - (unix skt), clients: 9
[2026/09/25 20:32:10:1844] N: WS   /ws - (unix skt), clients: 10
[2026/09/25 20:32:10:1863] N: started process, pid: 79411
[2026/09/25 20:32:10:1874] N: started process, pid: 79412
[2026/09/25 20:32:10:1884] N: started process, pid: 79414
[2026/09/25 20:32:10:1898] N: started process, pid: 79415
[2026/09/25 20:32:10:1910] N: started process, pid: 79416
[2026/09/25 20:32:10:1927] N: started process, pid: 79417
[2026/09/25 20:32:10:1945] N: started process, pid: 79418
[2026/09/25 20:32:10:1964] N: started process, pid: 79424
[2026/09/25 20:32:10:1980] N: started process, pid: 79430
[2026/09/25 20:32:10:1998] N: started process, pid: 79434
[2026/09/25 20:32:10:3075] N: WS closed from (unix skt), clients: 9
[2026/09/25 20:32:10:3076] N: killing process, pid: 79414
[2026/09/25 20:32:10:3109] N: process killed with signal 1, pid: 79414
[2026/09/25 20:32:10:3808] N: WS closed from (unix skt), clients: 8
[2026/09/25 20:32:10:3808] N: killing process, pid: 79430
[2026/09/25 20:32:10:3810] N: process killed with signal 1, pid: 79430
[2026/09/25 20:32:10:4652] N: WS closed from (unix skt), clients: 7
[2026/09/25 20:32:10:4652] N: killing process, pid: 79411
[2026/09/25 20:32:10:4659] N: process killed with signal 0, pid: 79411
[2026/09/25 20:32:10:4949] N: WS closed from (unix skt), clients: 6
[2026/09/25 20:32:10:4949] N: killing process, pid: 79416
[2026/09/25 20:32:10:4953] N: process killed with signal 0, pid: 79416
[2026/09/25 20:32:10:5379] N: WS closed from (unix skt), clients: 5
[2026/09/25 20:32:10:5379] N: killing process, pid: 79418
[2026/09/25 20:32:10:5384] N: process killed with signal 0, pid: 79418
[2026/09/25 20:32:10:5522] N: WS closed from (unix skt), clients: 4
[2026/09/25 20:32:10:5522] N: killing process, pid: 79417
[2026/09/25 20:32:10:5526] N: process killed with signal 0, pid: 79417
[2026/09/25 20:32:10:9821] N: WS closed from (unix skt), clients: 3
[2026/09/25 20:32:10:9822] N: killing process, pid: 79412
[2026/09/25 20:32:10:9834] N: process killed with signal 0, pid: 79412
[2026/09/25 20:32:11:0549] N: WS closed from (unix skt), clients: 2
[2026/09/25 20:32:11:0549] N: killing process, pid: 79424
[2026/09/25 20:32:11:0556] N: process killed with signal 0, pid: 79424
[2026/09/25 20:32:12:1866] N: WS closed from (unix skt), clients: 1
[2026/09/25 20:32:12:1867] N: killing process, pid: 79415
[2026/09/25 20:32:12:1868] N: WS closed from (unix skt), clients: 0
[2026/09/25 20:32:12:1869] N: killing process, pid: 79434
[2026/09/25 20:32:12:1893] N: process killed with signal 0, pid: 79415
[2026/09/25 20:32:12:1894] N: process killed with signal 0, pid: 79434
[2026/09/25 20:32:12:2098] N: WS   /ws - (unix skt), clients: 1
[2026/09/25 20:32:12:2098] N: WS   /ws - (unix skt), clients: 2
[2026/09/25 20:32:12:2098] N: WS   /ws - (unix skt), clients: 3
[2026/09/25 20:32:12:2099] N: WS   /ws - (unix skt), clients: 4
[2026/09/25 20:32:12:2099] N: WS   /ws - (unix skt), clients: 5
[2026/09/25 20:32:12:2099] N: WS   /ws - (unix skt), clients: 6
[2026/09/25 20:32:12:2099] N: WS   /ws - (unix skt), clients: 7
[2026/09/25 20:32:12:2099] N: WS   /ws - (unix skt), clients: 8
[2026/09/25 20:32:12:2100] N: WS   /ws - (unix skt), clients: 9
[2026/09/25 20:32:12:2100] N: WS   /ws - (unix skt), clients: 10
[2026/09/25 20:32:12:2116] N: started process, pid: 79668
[2026/09/25 20:32:12:2123] N: started process, pid: 79669
[2026/09/25 20:32:12:2130] N: started process, pid: 79670
[2026/09/25 20:32:12:2139] N: started process, pid: 79671
[2026/09/25 20:32:12:2160] N: started process, pid: 79672
[2026/09/25 20:32:12:2186] N: started process, pid: 79675
[2026/09/25 20:32:12:2208] N: started process, pid: 79682
[2026/09/25 20:32:12:2227] N: started process, pid: 79693
[2026/09/25 20:32:12:2235] N: started process, pid: 79697
[2026/09/25 20:32:12:2252] N: started process, pid: 79699
[2026/09/25 20:32:12:3208] N: WS closed from (unix skt), clients: 9
[2026/09/25 20:32:12:3209] N: killing process, pid: 79670
[2026/09/25 20:32:12:3211] N: process killed with signal 1, pid: 79670
[2026/09/25 20:32:12:3842] N: WS closed from (unix skt), clients: 8
[2026/09/25 20:32:12:3842] N: killing process, pid: 79697
[2026/09/25 20:32:12:3845] N: process killed with signal 1, pid: 79697
[2026/09/25 20:32:12:5227] N: WS closed from (unix skt), clients: 7
[2026/09/25 20:32:12:5227] N: killing process, pid: 79668
[2026/09/25 20:32:12:5228] N: WS closed from (unix skt), clients: 6
[2026/09/25 20:32:12:5228] N: killing process, pid: 79675
[2026/09/25 20:32:12:5232] N: process killed with signal 0, pid: 79668
[2026/09/25 20:32:12:5232] N: process killed with signal 0, pid: 79675
[2026/09/25 20:32:12:5730] N: WS closed from (unix skt), clients: 5
[2026/09/25 20:32:12:5730] N: killing process, pid: 79672
[2026/09/25 20:32:12:5735] N: process killed with signal 0, pid: 79672
[2026/09/25 20:32:12:5845] N: WS closed from (unix skt), clients: 4
[2026/09/25 20:32:12:5846] N: killing process, pid: 79682
[2026/09/25 20:32:12:5850] N: process killed with signal 0, pid: 79682
[2026/09/25 20:32:12:9961] N: WS closed from (unix skt), clients: 3
[2026/09/25 20:32:12:9961] N: killing process, pid: 79669
[2026/09/25 20:32:12:9969] N: process killed with signal 0, pid: 79669
[2026/09/25 20:32:13:1015] N: WS closed from (unix skt), clients: 2
[2026/09/25 20:32:13:1015] N: killing process, pid: 79693
[2026/09/25 20:32:13:1025] N: process killed with signal 0, pid: 79693
[2026/09/25 20:32:14:2122] N: WS closed from (unix skt), clients: 1
[2026/09/25 20:32:14:2123] N: killing process, pid: 79671
[2026/09/25 20:32:14:2124] N: WS closed from (unix skt), clients: 0
[2026/09/25 20:32:14:2124] N: killing process, pid: 79699
[2026/09/25 20:32:14:2130] N: process killed with signal 0, pid: 79671
[2026/09/25 20:32:14:2138] N: process killed with signal 0, pid: 79699
[2026/09/25 20:32:14:2281] N: WS   /ws - (unix skt), clients: 1
[2026/09/25 20:32:14:2282] N: WS   /ws - (unix skt), clients: 2
[2026/09/25 20:32:14:2283] N: WS   /ws - (unix skt), clients: 3
[2026/09/25 20:32:14:2283] N: WS   /ws - (unix skt), clients: 4
[2026/09/25 20:32:14:2284] N: WS   /ws - (unix skt), clients: 5
[2026/09/25 20:32:14:2284] N: WS   /ws - (unix skt), clients: 6
[2026/09/25 20:32:14:2284] N: WS   /ws - (unix skt), clients: 7
[2026/09/25 20:32:14:2285] N: WS   /ws - (unix skt), clients: 8
[2026/09/25 20:32:14:2285] N: WS   /ws - (unix skt), clients: 9
[2026/09/25 20:32:14:2285] N: WS   /ws - (unix skt), clients: 10
[2026/09/25 20:32:14:2301] N: started process, pid: 80111
[2026/09/25 20:32:14:2315] N: started process, pid: 80112
[2026/09/25 20:32:14:2339] N: started process, pid: 80113
[2026/09/25 20:32:14:2357] N: started process, pid: 80114
[2026/09/25 20:32:14:2378] N: started process, pid: 80115
[2026/09/25 20:32:14:2391] N: started process, pid: 80116
[2026/09/25 20:32:14:2405] N: started process, pid: 80117
[2026/09/25 20:32:14:2416] N: started process, pid: 80118
[2026/09/25 20:32:14:2428] N: started process, pid: 80119
[2026/09/25 20:32:14:2442] N: started process, pid: 80124
[2026/09/25 20:32:14:3695] N: WS closed from (unix skt), clients: 9
[2026/09/25 20:32:14:3696] N: killing process, pid: 80113
[2026/09/25 20:32:14:3701] N: process killed with signal 1, pid: 80113
[2026/09/25 20:32:14:4195] N: WS closed from (unix skt), clients: 8
[2026/09/25 20:32:14:4196] N: killing process, pid: 80119
[2026/09/25 20:32:14:4198] N: process killed with signal 1, pid: 80119
[2026/09/25 20:32:14:5716] N: WS closed from (unix skt), clients: 7
[2026/09/25 20:32:14:5717] N: killing process, pid: 80111
[2026/09/25 20:32:14:5722] N: process killed with signal 0, pid: 80111
[2026/09/25 20:32:14:5847] N: WS closed from (unix skt), clients: 6
[2026/09/25 20:32:14:5847] N: killing process, pid: 80116
[2026/09/25 20:32:14:5852] N: process killed with signal 0, pid: 80116
[2026/09/25 20:32:14:5968] N: WS closed from (unix skt), clients: 5
[2026/09/25 20:32:14:5968] N: killing process, pid: 80115
[2026/09/25 20:32:14:5972] N: process killed with signal 0, pid: 80115
[2026/09/25 20:32:14:6090] N: WS closed from (unix skt), clients: 4
[2026/09/25 20:32:14:6090] N: killing process, pid: 80118
[2026/09/25 20:32:14:6095] N: process killed with signal 0, pid: 80118
[2026/09/25 20:32:15:0494] N: WS closed from (unix skt), clients: 3
[2026/09/25 20:32:15:0494] N: killing process, pid: 80112
[2026/09/25 20:32:15:0502] N: process killed with signal 0, pid: 80112
[2026/09/25 20:32:15:1204] N: WS closed from (unix skt), clients: 2
[2026/09/25 20:32:15:1206] N: killing process, pid: 80117
[2026/09/25 20:32:15:1215] N: process killed with signal 0, pid: 80117
[2026/09/25 20:32:16:2308] N: WS closed from (unix skt), clients: 1
[2026/09/25 20:32:16:2310] N: killing process, pid: 80114
[2026/09/25 20:32:16:2311] N: WS closed from (unix skt), clients: 0
[2026/09/25 20:32:16:2312] N: killing process, pid: 80124
[2026/09/25 20:32:16:2344] N: process killed with signal 0, pid: 80114
[2026/09/25 20:32:16:2346] N: process killed with signal 0, pid: 80124
[2026/09/25 20:32:16:2572] N: WS   /ws - (unix skt), clients: 1
[2026/09/25 20:32:16:2572] N: WS   /ws - (unix skt), clients: 2
[2026/09/25 20:32:16:2573] N: WS   /ws - (unix skt), clients: 3
[2026/09/25 20:32:16:2573] N: WS   /ws - (unix skt), clients: 4
[2026/09/25 20:32:16:2573] N: WS   /ws - (unix skt), clients: 5
[2026/09/25 20:32:16:2573] N: WS   /ws - (unix skt), clients: 6
[2026/09/25 20:32:16:2574] N: WS   /ws - (unix skt), clients: 7
[2026/09/25 20:32:16:2574] N: WS   /ws - (unix skt), clients: 8
[2026/09/25 20:32:16:2574] N: WS   /ws - (unix skt), clients: 9
[2026/09/25 20:32:16:2574] N: WS   /ws - (unix skt), clients: 10
[2026/09/25 20:32:16:2594] N: started process, pid: 80342
[2026/09/25 20:32:16:2605] N: started process, pid: 80343
[2026/09/25 20:32:16:2616] N: started process, pid: 80344
[2026/09/25 20:32:16:2636] N: started process, pid: 80345
[2026/09/25 20:32:16:2647] N: started process, pid: 80346
[2026/09/25 20:32:16:2662] N: started process, pid: 80347
[2026/09/25 20:32:16:2676] N: started process, pid: 80349
[2026/09/25 20:32:16:2692] N: started process, pid: 80356
[2026/09/25 20:32:16:2708] N: started process, pid: 80361
[2026/09/25 20:32:16:2720] N: started process, pid: 80363
[2026/09/25 20:32:16:4162] N: WS closed from (unix skt), clients: 9
[2026/09/25 20:32:16:4163] N: killing process, pid: 80344
[2026/09/25 20:32:16:4166] N: process killed with signal 1, pid: 80344
[2026/09/25 20:32:16:5146] N: WS closed from (unix skt), clients: 8
[2026/09/25 20:32:16:5146] N: killing process, pid: 80361
[2026/09/25 20:32:16:5148] N: process killed with signal 1, pid: 80361
[2026/09/25 20:32:16:5640] N: WS closed from (unix skt), clients: 7
[2026/09/25 20:32:16:5640] N: killing process, pid: 80342
[2026/09/25 20:32:16:5644] N: process killed with signal 0, pid: 80342
[2026/09/25 20:32:16:6673] N: WS closed from (unix skt), clients: 6
[2026/09/25 20:32:16:6674] N: killing process, pid: 80346
[2026/09/25 20:32:16:6678] N: process killed with signal 0, pid: 80346
[2026/09/25 20:32:16:6825] N: WS closed from (unix skt), clients: 5
[2026/09/25 20:32:16:6825] N: killing process, pid: 80349
[2026/09/25 20:32:16:6828] N: process killed with signal 0, pid: 80349
[2026/09/25 20:32:16:7016] N: WS closed from (unix skt), clients: 4
[2026/09/25 20:32:16:7016] N: killing process, pid: 80347
[2026/09/25 20:32:16:7020] N: process killed with signal 0, pid: 80347
[2026/09/25 20:32:17:0320] N: WS closed from (unix skt), clients: 3
[2026/09/25 20:32:17:0321] N: killing process, pid: 80343
[2026/09/25 20:32:17:0327] N: process killed with signal 0, pid: 80343
[2026/09/25 20:32:17:1705] N: WS closed from (unix skt), clients: 2
[2026/09/25 20:32:17:1706] N: killing process, pid: 80356
[2026/09/25 20:32:17:1725] N: process killed with signal 0, pid: 80356
[2026/09/25 20:32:18:2587] N: WS closed from (unix skt), clients: 1
[2026/09/25 20:32:18:2589] N: killing process, pid: 80345
[2026/09/25 20:32:18:2592] N: WS closed from (unix skt), clients: 0
[2026/09/25 20:32:18:2592] N: killing process, pid: 80363
[2026/09/25 20:32:18:2613] N: process killed with signal 0, pid: 80345
[2026/09/25 20:32:18:2614] N: process killed with signal 0, pid: 80363
[2026/09/25 20:32:18:2843] N: WS   /ws - (unix skt), clients: 1
[2026/09/25 20:32:18:2843] N: WS   /ws - (unix skt), clients: 2
[2026/09/25 20:32:18:2843] N: WS   /ws - (unix skt), clients: 3
[2026/09/25 20:32:18:2844] N: WS   /ws - (unix skt), clients: 4
[2026/09/25 20:32:18:2844] N: WS   /ws - (unix skt), clients: 5
[2026/09/25 20:32:18:2844] N: WS   /ws - (unix skt), clients: 6
[2026/09/25 20:32:18:2844] N: WS   /ws - (unix skt), clients: 7
[2026/09/25 20:32:18:2844] N: WS   /ws - (unix skt), clients: 8
[2026/09/25 20:32:18:2845] N: WS   /ws - (unix skt), clients: 9
[2026/09/25 20:32:18:2845] N: WS   /ws - (unix skt), clients: 10
[2026/09/25 20:32:18:2862] N: started process, pid: 80673
[2026/09/25 20:32:18:2870] N: started process, pid: 80674
[2026/09/25 20:32:18:2879] N: started process, pid: 80675
[2026/09/25 20:32:18:2897] N: started process, pid: 80676
[2026/09/25 20:32:18:2910] N: started process, pid: 80677
[2026/09/25 20:32:18:2931] N: started process, pid: 80678
[2026/09/25 20:32:18:2945] N: started process, pid: 80682
[2026/09/25 20:32:18:2959] N: started process, pid: 80688
[2026/09/25 20:32:18:2972] N: started process, pid: 80691
[2026/09/25 20:32:18:2985] N: started process, pid: 80695
[2026/09/25 20:32:18:3860] N: WS closed from (unix skt), clients: 9
[2026/09/25 20:32:18:3861] N: killing process, pid: 80675
[2026/09/25 20:32:18:3864] N: process killed with signal 1, pid: 80675
[2026/09/25 20:32:18:4783] N: WS closed from (unix skt), clients: 8
[2026/09/25 20:32:18:4784] N: killing process, pid: 80691
[2026/09/25 20:32:18:4792] N: process killed with signal 1, pid: 80691
[2026/09/25 20:32:18:6278] N: WS closed from (unix skt), clients: 7
[2026/09/25 20:32:18:6279] N: killing process, pid: 80673
[2026/09/25 20:32:18:6284] N: process killed with signal 0, pid: 80673
[2026/09/25 20:32:18:6540] N: WS closed from (unix skt), clients: 6
[2026/09/25 20:32:18:6540] N: killing process, pid: 80677
[2026/09/25 20:32:18:6545] N: process killed with signal 0, pid: 80677
[2026/09/25 20:32:18:6671] N: WS closed from (unix skt), clients: 5
[2026/09/25 20:32:18:6671] N: killing process, pid: 80682
[2026/09/25 20:32:18:6676] N: process killed with signal 0, pid: 80682
[2026/09/25 20:32:18:6787] N: WS closed from (unix skt), clients: 4
[2026/09/25 20:32:18:6788] N: killing process, pid: 80678
[2026/09/25 20:32:18:6792] N: process killed with signal 0, pid: 80678
[2026/09/25 20:32:19:0677] N: WS closed from (unix skt), clients: 3
[2026/09/25 20:32:19:0678] N: killing process, pid: 80674
[2026/09/25 20:32:19:0684] N: process killed with signal 0, pid: 80674
[2026/09/25 20:32:19:1958] N: WS closed from (unix skt), clients: 2
[2026/09/25 20:32:19:1960] N: killing process, pid: 80688
[2026/09/25 20:32:19:1970] N: process killed with signal 0, pid: 80688
[2026/09/25 20:32:20:2869] N: WS closed from (unix skt), clients: 1
[2026/09/25 20:32:20:2870] N: killing process, pid: 80676
[2026/09/25 20:32:20:2871] N: WS closed from (unix skt), clients: 0
[2026/09/25 20:32:20:2871] N: killing process, pid: 80695
[2026/09/25 20:32:20:2895] N: process killed with signal 0, pid: 80676
[2026/09/25 20:32:20:2895] N: process killed with signal 0, pid: 80695
[2026/09/25 20:32:20:3036] N: WS   /ws - (unix skt), clients: 1
[2026/09/25 20:32:20:3037] N: WS   /ws - (unix skt), clients: 2
[2026/09/25 20:32:20:3037] N: WS   /ws - (unix skt), clients: 3
[2026/09/25 20:32:20:3037] N: WS   /ws - (unix skt), clients: 4
[2026/09/25 20:32:20:3037] N: WS   /ws - (unix skt), clients: 5
[2026/09/25 20:32:20:3037] N: WS   /ws - (unix skt), clients: 6
[2026/09/25 20:32:20:3038] N: WS   /ws - (unix skt), clients: 7
[2026/09/25 20:32:20:3038] N: WS   /ws - (unix skt), clients: 8
[2026/09/25 20:32:20:3038] N: WS   /ws - (unix skt), clients: 9
[2026/09/25 20:32:20:3038] N: WS   /ws - (unix skt), clients: 10
[2026/09/25 20:32:20:3055] N: started process, pid: 81007
[2026/09/25 20:32:20:3063] N: started process, pid: 81008
[2026/09/25 20:32:20:3071] N: started process, pid: 81009
[2026/09/25 20:32:20:3082] N: started process, pid: 81010
[2026/09/25 20:32:20:3098] N: started process, pid: 81011
[2026/09/25 20:32:20:3108] N: started process, pid: 81012
[2026/09/25 20:32:20:3124] N: started process, pid: 81013
[2026/09/25 20:32:20:3143] N: started process, pid: 81015
[2026/09/25 20:32:20:3158] N: started process, pid: 81024
[2026/09/25 20:32:20:3171] N: started process, pid: 81029
[2026/09/25 20:32:20:4302] N: WS closed from (unix skt), clients: 9
[2026/09/25 20:32:20:4303] N: killing process, pid: 81009
[2026/09/25 20:32:20:4308] N: process killed with signal 1, pid: 81009
[2026/09/25 20:32:20:4978] N: WS closed from (unix skt), clients: 8
[2026/09/25 20:32:20:4979] N: killing process, pid: 81024
[2026/09/25 20:32:20:4982] N: process killed with signal 1, pid: 81024
[2026/09/25 20:32:20:6457] N: WS closed from (unix skt), clients: 7
[2026/09/25 20:32:20:6458] N: killing process, pid: 81007
[2026/09/25 20:32:20:6462] N: process killed with signal 0, pid: 81007
[2026/09/25 20:32:20:6722] N: WS closed from (unix skt), clients: 6
[2026/09/25 20:32:20:6722] N: killing process, pid: 81011
[2026/09/25 20:32:20:6727] N: process killed with signal 0, pid: 81011
[2026/09/25 20:32:20:6843] N: WS closed from (unix skt), clients: 5
[2026/09/25 20:32:20:6844] N: killing process, pid: 81013
[2026/09/25 20:32:20:6847] N: process killed with signal 0, pid: 81013
[2026/09/25 20:32:20:6985] N: WS closed from (unix skt), clients: 4
[2026/09/25 20:32:20:6985] N: killing process, pid: 81012
[2026/09/25 20:32:20:6989] N: process killed with signal 0, pid: 81012
[2026/09/25 20:32:21:0680] N: WS closed from (unix skt), clients: 3
[2026/09/25 20:32:21:0680] N: killing process, pid: 81008
[2026/09/25 20:32:21:0688] N: process killed with signal 0, pid: 81008
[2026/09/25 20:32:21:1592] N: WS closed from (unix skt), clients: 2
[2026/09/25 20:32:21:1593] N: killing process, pid: 81015
[2026/09/25 20:32:21:1605] N: process killed with signal 0, pid: 81015
[2026/09/25 20:32:22:3034] N: WS closed from (unix skt), clients: 1
[2026/09/25 20:32:22:3035] N: killing process, pid: 81010
[2026/09/25 20:32:22:3035] N: WS closed from (unix skt), clients: 0
[2026/09/25 20:32:22:3035] N: killing process, pid: 81029
[2026/09/25 20:32:22:3042] N: process killed with signal 0, pid: 81010
[2026/09/25 20:32:22:3049] N: process killed with signal 0, pid: 81029
[2026/09/25 20:32:22:3143] N: WS   /ws - (unix skt), clients: 1
[2026/09/25 20:32:22:3143] N: WS   /ws - (unix skt), clients: 2
[2026/09/25 20:32:22:3143] N: WS   /ws - (unix skt), clients: 3
[2026/09/25 20:32:22:3144] N: WS   /ws - (unix skt), clients: 4
[2026/09/25 20:32:22:3144] N: WS   /ws - (unix skt), clients: 5
[2026/09/25 20:32:22:3144] N: WS   /ws - (unix skt), clients: 6
[2026/09/25 20:32:22:3144] N: WS   /ws - (unix skt), clients: 7
[2026/09/25 20:32:22:3144] N: WS   /ws - (unix skt), clients: 8
[2026/09/25 20:32:22:3144] N: WS   /ws - (unix skt), clients: 9
[2026/09/25 20:32:22:3161] N: started process, pid: 81325
[2026/09/25 20:32:22:3168] N: started process, pid: 81326
[2026/09/25 20:32:22:3176] N: started process, pid: 81327
[2026/09/25 20:32:22:3178] N: WS   /ws - (unix skt), clients: 10
[2026/09/25 20:32:22:3187] N: started process, pid: 81329
[2026/09/25 20:32:22:3202] N: started process, pid: 81330
[2026/09/25 20:32:22:3210] N: started process, pid: 81331
[2026/09/25 20:32:22:3226] N: started process, pid: 81337
[2026/09/25 20:32:22:3250] N: started process, pid: 81346
[2026/09/25 20:32:22:3274] N: started process, pid: 81349
[2026/09/25 20:32:22:3291] N: started process, pid: 81361
[2026/09/25 20:32:22:4474] N: WS closed from (unix skt), clients: 9
[2026/09/25 20:32:22:4475] N: killing process, pid: 81327
[2026/09/25 20:32:22:4479] N: process killed with signal 1, pid: 81327
[2026/09/25 20:32:22:4985] N: WS closed from (unix skt), clients: 8
[2026/09/25 20:32:22:4986] N: killing process, pid: 81361
[2026/09/25 20:32:22:4990] N: process killed with signal 1, pid: 81361
[2026/09/25 20:32:22:6367] N: WS closed from (unix skt), clients: 7
[2026/09/25 20:32:22:6367] N: killing process, pid: 81329
[2026/09/25 20:32:22:6372] N: process killed with signal 0, pid: 81329
[2026/09/25 20:32:22:6498] N: WS closed from (unix skt), clients: 6
[2026/09/25 20:32:22:6498] N: killing process, pid: 81325
[2026/09/25 20:32:22:6502] N: process killed with signal 0, pid: 81325
[2026/09/25 20:32:22:6870] N: WS closed from (unix skt), clients: 5
[2026/09/25 20:32:22:6871] N: killing process, pid: 81346
[2026/09/25 20:32:22:6871] N: WS closed from (unix skt), clients: 4
[2026/09/25 20:32:22:6871] N: killing process, pid: 81337
[2026/09/25 20:32:22:6877] N: process killed with signal 0, pid: 81346
[2026/09/25 20:32:22:6877] N: process killed with signal 0, pid: 81337
[2026/09/25 20:32:23:0684] N: WS closed from (unix skt), clients: 3
[2026/09/25 20:32:23:0684] N: killing process, pid: 81326
[2026/09/25 20:32:23:0692] N: process killed with signal 0, pid: 81326
[2026/09/25 20:32:23:2021] N: WS closed from (unix skt), clients: 2
[2026/09/25 20:32:23:2022] N: killing process, pid: 81349
[2026/09/25 20:32:23:2026] N: process killed with signal 0, pid: 81349
[2026/09/25 20:32:24:3167] N: WS closed from (unix skt), clients: 1
[2026/09/25 20:32:24:3168] N: killing process, pid: 81331
[2026/09/25 20:32:24:3176] N: process killed with signal 0, pid: 81331
[2026/09/25 20:32:24:3181] N: WS closed from (unix skt), clients: 0
[2026/09/25 20:32:24:3181] N: killing process, pid: 81330
[2026/09/25 20:32:24:3188] N: process killed with signal 0, pid: 81330
[2026/09/25 20:32:24:3310] N: WS   /ws - (unix skt), clients: 1
[2026/09/25 20:32:24:3311] N: WS   /ws - (unix skt), clients: 2
[2026/09/25 20:32:24:3311] N: WS   /ws - (unix skt), clients: 3
[2026/09/25 20:32:24:3311] N: WS   /ws - (unix skt), clients: 4
[2026/09/25 20:32:24:3311] N: WS   /ws - (unix skt), clients: 5
[2026/09/25 20:32:24:3311] N: WS   /ws - (unix skt), clients: 6
[2026/09/25 20:32:24:3312] N: WS   /ws - (unix skt), clients: 7
[2026/09/25 20:32:24:3312] N: WS   /ws - (unix skt), clients: 8
[2026/09/25 20:32:24:3312] N: WS   /ws - (unix skt), clients: 9
[2026/09/25 20:32:24:3312] N: WS   /ws - (unix skt), clients: 10
[2026/09/25 20:32:24:3329] N: started process, pid: 81624
[2026/09/25 20:32:24:3336] N: started process, pid: 81625
[2026/09/25 20:32:24:3344] N: started process, pid: 81626
[2026/09/25 20:32:24:3353] N: started process, pid: 81627
[2026/09/25 20:32:24:3367] N: started process, pid: 81628
[2026/09/25 20:32:24:3375] N: started process, pid: 81630
[2026/09/25 20:32:24:3394] N: started process, pid: 81631
[2026/09/25 20:32:24:3401] N: started process, pid: 81637
[2026/09/25 20:32:24:3423] N: started process, pid: 81642
[2026/09/25 20:32:24:3432] N: started process, pid: 81651
[2026/09/25 20:32:24:4644] N: WS closed from (unix skt), clients: 9
[2026/09/25 20:32:24:4645] N: killing process, pid: 81626
[2026/09/25 20:32:24:4650] N: process killed with signal 1, pid: 81626
[2026/09/25 20:32:24:5129] N: WS closed from (unix skt), clients: 8
[2026/09/25 20:32:24:5130] N: killing process, pid: 81642
[2026/09/25 20:32:24:5133] N: process killed with signal 1, pid: 81642
[2026/09/25 20:32:24:6240] N: WS closed from (unix skt), clients: 7
[2026/09/25 20:32:24:6240] N: killing process, pid: 81624
[2026/09/25 20:32:24:6243] N: process killed with signal 0, pid: 81624
[2026/09/25 20:32:24:6903] N: WS closed from (unix skt), clients: 6
[2026/09/25 20:32:24:6904] N: killing process, pid: 81628
[2026/09/25 20:32:24:6907] N: process killed with signal 0, pid: 81628
[2026/09/25 20:32:24:7118] N: WS closed from (unix skt), clients: 5
[2026/09/25 20:32:24:7119] N: killing process, pid: 81630
[2026/09/25 20:32:24:7122] N: process killed with signal 0, pid: 81630
[2026/09/25 20:32:24:7151] N: WS closed from (unix skt), clients: 4
[2026/09/25 20:32:24:7151] N: killing process, pid: 81631
[2026/09/25 20:32:24:7154] N: process killed with signal 0, pid: 81631
[2026/09/25 20:32:25:1523] N: WS closed from (unix skt), clients: 3
[2026/09/25 20:32:25:1524] N: killing process, pid: 81625
[2026/09/25 20:32:25:1537] N: process killed with signal 0, pid: 81625
[2026/09/25 20:32:25:1795] N: WS closed from (unix skt), clients: 2
[2026/09/25 20:32:25:1795] N: killing process, pid: 81637
[2026/09/25 20:32:25:1810] N: process killed with signal 0, pid: 81637
[2026/09/25 20:32:26:3331] N: WS closed from (unix skt), clients: 1
[2026/09/25 20:32:26:3332] N: killing process, pid: 81627
[2026/09/25 20:32:26:3332] N: WS closed from (unix skt), clients: 0
[2026/09/25 20:32:26:3332] N: killing process, pid: 81651
[2026/09/25 20:32:26:3346] N: process killed with signal 0, pid: 81627
[2026/09/25 20:32:26:3347] N: process killed with signal 0, pid: 81651
[2026/09/25 20:32:26:3440] N: WS   /ws - (unix skt), clients: 1
[2026/09/25 20:32:26:3440] N: WS   /ws - (unix skt), clients: 2
[2026/09/25 20:32:26:3440] N: WS   /ws - (unix skt), clients: 3
[2026/09/25 20:32:26:3440] N: WS   /ws - (unix skt), clients: 4
[2026/09/25 20:32:26:3440] N: WS   /ws - (unix skt), clients: 5
[2026/09/25 20:32:26:3440] N: WS   /ws - (unix skt), clients: 6
[2026/09/25 20:32:26:3441] N: WS   /ws - (unix skt), clients: 7
[2026/09/25 20:32:26:3441] N: WS   /ws - (unix skt), clients: 8
[2026/09/25 20:32:26:3452] N: started process, pid: 82143
[2026/09/25 20:32:26:3458] N: started process, pid: 82144
[2026/09/25 20:32:26:3459] N: WS   /ws - (unix skt), clients: 9
[2026/09/25 20:32:26:3459] N: WS   /ws - (unix skt), clients: 10
[2026/09/25 20:32:26:3464] N: started process, pid: 82145
[2026/09/25 20:32:26:3471] N: started process, pid: 82146
[2026/09/25 20:32:26:3479] N: started process, pid: 82147
[2026/09/25 20:32:26:3487] N: started process, pid: 82148
[2026/09/25 20:32:26:3497] N: started process, pid: 82149
[2026/09/25 20:32:26:3505] N: started process, pid: 82153
[2026/09/25 20:32:26:3519] N: started process, pid: 82158
[2026/09/25 20:32:26:3539] N: started process, pid: 82166
[2026/09/25 20:32:26:4083] N: WS closed from (unix skt), clients: 9
[2026/09/25 20:32:26:4083] N: killing process, pid: 82146
[2026/09/25 20:32:26:4095] N: process killed with signal 1, pid: 82146
[2026/09/25 20:32:26:4652] N: WS closed from (unix skt), clients: 8
[2026/09/25 20:32:26:4652] N: killing process, pid: 82148
[2026/09/25 20:32:26:4655] N: process killed with signal 1, pid: 82148
[2026/09/25 20:32:26:6430] N: WS closed from (unix skt), clients: 7
[2026/09/25 20:32:26:6431] N: killing process, pid: 82143
[2026/09/25 20:32:26:6435] N: process killed with signal 0, pid: 82143
[2026/09/25 20:32:26:6672] N: WS closed from (unix skt), clients: 6
[2026/09/25 20:32:26:6672] N: killing process, pid: 82145
[2026/09/25 20:32:26:6676] N: process killed with signal 0, pid: 82145
[2026/09/25 20:32:26:7034] N: WS closed from (unix skt), clients: 5
[2026/09/25 20:32:26:7035] N: killing process, pid: 82158
[2026/09/25 20:32:26:7035] N: WS closed from (unix skt), clients: 4
[2026/09/25 20:32:26:7035] N: killing process, pid: 82153
[2026/09/25 20:32:26:7039] N: process killed with signal 0, pid: 82158
[2026/09/25 20:32:26:7039] N: process killed with signal 0, pid: 82153
[2026/09/25 20:32:27:1686] N: WS closed from (unix skt), clients: 3
[2026/09/25 20:32:27:1687] N: killing process, pid: 82144
[2026/09/25 20:32:27:1698] N: process killed with signal 0, pid: 82144
[2026/09/25 20:32:27:2227] N: WS closed from (unix skt), clients: 2
[2026/09/25 20:32:27:2228] N: killing process, pid: 82166
[2026/09/25 20:32:27:2237] N: process killed with signal 0, pid: 82166
[2026/09/25 20:32:28:3436] N: WS closed from (unix skt), clients: 1
[2026/09/25 20:32:28:3437] N: killing process, pid: 82149
[2026/09/25 20:32:28:3445] N: process killed with signal 0, pid: 82149
[2026/09/25 20:32:28:3462] N: WS closed from (unix skt), clients: 0
[2026/09/25 20:32:28:3462] N: killing process, pid: 82147
[2026/09/25 20:32:28:3472] N: process killed with signal 0, pid: 82147
[2026/09/25 20:32:28:3592] N: WS   /ws - (unix skt), clients: 1
[2026/09/25 20:32:28:3592] N: WS   /ws - (unix skt), clients: 2
[2026/09/25 20:32:28:3593] N: WS   /ws - (unix skt), clients: 3
[2026/09/25 20:32:28:3593] N: WS   /ws - (unix skt), clients: 4
[2026/09/25 20:32:28:3593] N: WS   /ws - (unix skt), clients: 5
[2026/09/25 20:32:28:3593] N: WS   /ws - (unix skt), clients: 6
[2026/09/25 20:32:28:3593] N: WS   /ws - (unix skt), clients: 7
[2026/09/25 20:32:28:3593] N: WS   /ws - (unix skt), clients: 8
[2026/09/25 20:32:28:3594] N: WS   /ws - (unix skt), clients: 9
[2026/09/25 20:32:28:3594] N: WS   /ws - (unix skt), clients: 10
[2026/09/25 20:32:28:3609] N: started process, pid: 82517
[2026/09/25 20:32:28:3616] N: started process, pid: 82518
[2026/09/25 20:32:28:3624] N: started process, pid: 82519
[2026/09/25 20:32:28:3630] N: started process, pid: 82520
[2026/09/25 20:32:28:3639] N: started process, pid: 82521
[2026/09/25 20:32:28:3649] N: started process, pid: 82522
[2026/09/25 20:32:28:3657] N: started process, pid: 82523
[2026/09/25 20:32:28:3669] N: started process, pid: 82524
[2026/09/25 20:32:28:3693] N: started process, pid: 82527
[2026/09/25 20:32:28:3715] N: started process, pid: 82534
[2026/09/25 20:32:28:4726] N: WS closed from (unix skt), clients: 9
[2026/09/25 20:32:28:4727] N: killing process, pid: 82519
[2026/09/25 20:32:28:4732] N: process killed with signal 1, pid: 82519
[2026/09/25 20:32:28:5425] N: WS closed from (unix skt), clients: 8
[2026/09/25 20:32:28:5425] N: killing process, pid: 82527
[2026/09/25 20:32:28:5429] N: process killed with signal 1, pid: 82527
[2026/09/25 20:32:28:6589] N: WS closed from (unix skt), clients: 7
[2026/09/25 20:32:28:6590] N: killing process, pid: 82517
[2026/09/25 20:32:28:6594] N: process killed with signal 0, pid: 82517
[2026/09/25 20:32:28:7182] N: WS closed from (unix skt), clients: 6
[2026/09/25 20:32:28:7183] N: killing process, pid: 82520
[2026/09/25 20:32:28:7187] N: process killed with signal 0, pid: 82520
[2026/09/25 20:32:28:7308] N: WS closed from (unix skt), clients: 5
[2026/09/25 20:32:28:7309] N: killing process, pid: 82522
[2026/09/25 20:32:28:7309] N: WS closed from (unix skt), clients: 4
[2026/09/25 20:32:28:7309] N: killing process, pid: 82523
[2026/09/25 20:32:28:7312] N: process killed with signal 0, pid: 82522
[2026/09/25 20:32:28:7312] N: process killed with signal 0, pid: 82523
[2026/09/25 20:32:29:1611] N: WS closed from (unix skt), clients: 3
[2026/09/25 20:32:29:1612] N: killing process, pid: 82518
[2026/09/25 20:32:29:1625] N: process killed with signal 0, pid: 82518
[2026/09/25 20:32:29:2596] N: WS closed from (unix skt), clients: 2
[2026/09/25 20:32:29:2597] N: killing process, pid: 82524
[2026/09/25 20:32:29:2609] N: process killed with signal 0, pid: 82524
[2026/09/25 20:32:30:3602] N: WS closed from (unix skt), clients: 1
[2026/09/25 20:32:30:3603] N: killing process, pid: 82521
[2026/09/25 20:32:30:3603] N: WS closed from (unix skt), clients: 0
[2026/09/25 20:32:30:3603] N: killing process, pid: 82534
[2026/09/25 20:32:30:3614] N: process killed with signal 0, pid: 82534
[2026/09/25 20:32:30:3615] N: process killed with signal 0, pid: 82521
[2026/09/25 20:32:30:3696] N: WS   /ws - (unix skt), clients: 1
[2026/09/25 20:32:30:3697] N: WS   /ws - (unix skt), clients: 2
[2026/09/25 20:32:30:3697] N: WS   /ws - (unix skt), clients: 3
[2026/09/25 20:32:30:3697] N: WS   /ws - (unix skt), clients: 4
[2026/09/25 20:32:30:3697] N: WS   /ws - (unix skt), clients: 5
[2026/09/25 20:32:30:3697] N: WS   /ws - (unix skt), clients: 6
[2026/09/25 20:32:30:3697] N: WS   /ws - (unix skt), clients: 7
[2026/09/25 20:32:30:3697] N: WS   /ws - (unix skt), clients: 8
[2026/09/25 20:32:30:3698] N: WS   /ws - (unix skt), clients: 9
[2026/09/25 20:32:30:3698] N: WS   /ws - (unix skt), clients: 10
[2026/09/25 20:32:30:3713] N: started process, pid: 82877
[2026/09/25 20:32:30:3720] N: started process, pid: 82878
[2026/09/25 20:32:30:3726] N: started process, pid: 82879
[2026/09/25 20:32:30:3732] N: started process, pid: 82880
[2026/09/25 20:32:30:3740] N: started process, pid: 82881
[2026/09/25 20:32:30:3748] N: started process, pid: 82882
[2026/09/25 20:32:30:3758] N: started process, pid: 82883
[2026/09/25 20:32:30:3770] N: started process, pid: 82889
[2026/09/25 20:32:30:3788] N: started process, pid: 82894
[2026/09/25 20:32:30:3801] N: started process, pid: 82901
[2026/09/25 20:32:30:4777] N: WS closed from (unix skt), clients: 9
[2026/09/25 20:32:30:4778] N: killing process, pid: 82879
[2026/09/25 20:32:30:4780] N: process killed with signal 1, pid: 82879
[2026/09/25 20:32:30:5386] N: WS closed from (unix skt), clients: 8
[2026/09/25 20:32:30:5386] N: killing process, pid: 82894
[2026/09/25 20:32:30:5389] N: process killed with signal 1, pid: 82894
[2026/09/25 20:32:30:6548] N: WS closed from (unix skt), clients: 7
[2026/09/25 20:32:30:6548] N: killing process, pid: 82877
[2026/09/25 20:32:30:6553] N: process killed with signal 0, pid: 82877
[2026/09/25 20:32:30:6914] N: WS closed from (unix skt), clients: 6
[2026/09/25 20:32:30:6914] N: killing process, pid: 82881
[2026/09/25 20:32:30:6919] N: process killed with signal 0, pid: 82881
[2026/09/25 20:32:30:7046] N: WS closed from (unix skt), clients: 5
[2026/09/25 20:32:30:7046] N: killing process, pid: 82882
[2026/09/25 20:32:30:7051] N: process killed with signal 0, pid: 82882
[2026/09/25 20:32:30:7419] N: WS closed from (unix skt), clients: 4
[2026/09/25 20:32:30:7420] N: killing process, pid: 82883
[2026/09/25 20:32:30:7424] N: process killed with signal 0, pid: 82883
[2026/09/25 20:32:31:2169] N: WS closed from (unix skt), clients: 3
[2026/09/25 20:32:31:2171] N: killing process, pid: 82878
[2026/09/25 20:32:31:2185] N: process killed with signal 0, pid: 82878
[2026/09/25 20:32:31:2313] N: WS closed from (unix skt), clients: 2
[2026/09/25 20:32:31:2314] N: killing process, pid: 82889
[2026/09/25 20:32:31:2327] N: process killed with signal 0, pid: 82889
[2026/09/25 20:32:32:3701] N: WS closed from (unix skt), clients: 1
[2026/09/25 20:32:32:3702] N: killing process, pid: 82880
[2026/09/25 20:32:32:3702] N: WS closed from (unix skt), clients: 0
[2026/09/25 20:32:32:3702] N: killing process, pid: 82901
[2026/09/25 20:32:32:3711] N: process killed with signal 0, pid: 82880
[2026/09/25 20:32:32:3715] N: process killed with signal 0, pid: 82901
[2026/09/25 20:32:32:3851] N: WS   /ws - (unix skt), clients: 1
[2026/09/25 20:32:32:3852] N: WS   /ws - (unix skt), clients: 2
[2026/09/25 20:32:32:3852] N: WS   /ws - (unix skt), clients: 3
[2026/09/25 20:32:32:3852] N: WS   /ws - (unix skt), clients: 4
[2026/09/25 20:32:32:3852] N: WS   /ws - (unix skt), clients: 5
[2026/09/25 20:32:32:3853] N: WS   /ws - (unix skt), clients: 6
[2026/09/25 20:32:32:3853] N: WS   /ws - (unix skt), clients: 7
[2026/09/25 20:32:32:3853] N: WS   /ws - (unix skt), clients: 8
[2026/09/25 20:32:32:3853] N: WS   /ws - (unix skt), clients: 9
[2026/09/25 20:32:32:3871] N: started process, pid: 83157
[2026/09/25 20:32:32:3881] N: started process, pid: 83158
[2026/09/25 20:32:32:3888] N: started process, pid: 83159
[2026/09/25 20:32:32:3889] N: WS   /ws - (unix skt), clients: 10
[2026/09/25 20:32:32:3898] N: started process, pid: 83160
[2026/09/25 20:32:32:3909] N: started process, pid: 83161
[2026/09/25 20:32:32:3922] N: started process, pid: 83162
[2026/09/25 20:32:32:3940] N: started process, pid: 83163
[2026/09/25 20:32:32:3959] N: started process, pid: 83175
[2026/09/25 20:32:32:3989] N: started process, pid: 83178
[2026/09/25 20:32:32:4002] N: started process, pid: 83186
[2026/09/25 20:32:32:4999] N: WS closed from (unix skt), clients: 9
[2026/09/25 20:32:32:5000] N: killing process, pid: 83159
[2026/09/25 20:32:32:5003] N: process killed with signal 1, pid: 83159
[2026/09/25 20:32:32:5644] N: WS closed from (unix skt), clients: 8
[2026/09/25 20:32:32:5644] N: killing process, pid: 83186
[2026/09/25 20:32:32:5648] N: process killed with signal 1, pid: 83186
[2026/09/25 20:32:32:6909] N: WS closed from (unix skt), clients: 7
[2026/09/25 20:32:32:6909] N: killing process, pid: 83157
[2026/09/25 20:32:32:6913] N: process killed with signal 0, pid: 83157
[2026/09/25 20:32:32:7188] N: WS closed from (unix skt), clients: 6
[2026/09/25 20:32:32:7189] N: killing process, pid: 83160
[2026/09/25 20:32:32:7193] N: process killed with signal 0, pid: 83160
[2026/09/25 20:32:32:7504] N: WS closed from (unix skt), clients: 5
[2026/09/25 20:32:32:7505] N: killing process, pid: 83163
[2026/09/25 20:32:32:7509] N: process killed with signal 0, pid: 83163
[2026/09/25 20:32:32:7631] N: WS closed from (unix skt), clients: 4
[2026/09/25 20:32:32:7632] N: killing process, pid: 83175
[2026/09/25 20:32:32:7634] N: process killed with signal 0, pid: 83175
[2026/09/25 20:32:33:2041] N: WS closed from (unix skt), clients: 3
[2026/09/25 20:32:33:2042] N: killing process, pid: 83158
[2026/09/25 20:32:33:2049] N: process killed with signal 0, pid: 83158
[2026/09/25 20:32:33:2693] N: WS closed from (unix skt), clients: 2
[2026/09/25 20:32:33:2694] N: killing process, pid: 83178
[2026/09/25 20:32:33:2707] N: process killed with signal 0, pid: 83178
[2026/09/25 20:32:34:3868] N: WS closed from (unix skt), clients: 1
[2026/09/25 20:32:34:3869] N: killing process, pid: 83162
[2026/09/25 20:32:34:3875] N: process killed with signal 0, pid: 83162
[2026/09/25 20:32:34:3894] N: WS closed from (unix skt), clients: 0
[2026/09/25 20:32:34:3894] N: killing process, pid: 83161
[2026/09/25 20:32:34:3901] N: process killed with signal 0, pid: 83161
[2026/09/25 20:32:34:4000] N: WS   /ws - (unix skt), clients: 1
[2026/09/25 20:32:34:4001] N: WS   /ws - (unix skt), clients: 2
[2026/09/25 20:32:34:4001] N: WS   /ws - (unix skt), clients: 3
[2026/09/25 20:32:34:4001] N: WS   /ws - (unix skt), clients: 4
[2026/09/25 20:32:34:4001] N: WS   /ws - (unix skt), clients: 5
[2026/09/25 20:32:34:4001] N: WS   /ws - (unix skt), clients: 6
[2026/09/25 20:32:34:4001] N: WS   /ws - (unix skt), clients: 7
[2026/09/25 20:32:34:4002] N: WS   /ws - (unix skt), clients: 8
[2026/09/25 20:32:34:4002] N: WS   /ws - (unix skt), clients: 9
[2026/09/25 20:32:34:4020] N: started process, pid: 83476
[2026/09/25 20:32:34:4028] N: started process, pid: 83477
[2026/09/25 20:32:34:4038] N: started process, pid: 83478
[2026/09/25 20:32:34:4039] N: WS   /ws - (unix skt), clients: 10
[2026/09/25 20:32:34:4047] N: started process, pid: 83479
[2026/09/25 20:32:34:4056] N: started process, pid: 83480
[2026/09/25 20:32:34:4071] N: started process, pid: 83481
[2026/09/25 20:32:34:4083] N: started process, pid: 83484
[2026/09/25 20:32:34:4104] N: started process, pid: 83493
[2026/09/25 20:32:34:4155] N: started process, pid: 83496
[2026/09/25 20:32:34:4174] N: started process, pid: 83497
[2026/09/25 20:32:34:5143] N: WS closed from (unix skt), clients: 9
[2026/09/25 20:32:34:5144] N: killing process, pid: 83478
[2026/09/25 20:32:34:5148] N: process killed with signal 1, pid: 83478
[2026/09/25 20:32:34:5657] N: WS closed from (unix skt), clients: 8
[2026/09/25 20:32:34:5657] N: killing process, pid: 83497
[2026/09/25 20:32:34:5662] N: process killed with signal 1, pid: 83497
[2026/09/25 20:32:34:6900] N: WS closed from (unix skt), clients: 7
[2026/09/25 20:32:34:6901] N: killing process, pid: 83476
[2026/09/25 20:32:34:6905] N: process killed with signal 0, pid: 83476
[2026/09/25 20:32:34:7421] N: WS closed from (unix skt), clients: 6
[2026/09/25 20:32:34:7422] N: killing process, pid: 83493
[2026/09/25 20:32:34:7428] N: process killed with signal 0, pid: 83493
[2026/09/25 20:32:34:7542] N: WS closed from (unix skt), clients: 5
[2026/09/25 20:32:34:7543] N: killing process, pid: 83479
[2026/09/25 20:32:34:7547] N: process killed with signal 0, pid: 83479
[2026/09/25 20:32:34:7674] N: WS closed from (unix skt), clients: 4
[2026/09/25 20:32:34:7674] N: killing process, pid: 83484
[2026/09/25 20:32:34:7678] N: process killed with signal 0, pid: 83484
[2026/09/25 20:32:35:1924] N: WS closed from (unix skt), clients: 3
[2026/09/25 20:32:35:1925] N: killing process, pid: 83477
[2026/09/25 20:32:35:1935] N: process killed with signal 0, pid: 83477
[2026/09/25 20:32:35:2837] N: WS closed from (unix skt), clients: 2
[2026/09/25 20:32:35:2839] N: killing process, pid: 83496
[2026/09/25 20:32:35:2854] N: process killed with signal 0, pid: 83496
[2026/09/25 20:32:36:4020] N: WS closed from (unix skt), clients: 1
[2026/09/25 20:32:36:4021] N: killing process, pid: 83481
[2026/09/25 20:32:36:4030] N: process killed with signal 0, pid: 83481
[2026/09/25 20:32:36:4046] N: WS closed from (unix skt), clients: 0
[2026/09/25 20:32:36:4047] N: killing process, pid: 83480
[2026/09/25 20:32:36:4058] N: process killed with signal 0, pid: 83480
[2026/09/25 20:32:36:4203] N: WS   /ws - (unix skt), clients: 1
[2026/09/25 20:32:36:4204] N: WS   /ws - (unix skt), clients: 2
[2026/09/25 20:32:36:4204] N: WS   /ws - (unix skt), clients: 3
[2026/09/25 20:32:36:4204] N: WS   /ws - (unix skt), clients: 4
[2026/09/25 20:32:36:4204] N: WS   /ws - (unix skt), clients: 5
[2026/09/25 20:32:36:4205] N: WS   /ws - (unix skt), clients: 6
[2026/09/25 20:32:36:4205] N: WS   /ws - (unix skt), clients: 7
[2026/09/25 20:32:36:4205] N: WS   /ws - (unix skt), clients: 8
[2026/09/25 20:32:36:4205] N: WS   /ws - (unix skt), clients: 9
[2026/09/25 20:32:36:4255] N: started process, pid: 83945
[2026/09/25 20:32:36:4272] N: started process, pid: 83946
[2026/09/25 20:32:36:4278] N: WS   /ws - (unix skt), clients: 10
[2026/09/25 20:32:36:4286] N: started process, pid: 83947
[2026/09/25 20:32:36:4297] N: started process, pid: 83948
[2026/09/25 20:32:36:4312] N: started process, pid: 83949
[2026/09/25 20:32:36:4322] N: started process, pid: 83950
[2026/09/25 20:32:36:4330] N: started process, pid: 83953
[2026/09/25 20:32:36:4340] N: started process, pid: 83955
[2026/09/25 20:32:36:4362] N: started process, pid: 83961
[2026/09/25 20:32:36:4372] N: started process, pid: 83965
[2026/09/25 20:32:36:6142] N: WS closed from (unix skt), clients: 9
[2026/09/25 20:32:36:6143] N: killing process, pid: 83949
[2026/09/25 20:32:36:6146] N: process killed with signal 1, pid: 83949
[2026/09/25 20:32:36:6491] N: WS closed from (unix skt), clients: 8
[2026/09/25 20:32:36:6492] N: killing process, pid: 83965
[2026/09/25 20:32:36:6494] N: process killed with signal 1, pid: 83965
[2026/09/25 20:32:36:7228] N: WS closed from (unix skt), clients: 7
[2026/09/25 20:32:36:7229] N: killing process, pid: 83945
[2026/09/25 20:32:36:7232] N: process killed with signal 0, pid: 83945
[2026/09/25 20:32:36:8315] N: WS closed from (unix skt), clients: 6
[2026/09/25 20:32:36:8316] N: killing process, pid: 83947
[2026/09/25 20:32:36:8321] N: process killed with signal 0, pid: 83947
[2026/09/25 20:32:36:8526] N: WS closed from (unix skt), clients: 5
[2026/09/25 20:32:36:8527] N: killing process, pid: 83953
[2026/09/25 20:32:36:8531] N: process killed with signal 0, pid: 83953
[2026/09/25 20:32:36:8791] N: WS closed from (unix skt), clients: 4
[2026/09/25 20:32:36:8791] N: killing process, pid: 83955
[2026/09/25 20:32:36:8796] N: process killed with signal 0, pid: 83955
[2026/09/25 20:32:37:2246] N: WS closed from (unix skt), clients: 3
[2026/09/25 20:32:37:2248] N: killing process, pid: 83946
[2026/09/25 20:32:37:2265] N: process killed with signal 0, pid: 83946
[2026/09/25 20:32:37:3796] N: WS closed from (unix skt), clients: 2
[2026/09/25 20:32:37:3797] N: killing process, pid: 83961
[2026/09/25 20:32:37:3808] N: process killed with signal 0, pid: 83961
[2026/09/25 20:32:38:4216] N: WS closed from (unix skt), clients: 1
[2026/09/25 20:32:38:4217] N: killing process, pid: 83950
[2026/09/25 20:32:38:4223] N: process killed with signal 0, pid: 83950
[2026/09/25 20:32:38:4292] N: WS closed from (unix skt), clients: 0
[2026/09/25 20:32:38:4292] N: killing process, pid: 83948
[2026/09/25 20:32:38:4303] N: process killed with signal 0, pid: 83948
[2026/09/25 20:32:38:4407] N: WS   /ws - (unix skt), clients: 1
[2026/09/25 20:32:38:4407] N: WS   /ws - (unix skt), clients: 2
[2026/09/25 20:32:38:4407] N: WS   /ws - (unix skt), clients: 3
[2026/09/25 20:32:38:4408] N: WS   /ws - (unix skt), clients: 4
[2026/09/25 20:32:38:4408] N: WS   /ws - (unix skt), clients: 5
[2026/09/25 20:32:38:4408] N: WS   /ws - (unix skt), clients: 6
[2026/09/25 20:32:38:4408] N: WS   /ws - (unix skt), clients: 7
[2026/09/25 20:32:38:4408] N: WS   /ws - (unix skt), clients: 8
[2026/09/25 20:32:38:4408] N: WS   /ws - (unix skt), clients: 9
[2026/09/25 20:32:38:4418] N: started process, pid: 84254
[2026/09/25 20:32:38:4419] N: WS   /ws - (unix skt), clients: 10
[2026/09/25 20:32:38:4423] N: started process, pid: 84255
[2026/09/25 20:32:38:4428] N: started process, pid: 84256
[2026/09/25 20:32:38:4433] N: started process, pid: 84257
[2026/09/25 20:32:38:4440] N: started process, pid: 84258
[2026/09/25 20:32:38:4447] N: started process, pid: 84259
[2026/09/25 20:32:38:4455] N: started process, pid: 84260
[2026/09/25 20:32:38:4464] N: started process, pid: 84261
[2026/09/25 20:32:38:4481] N: started process, pid: 84265
[2026/09/25 20:32:38:4493] N: started process, pid: 84272
[2026/09/25 20:32:38:5544] N: WS closed from (unix skt), clients: 9
[2026/09/25 20:32:38:5545] N: killing process, pid: 84258
[2026/09/25 20:32:38:5549] N: process killed with signal 1, pid: 84258
[2026/09/25 20:32:38:6223] N: WS closed from (unix skt), clients: 8
[2026/09/25 20:32:38:6223] N: killing process, pid: 84272
[2026/09/25 20:32:38:6225] N: process killed with signal 1, pid: 84272
[2026/09/25 20:32:38:7003] N: WS closed from (unix skt), clients: 7
[2026/09/25 20:32:38:7003] N: killing process, pid: 84255
[2026/09/25 20:32:38:7007] N: process killed with signal 0, pid: 84255
[2026/09/25 20:32:38:7555] N: WS closed from (unix skt), clients: 6
[2026/09/25 20:32:38:7555] N: killing process, pid: 84254
[2026/09/25 20:32:38:7555] N: WS closed from (unix skt), clients: 5
[2026/09/25 20:32:38:7556] N: killing process, pid: 84260
[2026/09/25 20:32:38:7560] N: process killed with signal 0, pid: 84254
[2026/09/25 20:32:38:7561] N: process killed with signal 0, pid: 84260
[2026/09/25 20:32:38:8211] N: WS closed from (unix skt), clients: 4
[2026/09/25 20:32:38:8211] N: killing process, pid: 84261
[2026/09/25 20:32:38:8218] N: process killed with signal 0, pid: 84261
[2026/09/25 20:32:39:2980] N: WS closed from (unix skt), clients: 3
[2026/09/25 20:32:39:2981] N: killing process, pid: 84257
[2026/09/25 20:32:39:2992] N: process killed with signal 0, pid: 84257
[2026/09/25 20:32:39:3096] N: WS closed from (unix skt), clients: 2
[2026/09/25 20:32:39:3097] N: killing process, pid: 84265
[2026/09/25 20:32:39:3114] N: process killed with signal 0, pid: 84265
[2026/09/25 20:32:40:4411] N: WS closed from (unix skt), clients: 1
[2026/09/25 20:32:40:4411] N: killing process, pid: 84259
[2026/09/25 20:32:40:4418] N: process killed with signal 0, pid: 84259
[2026/09/25 20:32:40:4424] N: WS closed from (unix skt), clients: 0
[2026/09/25 20:32:40:4424] N: killing process, pid: 84256
[2026/09/25 20:32:40:4432] N: process killed with signal 0, pid: 84256
[2026/09/25 20:32:40:4552] N: WS   /ws - (unix skt), clients: 1
[2026/09/25 20:32:40:4552] N: WS   /ws - (unix skt), clients: 2
[2026/09/25 20:32:40:4552] N: WS   /ws - (unix skt), clients: 3
[2026/09/25 20:32:40:4553] N: WS   /ws - (unix skt), clients: 4
[2026/09/25 20:32:40:4553] N: WS   /ws - (unix skt), clients: 5
[2026/09/25 20:32:40:4553] N: WS   /ws - (unix skt), clients: 6
[2026/09/25 20:32:40:4553] N: WS   /ws - (unix skt), clients: 7
[2026/09/25 20:32:40:4553] N: WS   /ws - (unix skt), clients: 8
[2026/09/25 20:32:40:4568] N: started process, pid: 84568
[2026/09/25 20:32:40:4569] N: WS   /ws - (unix skt), clients: 9
[2026/09/25 20:32:40:4569] N: WS   /ws - (unix skt), clients: 10
[2026/09/25 20:32:40:4576] N: started process, pid: 84569
[2026/09/25 20:32:40:4585] N: started process, pid: 84570
[2026/09/25 20:32:40:4594] N: started process, pid: 84571
[2026/09/25 20:32:40:4606] N: started process, pid: 84572
[2026/09/25 20:32:40:4629] N: started process, pid: 84573
[2026/09/25 20:32:40:4665] N: started process, pid: 84575
[2026/09/25 20:32:40:4692] N: started process, pid: 84587
[2026/09/25 20:32:40:4735] N: started process, pid: 84596
[2026/09/25 20:32:40:4750] N: started process, pid: 84602
[2026/09/25 20:32:40:5730] N: WS closed from (unix skt), clients: 9
[2026/09/25 20:32:40:5731] N: killing process, pid: 84573
[2026/09/25 20:32:40:5735] N: process killed with signal 1, pid: 84573
[2026/09/25 20:32:40:5852] N: WS closed from (unix skt), clients: 8
[2026/09/25 20:32:40:5852] N: killing process, pid: 84570
[2026/09/25 20:32:40:5857] N: process killed with signal 1, pid: 84570
[2026/09/25 20:32:40:7316] N: WS closed from (unix skt), clients: 7
[2026/09/25 20:32:40:7316] N: killing process, pid: 84568
[2026/09/25 20:32:40:7320] N: process killed with signal 0, pid: 84568
[2026/09/25 20:32:40:7874] N: WS closed from (unix skt), clients: 6
[2026/09/25 20:32:40:7874] N: killing process, pid: 84569
[2026/09/25 20:32:40:7878] N: process killed with signal 0, pid: 84569
[2026/09/25 20:32:40:8230] N: WS closed from (unix skt), clients: 5
[2026/09/25 20:32:40:8231] N: killing process, pid: 84587
[2026/09/25 20:32:40:8231] N: WS closed from (unix skt), clients: 4
[2026/09/25 20:32:40:8231] N: killing process, pid: 84596
[2026/09/25 20:32:40:8237] N: process killed with signal 0, pid: 84587
[2026/09/25 20:32:40:8237] N: process killed with signal 0, pid: 84596
[2026/09/25 20:32:41:2599] N: WS closed from (unix skt), clients: 3
[2026/09/25 20:32:41:2599] N: killing process, pid: 84572
[2026/09/25 20:32:41:2603] N: process killed with signal 0, pid: 84572
[2026/09/25 20:32:41:3480] N: WS closed from (unix skt), clients: 2
[2026/09/25 20:32:41:3480] N: killing process, pid: 84602
[2026/09/25 20:32:41:3483] N: process killed with signal 0, pid: 84602
[2026/09/25 20:32:42:4566] N: WS closed from (unix skt), clients: 1
[2026/09/25 20:32:42:4566] N: killing process, pid: 84575
[2026/09/25 20:32:42:4566] N: WS closed from (unix skt), clients: 0
[2026/09/25 20:32:42:4566] N: killing process, pid: 84571
[2026/09/25 20:32:42:4570] N: process killed with signal 0, pid: 84571
[2026/09/25 20:32:42:4578] N: process killed with signal 0, pid: 84575
[2026/09/25 20:32:42:4637] N: WS   /ws - (unix skt), clients: 1
[2026/09/25 20:32:42:4637] N: WS   /ws - (unix skt), clients: 2
[2026/09/25 20:32:42:4637] N: WS   /ws - (unix skt), clients: 3
[2026/09/25 20:32:42:4637] N: WS   /ws - (unix skt), clients: 4
[2026/09/25 20:32:42:4637] N: WS   /ws - (unix skt), clients: 5
[2026/09/25 20:32:42:4637] N: WS   /ws - (unix skt), clients: 6
[2026/09/25 20:32:42:4637] N: WS   /ws - (unix skt), clients: 7
[2026/09/25 20:32:42:4638] N: WS   /ws - (unix skt), clients: 8
[2026/09/25 20:32:42:4638] N: WS   /ws - (unix skt), clients: 9
[2026/09/25 20:32:42:4638] N: WS   /ws - (unix skt), clients: 10
[2026/09/25 20:32:42:4645] N: started process, pid: 85476
[2026/09/25 20:32:42:4649] N: started process, pid: 85477
[2026/09/25 20:32:42:4656] N: started process, pid: 85478
[2026/09/25 20:32:42:4664] N: started process, pid: 85480
[2026/09/25 20:32:42:4674] N: started process, pid: 85481
[2026/09/25 20:32:42:4684] N: started process, pid: 85483
[2026/09/25 20:32:42:4695] N: started process, pid: 85485
[2026/09/25 20:32:42:4712] N: started process, pid: 85489
[2026/09/25 20:32:42:4732] N: started process, pid: 85500
[2026/09/25 20:32:42:4752] N: started process, pid: 85504
[2026/09/25 20:32:42:5654] N: WS closed from (unix skt), clients: 9
[2026/09/25 20:32:42:5655] N: killing process, pid: 85478
[2026/09/25 20:32:42:5658] N: process killed with signal 1, pid: 85478
[2026/09/25 20:32:42:6571] N: WS closed from (unix skt), clients: 8
[2026/09/25 20:32:42:6572] N: killing process, pid: 85485
[2026/09/25 20:32:42:6574] N: process killed with signal 1, pid: 85485
[2026/09/25 20:32:42:8153] N: WS closed from (unix skt), clients: 7
[2026/09/25 20:32:42:8153] N: killing process, pid: 85476
[2026/09/25 20:32:42:8158] N: process killed with signal 0, pid: 85476
[2026/09/25 20:32:42:8464] N: WS closed from (unix skt), clients: 6
[2026/09/25 20:32:42:8464] N: killing process, pid: 85481
[2026/09/25 20:32:42:8468] N: process killed with signal 0, pid: 85481
[2026/09/25 20:32:42:8885] N: WS closed from (unix skt), clients: 5
[2026/09/25 20:32:42:8885] N: killing process, pid: 85500
[2026/09/25 20:32:42:8885] N: WS closed from (unix skt), clients: 4
[2026/09/25 20:32:42:8886] N: killing process, pid: 85504
[2026/09/25 20:32:42:8890] N: process killed with signal 0, pid: 85500
[2026/09/25 20:32:42:8890] N: process killed with signal 0, pid: 85504
[2026/09/25 20:32:43:2866] N: WS closed from (unix skt), clients: 3
[2026/09/25 20:32:43:2866] N: killing process, pid: 85477
[2026/09/25 20:32:43:2870] N: process killed with signal 0, pid: 85477
[2026/09/25 20:32:43:3906] N: WS closed from (unix skt), clients: 2
[2026/09/25 20:32:43:3906] N: killing process, pid: 85483
[2026/09/25 20:32:43:3909] N: process killed with signal 0, pid: 85483
[2026/09/25 20:32:44:4656] N: WS closed from (unix skt), clients: 1
[2026/09/25 20:32:44:4657] N: killing process, pid: 85489
[2026/09/25 20:32:44:4657] N: WS closed from (unix skt), clients: 0
[2026/09/25 20:32:44:4657] N: killing process, pid: 85480
[2026/09/25 20:32:44:4664] N: process killed with signal 0, pid: 85480
[2026/09/25 20:32:44:4664] N: process killed with signal 0, pid: 85489
[2026/09/25 20:32:44:4721] N: WS   /ws - (unix skt), clients: 1
[2026/09/25 20:32:44:4721] N: WS   /ws - (unix skt), clients: 2
[2026/09/25 20:32:44:4721] N: WS   /ws - (unix skt), clients: 3
[2026/09/25 20:32:44:4721] N: WS   /ws - (unix skt), clients: 4
[2026/09/25 20:32:44:4721] N: WS   /ws - (unix skt), clients: 5
[2026/09/25 20:32:44:4721] N: WS   /ws - (unix skt), clients: 6
[2026/09/25 20:32:44:4721] N: WS   /ws - (unix skt), clients: 7
[2026/09/25 20:32:44:4721] N: WS   /ws - (unix skt), clients: 8
[2026/09/25 20:32:44:4728] N: started process, pid: 86462
[2026/09/25 20:32:44:4729] N: WS   /ws - (unix skt), clients: 9
[2026/09/25 20:32:44:4729] N: WS   /ws - (unix skt), clients: 10
[2026/09/25 20:32:44:4732] N: started process, pid: 86463
[2026/09/25 20:32:44:4736] N: started process, pid: 86464
[2026/09/25 20:32:44:4745] N: started process, pid: 86465
[2026/09/25 20:32:44:4750] N: started process, pid: 86466
[2026/09/25 20:32:44:4764] N: started process, pid: 86467
[2026/09/25 20:32:44:4775] N: started process, pid: 86473
[2026/09/25 20:32:44:4793] N: started process, pid: 86480
[2026/09/25 20:32:44:4810] N: started process, pid: 86486
[2026/09/25 20:32:44:4830] N: started process, pid: 86490
[2026/09/25 20:32:44:5265] N: WS closed from (unix skt), clients: 9
[2026/09/25 20:32:44:5266] N: killing process, pid: 86464
[2026/09/25 20:32:44:5268] N: process killed with signal 1, pid: 86464
[2026/09/25 20:32:44:6174] N: WS closed from (unix skt), clients: 8
[2026/09/25 20:32:44:6174] N: killing process, pid: 86467
[2026/09/25 20:32:44:6177] N: process killed with signal 1, pid: 86467
[2026/09/25 20:32:44:7921] N: WS closed from (unix skt), clients: 7
[2026/09/25 20:32:44:7921] N: killing process, pid: 86462
[2026/09/25 20:32:44:7926] N: process killed with signal 0, pid: 86462
[2026/09/25 20:32:44:8053] N: WS closed from (unix skt), clients: 6
[2026/09/25 20:32:44:8053] N: killing process, pid: 86463
[2026/09/25 20:32:44:8056] N: process killed with signal 0, pid: 86463
[2026/09/25 20:32:44:8812] N: WS closed from (unix skt), clients: 5
[2026/09/25 20:32:44:8813] N: killing process, pid: 86486
[2026/09/25 20:32:44:8813] N: WS closed from (unix skt), clients: 4
[2026/09/25 20:32:44:8813] N: killing process, pid: 86480
[2026/09/25 20:32:44:8819] N: process killed with signal 0, pid: 86486
[2026/09/25 20:32:44:8820] N: process killed with signal 0, pid: 86480
[2026/09/25 20:32:45:3557] N: WS closed from (unix skt), clients: 3
[2026/09/25 20:32:45:3557] N: killing process, pid: 86490
[2026/09/25 20:32:45:3561] N: process killed with signal 0, pid: 86490
[2026/09/25 20:32:45:3828] N: WS closed from (unix skt), clients: 2
[2026/09/25 20:32:45:3828] N: killing process, pid: 86466
[2026/09/25 20:32:45:3832] N: process killed with signal 0, pid: 86466
[2026/09/25 20:32:46:4737] N: WS closed from (unix skt), clients: 1
[2026/09/25 20:32:46:4737] N: killing process, pid: 86473
[2026/09/25 20:32:46:4738] N: WS closed from (unix skt), clients: 0
[2026/09/25 20:32:46:4738] N: killing process, pid: 86465
[2026/09/25 20:32:46:4746] N: process killed with signal 0, pid: 86465
[2026/09/25 20:32:46:4746] N: process killed with signal 0, pid: 86473
[2026/09/25 20:32:46:4803] N: WS   /ws - (unix skt), clients: 1
[2026/09/25 20:32:46:4803] N: WS   /ws - (unix skt), clients: 2
[2026/09/25 20:32:46:4803] N: WS   /ws - (unix skt), clients: 3
[2026/09/25 20:32:46:4803] N: WS   /ws - (unix skt), clients: 4
[2026/09/25 20:32:46:4803] N: WS   /ws - (unix skt), clients: 5
[2026/09/25 20:32:46:4803] N: WS   /ws - (unix skt), clients: 6
[2026/09/25 20:32:46:4803] N: WS   /ws - (unix skt), clients: 7
[2026/09/25 20:32:46:4803] N: WS   /ws - (unix skt), clients: 8
[2026/09/25 20:32:46:4803] N: WS   /ws - (unix skt), clients: 9
[2026/09/25 20:32:46:4803] N: WS   /ws - (unix skt), clients: 10
[2026/09/25 20:32:46:4811] N: started process, pid: 87616
[2026/09/25 20:32:46:4816] N: started process, pid: 87617
[2026/09/25 20:32:46:4820] N: started process, pid: 87618
[2026/09/25 20:32:46:4827] N: started process, pid: 87619
[2026/09/25 20:32:46:4833] N: started process, pid: 87620
[2026/09/25 20:32:46:4850] N: started process, pid: 87621
[2026/09/25 20:32:46:4875] N: started process, pid: 87626
[2026/09/25 20:32:46:4910] N: started process, pid: 87635
[2026/09/25 20:32:46:4928] N: started process, pid: 87640
[2026/09/25 20:32:46:4957] N: started process, pid: 87646
[2026/09/25 20:32:46:5997] N: WS closed from (unix skt), clients: 9
[2026/09/25 20:32:46:5997] N: killing process, pid: 87619
[2026/09/25 20:32:46:5999] N: process killed with signal 1, pid: 87619
[2026/09/25 20:32:46:6162] N: WS closed from (unix skt), clients: 8
[2026/09/25 20:32:46:6162] N: killing process, pid: 87640
[2026/09/25 20:32:46:6166] N: process killed with signal 1, pid: 87640
[2026/09/25 20:32:46:8020] N: WS closed from (unix skt), clients: 7
[2026/09/25 20:32:46:8020] N: killing process, pid: 87616
[2026/09/25 20:32:46:8024] N: process killed with signal 0, pid: 87616
[2026/09/25 20:32:46:8376] N: WS closed from (unix skt), clients: 6
[2026/09/25 20:32:46:8385] N: killing process, pid: 87617
[2026/09/25 20:32:46:8406] N: process killed with signal 0, pid: 87617
[2026/09/25 20:32:46:8585] N: WS closed from (unix skt), clients: 5
[2026/09/25 20:32:46:8586] N: killing process, pid: 87626
[2026/09/25 20:32:46:8595] N: process killed with signal 0, pid: 87626
[2026/09/25 20:32:46:8705] N: WS closed from (unix skt), clients: 4
[2026/09/25 20:32:46:8705] N: killing process, pid: 87621
[2026/09/25 20:32:46:8710] N: process killed with signal 0, pid: 87621
[2026/09/25 20:32:47:3448] N: WS closed from (unix skt), clients: 3
[2026/09/25 20:32:47:3449] N: killing process, pid: 87618
[2026/09/25 20:32:47:3469] N: process killed with signal 0, pid: 87618
[2026/09/25 20:32:47:3731] N: WS closed from (unix skt), clients: 2
[2026/09/25 20:32:47:3733] N: killing process, pid: 87635
[2026/09/25 20:32:47:3751] N: process killed with signal 0, pid: 87635
[2026/09/25 20:32:48:4819] N: WS closed from (unix skt), clients: 1
[2026/09/25 20:32:48:4820] N: killing process, pid: 87620
[2026/09/25 20:32:48:4820] N: WS closed from (unix skt), clients: 0
[2026/09/25 20:32:48:4821] N: killing process, pid: 87646
[2026/09/25 20:32:48:4834] N: process killed with signal 0, pid: 87620
[2026/09/25 20:32:48:4835] N: process killed with signal 0, pid: 87646
[2026/09/25 20:32:48:4942] N: WS   /ws - (unix skt), clients: 1
[2026/09/25 20:32:48:4942] N: WS   /ws - (unix skt), clients: 2
[2026/09/25 20:32:48:4942] N: WS   /ws - (unix skt), clients: 3
[2026/09/25 20:32:48:4942] N: WS   /ws - (unix skt), clients: 4
[2026/09/25 20:32:48:4942] N: WS   /ws - (unix skt), clients: 5
[2026/09/25 20:32:48:4943] N: WS   /ws - (unix skt), clients: 6
[2026/09/25 20:32:48:4943] N: WS   /ws - (unix skt), clients: 7
[2026/09/25 20:32:48:4943] N: WS   /ws - (unix skt), clients: 8
[2026/09/25 20:32:48:4943] N: WS   /ws - (unix skt), clients: 9
[2026/09/25 20:32:48:4943] N: WS   /ws - (unix skt), clients: 10
[2026/09/25 20:32:48:4957] N: started process, pid: 87876
[2026/09/25 20:32:48:4964] N: started process, pid: 87877
[2026/09/25 20:32:48:4970] N: started process, pid: 87878
[2026/09/25 20:32:48:4977] N: started process, pid: 87879
[2026/09/25 20:32:48:4994] N: started process, pid: 87880
[2026/09/25 20:32:48:5005] N: started process, pid: 87881
[2026/09/25 20:32:48:5021] N: started process, pid: 87882
[2026/09/25 20:32:48:5043] N: started process, pid: 87893
[2026/09/25 20:32:48:5062] N: started process, pid: 87900
[2026/09/25 20:32:48:5077] N: started process, pid: 87901
[2026/09/25 20:32:48:5910] N: WS closed from (unix skt), clients: 9
[2026/09/25 20:32:48:5911] N: killing process, pid: 87878
[2026/09/25 20:32:48:5916] N: process killed with signal 1, pid: 87878
[2026/09/25 20:32:48:6754] N: WS closed from (unix skt), clients: 8
[2026/09/25 20:32:48:6755] N: killing process, pid: 87900
[2026/09/25 20:32:48:6758] N: process killed with signal 1, pid: 87900
[2026/09/25 20:32:48:7798] N: WS closed from (unix skt), clients: 7
[2026/09/25 20:32:48:7798] N: killing process, pid: 87876
[2026/09/25 20:32:48:7802] N: process killed with signal 0, pid: 87876
[2026/09/25 20:32:48:8059] N: WS closed from (unix skt), clients: 6
[2026/09/25 20:32:48:8059] N: killing process, pid: 87879
[2026/09/25 20:32:48:8063] N: process killed with signal 0, pid: 87879
[2026/09/25 20:32:48:8471] N: WS closed from (unix skt), clients: 5
[2026/09/25 20:32:48:8471] N: killing process, pid: 87882
[2026/09/25 20:32:48:8471] N: WS closed from (unix skt), clients: 4
[2026/09/25 20:32:48:8472] N: killing process, pid: 87881
[2026/09/25 20:32:48:8476] N: process killed with signal 0, pid: 87881
[2026/09/25 20:32:48:8476] N: process killed with signal 0, pid: 87882
[2026/09/25 20:32:49:3222] N: WS closed from (unix skt), clients: 3
[2026/09/25 20:32:49:3223] N: killing process, pid: 87877
[2026/09/25 20:32:49:3231] N: process killed with signal 0, pid: 87877
[2026/09/25 20:32:49:3652] N: WS closed from (unix skt), clients: 2
[2026/09/25 20:32:49:3653] N: killing process, pid: 87893
[2026/09/25 20:32:49:3659] N: process killed with signal 0, pid: 87893
[2026/09/25 20:32:50:4955] N: WS closed from (unix skt), clients: 1
[2026/09/25 20:32:50:4955] N: killing process, pid: 87880
[2026/09/25 20:32:50:4956] N: WS closed from (unix skt), clients: 0
[2026/09/25 20:32:50:4956] N: killing process, pid: 87901
[2026/09/25 20:32:50:4963] N: process killed with signal 0, pid: 87880
[2026/09/25 20:32:50:4971] N: process killed with signal 0, pid: 87901
[2026/09/25 20:32:50:5078] N: WS   /ws - (unix skt), clients: 1
[2026/09/25 20:32:50:5078] N: WS   /ws - (unix skt), clients: 2
[2026/09/25 20:32:50:5078] N: WS   /ws - (unix skt), clients: 3
[2026/09/25 20:32:50:5078] N: WS   /ws - (unix skt), clients: 4
[2026/09/25 20:32:50:5079] N: WS   /ws - (unix skt), clients: 5
[2026/09/25 20:32:50:5079] N: WS   /ws - (unix skt), clients: 6
[2026/09/25 20:32:50:5079] N: WS   /ws - (unix skt), clients: 7
[2026/09/25 20:32:50:5079] N: WS   /ws - (unix skt), clients: 8
[2026/09/25 20:32:50:5079] N: WS   /ws - (unix skt), clients: 9
[2026/09/25 20:32:50:5079] N: WS   /ws - (unix skt), clients: 10
[2026/09/25 20:32:50:5094] N: started process, pid: 88251
[2026/09/25 20:32:50:5100] N: started process, pid: 88252
[2026/09/25 20:32:50:5106] N: started process, pid: 88253
[2026/09/25 20:32:50:5113] N: started process, pid: 88254
[2026/09/25 20:32:50:5129] N: started process, pid: 88255
[2026/09/25 20:32:50:5139] N: started process, pid: 88256
[2026/09/25 20:32:50:5157] N: started process, pid: 88257
[2026/09/25 20:32:50:5173] N: started process, pid: 88267
[2026/09/25 20:32:50:5197] N: started process, pid: 88275
[2026/09/25 20:32:50:5212] N: started process, pid: 88279
[2026/09/25 20:32:50:5637] N: WS closed from (unix skt), clients: 9
[2026/09/25 20:32:50:5637] N: killing process, pid: 88253
[2026/09/25 20:32:50:5643] N: process killed with signal 1, pid: 88253
[2026/09/25 20:32:50:6773] N: WS closed from (unix skt), clients: 8
[2026/09/25 20:32:50:6773] N: killing process, pid: 88257
[2026/09/25 20:32:50:6776] N: process killed with signal 1, pid: 88257
[2026/09/25 20:32:50:8153] N: WS closed from (unix skt), clients: 7
[2026/09/25 20:32:50:8154] N: killing process, pid: 88251
[2026/09/25 20:32:50:8159] N: process killed with signal 0, pid: 88251
[2026/09/25 20:32:50:8255] N: WS closed from (unix skt), clients: 6
[2026/09/25 20:32:50:8256] N: killing process, pid: 88255
[2026/09/25 20:32:50:8259] N: process killed with signal 0, pid: 88255
[2026/09/25 20:32:50:8797] N: WS closed from (unix skt), clients: 5
[2026/09/25 20:32:50:8797] N: killing process, pid: 88279
[2026/09/25 20:32:50:8798] N: WS closed from (unix skt), clients: 4
[2026/09/25 20:32:50:8798] N: killing process, pid: 88275
[2026/09/25 20:32:50:8802] N: process killed with signal 0, pid: 88279
[2026/09/25 20:32:50:8803] N: process killed with signal 0, pid: 88275
[2026/09/25 20:32:51:3173] N: WS closed from (unix skt), clients: 3
[2026/09/25 20:32:51:3174] N: killing process, pid: 88252
[2026/09/25 20:32:51:3186] N: process killed with signal 0, pid: 88252
[2026/09/25 20:32:51:3562] N: WS closed from (unix skt), clients: 2
[2026/09/25 20:32:51:3563] N: killing process, pid: 88256
[2026/09/25 20:32:51:3592] N: process killed with signal 0, pid: 88256
[2026/09/25 20:32:52:5097] N: WS closed from (unix skt), clients: 1
[2026/09/25 20:32:52:5098] N: killing process, pid: 88267
[2026/09/25 20:32:52:5098] N: WS closed from (unix skt), clients: 0
[2026/09/25 20:32:52:5098] N: killing process, pid: 88254
[2026/09/25 20:32:52:5115] N: process killed with signal 0, pid: 88267
[2026/09/25 20:32:52:5116] N: process killed with signal 0, pid: 88254
[2026/09/25 20:32:52:5242] N: WS   /ws - (unix skt), clients: 1
[2026/09/25 20:32:52:5242] N: WS   /ws - (unix skt), clients: 2
[2026/09/25 20:32:52:5243] N: WS   /ws - (unix skt), clients: 3
[2026/09/25 20:32:52:5243] N: WS   /ws - (unix skt), clients: 4
[2026/09/25 20:32:52:5243] N: WS   /ws - (unix skt), clients: 5
[2026/09/25 20:32:52:5243] N: WS   /ws - (unix skt), clients: 6
[2026/09/25 20:32:52:5243] N: WS   /ws - (unix skt), clients: 7
[2026/09/25 20:32:52:5243] N: WS   /ws - (unix skt), clients: 8
[2026/09/25 20:32:52:5243] N: WS   /ws - (unix skt), clients: 9
[2026/09/25 20:32:52:5256] N: started process, pid: 88502
[2026/09/25 20:32:52:5263] N: started process, pid: 88503
[2026/09/25 20:32:52:5264] N: WS   /ws - (unix skt), clients: 10
[2026/09/25 20:32:52:5271] N: started process, pid: 88504
[2026/09/25 20:32:52:5285] N: started process, pid: 88505
[2026/09/25 20:32:52:5292] N: started process, pid: 88507
[2026/09/25 20:32:52:5301] N: started process, pid: 88508
[2026/09/25 20:32:52:5319] N: started process, pid: 88509
[2026/09/25 20:32:52:5339] N: started process, pid: 88514
[2026/09/25 20:32:52:5355] N: started process, pid: 88523
[2026/09/25 20:32:52:5374] N: started process, pid: 88528
[2026/09/25 20:32:52:6776] N: WS closed from (unix skt), clients: 9
[2026/09/25 20:32:52:6777] N: killing process, pid: 88507
[2026/09/25 20:32:52:6781] N: process killed with signal 1, pid: 88507
[2026/09/25 20:32:52:7519] N: WS closed from (unix skt), clients: 8
[2026/09/25 20:32:52:7520] N: killing process, pid: 88528
[2026/09/25 20:32:52:7523] N: process killed with signal 1, pid: 88528
[2026/09/25 20:32:52:8012] N: WS closed from (unix skt), clients: 7
[2026/09/25 20:32:52:8012] N: killing process, pid: 88502
[2026/09/25 20:32:52:8015] N: process killed with signal 0, pid: 88502
[2026/09/25 20:32:52:8274] N: WS closed from (unix skt), clients: 6
[2026/09/25 20:32:52:8274] N: killing process, pid: 88504
[2026/09/25 20:32:52:8277] N: process killed with signal 0, pid: 88504
[2026/09/25 20:32:52:8795] N: WS closed from (unix skt), clients: 5
[2026/09/25 20:32:52:8795] N: killing process, pid: 88509
[2026/09/25 20:32:52:8800] N: process killed with signal 0, pid: 88509
[2026/09/25 20:32:52:9246] N: WS closed from (unix skt), clients: 4
[2026/09/25 20:32:52:9246] N: killing process, pid: 88514
[2026/09/25 20:32:52:9251] N: process killed with signal 0, pid: 88514
[2026/09/25 20:32:53:3155] N: WS closed from (unix skt), clients: 3
[2026/09/25 20:32:53:3155] N: killing process, pid: 88503
[2026/09/25 20:32:53:3159] N: process killed with signal 0, pid: 88503
[2026/09/25 20:32:53:4268] N: WS closed from (unix skt), clients: 2
[2026/09/25 20:32:53:4269] N: killing process, pid: 88523
[2026/09/25 20:32:53:4282] N: process killed with signal 0, pid: 88523
[2026/09/25 20:32:54:5262] N: WS closed from (unix skt), clients: 1
[2026/09/25 20:32:54:5263] N: killing process, pid: 88508
[2026/09/25 20:32:54:5272] N: process killed with signal 0, pid: 88508
[2026/09/25 20:32:54:5275] N: WS closed from (unix skt), clients: 0
[2026/09/25 20:32:54:5276] N: killing process, pid: 88505
[2026/09/25 20:32:54:5287] N: process killed with signal 0, pid: 88505
[2026/09/25 20:32:54:5395] N: WS   /ws - (unix skt), clients: 1
[2026/09/25 20:32:54:5396] N: WS   /ws - (unix skt), clients: 2
[2026/09/25 20:32:54:5396] N: WS   /ws - (unix skt), clients: 3
[2026/09/25 20:32:54:5396] N: WS   /ws - (unix skt), clients: 4
[2026/09/25 20:32:54:5396] N: WS   /ws - (unix skt), clients: 5
[2026/09/25 20:32:54:5396] N: WS   /ws - (unix skt), clients: 6
[2026/09/25 20:32:54:5396] N: WS   /ws - (unix skt), clients: 7
[2026/09/25 20:32:54:5396] N: WS   /ws - (unix skt), clients: 8
[2026/09/25 20:32:54:5396] N: WS   /ws - (unix skt), clients: 9
[2026/09/25 20:32:54:5397] N: WS   /ws - (unix skt), clients: 10
[2026/09/25 20:32:54:5410] N: started process, pid: 88806
[2026/09/25 20:32:54:5418] N: started process, pid: 88807
[2026/09/25 20:32:54:5423] N: started process, pid: 88808
[2026/09/25 20:32:54:5430] N: started process, pid: 88809
[2026/09/25 20:32:54:5439] N: started process, pid: 88810
[2026/09/25 20:32:54:5453] N: started process, pid: 88811
[2026/09/25 20:32:54:5463] N: started process, pid: 88813
[2026/09/25 20:32:54:5481] N: started process, pid: 88822
[2026/09/25 20:32:54:5498] N: started process, pid: 88827
[2026/09/25 20:32:54:5508] N: started process, pid: 88832
[2026/09/25 20:32:54:6400] N: WS closed from (unix skt), clients: 9
[2026/09/25 20:32:54:6401] N: killing process, pid: 88808
[2026/09/25 20:32:54:6404] N: process killed with signal 1, pid: 88808
[2026/09/25 20:32:54:6786] N: WS closed from (unix skt), clients: 8
[2026/09/25 20:32:54:6786] N: killing process, pid: 88813
[2026/09/25 20:32:54:6790] N: process killed with signal 1, pid: 88813
[2026/09/25 20:32:54:8547] N: WS closed from (unix skt), clients: 7
[2026/09/25 20:32:54:8547] N: killing process, pid: 88806
[2026/09/25 20:32:54:8554] N: process killed with signal 0, pid: 88806
[2026/09/25 20:32:54:9050] N: WS closed from (unix skt), clients: 6
[2026/09/25 20:32:54:9050] N: killing process, pid: 88810
[2026/09/25 20:32:54:9055] N: process killed with signal 0, pid: 88810
[2026/09/25 20:32:54:9171] N: WS closed from (unix skt), clients: 5
[2026/09/25 20:32:54:9171] N: killing process, pid: 88832
[2026/09/25 20:32:54:9171] N: WS closed from (unix skt), clients: 4
[2026/09/25 20:32:54:9172] N: killing process, pid: 88827
[2026/09/25 20:32:54:9176] N: process killed with signal 0, pid: 88832
[2026/09/25 20:32:54:9177] N: process killed with signal 0, pid: 88827
[2026/09/25 20:32:55:3572] N: WS closed from (unix skt), clients: 3
[2026/09/25 20:32:55:3573] N: killing process, pid: 88807
[2026/09/25 20:32:55:3582] N: process killed with signal 0, pid: 88807
[2026/09/25 20:32:55:3952] N: WS closed from (unix skt), clients: 2
[2026/09/25 20:32:55:3953] N: killing process, pid: 88811
[2026/09/25 20:32:55:3964] N: process killed with signal 0, pid: 88811
[2026/09/25 20:32:56:5400] N: WS closed from (unix skt), clients: 1
[2026/09/25 20:32:56:5401] N: killing process, pid: 88822
[2026/09/25 20:32:56:5401] N: WS closed from (unix skt), clients: 0
[2026/09/25 20:32:56:5401] N: killing process, pid: 88809
[2026/09/25 20:32:56:5417] N: process killed with signal 0, pid: 88809
[2026/09/25 20:32:56:5418] N: process killed with signal 0, pid: 88822
[2026/09/25 20:32:56:5505] N: WS   /ws - (unix skt), clients: 1
[2026/09/25 20:32:56:5505] N: WS   /ws - (unix skt), clients: 2
[2026/09/25 20:32:56:5505] N: WS   /ws - (unix skt), clients: 3
[2026/09/25 20:32:56:5505] N: WS   /ws - (unix skt), clients: 4
[2026/09/25 20:32:56:5505] N: WS   /ws - (unix skt), clients: 5
[2026/09/25 20:32:56:5506] N: WS   /ws - (unix skt), clients: 6
[2026/09/25 20:32:56:5506] N: WS   /ws - (unix skt), clients: 7
[2026/09/25 20:32:56:5506] N: WS   /ws - (unix skt), clients: 8
[2026/09/25 20:32:56:5516] N: started process, pid: 89273
[2026/09/25 20:32:56:5517] N: WS   /ws - (unix skt), clients: 9
[2026/09/25 20:32:56:5517] N: WS   /ws - (unix skt), clients: 10
[2026/09/25 20:32:56:5522] N: started process, pid: 89274
[2026/09/25 20:32:56:5527] N: started process, pid: 89275
[2026/09/25 20:32:56:5533] N: started process, pid: 89276
[2026/09/25 20:32:56:5542] N: started process, pid: 89277
[2026/09/25 20:32:56:5553] N: started process, pid: 89278
[2026/09/25 20:32:56:5561] N: started process, pid: 89279
[2026/09/25 20:32:56:5587] N: started process, pid: 89283
[2026/09/25 20:32:56:5612] N: started process, pid: 89293
[2026/09/25 20:32:56:5639] N: started process, pid: 89298
[2026/09/25 20:32:56:6659] N: WS closed from (unix skt), clients: 9
[2026/09/25 20:32:56:6660] N: killing process, pid: 89278
[2026/09/25 20:32:56:6662] N: process killed with signal 1, pid: 89278
[2026/09/25 20:32:56:7092] N: WS closed from (unix skt), clients: 8
[2026/09/25 20:32:56:7093] N: killing process, pid: 89275
[2026/09/25 20:32:56:7097] N: process killed with signal 1, pid: 89275
[2026/09/25 20:32:56:8430] N: WS closed from (unix skt), clients: 7
[2026/09/25 20:32:56:8430] N: killing process, pid: 89274
[2026/09/25 20:32:56:8433] N: process killed with signal 0, pid: 89274
[2026/09/25 20:32:56:8972] N: WS closed from (unix skt), clients: 6
[2026/09/25 20:32:56:8972] N: killing process, pid: 89273
[2026/09/25 20:32:56:8977] N: process killed with signal 0, pid: 89273
[2026/09/25 20:32:56:9230] N: WS closed from (unix skt), clients: 5
[2026/09/25 20:32:56:9230] N: killing process, pid: 89283
[2026/09/25 20:32:56:9236] N: process killed with signal 0, pid: 89283
[2026/09/25 20:32:56:9371] N: WS closed from (unix skt), clients: 4
[2026/09/25 20:32:56:9371] N: killing process, pid: 89293
[2026/09/25 20:32:56:9374] N: process killed with signal 0, pid: 89293
[2026/09/25 20:32:57:3840] N: WS closed from (unix skt), clients: 3
[2026/09/25 20:32:57:3841] N: killing process, pid: 89277
[2026/09/25 20:32:57:3852] N: process killed with signal 0, pid: 89277
[2026/09/25 20:32:57:4393] N: WS closed from (unix skt), clients: 2
[2026/09/25 20:32:57:4394] N: killing process, pid: 89298
[2026/09/25 20:32:57:4406] N: process killed with signal 0, pid: 89298
[2026/09/25 20:32:58:5528] N: WS closed from (unix skt), clients: 1
[2026/09/25 20:32:58:5529] N: killing process, pid: 89279
[2026/09/25 20:32:58:5529] N: WS closed from (unix skt), clients: 0
[2026/09/25 20:32:58:5530] N: killing process, pid: 89276
[2026/09/25 20:32:58:5538] N: process killed with signal 0, pid: 89279
[2026/09/25 20:32:58:5550] N: process killed with signal 0, pid: 89276
[2026/09/25 20:32:58:5694] N: WS   /ws - (unix skt), clients: 1
[2026/09/25 20:32:58:5695] N: WS   /ws - (unix skt), clients: 2
[2026/09/25 20:32:58:5695] N: WS   /ws - (unix skt), clients: 3
[2026/09/25 20:32:58:5695] N: WS   /ws - (unix skt), clients: 4
[2026/09/25 20:32:58:5696] N: WS   /ws - (unix skt), clients: 5
[2026/09/25 20:32:58:5696] N: WS   /ws - (unix skt), clients: 6
[2026/09/25 20:32:58:5696] N: WS   /ws - (unix skt), clients: 7
[2026/09/25 20:32:58:5696] N: WS   /ws - (unix skt), clients: 8
[2026/09/25 20:32:58:5696] N: WS   /ws - (unix skt), clients: 9
[2026/09/25 20:32:58:5696] N: WS   /ws - (unix skt), clients: 10
[2026/09/25 20:32:58:5714] N: started process, pid: 89674
[2026/09/25 20:32:58:5722] N: started process, pid: 89675
[2026/09/25 20:32:58:5732] N: started process, pid: 89676
[2026/09/25 20:32:58:5786] N: started process, pid: 89677
[2026/09/25 20:32:58:5800] N: started process, pid: 89678
[2026/09/25 20:32:58:5815] N: started process, pid: 89679
[2026/09/25 20:32:58:5836] N: started process, pid: 89680
[2026/09/25 20:32:58:5852] N: started process, pid: 89693
[2026/09/25 20:32:58:5859] N: started process, pid: 89697
[2026/09/25 20:32:58:5875] N: started process, pid: 89699
[2026/09/25 20:32:58:6667] N: WS closed from (unix skt), clients: 9
[2026/09/25 20:32:58:6668] N: killing process, pid: 89677
[2026/09/25 20:32:58:6671] N: process killed with signal 1, pid: 89677
[2026/09/25 20:32:58:7446] N: WS closed from (unix skt), clients: 8
[2026/09/25 20:32:58:7447] N: killing process, pid: 89697
[2026/09/25 20:32:58:7451] N: process killed with signal 1, pid: 89697
[2026/09/25 20:32:58:8556] N: WS closed from (unix skt), clients: 7
[2026/09/25 20:32:58:8556] N: killing process, pid: 89675
[2026/09/25 20:32:58:8560] N: process killed with signal 0, pid: 89675
[2026/09/25 20:32:58:8687] N: WS closed from (unix skt), clients: 6
[2026/09/25 20:32:58:8687] N: killing process, pid: 89674
[2026/09/25 20:32:58:8690] N: process killed with signal 0, pid: 89674
[2026/09/25 20:32:58:9325] N: WS closed from (unix skt), clients: 5
[2026/09/25 20:32:58:9326] N: killing process, pid: 89679
[2026/09/25 20:32:58:9326] N: WS closed from (unix skt), clients: 4
[2026/09/25 20:32:58:9326] N: killing process, pid: 89680
[2026/09/25 20:32:58:9331] N: process killed with signal 0, pid: 89679
[2026/09/25 20:32:58:9331] N: process killed with signal 0, pid: 89680
[2026/09/25 20:32:59:3964] N: WS closed from (unix skt), clients: 3
[2026/09/25 20:32:59:3966] N: killing process, pid: 89676
[2026/09/25 20:32:59:3979] N: process killed with signal 0, pid: 89676
[2026/09/25 20:32:59:4187] N: WS closed from (unix skt), clients: 2
[2026/09/25 20:32:59:4188] N: killing process, pid: 89693
[2026/09/25 20:32:59:4203] N: process killed with signal 0, pid: 89693
[2026/09/25 20:33:00:5725] N: WS closed from (unix skt), clients: 1
[2026/09/25 20:33:00:5726] N: killing process, pid: 89678
[2026/09/25 20:33:00:5726] N: WS closed from (unix skt), clients: 0
[2026/09/25 20:33:00:5726] N: killing process, pid: 89699
[2026/09/25 20:33:00:5732] N: process killed with signal 0, pid: 89678
[2026/09/25 20:33:00:5736] N: process killed with signal 0, pid: 89699
[2026/09/25 20:33:00:5814] N: WS   /ws - (unix skt), clients: 1
[2026/09/25 20:33:00:5814] N: WS   /ws - (unix skt), clients: 2
[2026/09/25 20:33:00:5814] N: WS   /ws - (unix skt), clients: 3
[2026/09/25 20:33:00:5814] N: WS   /ws - (unix skt), clients: 4
[2026/09/25 20:33:00:5814] N: WS   /ws - (unix skt), clients: 5
[2026/09/25 20:33:00:5814] N: WS   /ws - (unix skt), clients: 6
[2026/09/25 20:33:00:5814] N: WS   /ws - (unix skt), clients: 7
[2026/09/25 20:33:00:5815] N: WS   /ws - (unix skt), clients: 8
[2026/09/25 20:33:00:5815] N: WS   /ws - (unix skt), clients: 9
[2026/09/25 20:33:00:5815] N: WS   /ws - (unix skt), clients: 10
[2026/09/25 20:33:00:5824] N: started process, pid: 89930
[2026/09/25 20:33:00:5828] N: started process, pid: 89931
[2026/09/25 20:33:00:5832] N: started process, pid: 89932
[2026/09/25 20:33:00:5838] N: started process, pid: 89934
[2026/09/25 20:33:00:5845] N: started process, pid: 89935
[2026/09/25 20:33:00:5852] N: started process, pid: 89936
[2026/09/25 20:33:00:5858] N: started process, pid: 89937
[2026/09/25 20:33:00:5868] N: started process, pid: 89938
[2026/09/25 20:33:00:5885] N: started process, pid: 89940
[2026/09/25 20:33:00:5893] N: started process, pid: 89950
[2026/09/25 20:33:00:6913] N: WS closed from (unix skt), clients: 9
[2026/09/25 20:33:00:6914] N: killing process, pid: 89934
[2026/09/25 20:33:00:6921] N: process killed with signal 1, pid: 89934
[2026/09/25 20:33:00:7612] N: WS closed from (unix skt), clients: 8
[2026/09/25 20:33:00:7612] N: killing process, pid: 89940
[2026/09/25 20:33:00:7616] N: process killed with signal 1, pid: 89940
[2026/09/25 20:33:00:8669] N: WS closed from (unix skt), clients: 7
[2026/09/25 20:33:00:8669] N: killing process, pid: 89932
[2026/09/25 20:33:00:8673] N: process killed with signal 0, pid: 89932
[2026/09/25 20:33:00:8800] N: WS closed from (unix skt), clients: 6
[2026/09/25 20:33:00:8800] N: killing process, pid: 89930
[2026/09/25 20:33:00:8804] N: process killed with signal 0, pid: 89930
[2026/09/25 20:33:00:9211] N: WS closed from (unix skt), clients: 5
[2026/09/25 20:33:00:9211] N: killing process, pid: 89937
[2026/09/25 20:33:00:9214] N: process killed with signal 0, pid: 89937
[2026/09/25 20:33:00:9462] N: WS closed from (unix skt), clients: 4
[2026/09/25 20:33:00:9462] N: killing process, pid: 89936
[2026/09/25 20:33:00:9467] N: process killed with signal 0, pid: 89936
[2026/09/25 20:33:01:3550] N: WS closed from (unix skt), clients: 3
[2026/09/25 20:33:01:3550] N: killing process, pid: 89931
[2026/09/25 20:33:01:3557] N: process killed with signal 0, pid: 89931
[2026/09/25 20:33:01:4482] N: WS closed from (unix skt), clients: 2
[2026/09/25 20:33:01:4483] N: killing process, pid: 89938
[2026/09/25 20:33:01:4496] N: process killed with signal 0, pid: 89938
[2026/09/25 20:33:02:5835] N: WS closed from (unix skt), clients: 1
[2026/09/25 20:33:02:5837] N: killing process, pid: 89935
[2026/09/25 20:33:02:5838] N: WS closed from (unix skt), clients: 0
[2026/09/25 20:33:02:5838] N: killing process, pid: 89950
[2026/09/25 20:33:02:5865] N: process killed with signal 0, pid: 89935
[2026/09/25 20:33:02:5866] N: process killed with signal 0, pid: 89950
[2026/09/25 20:33:02:6033] N: WS   /ws - (unix skt), clients: 1
[2026/09/25 20:33:02:6034] N: WS   /ws - (unix skt), clients: 2
[2026/09/25 20:33:02:6034] N: WS   /ws - (unix skt), clients: 3
[2026/09/25 20:33:02:6034] N: WS   /ws - (unix skt), clients: 4
[2026/09/25 20:33:02:6034] N: WS   /ws - (unix skt), clients: 5
[2026/09/25 20:33:02:6034] N: WS   /ws - (unix skt), clients: 6
[2026/09/25 20:33:02:6035] N: WS   /ws - (unix skt), clients: 7
[2026/09/25 20:33:02:6035] N: WS   /ws - (unix skt), clients: 8
[2026/09/25 20:33:02:6035] N: WS   /ws - (unix skt), clients: 9
[2026/09/25 20:33:02:6045] N: started process, pid: 90252
[2026/09/25 20:33:02:6050] N: started process, pid: 90253
[2026/09/25 20:33:02:6051] N: WS   /ws - (unix skt), clients: 10
[2026/09/25 20:33:02:6056] N: started process, pid: 90254
[2026/09/25 20:33:02:6061] N: started process, pid: 90255
[2026/09/25 20:33:02:6074] N: started process, pid: 90256
[2026/09/25 20:33:02:6088] N: started process, pid: 90257
[2026/09/25 20:33:02:6096] N: started process, pid: 90258
[2026/09/25 20:33:02:6113] N: started process, pid: 90261
[2026/09/25 20:33:02:6131] N: started process, pid: 90272
[2026/09/25 20:33:02:6139] N: started process, pid: 90281
[2026/09/25 20:33:02:7139] N: WS closed from (unix skt), clients: 9
[2026/09/25 20:33:02:7139] N: killing process, pid: 90256
[2026/09/25 20:33:02:7143] N: process killed with signal 1, pid: 90256
[2026/09/25 20:33:02:7695] N: WS closed from (unix skt), clients: 8
[2026/09/25 20:33:02:7696] N: killing process, pid: 90281
[2026/09/25 20:33:02:7698] N: process killed with signal 1, pid: 90281
[2026/09/25 20:33:02:8706] N: WS closed from (unix skt), clients: 7
[2026/09/25 20:33:02:8706] N: killing process, pid: 90252
[2026/09/25 20:33:02:8711] N: process killed with signal 0, pid: 90252
[2026/09/25 20:33:02:9158] N: WS closed from (unix skt), clients: 6
[2026/09/25 20:33:02:9158] N: killing process, pid: 90254
[2026/09/25 20:33:02:9163] N: process killed with signal 0, pid: 90254
[2026/09/25 20:33:02:9585] N: WS closed from (unix skt), clients: 5
[2026/09/25 20:33:02:9586] N: killing process, pid: 90261
[2026/09/25 20:33:02:9591] N: process killed with signal 0, pid: 90261
[2026/09/25 20:33:02:9690] N: WS closed from (unix skt), clients: 4
[2026/09/25 20:33:02:9690] N: killing process, pid: 90258
[2026/09/25 20:33:02:9696] N: process killed with signal 0, pid: 90258
[2026/09/25 20:33:03:4279] N: WS closed from (unix skt), clients: 3
[2026/09/25 20:33:03:4279] N: killing process, pid: 90253
[2026/09/25 20:33:03:4287] N: process killed with signal 0, pid: 90253
[2026/09/25 20:33:03:4970] N: WS closed from (unix skt), clients: 2
[2026/09/25 20:33:03:4971] N: killing process, pid: 90272
[2026/09/25 20:33:03:5090] N: process killed with signal 0, pid: 90272
[2026/09/25 20:33:04:6066] N: WS closed from (unix skt), clients: 1
[2026/09/25 20:33:04:6067] N: killing process, pid: 90257
[2026/09/25 20:33:04:6067] N: WS closed from (unix skt), clients: 0
[2026/09/25 20:33:04:6067] N: killing process, pid: 90255
[2026/09/25 20:33:04:6083] N: process killed with signal 0, pid: 90255
[2026/09/25 20:33:04:6083] N: process killed with signal 0, pid: 90257
[2026/09/25 20:33:04:6186] N: WS   /ws - (unix skt), clients: 1
[2026/09/25 20:33:04:6186] N: WS   /ws - (unix skt), clients: 2
[2026/09/25 20:33:04:6186] N: WS   /ws - (unix skt), clients: 3
[2026/09/25 20:33:04:6186] N: WS   /ws - (unix skt), clients: 4
[2026/09/25 20:33:04:6187] N: WS   /ws - (unix skt), clients: 5
[2026/09/25 20:33:04:6187] N: WS   /ws - (unix skt), clients: 6
[2026/09/25 20:33:04:6187] N: WS   /ws - (unix skt), clients: 7
[2026/09/25 20:33:04:6187] N: WS   /ws - (unix skt), clients: 8
[2026/09/25 20:33:04:6187] N: WS   /ws - (unix skt), clients: 9
[2026/09/25 20:33:04:6197] N: started process, pid: 90510
[2026/09/25 20:33:04:6203] N: started process, pid: 90511
[2026/09/25 20:33:04:6203] N: WS   /ws - (unix skt), clients: 10
[2026/09/25 20:33:04:6208] N: started process, pid: 90512
[2026/09/25 20:33:04:6214] N: started process, pid: 90513
[2026/09/25 20:33:04:6227] N: started process, pid: 90514
[2026/09/25 20:33:04:6234] N: started process, pid: 90515
[2026/09/25 20:33:04:6248] N: started process, pid: 90517
[2026/09/25 20:33:04:6266] N: started process, pid: 90527
[2026/09/25 20:33:04:6283] N: started process, pid: 90531
[2026/09/25 20:33:04:6296] N: started process, pid: 90536
[2026/09/25 20:33:04:7540] N: WS closed from (unix skt), clients: 9
[2026/09/25 20:33:04:7540] N: killing process, pid: 90514
[2026/09/25 20:33:04:7545] N: process killed with signal 1, pid: 90514
[2026/09/25 20:33:04:7923] N: WS closed from (unix skt), clients: 8
[2026/09/25 20:33:04:7924] N: killing process, pid: 90536
[2026/09/25 20:33:04:7927] N: process killed with signal 1, pid: 90536
[2026/09/25 20:33:04:8885] N: WS closed from (unix skt), clients: 7
[2026/09/25 20:33:04:8885] N: killing process, pid: 90510
[2026/09/25 20:33:04:8888] N: process killed with signal 0, pid: 90510
[2026/09/25 20:33:04:9417] N: WS closed from (unix skt), clients: 6
[2026/09/25 20:33:04:9417] N: killing process, pid: 90512
[2026/09/25 20:33:04:9421] N: process killed with signal 0, pid: 90512
[2026/09/25 20:33:04:9808] N: WS closed from (unix skt), clients: 5
[2026/09/25 20:33:04:9808] N: killing process, pid: 90527
[2026/09/25 20:33:04:9813] N: process killed with signal 0, pid: 90527
[2026/09/25 20:33:04:9929] N: WS closed from (unix skt), clients: 4
[2026/09/25 20:33:04:9929] N: killing process, pid: 90517
[2026/09/25 20:33:04:9934] N: process killed with signal 0, pid: 90517
[2026/09/25 20:33:05:4187] N: WS closed from (unix skt), clients: 3
[2026/09/25 20:33:05:4188] N: killing process, pid: 90511
[2026/09/25 20:33:05:4195] N: process killed with signal 0, pid: 90511
[2026/09/25 20:33:05:4941] N: WS closed from (unix skt), clients: 2
[2026/09/25 20:33:05:4942] N: killing process, pid: 90531
[2026/09/25 20:33:05:5074] N: process killed with signal 0, pid: 90531
[2026/09/25 20:33:06:6196] N: WS closed from (unix skt), clients: 1
[2026/09/25 20:33:06:6197] N: killing process, pid: 90515
[2026/09/25 20:33:06:6197] N: WS closed from (unix skt), clients: 0
[2026/09/25 20:33:06:6197] N: killing process, pid: 90513
[2026/09/25 20:33:06:6224] N: process killed with signal 0, pid: 90513
[2026/09/25 20:33:06:6224] N: process killed with signal 0, pid: 90515
[2026/09/25 20:33:06:6339] N: WS   /ws - (unix skt), clients: 1
[2026/09/25 20:33:06:6339] N: WS   /ws - (unix skt), clients: 2
[2026/09/25 20:33:06:6339] N: WS   /ws - (unix skt), clients: 3
[2026/09/25 20:33:06:6339] N: WS   /ws - (unix skt), clients: 4
[2026/09/25 20:33:06:6339] N: WS   /ws - (unix skt), clients: 5
[2026/09/25 20:33:06:6339] N: WS   /ws - (unix skt), clients: 6
[2026/09/25 20:33:06:6339] N: WS   /ws - (unix skt), clients: 7
[2026/09/25 20:33:06:6339] N: WS   /ws - (unix skt), clients: 8
[2026/09/25 20:33:06:6340] N: WS   /ws - (unix skt), clients: 9
[2026/09/25 20:33:06:6340] N: WS   /ws - (unix skt), clients: 10
[2026/09/25 20:33:06:6348] N: started process, pid: 90837
[2026/09/25 20:33:06:6354] N: started process, pid: 90838
[2026/09/25 20:33:06:6359] N: started process, pid: 90839
[2026/09/25 20:33:06:6365] N: started process, pid: 90840
[2026/09/25 20:33:06:6373] N: started process, pid: 90841
[2026/09/25 20:33:06:6383] N: started process, pid: 90842
[2026/09/25 20:33:06:6393] N: started process, pid: 90843
[2026/09/25 20:33:06:6401] N: started process, pid: 90844
[2026/09/25 20:33:06:6409] N: started process, pid: 90848
[2026/09/25 20:33:06:6420] N: started process, pid: 90855
[2026/09/25 20:33:06:7944] N: WS closed from (unix skt), clients: 9
[2026/09/25 20:33:06:7944] N: killing process, pid: 90841
[2026/09/25 20:33:06:7947] N: process killed with signal 1, pid: 90841
[2026/09/25 20:33:06:8224] N: WS closed from (unix skt), clients: 8
[2026/09/25 20:33:06:8224] N: killing process, pid: 90855
[2026/09/25 20:33:06:8229] N: process killed with signal 1, pid: 90855
[2026/09/25 20:33:06:9346] N: WS closed from (unix skt), clients: 7
[2026/09/25 20:33:06:9346] N: killing process, pid: 90839
[2026/09/25 20:33:06:9350] N: process killed with signal 0, pid: 90839
[2026/09/25 20:33:06:9648] N: WS closed from (unix skt), clients: 6
[2026/09/25 20:33:06:9648] N: killing process, pid: 90837
[2026/09/25 20:33:06:9652] N: process killed with signal 0, pid: 90837
[2026/09/25 20:33:06:9820] N: WS closed from (unix skt), clients: 5
[2026/09/25 20:33:06:9820] N: killing process, pid: 90843
[2026/09/25 20:33:06:9825] N: process killed with signal 0, pid: 90843
[2026/09/25 20:33:07:0241] N: WS closed from (unix skt), clients: 4
[2026/09/25 20:33:07:0242] N: killing process, pid: 90844
[2026/09/25 20:33:07:0249] N: process killed with signal 0, pid: 90844
[2026/09/25 20:33:07:4519] N: WS closed from (unix skt), clients: 3
[2026/09/25 20:33:07:4520] N: killing process, pid: 90840
[2026/09/25 20:33:07:4535] N: process killed with signal 0, pid: 90840
[2026/09/25 20:33:07:5260] N: WS closed from (unix skt), clients: 2
[2026/09/25 20:33:07:5261] N: killing process, pid: 90848
[2026/09/25 20:33:07:5296] N: process killed with signal 0, pid: 90848
[2026/09/25 20:33:08:6360] N: WS closed from (unix skt), clients: 1
[2026/09/25 20:33:08:6360] N: killing process, pid: 90842
[2026/09/25 20:33:08:6361] N: WS closed from (unix skt), clients: 0
[2026/09/25 20:33:08:6361] N: killing process, pid: 90838
[2026/09/25 20:33:08:6371] N: process killed with signal 0, pid: 90838
[2026/09/25 20:33:08:6372] N: process killed with signal 0, pid: 90842
[2026/09/25 20:33:08:6431] N: WS   /ws - (unix skt), clients: 1
[2026/09/25 20:33:08:6431] N: WS   /ws - (unix skt), clients: 2
[2026/09/25 20:33:08:6431] N: WS   /ws - (unix skt), clients: 3
[2026/09/25 20:33:08:6432] N: WS   /ws - (unix skt), clients: 4
[2026/09/25 20:33:08:6432] N: WS   /ws - (unix skt), clients: 5
[2026/09/25 20:33:08:6432] N: WS   /ws - (unix skt), clients: 6
[2026/09/25 20:33:08:6432] N: WS   /ws - (unix skt), clients: 7
[2026/09/25 20:33:08:6432] N: WS   /ws - (unix skt), clients: 8
[2026/09/25 20:33:08:6432] N: WS   /ws - (unix skt), clients: 9
[2026/09/25 20:33:08:6433] N: WS   /ws - (unix skt), clients: 10
[2026/09/25 20:33:08:6441] N: started process, pid: 92116
[2026/09/25 20:33:08:6449] N: started process, pid: 92117
[2026/09/25 20:33:08:6458] N: started process, pid: 92129
[2026/09/25 20:33:08:6465] N: started process, pid: 92130
[2026/09/25 20:33:08:6476] N: started process, pid: 92131
[2026/09/25 20:33:08:6488] N: started process, pid: 92134
[2026/09/25 20:33:08:6502] N: started process, pid: 92137
[2026/09/25 20:33:08:6520] N: started process, pid: 92140
[2026/09/25 20:33:08:6553] N: started process, pid: 92152
[2026/09/25 20:33:08:6566] N: started process, pid: 92158
[2026/09/25 20:33:08:8105] N: WS closed from (unix skt), clients: 9
[2026/09/25 20:33:08:8106] N: killing process, pid: 92130
[2026/09/25 20:33:08:8108] N: process killed with signal 1, pid: 92130
[2026/09/25 20:33:08:9360] N: WS closed from (unix skt), clients: 8
[2026/09/25 20:33:08:9360] N: killing process, pid: 92152
[2026/09/25 20:33:08:9364] N: process killed with signal 1, pid: 92152
[2026/09/25 20:33:08:9924] N: WS closed from (unix skt), clients: 7
[2026/09/25 20:33:08:9924] N: killing process, pid: 92116
[2026/09/25 20:33:08:9930] N: process killed with signal 0, pid: 92116
[2026/09/25 20:33:09:0318] N: WS closed from (unix skt), clients: 6
[2026/09/25 20:33:09:0318] N: killing process, pid: 92117
[2026/09/25 20:33:09:0322] N: process killed with signal 0, pid: 92117
[2026/09/25 20:33:09:0547] N: WS closed from (unix skt), clients: 5
[2026/09/25 20:33:09:0547] N: killing process, pid: 92134
[2026/09/25 20:33:09:0550] N: process killed with signal 0, pid: 92134
[2026/09/25 20:33:09:0931] N: WS closed from (unix skt), clients: 4
[2026/09/25 20:33:09:0931] N: killing process, pid: 92137
[2026/09/25 20:33:09:0936] N: process killed with signal 0, pid: 92137
[2026/09/25 20:33:09:5345] N: WS closed from (unix skt), clients: 3
[2026/09/25 20:33:09:5345] N: killing process, pid: 92129
[2026/09/25 20:33:09:5349] N: process killed with signal 0, pid: 92129
[2026/09/25 20:33:09:6144] N: WS closed from (unix skt), clients: 2
[2026/09/25 20:33:09:6144] N: killing process, pid: 92140
[2026/09/25 20:33:09:6148] N: process killed with signal 0, pid: 92140
[2026/09/25 20:33:10:6436] N: WS closed from (unix skt), clients: 1
[2026/09/25 20:33:10:6436] N: killing process, pid: 92131
[2026/09/25 20:33:10:6436] N: WS closed from (unix skt), clients: 0
[2026/09/25 20:33:10:6436] N: killing process, pid: 92158
[2026/09/25 20:33:10:6439] N: process killed with signal 0, pid: 92131
[2026/09/25 20:33:10:6444] N: process killed with signal 0, pid: 92158
[2026/09/25 20:33:10:6496] N: WS   /ws - (unix skt), clients: 1
[2026/09/25 20:33:10:6496] N: WS   /ws - (unix skt), clients: 2
[2026/09/25 20:33:10:6496] N: WS   /ws - (unix skt), clients: 3
[2026/09/25 20:33:10:6496] N: WS   /ws - (unix skt), clients: 4
[2026/09/25 20:33:10:6496] N: WS   /ws - (unix skt), clients: 5
[2026/09/25 20:33:10:6496] N: WS   /ws - (unix skt), clients: 6
[2026/09/25 20:33:10:6497] N: WS   /ws - (unix skt), clients: 7
[2026/09/25 20:33:10:6497] N: WS   /ws - (unix skt), clients: 8
[2026/09/25 20:33:10:6497] N: WS   /ws - (unix skt), clients: 9
[2026/09/25 20:33:10:6497] N: WS   /ws - (unix skt), clients: 10
[2026/09/25 20:33:10:6504] N: started process, pid: 94088
[2026/09/25 20:33:10:6507] N: started process, pid: 94089
[2026/09/25 20:33:10:6512] N: started process, pid: 94090
[2026/09/25 20:33:10:6518] N: started process, pid: 94091
[2026/09/25 20:33:10:6524] N: started process, pid: 94092
[2026/09/25 20:33:10:6530] N: started process, pid: 94093
[2026/09/25 20:33:10:6536] N: started process, pid: 94094
[2026/09/25 20:33:10:6553] N: started process, pid: 94098
[2026/09/25 20:33:10:6566] N: started process, pid: 94106
[2026/09/25 20:33:10:6582] N: started process, pid: 94109
[2026/09/25 20:33:10:7748] N: WS closed from (unix skt), clients: 9
[2026/09/25 20:33:10:7749] N: killing process, pid: 94089
[2026/09/25 20:33:10:7760] N: process killed with signal 1, pid: 94089
[2026/09/25 20:33:10:7888] N: WS closed from (unix skt), clients: 8
[2026/09/25 20:33:10:7888] N: killing process, pid: 94093
[2026/09/25 20:33:10:7892] N: process killed with signal 1, pid: 94093
[2026/09/25 20:33:10:9522] N: WS closed from (unix skt), clients: 7
[2026/09/25 20:33:10:9522] N: killing process, pid: 94088
[2026/09/25 20:33:10:9526] N: process killed with signal 0, pid: 94088
[2026/09/25 20:33:10:9763] N: WS closed from (unix skt), clients: 6
[2026/09/25 20:33:10:9764] N: killing process, pid: 94091
[2026/09/25 20:33:10:9767] N: process killed with signal 0, pid: 94091
[2026/09/25 20:33:11:0490] N: WS closed from (unix skt), clients: 5
[2026/09/25 20:33:11:0490] N: killing process, pid: 94106
[2026/09/25 20:33:11:0491] N: WS closed from (unix skt), clients: 4
[2026/09/25 20:33:11:0491] N: killing process, pid: 94098
[2026/09/25 20:33:11:0494] N: process killed with signal 0, pid: 94098
[2026/09/25 20:33:11:0494] N: process killed with signal 0, pid: 94106
[2026/09/25 20:33:11:5131] N: WS closed from (unix skt), clients: 3
[2026/09/25 20:33:11:5131] N: killing process, pid: 94092
[2026/09/25 20:33:11:5135] N: process killed with signal 0, pid: 94092
[2026/09/25 20:33:11:5512] N: WS closed from (unix skt), clients: 2
[2026/09/25 20:33:11:5512] N: killing process, pid: 94109
[2026/09/25 20:33:11:5515] N: process killed with signal 0, pid: 94109
[2026/09/25 20:33:12:6521] N: WS closed from (unix skt), clients: 1
[2026/09/25 20:33:12:6521] N: killing process, pid: 94094
[2026/09/25 20:33:12:6521] N: WS closed from (unix skt), clients: 0
[2026/09/25 20:33:12:6521] N: killing process, pid: 94090
[2026/09/25 20:33:12:6525] N: process killed with signal 0, pid: 94094
[2026/09/25 20:33:12:6530] N: process killed with signal 0, pid: 94090
[2026/09/25 20:33:12:6585] N: WS   /ws - (unix skt), clients: 1
[2026/09/25 20:33:12:6607] N: started process, pid: 95135
[2026/09/25 20:33:12:6608] N: WS   /ws - (unix skt), clients: 2
[2026/09/25 20:33:12:6608] N: WS   /ws - (unix skt), clients: 3
[2026/09/25 20:33:12:6608] N: WS   /ws - (unix skt), clients: 4
[2026/09/25 20:33:12:6608] N: WS   /ws - (unix skt), clients: 5
[2026/09/25 20:33:12:6608] N: WS   /ws - (unix skt), clients: 6
[2026/09/25 20:33:12:6609] N: WS   /ws - (unix skt), clients: 7
[2026/09/25 20:33:12:6609] N: WS   /ws - (unix skt), clients: 8
[2026/09/25 20:33:12:6609] N: WS   /ws - (unix skt), clients: 9
[2026/09/25 20:33:12:6609] N: WS   /ws - (unix skt), clients: 10
[2026/09/25 20:33:12:6613] N: started process, pid: 95136
[2026/09/25 20:33:12:6620] N: started process, pid: 95137
[2026/09/25 20:33:12:6628] N: started process, pid: 95138
[2026/09/25 20:33:12:6635] N: started process, pid: 95139
[2026/09/25 20:33:12:6645] N: started process, pid: 95141
[2026/09/25 20:33:12:6701] N: started process, pid: 95161
[2026/09/25 20:33:12:6714] N: started process, pid: 95169
[2026/09/25 20:33:12:6727] N: started process, pid: 95170
[2026/09/25 20:33:12:6743] N: started process, pid: 95173
[2026/09/25 20:33:12:7619] N: WS closed from (unix skt), clients: 9
[2026/09/25 20:33:12:7619] N: killing process, pid: 95138
[2026/09/25 20:33:12:7623] N: process killed with signal 1, pid: 95138
[2026/09/25 20:33:12:8756] N: WS closed from (unix skt), clients: 8
[2026/09/25 20:33:12:8757] N: killing process, pid: 95170
[2026/09/25 20:33:12:8760] N: process killed with signal 1, pid: 95170
[2026/09/25 20:33:12:9466] N: WS closed from (unix skt), clients: 7
[2026/09/25 20:33:12:9467] N: killing process, pid: 95135
[2026/09/25 20:33:12:9471] N: process killed with signal 0, pid: 95135
[2026/09/25 20:33:12:9843] N: WS closed from (unix skt), clients: 6
[2026/09/25 20:33:12:9844] N: killing process, pid: 95136
[2026/09/25 20:33:12:9848] N: process killed with signal 0, pid: 95136
[2026/09/25 20:33:13:0288] N: WS closed from (unix skt), clients: 5
[2026/09/25 20:33:13:0288] N: killing process, pid: 95161
[2026/09/25 20:33:13:0292] N: process killed with signal 0, pid: 95161
[2026/09/25 20:33:13:0588] N: WS closed from (unix skt), clients: 4
[2026/09/25 20:33:13:0589] N: killing process, pid: 95141
[2026/09/25 20:33:13:0593] N: process killed with signal 0, pid: 95141
[2026/09/25 20:33:13:4884] N: WS closed from (unix skt), clients: 3
[2026/09/25 20:33:13:4884] N: killing process, pid: 95137
[2026/09/25 20:33:13:4887] N: process killed with signal 0, pid: 95137
[2026/09/25 20:33:13:5786] N: WS closed from (unix skt), clients: 2
[2026/09/25 20:33:13:5786] N: killing process, pid: 95169
[2026/09/25 20:33:13:5789] N: process killed with signal 0, pid: 95169
[2026/09/25 20:33:14:6623] N: WS closed from (unix skt), clients: 1
[2026/09/25 20:33:14:6624] N: killing process, pid: 95139
[2026/09/25 20:33:14:6625] N: WS closed from (unix skt), clients: 0
[2026/09/25 20:33:14:6626] N: killing process, pid: 95173
[2026/09/25 20:33:14:6647] N: process killed with signal 0, pid: 95139
[2026/09/25 20:33:14:6648] N: process killed with signal 0, pid: 95173
[2026/09/25 20:33:14:6806] N: WS   /ws - (unix skt), clients: 1
[2026/09/25 20:33:14:6806] N: WS   /ws - (unix skt), clients: 2
[2026/09/25 20:33:14:6807] N: WS   /ws - (unix skt), clients: 3
[2026/09/25 20:33:14:6807] N: WS   /ws - (unix skt), clients: 4
[2026/09/25 20:33:14:6807] N: WS   /ws - (unix skt), clients: 5
[2026/09/25 20:33:14:6807] N: WS   /ws - (unix skt), clients: 6
[2026/09/25 20:33:14:6807] N: WS   /ws - (unix skt), clients: 7
[2026/09/25 20:33:14:6807] N: WS   /ws - (unix skt), clients: 8
[2026/09/25 20:33:14:6808] N: WS   /ws - (unix skt), clients: 9
[2026/09/25 20:33:14:6808] N: WS   /ws - (unix skt), clients: 10
[2026/09/25 20:33:14:6822] N: started process, pid: 95909
[2026/09/25 20:33:14:6829] N: started process, pid: 95910
[2026/09/25 20:33:14:6836] N: started process, pid: 95911
[2026/09/25 20:33:14:6844] N: started process, pid: 95912
[2026/09/25 20:33:14:6856] N: started process, pid: 95913
[2026/09/25 20:33:14:6867] N: started process, pid: 95914
[2026/09/25 20:33:14:6875] N: started process, pid: 95915
[2026/09/25 20:33:14:6891] N: started process, pid: 95916
[2026/09/25 20:33:14:6900] N: started process, pid: 95927
[2026/09/25 20:33:14:6914] N: started process, pid: 95932
[2026/09/25 20:33:14:7939] N: WS closed from (unix skt), clients: 9
[2026/09/25 20:33:14:7940] N: killing process, pid: 95911
[2026/09/25 20:33:14:7944] N: process killed with signal 1, pid: 95911
[2026/09/25 20:33:14:8851] N: WS closed from (unix skt), clients: 8
[2026/09/25 20:33:14:8852] N: killing process, pid: 95927
[2026/09/25 20:33:14:8856] N: process killed with signal 1, pid: 95927
[2026/09/25 20:33:14:9526] N: WS closed from (unix skt), clients: 7
[2026/09/25 20:33:14:9526] N: killing process, pid: 95909
[2026/09/25 20:33:14:9531] N: process killed with signal 0, pid: 95909
[2026/09/25 20:33:15:0500] N: WS closed from (unix skt), clients: 6
[2026/09/25 20:33:15:0500] N: killing process, pid: 95913
[2026/09/25 20:33:15:0506] N: process killed with signal 0, pid: 95913
[2026/09/25 20:33:15:0621] N: WS closed from (unix skt), clients: 5
[2026/09/25 20:33:15:0621] N: killing process, pid: 95915
[2026/09/25 20:33:15:0627] N: process killed with signal 0, pid: 95915
[2026/09/25 20:33:15:0742] N: WS closed from (unix skt), clients: 4
[2026/09/25 20:33:15:0742] N: killing process, pid: 95914
[2026/09/25 20:33:15:0747] N: process killed with signal 0, pid: 95914
[2026/09/25 20:33:15:5403] N: WS closed from (unix skt), clients: 3
[2026/09/25 20:33:15:5403] N: killing process, pid: 95910
[2026/09/25 20:33:15:5415] N: process killed with signal 0, pid: 95910
[2026/09/25 20:33:15:5756] N: WS closed from (unix skt), clients: 2
[2026/09/25 20:33:15:5757] N: killing process, pid: 95916
[2026/09/25 20:33:15:5771] N: process killed with signal 0, pid: 95916
[2026/09/25 20:33:16:6809] N: WS closed from (unix skt), clients: 1
[2026/09/25 20:33:16:6809] N: killing process, pid: 95912
[2026/09/25 20:33:16:6809] N: WS closed from (unix skt), clients: 0
[2026/09/25 20:33:16:6810] N: killing process, pid: 95932
[2026/09/25 20:33:16:6820] N: process killed with signal 0, pid: 95932
[2026/09/25 20:33:16:6821] N: process killed with signal 0, pid: 95912
[2026/09/25 20:33:16:6906] N: WS   /ws - (unix skt), clients: 1
[2026/09/25 20:33:16:6906] N: WS   /ws - (unix skt), clients: 2
[2026/09/25 20:33:16:6906] N: WS   /ws - (unix skt), clients: 3
[2026/09/25 20:33:16:6906] N: WS   /ws - (unix skt), clients: 4
[2026/09/25 20:33:16:6906] N: WS   /ws - (unix skt), clients: 5
[2026/09/25 20:33:16:6907] N: WS   /ws - (unix skt), clients: 6
[2026/09/25 20:33:16:6907] N: WS   /ws - (unix skt), clients: 7
[2026/09/25 20:33:16:6907] N: WS   /ws - (unix skt), clients: 8
[2026/09/25 20:33:16:6907] N: WS   /ws - (unix skt), clients: 9
[2026/09/25 20:33:16:6924] N: started process, pid: 96230
[2026/09/25 20:33:16:6934] N: started process, pid: 96232
[2026/09/25 20:33:16:6944] N: started process, pid: 96233
[2026/09/25 20:33:16:6946] N: WS   /ws - (unix skt), clients: 10
[2026/09/25 20:33:16:6954] N: started process, pid: 96234
[2026/09/25 20:33:16:6966] N: started process, pid: 96235
[2026/09/25 20:33:16:6977] N: started process, pid: 96237
[2026/09/25 20:33:16:6990] N: started process, pid: 96243
[2026/09/25 20:33:16:7008] N: started process, pid: 96248
[2026/09/25 20:33:16:7027] N: started process, pid: 96252
[2026/09/25 20:33:16:7041] N: started process, pid: 96259
[2026/09/25 20:33:16:8041] N: WS closed from (unix skt), clients: 9
[2026/09/25 20:33:16:8042] N: killing process, pid: 96233
[2026/09/25 20:33:16:8082] N: process killed with signal 1, pid: 96233
[2026/09/25 20:33:16:8873] N: WS closed from (unix skt), clients: 8
[2026/09/25 20:33:16:8873] N: killing process, pid: 96259
[2026/09/25 20:33:16:8877] N: process killed with signal 1, pid: 96259
[2026/09/25 20:33:16:9581] N: WS closed from (unix skt), clients: 7
[2026/09/25 20:33:16:9581] N: killing process, pid: 96230
[2026/09/25 20:33:16:9585] N: process killed with signal 0, pid: 96230
[2026/09/25 20:33:17:0504] N: WS closed from (unix skt), clients: 6
[2026/09/25 20:33:17:0504] N: killing process, pid: 96234
[2026/09/25 20:33:17:0509] N: process killed with signal 0, pid: 96234
[2026/09/25 20:33:17:0645] N: WS closed from (unix skt), clients: 5
[2026/09/25 20:33:17:0645] N: killing process, pid: 96248
[2026/09/25 20:33:17:0650] N: process killed with signal 0, pid: 96248
[2026/09/25 20:33:17:0776] N: WS closed from (unix skt), clients: 4
[2026/09/25 20:33:17:0776] N: killing process, pid: 96243
[2026/09/25 20:33:17:0781] N: process killed with signal 0, pid: 96243
[2026/09/25 20:33:17:4606] N: WS closed from (unix skt), clients: 3
[2026/09/25 20:33:17:4607] N: killing process, pid: 96232
[2026/09/25 20:33:17:4615] N: process killed with signal 0, pid: 96232
[2026/09/25 20:33:17:5923] N: WS closed from (unix skt), clients: 2
[2026/09/25 20:33:17:5924] N: killing process, pid: 96252
[2026/09/25 20:33:17:5937] N: process killed with signal 0, pid: 96252
[2026/09/25 20:33:18:6919] N: WS closed from (unix skt), clients: 1
[2026/09/25 20:33:18:6919] N: killing process, pid: 96237
[2026/09/25 20:33:18:6926] N: process killed with signal 0, pid: 96237
[2026/09/25 20:33:18:6957] N: WS closed from (unix skt), clients: 0
[2026/09/25 20:33:18:6957] N: killing process, pid: 96235
[2026/09/25 20:33:18:6966] N: process killed with signal 0, pid: 96235
[2026/09/25 20:33:18:7055] N: WS   /ws - (unix skt), clients: 1
[2026/09/25 20:33:18:7056] N: WS   /ws - (unix skt), clients: 2
[2026/09/25 20:33:18:7056] N: WS   /ws - (unix skt), clients: 3
[2026/09/25 20:33:18:7056] N: WS   /ws - (unix skt), clients: 4
[2026/09/25 20:33:18:7056] N: WS   /ws - (unix skt), clients: 5
[2026/09/25 20:33:18:7056] N: WS   /ws - (unix skt), clients: 6
[2026/09/25 20:33:18:7056] N: WS   /ws - (unix skt), clients: 7
[2026/09/25 20:33:18:7057] N: WS   /ws - (unix skt), clients: 8
[2026/09/25 20:33:18:7057] N: WS   /ws - (unix skt), clients: 9
[2026/09/25 20:33:18:7057] N: WS   /ws - (unix skt), clients: 10
[2026/09/25 20:33:18:7073] N: started process, pid: 96541
[2026/09/25 20:33:18:7080] N: started process, pid: 96542
[2026/09/25 20:33:18:7086] N: started process, pid: 96543
[2026/09/25 20:33:18:7094] N: started process, pid: 96544
[2026/09/25 20:33:18:7102] N: started process, pid: 96545
[2026/09/25 20:33:18:7115] N: started process, pid: 96547
[2026/09/25 20:33:18:7121] N: started process, pid: 96548
[2026/09/25 20:33:18:7133] N: started process, pid: 96555
[2026/09/25 20:33:18:7142] N: started process, pid: 96560
[2026/09/25 20:33:18:7157] N: started process, pid: 96562
[2026/09/25 20:33:18:8136] N: WS closed from (unix skt), clients: 9
[2026/09/25 20:33:18:8136] N: killing process, pid: 96543
[2026/09/25 20:33:18:8140] N: process killed with signal 1, pid: 96543
[2026/09/25 20:33:18:8919] N: WS closed from (unix skt), clients: 8
[2026/09/25 20:33:18:8920] N: killing process, pid: 96560
[2026/09/25 20:33:18:8923] N: process killed with signal 1, pid: 96560
[2026/09/25 20:33:19:0406] N: WS closed from (unix skt), clients: 7
[2026/09/25 20:33:19:0406] N: killing process, pid: 96545
[2026/09/25 20:33:19:0406] N: WS closed from (unix skt), clients: 6
[2026/09/25 20:33:19:0407] N: killing process, pid: 96541
[2026/09/25 20:33:19:0412] N: process killed with signal 0, pid: 96541
[2026/09/25 20:33:19:0412] N: process killed with signal 0, pid: 96545
[2026/09/25 20:33:19:0668] N: WS closed from (unix skt), clients: 5
[2026/09/25 20:33:19:0668] N: killing process, pid: 96548
[2026/09/25 20:33:19:0673] N: process killed with signal 0, pid: 96548
[2026/09/25 20:33:19:0956] N: WS closed from (unix skt), clients: 4
[2026/09/25 20:33:19:0956] N: killing process, pid: 96547
[2026/09/25 20:33:19:0962] N: process killed with signal 0, pid: 96547
[2026/09/25 20:33:19:5317] N: WS closed from (unix skt), clients: 3
[2026/09/25 20:33:19:5318] N: killing process, pid: 96542
[2026/09/25 20:33:19:5337] N: process killed with signal 0, pid: 96542
[2026/09/25 20:33:19:5823] N: WS closed from (unix skt), clients: 2
[2026/09/25 20:33:19:5825] N: killing process, pid: 96555
[2026/09/25 20:33:19:5837] N: process killed with signal 0, pid: 96555
[2026/09/25 20:33:20:7067] N: WS closed from (unix skt), clients: 1
[2026/09/25 20:33:20:7068] N: killing process, pid: 96544
[2026/09/25 20:33:20:7068] N: WS closed from (unix skt), clients: 0
[2026/09/25 20:33:20:7068] N: killing process, pid: 96562
[2026/09/25 20:33:20:7085] N: process killed with signal 0, pid: 96544
[2026/09/25 20:33:20:7085] N: process killed with signal 0, pid: 96562
[2026/09/25 20:33:20:7160] N: WS   /ws - (unix skt), clients: 1
[2026/09/25 20:33:20:7160] N: WS   /ws - (unix skt), clients: 2
[2026/09/25 20:33:20:7160] N: WS   /ws - (unix skt), clients: 3
[2026/09/25 20:33:20:7160] N: WS   /ws - (unix skt), clients: 4
[2026/09/25 20:33:20:7161] N: WS   /ws - (unix skt), clients: 5
[2026/09/25 20:33:20:7161] N: WS   /ws - (unix skt), clients: 6
[2026/09/25 20:33:20:7161] N: WS   /ws - (unix skt), clients: 7
[2026/09/25 20:33:20:7161] N: WS   /ws - (unix skt), clients: 8
[2026/09/25 20:33:20:7161] N: WS   /ws - (unix skt), clients: 9
[2026/09/25 20:33:20:7161] N: WS   /ws - (unix skt), clients: 10
[2026/09/25 20:33:20:7169] N: started process, pid: 97075
[2026/09/25 20:33:20:7173] N: started process, pid: 97076
[2026/09/25 20:33:20:7179] N: started process, pid: 97077
[2026/09/25 20:33:20:7191] N: started process, pid: 97079
[2026/09/25 20:33:20:7205] N: started process, pid: 97080
[2026/09/25 20:33:20:7214] N: started process, pid: 97083
[2026/09/25 20:33:20:7267] N: started process, pid: 97089
[2026/09/25 20:33:20:7287] N: started process, pid: 97106
[2026/09/25 20:33:20:7310] N: started process, pid: 97108
[2026/09/25 20:33:20:7330] N: started process, pid: 97113
[2026/09/25 20:33:20:8425] N: WS closed from (unix skt), clients: 9
[2026/09/25 20:33:20:8449] N: killing process, pid: 97077
[2026/09/25 20:33:20:8499] N: process killed with signal 1, pid: 97077
[2026/09/25 20:33:20:9078] N: WS closed from (unix skt), clients: 8
[2026/09/25 20:33:20:9079] N: killing process, pid: 97108
[2026/09/25 20:33:20:9082] N: process killed with signal 1, pid: 97108
[2026/09/25 20:33:21:0190] N: WS closed from (unix skt), clients: 7
[2026/09/25 20:33:21:0191] N: killing process, pid: 97075
[2026/09/25 20:33:21:0195] N: process killed with signal 0, pid: 97075
[2026/09/25 20:33:21:0723] N: WS closed from (unix skt), clients: 6
[2026/09/25 20:33:21:0723] N: killing process, pid: 97079
[2026/09/25 20:33:21:0728] N: process killed with signal 0, pid: 97079
[2026/09/25 20:33:21:0844] N: WS closed from (unix skt), clients: 5
[2026/09/25 20:33:21:0844] N: killing process, pid: 97089
[2026/09/25 20:33:21:0849] N: process killed with signal 0, pid: 97089
[2026/09/25 20:33:21:1116] N: WS closed from (unix skt), clients: 4
[2026/09/25 20:33:21:1116] N: killing process, pid: 97083
[2026/09/25 20:33:21:1123] N: process killed with signal 0, pid: 97083
[2026/09/25 20:33:21:5513] N: WS closed from (unix skt), clients: 3
[2026/09/25 20:33:21:5514] N: killing process, pid: 97076
[2026/09/25 20:33:21:5529] N: process killed with signal 0, pid: 97076
[2026/09/25 20:33:21:6133] N: WS closed from (unix skt), clients: 2
[2026/09/25 20:33:21:6134] N: killing process, pid: 97106
[2026/09/25 20:33:21:6149] N: process killed with signal 0, pid: 97106
[2026/09/25 20:33:22:7179] N: WS closed from (unix skt), clients: 1
[2026/09/25 20:33:22:7180] N: killing process, pid: 97080
[2026/09/25 20:33:22:7180] N: WS closed from (unix skt), clients: 0
[2026/09/25 20:33:22:7180] N: killing process, pid: 97113
[2026/09/25 20:33:22:7192] N: process killed with signal 0, pid: 97080
[2026/09/25 20:33:22:7192] N: process killed with signal 0, pid: 97113
[2026/09/25 20:33:22:7291] N: WS   /ws - (unix skt), clients: 1
[2026/09/25 20:33:22:7292] N: WS   /ws - (unix skt), clients: 2
[2026/09/25 20:33:22:7292] N: WS   /ws - (unix skt), clients: 3
[2026/09/25 20:33:22:7292] N: WS   /ws - (unix skt), clients: 4
[2026/09/25 20:33:22:7292] N: WS   /ws - (unix skt), clients: 5
[2026/09/25 20:33:22:7292] N: WS   /ws - (unix skt), clients: 6
[2026/09/25 20:33:22:7293] N: WS   /ws - (unix skt), clients: 7
[2026/09/25 20:33:22:7293] N: WS   /ws - (unix skt), clients: 8
[2026/09/25 20:33:22:7293] N: WS   /ws - (unix skt), clients: 9
[2026/09/25 20:33:22:7293] N: WS   /ws - (unix skt), clients: 10
[2026/09/25 20:33:22:7309] N: started process, pid: 97390
[2026/09/25 20:33:22:7316] N: started process, pid: 97391
[2026/09/25 20:33:22:7323] N: started process, pid: 97392
[2026/09/25 20:33:22:7331] N: started process, pid: 97393
[2026/09/25 20:33:22:7343] N: started process, pid: 97394
[2026/09/25 20:33:22:7354] N: started process, pid: 97395
[2026/09/25 20:33:22:7370] N: started process, pid: 97396
[2026/09/25 20:33:22:7382] N: started process, pid: 97403
[2026/09/25 20:33:22:7396] N: started process, pid: 97408
[2026/09/25 20:33:22:7411] N: started process, pid: 97411
[2026/09/25 20:33:22:8563] N: WS closed from (unix skt), clients: 9
[2026/09/25 20:33:22:8563] N: killing process, pid: 97392
[2026/09/25 20:33:22:8567] N: process killed with signal 1, pid: 97392
[2026/09/25 20:33:22:8953] N: WS closed from (unix skt), clients: 8
[2026/09/25 20:33:22:8954] N: killing process, pid: 97408
[2026/09/25 20:33:22:8957] N: process killed with signal 1, pid: 97408
[2026/09/25 20:33:23:0319] N: WS closed from (unix skt), clients: 7
[2026/09/25 20:33:23:0319] N: killing process, pid: 97390
[2026/09/25 20:33:23:0323] N: process killed with signal 0, pid: 97390
[2026/09/25 20:33:23:0852] N: WS closed from (unix skt), clients: 6
[2026/09/25 20:33:23:0853] N: killing process, pid: 97395
[2026/09/25 20:33:23:0859] N: process killed with signal 0, pid: 97395
[2026/09/25 20:33:23:1104] N: WS closed from (unix skt), clients: 5
[2026/09/25 20:33:23:1104] N: killing process, pid: 97396
[2026/09/25 20:33:23:1104] N: WS closed from (unix skt), clients: 4
[2026/09/25 20:33:23:1104] N: killing process, pid: 97394
[2026/09/25 20:33:23:1110] N: process killed with signal 0, pid: 97396
[2026/09/25 20:33:23:1112] N: process killed with signal 0, pid: 97394
[2026/09/25 20:33:23:5524] N: WS closed from (unix skt), clients: 3
[2026/09/25 20:33:23:5525] N: killing process, pid: 97391
[2026/09/25 20:33:23:5540] N: process killed with signal 0, pid: 97391
[2026/09/25 20:33:23:5717] N: WS closed from (unix skt), clients: 2
[2026/09/25 20:33:23:5718] N: killing process, pid: 97403
[2026/09/25 20:33:23:5728] N: process killed with signal 0, pid: 97403
[2026/09/25 20:33:24:7310] N: WS closed from (unix skt), clients: 1
[2026/09/25 20:33:24:7310] N: killing process, pid: 97393
[2026/09/25 20:33:24:7311] N: WS closed from (unix skt), clients: 0
[2026/09/25 20:33:24:7311] N: killing process, pid: 97411
[2026/09/25 20:33:24:7325] N: process killed with signal 0, pid: 97393
[2026/09/25 20:33:24:7326] N: process killed with signal 0, pid: 97411
[2026/09/25 20:33:24:7510] N: WS   /ws - (unix skt), clients: 1
[2026/09/25 20:33:24:7511] N: WS   /ws - (unix skt), clients: 2
[2026/09/25 20:33:24:7511] N: WS   /ws - (unix skt), clients: 3
[2026/09/25 20:33:24:7512] N: WS   /ws - (unix skt), clients: 4
[2026/09/25 20:33:24:7512] N: WS   /ws - (unix skt), clients: 5
[2026/09/25 20:33:24:7512] N: WS   /ws - (unix skt), clients: 6
[2026/09/25 20:33:24:7512] N: WS   /ws - (unix skt), clients: 7
[2026/09/25 20:33:24:7512] N: WS   /ws - (unix skt), clients: 8
[2026/09/25 20:33:24:7513] N: WS   /ws - (unix skt), clients: 9
[2026/09/25 20:33:24:7513] N: WS   /ws - (unix skt), clients: 10
[2026/09/25 20:33:24:7530] N: started process, pid: 97640
[2026/09/25 20:33:24:7558] N: started process, pid: 97641
[2026/09/25 20:33:24:7577] N: started process, pid: 97642
[2026/09/25 20:33:24:7601] N: started process, pid: 97644
[2026/09/25 20:33:24:7613] N: started process, pid: 97645
[2026/09/25 20:33:24:7627] N: started process, pid: 97646
[2026/09/25 20:33:24:7650] N: started process, pid: 97647
[2026/09/25 20:33:24:7661] N: started process, pid: 97648
[2026/09/25 20:33:24:7676] N: started process, pid: 97649
[2026/09/25 20:33:24:7687] N: started process, pid: 97655
[2026/09/25 20:33:24:8894] N: WS closed from (unix skt), clients: 9
[2026/09/25 20:33:24:8896] N: killing process, pid: 97642
[2026/09/25 20:33:24:8902] N: process killed with signal 1, pid: 97642
[2026/09/25 20:33:24:9565] N: WS closed from (unix skt), clients: 8
[2026/09/25 20:33:24:9565] N: killing process, pid: 97649
[2026/09/25 20:33:24:9570] N: process killed with signal 1, pid: 97649
[2026/09/25 20:33:25:0803] N: WS closed from (unix skt), clients: 7
[2026/09/25 20:33:25:0803] N: killing process, pid: 97640
[2026/09/25 20:33:25:0809] N: process killed with signal 0, pid: 97640
[2026/09/25 20:33:25:1316] N: WS closed from (unix skt), clients: 6
[2026/09/25 20:33:25:1316] N: killing process, pid: 97645
[2026/09/25 20:33:25:1322] N: process killed with signal 0, pid: 97645
[2026/09/25 20:33:25:1418] N: WS closed from (unix skt), clients: 5
[2026/09/25 20:33:25:1418] N: killing process, pid: 97647
[2026/09/25 20:33:25:1423] N: process killed with signal 0, pid: 97647
[2026/09/25 20:33:25:1569] N: WS closed from (unix skt), clients: 4
[2026/09/25 20:33:25:1569] N: killing process, pid: 97646
[2026/09/25 20:33:25:1575] N: process killed with signal 0, pid: 97646
[2026/09/25 20:33:25:6062] N: WS closed from (unix skt), clients: 3
[2026/09/25 20:33:25:6063] N: killing process, pid: 97648
[2026/09/25 20:33:25:6072] N: process killed with signal 0, pid: 97648
[2026/09/25 20:33:25:6172] N: WS closed from (unix skt), clients: 2
[2026/09/25 20:33:25:6173] N: killing process, pid: 97641
[2026/09/25 20:33:25:6182] N: process killed with signal 0, pid: 97641
[2026/09/25 20:33:26:7526] N: WS closed from (unix skt), clients: 1
[2026/09/25 20:33:26:7526] N: killing process, pid: 97644
[2026/09/25 20:33:26:7527] N: WS closed from (unix skt), clients: 0
[2026/09/25 20:33:26:7527] N: killing process, pid: 97655
[2026/09/25 20:33:26:7539] N: process killed with signal 0, pid: 97644
[2026/09/25 20:33:26:7540] N: process killed with signal 0, pid: 97655
[2026/09/25 20:33:26:7629] N: WS   /ws - (unix skt), clients: 1
[2026/09/25 20:33:26:7629] N: WS   /ws - (unix skt), clients: 2
[2026/09/25 20:33:26:7629] N: WS   /ws - (unix skt), clients: 3
[2026/09/25 20:33:26:7629] N: WS   /ws - (unix skt), clients: 4
[2026/09/25 20:33:26:7630] N: WS   /ws - (unix skt), clients: 5
[2026/09/25 20:33:26:7630] N: WS   /ws - (unix skt), clients: 6
[2026/09/25 20:33:26:7630] N: WS   /ws - (unix skt), clients: 7
[2026/09/25 20:33:26:7630] N: WS   /ws - (unix skt), clients: 8
[2026/09/25 20:33:26:7630] N: WS   /ws - (unix skt), clients: 9
[2026/09/25 20:33:26:7642] N: started process, pid: 97976
[2026/09/25 20:33:26:7647] N: started process, pid: 97977
[2026/09/25 20:33:26:7648] N: WS   /ws - (unix skt), clients: 10
[2026/09/25 20:33:26:7655] N: started process, pid: 97978
[2026/09/25 20:33:26:7663] N: started process, pid: 97979
[2026/09/25 20:33:26:7669] N: started process, pid: 97980
[2026/09/25 20:33:26:7679] N: started process, pid: 97981
[2026/09/25 20:33:26:7693] N: started process, pid: 97982
[2026/09/25 20:33:26:7704] N: started process, pid: 97985
[2026/09/25 20:33:26:7719] N: started process, pid: 97992
[2026/09/25 20:33:26:7731] N: started process, pid: 97995
[2026/09/25 20:33:26:9091] N: WS closed from (unix skt), clients: 9
[2026/09/25 20:33:26:9091] N: killing process, pid: 97980
[2026/09/25 20:33:26:9097] N: process killed with signal 1, pid: 97980
[2026/09/25 20:33:26:9555] N: WS closed from (unix skt), clients: 8
[2026/09/25 20:33:26:9555] N: killing process, pid: 97995
[2026/09/25 20:33:26:9558] N: process killed with signal 1, pid: 97995
[2026/09/25 20:33:27:0366] N: WS closed from (unix skt), clients: 7
[2026/09/25 20:33:27:0366] N: killing process, pid: 97976
[2026/09/25 20:33:27:0370] N: process killed with signal 0, pid: 97976
[2026/09/25 20:33:27:0659] N: WS closed from (unix skt), clients: 6
[2026/09/25 20:33:27:0659] N: killing process, pid: 97978
[2026/09/25 20:33:27:0664] N: process killed with signal 0, pid: 97978
[2026/09/25 20:33:27:1201] N: WS closed from (unix skt), clients: 5
[2026/09/25 20:33:27:1201] N: killing process, pid: 97982
[2026/09/25 20:33:27:1205] N: process killed with signal 0, pid: 97982
[2026/09/25 20:33:27:1540] N: WS closed from (unix skt), clients: 4
[2026/09/25 20:33:27:1541] N: killing process, pid: 97985
[2026/09/25 20:33:27:1547] N: process killed with signal 0, pid: 97985
[2026/09/25 20:33:27:5695] N: WS closed from (unix skt), clients: 3
[2026/09/25 20:33:27:5696] N: killing process, pid: 97977
[2026/09/25 20:33:27:5718] N: process killed with signal 0, pid: 97977
[2026/09/25 20:33:27:6418] N: WS closed from (unix skt), clients: 2
[2026/09/25 20:33:27:6419] N: killing process, pid: 97992
[2026/09/25 20:33:27:6433] N: process killed with signal 0, pid: 97992
[2026/09/25 20:33:28:7651] N: WS closed from (unix skt), clients: 1
[2026/09/25 20:33:28:7652] N: killing process, pid: 97981
[2026/09/25 20:33:28:7652] N: WS closed from (unix skt), clients: 0
[2026/09/25 20:33:28:7652] N: killing process, pid: 97979
[2026/09/25 20:33:28:7659] N: process killed with signal 0, pid: 97981
[2026/09/25 20:33:28:7665] N: process killed with signal 0, pid: 97979
[2026/09/25 20:33:28:7754] N: WS   /ws - (unix skt), clients: 1
[2026/09/25 20:33:28:7754] N: WS   /ws - (unix skt), clients: 2
[2026/09/25 20:33:28:7755] N: WS   /ws - (unix skt), clients: 3
[2026/09/25 20:33:28:7755] N: WS   /ws - (unix skt), clients: 4
[2026/09/25 20:33:28:7755] N: WS   /ws - (unix skt), clients: 5
[2026/09/25 20:33:28:7755] N: WS   /ws - (unix skt), clients: 6
[2026/09/25 20:33:28:7755] N: WS   /ws - (unix skt), clients: 7
[2026/09/25 20:33:28:7755] N: WS   /ws - (unix skt), clients: 8
[2026/09/25 20:33:28:7755] N: WS   /ws - (unix skt), clients: 9
[2026/09/25 20:33:28:7755] N: WS   /ws - (unix skt), clients: 10
[2026/09/25 20:33:28:7771] N: started process, pid: 98276
[2026/09/25 20:33:28:7780] N: started process, pid: 98277
[2026/09/25 20:33:28:7788] N: started process, pid: 98278
[2026/09/25 20:33:28:7799] N: started process, pid: 98279
[2026/09/25 20:33:28:7806] N: started process, pid: 98280
[2026/09/25 20:33:28:7828] N: started process, pid: 98281
[2026/09/25 20:33:28:7845] N: started process, pid: 98288
[2026/09/25 20:33:28:7861] N: started process, pid: 98296
[2026/09/25 20:33:28:7880] N: started process, pid: 98297
[2026/09/25 20:33:28:7894] N: started process, pid: 98303
[2026/09/25 20:33:28:8794] N: WS closed from (unix skt), clients: 9
[2026/09/25 20:33:28:8795] N: killing process, pid: 98278
[2026/09/25 20:33:28:8799] N: process killed with signal 1, pid: 98278
[2026/09/25 20:33:28:9576] N: WS closed from (unix skt), clients: 8
[2026/09/25 20:33:28:9577] N: killing process, pid: 98297
[2026/09/25 20:33:28:9580] N: process killed with signal 1, pid: 98297
[2026/09/25 20:33:29:0947] N: WS closed from (unix skt), clients: 7
[2026/09/25 20:33:29:0947] N: killing process, pid: 98276
[2026/09/25 20:33:29:0947] N: WS closed from (unix skt), clients: 6
[2026/09/25 20:33:29:0947] N: killing process, pid: 98279
[2026/09/25 20:33:29:0952] N: process killed with signal 0, pid: 98276
[2026/09/25 20:33:29:0952] N: process killed with signal 0, pid: 98279
[2026/09/25 20:33:29:1328] N: WS closed from (unix skt), clients: 5
[2026/09/25 20:33:29:1328] N: killing process, pid: 98288
[2026/09/25 20:33:29:1333] N: process killed with signal 0, pid: 98288
[2026/09/25 20:33:29:1579] N: WS closed from (unix skt), clients: 4
[2026/09/25 20:33:29:1579] N: killing process, pid: 98281
[2026/09/25 20:33:29:1585] N: process killed with signal 0, pid: 98281
[2026/09/25 20:33:29:5826] N: WS closed from (unix skt), clients: 3
[2026/09/25 20:33:29:5827] N: killing process, pid: 98277
[2026/09/25 20:33:29:5836] N: process killed with signal 0, pid: 98277
[2026/09/25 20:33:29:6472] N: WS closed from (unix skt), clients: 2
[2026/09/25 20:33:29:6472] N: killing process, pid: 98296
[2026/09/25 20:33:29:6480] N: process killed with signal 0, pid: 98296
[2026/09/25 20:33:30:7771] N: WS closed from (unix skt), clients: 1
[2026/09/25 20:33:30:7771] N: killing process, pid: 98280
[2026/09/25 20:33:30:7772] N: WS closed from (unix skt), clients: 0
[2026/09/25 20:33:30:7772] N: killing process, pid: 98303
[2026/09/25 20:33:30:7780] N: process killed with signal 0, pid: 98280
[2026/09/25 20:33:30:7781] N: process killed with signal 0, pid: 98303
[2026/09/25 20:33:30:7855] N: WS   /ws - (unix skt), clients: 1
[2026/09/25 20:33:30:7855] N: WS   /ws - (unix skt), clients: 2
[2026/09/25 20:33:30:7855] N: WS   /ws - (unix skt), clients: 3
[2026/09/25 20:33:30:7856] N: WS   /ws - (unix skt), clients: 4
[2026/09/25 20:33:30:7856] N: WS   /ws - (unix skt), clients: 5
[2026/09/25 20:33:30:7856] N: WS   /ws - (unix skt), clients: 6
[2026/09/25 20:33:30:7856] N: WS   /ws - (unix skt), clients: 7
[2026/09/25 20:33:30:7856] N: WS   /ws - (unix skt), clients: 8
[2026/09/25 20:33:30:7856] N: WS   /ws - (unix skt), clients: 9
[2026/09/25 20:33:30:7856] N: WS   /ws - (unix skt), clients: 10
[2026/09/25 20:33:30:7866] N: started process, pid: 98661
[2026/09/25 20:33:30:7871] N: started process, pid: 98662
[2026/09/25 20:33:30:7875] N: started process, pid: 98663
[2026/09/25 20:33:30:7879] N: started process, pid: 98664
[2026/09/25 20:33:30:7890] N: started process, pid: 98665
[2026/09/25 20:33:30:7896] N: started process, pid: 98666
[2026/09/25 20:33:30:7909] N: started process, pid: 98667
[2026/09/25 20:33:30:7930] N: started process, pid: 98677
[2026/09/25 20:33:30:7943] N: started process, pid: 98685
[2026/09/25 20:33:30:7952] N: started process, pid: 98691
[2026/09/25 20:33:30:8844] N: WS closed from (unix skt), clients: 9
[2026/09/25 20:33:30:8844] N: killing process, pid: 98663
[2026/09/25 20:33:30:8848] N: process killed with signal 1, pid: 98663
[2026/09/25 20:33:30:9827] N: WS closed from (unix skt), clients: 8
[2026/09/25 20:33:30:9828] N: killing process, pid: 98685
[2026/09/25 20:33:30:9830] N: process killed with signal 1, pid: 98685
[2026/09/25 20:33:31:0875] N: WS closed from (unix skt), clients: 7
[2026/09/25 20:33:31:0876] N: killing process, pid: 98661
[2026/09/25 20:33:31:0880] N: process killed with signal 0, pid: 98661
[2026/09/25 20:33:31:1166] N: WS closed from (unix skt), clients: 6
[2026/09/25 20:33:31:1166] N: killing process, pid: 98665
[2026/09/25 20:33:31:1170] N: process killed with signal 0, pid: 98665
[2026/09/25 20:33:31:1418] N: WS closed from (unix skt), clients: 5
[2026/09/25 20:33:31:1418] N: killing process, pid: 98667
[2026/09/25 20:33:31:1422] N: process killed with signal 0, pid: 98667
[2026/09/25 20:33:31:1830] N: WS closed from (unix skt), clients: 4
[2026/09/25 20:33:31:1830] N: killing process, pid: 98666
[2026/09/25 20:33:31:1836] N: process killed with signal 0, pid: 98666
[2026/09/25 20:33:31:5408] N: WS closed from (unix skt), clients: 3
[2026/09/25 20:33:31:5408] N: killing process, pid: 98662
[2026/09/25 20:33:31:5412] N: process killed with signal 0, pid: 98662
[2026/09/25 20:33:31:6432] N: WS closed from (unix skt), clients: 2
[2026/09/25 20:33:31:6433] N: killing process, pid: 98677
[2026/09/25 20:33:31:6437] N: process killed with signal 0, pid: 98677
[2026/09/25 20:33:32:7871] N: WS closed from (unix skt), clients: 1
[2026/09/25 20:33:32:7872] N: killing process, pid: 98664
[2026/09/25 20:33:32:7872] N: WS closed from (unix skt), clients: 0
[2026/09/25 20:33:32:7872] N: killing process, pid: 98691
[2026/09/25 20:33:32:7885] N: process killed with signal 0, pid: 98691
[2026/09/25 20:33:32:7888] N: process killed with signal 0, pid: 98664
[2026/09/25 20:33:32:7986] N: WS   /ws - (unix skt), clients: 1
[2026/09/25 20:33:32:7987] N: WS   /ws - (unix skt), clients: 2
[2026/09/25 20:33:32:7987] N: WS   /ws - (unix skt), clients: 3
[2026/09/25 20:33:32:7987] N: WS   /ws - (unix skt), clients: 4
[2026/09/25 20:33:32:7987] N: WS   /ws - (unix skt), clients: 5
[2026/09/25 20:33:32:7987] N: WS   /ws - (unix skt), clients: 6
[2026/09/25 20:33:32:7987] N: WS   /ws - (unix skt), clients: 7
[2026/09/25 20:33:32:7988] N: WS   /ws - (unix skt), clients: 8
[2026/09/25 20:33:32:7988] N: WS   /ws - (unix skt), clients: 9
[2026/09/25 20:33:32:7988] N: WS   /ws - (unix skt), clients: 10
[2026/09/25 20:33:32:8004] N: started process, pid: 98964
[2026/09/25 20:33:32:8014] N: started process, pid: 98965
[2026/09/25 20:33:32:8026] N: started process, pid: 98967
[2026/09/25 20:33:32:8032] N: started process, pid: 98968
[2026/09/25 20:33:32:8045] N: started process, pid: 98969
[2026/09/25 20:33:32:8056] N: started process, pid: 98970
[2026/09/25 20:33:32:8069] N: started process, pid: 98972
[2026/09/25 20:33:32:8083] N: started process, pid: 98977
[2026/09/25 20:33:32:8100] N: started process, pid: 98985
[2026/09/25 20:33:32:8117] N: started process, pid: 98992
[2026/09/25 20:33:32:9207] N: WS closed from (unix skt), clients: 9
[2026/09/25 20:33:32:9208] N: killing process, pid: 98967
[2026/09/25 20:33:32:9212] N: process killed with signal 1, pid: 98967
[2026/09/25 20:33:33:0258] N: WS closed from (unix skt), clients: 8
[2026/09/25 20:33:33:0258] N: killing process, pid: 98985
[2026/09/25 20:33:33:0268] N: process killed with signal 1, pid: 98985
[2026/09/25 20:33:33:1237] N: WS closed from (unix skt), clients: 7
[2026/09/25 20:33:33:1237] N: killing process, pid: 98964
[2026/09/25 20:33:33:1241] N: process killed with signal 0, pid: 98964
[2026/09/25 20:33:33:1834] N: WS closed from (unix skt), clients: 6
[2026/09/25 20:33:33:1835] N: killing process, pid: 98970
[2026/09/25 20:33:33:1846] N: process killed with signal 0, pid: 98970
[2026/09/25 20:33:33:1982] N: WS closed from (unix skt), clients: 5
[2026/09/25 20:33:33:1983] N: killing process, pid: 98969
[2026/09/25 20:33:33:1987] N: process killed with signal 0, pid: 98969
[2026/09/25 20:33:33:2253] N: WS closed from (unix skt), clients: 4
[2026/09/25 20:33:33:2253] N: killing process, pid: 98972
[2026/09/25 20:33:33:2257] N: process killed with signal 0, pid: 98972
[2026/09/25 20:33:33:6269] N: WS closed from (unix skt), clients: 3
[2026/09/25 20:33:33:6269] N: killing process, pid: 98965
[2026/09/25 20:33:33:6279] N: process killed with signal 0, pid: 98965
[2026/09/25 20:33:33:7001] N: WS closed from (unix skt), clients: 2
[2026/09/25 20:33:33:7002] N: killing process, pid: 98977
[2026/09/25 20:33:33:7012] N: process killed with signal 0, pid: 98977
[2026/09/25 20:33:34:7994] N: WS closed from (unix skt), clients: 1
[2026/09/25 20:33:34:7994] N: killing process, pid: 98968
[2026/09/25 20:33:34:7995] N: WS closed from (unix skt), clients: 0
[2026/09/25 20:33:34:7995] N: killing process, pid: 98992
[2026/09/25 20:33:34:8003] N: process killed with signal 0, pid: 98992
[2026/09/25 20:33:34:8003] N: process killed with signal 0, pid: 98968
[2026/09/25 20:33:34:8071] N: WS   /ws - (unix skt), clients: 1
[2026/09/25 20:33:34:8071] N: WS   /ws - (unix skt), clients: 2
[2026/09/25 20:33:34:8072] N: WS   /ws - (unix skt), clients: 3
[2026/09/25 20:33:34:8072] N: WS   /ws - (unix skt), clients: 4
[2026/09/25 20:33:34:8072] N: WS   /ws - (unix skt), clients: 5
[2026/09/25 20:33:34:8072] N: WS   /ws - (unix skt), clients: 6
[2026/09/25 20:33:34:8072] N: WS   /ws - (unix skt), clients: 7
[2026/09/25 20:33:34:8072] N: WS   /ws - (unix skt), clients: 8
[2026/09/25 20:33:34:8072] N: WS   /ws - (unix skt), clients: 9
[2026/09/25 20:33:34:8072] N: WS   /ws - (unix skt), clients: 10
[2026/09/25 20:33:34:8084] N: started process, pid: 99294
[2026/09/25 20:33:34:8089] N: started process, pid: 99295
[2026/09/25 20:33:34:8095] N: started process, pid: 99296
[2026/09/25 20:33:34:8101] N: started process, pid: 99297
[2026/09/25 20:33:34:8107] N: started process, pid: 99298
[2026/09/25 20:33:34:8116] N: started process, pid: 99299
[2026/09/25 20:33:34:8122] N: started process, pid: 99300
[2026/09/25 20:33:34:8132] N: started process, pid: 99302
[2026/09/25 20:33:34:8151] N: started process, pid: 99310
[2026/09/25 20:33:34:8164] N: started process, pid: 99319
[2026/09/25 20:33:34:9449] N: WS closed from (unix skt), clients: 9
[2026/09/25 20:33:34:9449] N: killing process, pid: 99296
[2026/09/25 20:33:34:9454] N: process killed with signal 1, pid: 99296
[2026/09/25 20:33:35:0181] N: WS closed from (unix skt), clients: 8
[2026/09/25 20:33:35:0182] N: killing process, pid: 99310
[2026/09/25 20:33:35:0185] N: process killed with signal 1, pid: 99310
[2026/09/25 20:33:35:0750] N: WS closed from (unix skt), clients: 7
[2026/09/25 20:33:35:0750] N: killing process, pid: 99294
[2026/09/25 20:33:35:0754] N: process killed with signal 0, pid: 99294
[2026/09/25 20:33:35:1253] N: WS closed from (unix skt), clients: 6
[2026/09/25 20:33:35:1253] N: killing process, pid: 99299
[2026/09/25 20:33:35:1257] N: process killed with signal 0, pid: 99299
[2026/09/25 20:33:35:1474] N: WS closed from (unix skt), clients: 5
[2026/09/25 20:33:35:1474] N: killing process, pid: 99300
[2026/09/25 20:33:35:1479] N: process killed with signal 0, pid: 99300
[2026/09/25 20:33:35:2071] N: WS closed from (unix skt), clients: 4
[2026/09/25 20:33:35:2072] N: killing process, pid: 99298
[2026/09/25 20:33:35:2076] N: process killed with signal 0, pid: 99298
[2026/09/25 20:33:35:5913] N: WS closed from (unix skt), clients: 3
[2026/09/25 20:33:35:5914] N: killing process, pid: 99295
[2026/09/25 20:33:35:5921] N: process killed with signal 0, pid: 99295
[2026/09/25 20:33:35:7236] N: WS closed from (unix skt), clients: 2
[2026/09/25 20:33:35:7236] N: killing process, pid: 99302
[2026/09/25 20:33:35:7240] N: process killed with signal 0, pid: 99302
[2026/09/25 20:33:36:8094] N: WS closed from (unix skt), clients: 1
[2026/09/25 20:33:36:8095] N: killing process, pid: 99297
[2026/09/25 20:33:36:8095] N: WS closed from (unix skt), clients: 0
[2026/09/25 20:33:36:8095] N: killing process, pid: 99319
[2026/09/25 20:33:36:8103] N: process killed with signal 0, pid: 99319
[2026/09/25 20:33:36:8103] N: process killed with signal 0, pid: 99297
[2026/09/25 20:33:36:8163] N: WS   /ws - (unix skt), clients: 1
[2026/09/25 20:33:36:8163] N: WS   /ws - (unix skt), clients: 2
[2026/09/25 20:33:36:8163] N: WS   /ws - (unix skt), clients: 3
[2026/09/25 20:33:36:8163] N: WS   /ws - (unix skt), clients: 4
[2026/09/25 20:33:36:8163] N: WS   /ws - (unix skt), clients: 5
[2026/09/25 20:33:36:8164] N: WS   /ws - (unix skt), clients: 6
[2026/09/25 20:33:36:8164] N: WS   /ws - (unix skt), clients: 7
[2026/09/25 20:33:36:8164] N: WS   /ws - (unix skt), clients: 8
[2026/09/25 20:33:36:8164] N: WS   /ws - (unix skt), clients: 9
[2026/09/25 20:33:36:8164] N: WS   /ws - (unix skt), clients: 10
[2026/09/25 20:33:36:8177] N: started process, pid: 99541
[2026/09/25 20:33:36:8186] N: started process, pid: 99542
[2026/09/25 20:33:36:8195] N: started process, pid: 99543
[2026/09/25 20:33:36:8204] N: started process, pid: 99544
[2026/09/25 20:33:36:8210] N: started process, pid: 99545
[2026/09/25 20:33:36:8225] N: started process, pid: 99546
[2026/09/25 20:33:36:8246] N: started process, pid: 99556
[2026/09/25 20:33:36:8257] N: started process, pid: 99564
[2026/09/25 20:33:36:8273] N: started process, pid: 99566
[2026/09/25 20:33:36:8289] N: started process, pid: 99571
[2026/09/25 20:33:36:9499] N: WS closed from (unix skt), clients: 9
[2026/09/25 20:33:36:9500] N: killing process, pid: 99544
[2026/09/25 20:33:36:9502] N: process killed with signal 1, pid: 99544
[2026/09/25 20:33:36:9932] N: WS closed from (unix skt), clients: 8
[2026/09/25 20:33:36:9933] N: killing process, pid: 99566
[2026/09/25 20:33:36:9938] N: process killed with signal 1, pid: 99566
[2026/09/25 20:33:37:1221] N: WS closed from (unix skt), clients: 7
[2026/09/25 20:33:37:1221] N: killing process, pid: 99541
[2026/09/25 20:33:37:1226] N: process killed with signal 0, pid: 99541
[2026/09/25 20:33:37:1352] N: WS closed from (unix skt), clients: 6
[2026/09/25 20:33:37:1352] N: killing process, pid: 99542
[2026/09/25 20:33:37:1356] N: process killed with signal 0, pid: 99542
[2026/09/25 20:33:37:1664] N: WS closed from (unix skt), clients: 5
[2026/09/25 20:33:37:1664] N: killing process, pid: 99546
[2026/09/25 20:33:37:1669] N: process killed with signal 0, pid: 99546
[2026/09/25 20:33:37:2167] N: WS closed from (unix skt), clients: 4
[2026/09/25 20:33:37:2168] N: killing process, pid: 99556
[2026/09/25 20:33:37:2172] N: process killed with signal 0, pid: 99556
[2026/09/25 20:33:37:6168] N: WS closed from (unix skt), clients: 3
[2026/09/25 20:33:37:6168] N: killing process, pid: 99543
[2026/09/25 20:33:37:6174] N: process killed with signal 0, pid: 99543
[2026/09/25 20:33:37:7196] N: WS closed from (unix skt), clients: 2
[2026/09/25 20:33:37:7197] N: killing process, pid: 99564
[2026/09/25 20:33:37:7214] N: process killed with signal 0, pid: 99564
[2026/09/25 20:33:38:8185] N: WS closed from (unix skt), clients: 1
[2026/09/25 20:33:38:8186] N: killing process, pid: 99545
[2026/09/25 20:33:38:8186] N: WS closed from (unix skt), clients: 0
[2026/09/25 20:33:38:8187] N: killing process, pid: 99571
[2026/09/25 20:33:38:8201] N: process killed with signal 0, pid: 99545
[2026/09/25 20:33:38:8201] N: process killed with signal 0, pid: 99571
[2026/09/25 20:33:38:8316] N: WS   /ws - (unix skt), clients: 1
[2026/09/25 20:33:38:8316] N: WS   /ws - (unix skt), clients: 2
[2026/09/25 20:33:38:8317] N: WS   /ws - (unix skt), clients: 3
[2026/09/25 20:33:38:8317] N: WS   /ws - (unix skt), clients: 4
[2026/09/25 20:33:38:8317] N: WS   /ws - (unix skt), clients: 5
[2026/09/25 20:33:38:8317] N: WS   /ws - (unix skt), clients: 6
[2026/09/25 20:33:38:8317] N: WS   /ws - (unix skt), clients: 7
[2026/09/25 20:33:38:8317] N: WS   /ws - (unix skt), clients: 8
[2026/09/25 20:33:38:8317] N: WS   /ws - (unix skt), clients: 9
[2026/09/25 20:33:38:8317] N: WS   /ws - (unix skt), clients: 10
[2026/09/25 20:33:38:8332] N: started process, pid: 99838
[2026/09/25 20:33:38:8341] N: started process, pid: 99839
[2026/09/25 20:33:38:8348] N: started process, pid: 99840
[2026/09/25 20:33:38:8354] N: started process, pid: 99841
[2026/09/25 20:33:38:8360] N: started process, pid: 99842
[2026/09/25 20:33:38:8368] N: started process, pid: 99843
[2026/09/25 20:33:38:8377] N: started process, pid: 99844
[2026/09/25 20:33:38:8389] N: started process, pid: 99846
[2026/09/25 20:33:38:8404] N: started process, pid: 99851
[2026/09/25 20:33:38:8419] N: started process, pid: 99859
[2026/09/25 20:33:38:9737] N: WS closed from (unix skt), clients: 9
[2026/09/25 20:33:38:9738] N: killing process, pid: 99840
[2026/09/25 20:33:38:9741] N: process killed with signal 1, pid: 99840
[2026/09/25 20:33:39:0002] N: WS closed from (unix skt), clients: 8
[2026/09/25 20:33:39:0005] N: killing process, pid: 99851
[2026/09/25 20:33:39:0009] N: process killed with signal 1, pid: 99851
[2026/09/25 20:33:39:1509] N: WS closed from (unix skt), clients: 7
[2026/09/25 20:33:39:1509] N: killing process, pid: 99838
[2026/09/25 20:33:39:1514] N: process killed with signal 0, pid: 99838
[2026/09/25 20:33:39:1628] N: WS closed from (unix skt), clients: 6
[2026/09/25 20:33:39:1628] N: killing process, pid: 99842
[2026/09/25 20:33:39:1633] N: process killed with signal 0, pid: 99842
[2026/09/25 20:33:39:1750] N: WS closed from (unix skt), clients: 5
[2026/09/25 20:33:39:1750] N: killing process, pid: 99843
[2026/09/25 20:33:39:1753] N: process killed with signal 0, pid: 99843
[2026/09/25 20:33:39:2013] N: WS closed from (unix skt), clients: 4
[2026/09/25 20:33:39:2014] N: killing process, pid: 99844
[2026/09/25 20:33:39:2019] N: process killed with signal 0, pid: 99844
[2026/09/25 20:33:39:6770] N: WS closed from (unix skt), clients: 3
[2026/09/25 20:33:39:6771] N: killing process, pid: 99839
[2026/09/25 20:33:39:6777] N: process killed with signal 0, pid: 99839
[2026/09/25 20:33:39:6901] N: WS closed from (unix skt), clients: 2
[2026/09/25 20:33:39:6902] N: killing process, pid: 99846
[2026/09/25 20:33:39:6907] N: process killed with signal 0, pid: 99846
[2026/09/25 20:33:40:8327] N: WS closed from (unix skt), clients: 1
[2026/09/25 20:33:40:8327] N: killing process, pid: 99841
[2026/09/25 20:33:40:8328] N: WS closed from (unix skt), clients: 0
[2026/09/25 20:33:40:8328] N: killing process, pid: 99859
[2026/09/25 20:33:40:8335] N: process killed with signal 0, pid: 99841
[2026/09/25 20:33:40:8336] N: process killed with signal 0, pid: 99859
[2026/09/25 20:33:40:8396] N: WS   /ws - (unix skt), clients: 1
[2026/09/25 20:33:40:8397] N: WS   /ws - (unix skt), clients: 2
[2026/09/25 20:33:40:8397] N: WS   /ws - (unix skt), clients: 3
[2026/09/25 20:33:40:8397] N: WS   /ws - (unix skt), clients: 4
[2026/09/25 20:33:40:8397] N: WS   /ws - (unix skt), clients: 5
[2026/09/25 20:33:40:8397] N: WS   /ws - (unix skt), clients: 6
[2026/09/25 20:33:40:8397] N: WS   /ws - (unix skt), clients: 7
[2026/09/25 20:33:40:8397] N: WS   /ws - (unix skt), clients: 8
[2026/09/25 20:33:40:8397] N: WS   /ws - (unix skt), clients: 9
[2026/09/25 20:33:40:8397] N: WS   /ws - (unix skt), clients: 10
[2026/09/25 20:33:40:8409] N: started process, pid: 343
[2026/09/25 20:33:40:8414] N: started process, pid: 346
[2026/09/25 20:33:40:8419] N: started process, pid: 347
[2026/09/25 20:33:40:8427] N: started process, pid: 349
[2026/09/25 20:33:40:8433] N: started process, pid: 351
[2026/09/25 20:33:40:8440] N: started process, pid: 352
[2026/09/25 20:33:40:8449] N: started process, pid: 357
[2026/09/25 20:33:40:8472] N: started process, pid: 369
[2026/09/25 20:33:40:8484] N: started process, pid: 385
[2026/09/25 20:33:40:8513] N: started process, pid: 394
[2026/09/25 20:33:41:0134] N: WS closed from (unix skt), clients: 9
[2026/09/25 20:33:41:0134] N: killing process, pid: 349
[2026/09/25 20:33:41:0140] N: process killed with signal 1, pid: 349
[2026/09/25 20:33:41:0501] N: WS closed from (unix skt), clients: 8
[2026/09/25 20:33:41:0502] N: killing process, pid: 385
[2026/09/25 20:33:41:0505] N: process killed with signal 1, pid: 385
[2026/09/25 20:33:41:1069] N: WS closed from (unix skt), clients: 7
[2026/09/25 20:33:41:1069] N: killing process, pid: 343
[2026/09/25 20:33:41:1073] N: process killed with signal 0, pid: 343
[2026/09/25 20:33:41:1816] N: WS closed from (unix skt), clients: 6
[2026/09/25 20:33:41:1816] N: killing process, pid: 346
[2026/09/25 20:33:41:1820] N: process killed with signal 0, pid: 346
[2026/09/25 20:33:41:2375] N: WS closed from (unix skt), clients: 5
[2026/09/25 20:33:41:2375] N: killing process, pid: 357
[2026/09/25 20:33:41:2379] N: process killed with signal 0, pid: 357
[2026/09/25 20:33:41:2496] N: WS closed from (unix skt), clients: 4
[2026/09/25 20:33:41:2496] N: killing process, pid: 352
[2026/09/25 20:33:41:2500] N: process killed with signal 0, pid: 352
[2026/09/25 20:33:41:6982] N: WS closed from (unix skt), clients: 3
[2026/09/25 20:33:41:6983] N: killing process, pid: 347
[2026/09/25 20:33:41:6986] N: process killed with signal 0, pid: 347
[2026/09/25 20:33:41:7259] N: WS closed from (unix skt), clients: 2
[2026/09/25 20:33:41:7259] N: killing process, pid: 369
[2026/09/25 20:33:41:7263] N: process killed with signal 0, pid: 369
[2026/09/25 20:33:42:8418] N: WS closed from (unix skt), clients: 1
[2026/09/25 20:33:42:8418] N: killing process, pid: 351
[2026/09/25 20:33:42:8419] N: WS closed from (unix skt), clients: 0
[2026/09/25 20:33:42:8419] N: killing process, pid: 394
[2026/09/25 20:33:42:8425] N: process killed with signal 0, pid: 351
[2026/09/25 20:33:42:8428] N: process killed with signal 0, pid: 394
[2026/09/25 20:33:42:8481] N: WS   /ws - (unix skt), clients: 1
[2026/09/25 20:33:42:8481] N: WS   /ws - (unix skt), clients: 2
[2026/09/25 20:33:42:8481] N: WS   /ws - (unix skt), clients: 3
[2026/09/25 20:33:42:8481] N: WS   /ws - (unix skt), clients: 4
[2026/09/25 20:33:42:8481] N: WS   /ws - (unix skt), clients: 5
[2026/09/25 20:33:42:8482] N: WS   /ws - (unix skt), clients: 6
[2026/09/25 20:33:42:8482] N: WS   /ws - (unix skt), clients: 7
[2026/09/25 20:33:42:8482] N: WS   /ws - (unix skt), clients: 8
[2026/09/25 20:33:42:8482] N: WS   /ws - (unix skt), clients: 9
[2026/09/25 20:33:42:8482] N: WS   /ws - (unix skt), clients: 10
[2026/09/25 20:33:42:8488] N: started process, pid: 1498
[2026/09/25 20:33:42:8493] N: started process, pid: 1499
[2026/09/25 20:33:42:8497] N: started process, pid: 1500
[2026/09/25 20:33:42:8501] N: started process, pid: 1501
[2026/09/25 20:33:42:8507] N: started process, pid: 1502
[2026/09/25 20:33:42:8519] N: started process, pid: 1504
[2026/09/25 20:33:42:8531] N: started process, pid: 1509
[2026/09/25 20:33:42:8543] N: started process, pid: 1514
[2026/09/25 20:33:42:8551] N: started process, pid: 1524
[2026/09/25 20:33:42:8558] N: started process, pid: 1525
[2026/09/25 20:33:42:9919] N: WS closed from (unix skt), clients: 9
[2026/09/25 20:33:42:9919] N: killing process, pid: 1500
[2026/09/25 20:33:42:9922] N: process killed with signal 1, pid: 1500
[2026/09/25 20:33:43:0312] N: WS closed from (unix skt), clients: 8
[2026/09/25 20:33:43:0313] N: killing process, pid: 1524
[2026/09/25 20:33:43:0316] N: process killed with signal 1, pid: 1524
[2026/09/25 20:33:43:1689] N: WS closed from (unix skt), clients: 7
[2026/09/25 20:33:43:1690] N: killing process, pid: 1498
[2026/09/25 20:33:43:1699] N: process killed with signal 0, pid: 1498
[2026/09/25 20:33:43:1801] N: WS closed from (unix skt), clients: 6
[2026/09/25 20:33:43:1801] N: killing process, pid: 1502
[2026/09/25 20:33:43:1806] N: process killed with signal 0, pid: 1502
[2026/09/25 20:33:43:2190] N: WS closed from (unix skt), clients: 5
[2026/09/25 20:33:43:2190] N: killing process, pid: 1509
[2026/09/25 20:33:43:2195] N: process killed with signal 0, pid: 1509
[2026/09/25 20:33:43:2312] N: WS closed from (unix skt), clients: 4
[2026/09/25 20:33:43:2312] N: killing process, pid: 1504
[2026/09/25 20:33:43:2316] N: process killed with signal 0, pid: 1504
[2026/09/25 20:33:43:6006] N: WS closed from (unix skt), clients: 3
[2026/09/25 20:33:43:6006] N: killing process, pid: 1499
[2026/09/25 20:33:43:6012] N: process killed with signal 0, pid: 1499
[2026/09/25 20:33:43:7327] N: WS closed from (unix skt), clients: 2
[2026/09/25 20:33:43:7328] N: killing process, pid: 1514
[2026/09/25 20:33:43:7334] N: process killed with signal 0, pid: 1514
[2026/09/25 20:33:44:8495] N: WS closed from (unix skt), clients: 1
[2026/09/25 20:33:44:8496] N: killing process, pid: 1501
[2026/09/25 20:33:44:8497] N: WS closed from (unix skt), clients: 0
[2026/09/25 20:33:44:8497] N: killing process, pid: 1525
[2026/09/25 20:33:44:8504] N: process killed with signal 0, pid: 1501
[2026/09/25 20:33:44:8512] N: process killed with signal 0, pid: 1525
[2026/09/25 20:33:44:8571] N: WS   /ws - (unix skt), clients: 1
[2026/09/25 20:33:44:8571] N: WS   /ws - (unix skt), clients: 2
[2026/09/25 20:33:44:8572] N: WS   /ws - (unix skt), clients: 3
[2026/09/25 20:33:44:8572] N: WS   /ws - (unix skt), clients: 4
[2026/09/25 20:33:44:8572] N: WS   /ws - (unix skt), clients: 5
[2026/09/25 20:33:44:8572] N: WS   /ws - (unix skt), clients: 6
[2026/09/25 20:33:44:8572] N: WS   /ws - (unix skt), clients: 7
[2026/09/25 20:33:44:8572] N: WS   /ws - (unix skt), clients: 8
[2026/09/25 20:33:44:8572] N: WS   /ws - (unix skt), clients: 9
[2026/09/25 20:33:44:8572] N: WS   /ws - (unix skt), clients: 10
[2026/09/25 20:33:44:8581] N: started process, pid: 1815
[2026/09/25 20:33:44:8585] N: started process, pid: 1816
[2026/09/25 20:33:44:8591] N: started process, pid: 1817
[2026/09/25 20:33:44:8600] N: started process, pid: 1818
[2026/09/25 20:33:44:8612] N: started process, pid: 1820
[2026/09/25 20:33:44:8627] N: started process, pid: 1827
[2026/09/25 20:33:44:8644] N: started process, pid: 1833
[2026/09/25 20:33:44:8662] N: started process, pid: 1843
[2026/09/25 20:33:44:8679] N: started process, pid: 1853
[2026/09/25 20:33:44:8702] N: started process, pid: 1858
[2026/09/25 20:33:45:0144] N: WS closed from (unix skt), clients: 9
[2026/09/25 20:33:45:0145] N: killing process, pid: 1818
[2026/09/25 20:33:45:0147] N: process killed with signal 1, pid: 1818
[2026/09/25 20:33:45:0265] N: WS closed from (unix skt), clients: 8
[2026/09/25 20:33:45:0266] N: killing process, pid: 1853
[2026/09/25 20:33:45:0268] N: process killed with signal 1, pid: 1853
[2026/09/25 20:33:45:1934] N: WS closed from (unix skt), clients: 7
[2026/09/25 20:33:45:1934] N: killing process, pid: 1816
[2026/09/25 20:33:45:1940] N: process killed with signal 0, pid: 1816
[2026/09/25 20:33:45:2039] N: WS closed from (unix skt), clients: 6
[2026/09/25 20:33:45:2039] N: killing process, pid: 1833
[2026/09/25 20:33:45:2043] N: process killed with signal 0, pid: 1833
[2026/09/25 20:33:45:2160] N: WS closed from (unix skt), clients: 5
[2026/09/25 20:33:45:2160] N: killing process, pid: 1815
[2026/09/25 20:33:45:2160] N: WS closed from (unix skt), clients: 4
[2026/09/25 20:33:45:2160] N: killing process, pid: 1827
[2026/09/25 20:33:45:2165] N: process killed with signal 0, pid: 1815
[2026/09/25 20:33:45:2166] N: process killed with signal 0, pid: 1827
[2026/09/25 20:33:45:7182] N: WS closed from (unix skt), clients: 3
[2026/09/25 20:33:45:7183] N: killing process, pid: 1817
[2026/09/25 20:33:45:7191] N: process killed with signal 0, pid: 1817
[2026/09/25 20:33:45:7284] N: WS closed from (unix skt), clients: 2
[2026/09/25 20:33:45:7284] N: killing process, pid: 1843
[2026/09/25 20:33:45:7289] N: process killed with signal 0, pid: 1843
[2026/09/25 20:33:46:8590] N: WS closed from (unix skt), clients: 1
[2026/09/25 20:33:46:8591] N: killing process, pid: 1820
[2026/09/25 20:33:46:8591] N: WS closed from (unix skt), clients: 0
[2026/09/25 20:33:46:8591] N: killing process, pid: 1858
[2026/09/25 20:33:46:8600] N: process killed with signal 0, pid: 1820
[2026/09/25 20:33:46:8612] N: process killed with signal 0, pid: 1858
[2026/09/25 20:33:46:8757] N: WS   /ws - (unix skt), clients: 1
[2026/09/25 20:33:46:8758] N: WS   /ws - (unix skt), clients: 2
[2026/09/25 20:33:46:8758] N: WS   /ws - (unix skt), clients: 3
[2026/09/25 20:33:46:8758] N: WS   /ws - (unix skt), clients: 4
[2026/09/25 20:33:46:8758] N: WS   /ws - (unix skt), clients: 5
[2026/09/25 20:33:46:8759] N: WS   /ws - (unix skt), clients: 6
[2026/09/25 20:33:46:8759] N: WS   /ws - (unix skt), clients: 7
[2026/09/25 20:33:46:8759] N: WS   /ws - (unix skt), clients: 8
[2026/09/25 20:33:46:8759] N: WS   /ws - (unix skt), clients: 9
[2026/09/25 20:33:46:8759] N: WS   /ws - (unix skt), clients: 10
[2026/09/25 20:33:46:8774] N: started process, pid: 2216
[2026/09/25 20:33:46:8784] N: started process, pid: 2217
[2026/09/25 20:33:46:8797] N: started process, pid: 2218
[2026/09/25 20:33:46:8804] N: started process, pid: 2219
[2026/09/25 20:33:46:8811] N: started process, pid: 2220
[2026/09/25 20:33:46:8818] N: started process, pid: 2221
[2026/09/25 20:33:46:8830] N: started process, pid: 2222
[2026/09/25 20:33:46:8843] N: started process, pid: 2223
[2026/09/25 20:33:46:8870] N: started process, pid: 2224
[2026/09/25 20:33:46:8897] N: started process, pid: 2226
[2026/09/25 20:33:47:1026] N: WS closed from (unix skt), clients: 9
[2026/09/25 20:33:47:1027] N: killing process, pid: 2218
[2026/09/25 20:33:47:1030] N: process killed with signal 1, pid: 2218
[2026/09/25 20:33:47:1155] N: WS closed from (unix skt), clients: 8
[2026/09/25 20:33:47:1156] N: killing process, pid: 2224
[2026/09/25 20:33:47:1159] N: process killed with signal 1, pid: 2224
[2026/09/25 20:33:47:2658] N: WS closed from (unix skt), clients: 7
[2026/09/25 20:33:47:2659] N: killing process, pid: 2216
[2026/09/25 20:33:47:2664] N: process killed with signal 0, pid: 2216
[2026/09/25 20:33:47:3025] N: WS closed from (unix skt), clients: 6
[2026/09/25 20:33:47:3025] N: killing process, pid: 2222
[2026/09/25 20:33:47:3031] N: process killed with signal 0, pid: 2222
[2026/09/25 20:33:47:3577] N: WS closed from (unix skt), clients: 5
[2026/09/25 20:33:47:3578] N: killing process, pid: 2221
[2026/09/25 20:33:47:3578] N: WS closed from (unix skt), clients: 4
[2026/09/25 20:33:47:3578] N: killing process, pid: 2220
[2026/09/25 20:33:47:3586] N: process killed with signal 0, pid: 2220
[2026/09/25 20:33:47:3586] N: process killed with signal 0, pid: 2221
[2026/09/25 20:33:47:7921] N: WS closed from (unix skt), clients: 3
[2026/09/25 20:33:47:7922] N: killing process, pid: 2217
[2026/09/25 20:33:47:7959] N: process killed with signal 0, pid: 2217
[2026/09/25 20:33:47:8330] N: WS closed from (unix skt), clients: 2
[2026/09/25 20:33:47:8331] N: killing process, pid: 2223
[2026/09/25 20:33:47:8338] N: process killed with signal 0, pid: 2223
[2026/09/25 20:33:48:8777] N: WS closed from (unix skt), clients: 1
[2026/09/25 20:33:48:8778] N: killing process, pid: 2219
[2026/09/25 20:33:48:8778] N: WS closed from (unix skt), clients: 0
[2026/09/25 20:33:48:8778] N: killing process, pid: 2226
[2026/09/25 20:33:48:8788] N: process killed with signal 0, pid: 2219
[2026/09/25 20:33:48:8789] N: process killed with signal 0, pid: 2226
[2026/09/25 20:33:48:8865] N: WS   /ws - (unix skt), clients: 1
[2026/09/25 20:33:48:8865] N: WS   /ws - (unix skt), clients: 2
[2026/09/25 20:33:48:8865] N: WS   /ws - (unix skt), clients: 3
[2026/09/25 20:33:48:8865] N: WS   /ws - (unix skt), clients: 4
[2026/09/25 20:33:48:8865] N: WS   /ws - (unix skt), clients: 5
[2026/09/25 20:33:48:8865] N: WS   /ws - (unix skt), clients: 6
[2026/09/25 20:33:48:8865] N: WS   /ws - (unix skt), clients: 7
[2026/09/25 20:33:48:8865] N: WS   /ws - (unix skt), clients: 8
[2026/09/25 20:33:48:8866] N: WS   /ws - (unix skt), clients: 9
[2026/09/25 20:33:48:8873] N: started process, pid: 2780
[2026/09/25 20:33:48:8876] N: WS   /ws - (unix skt), clients: 10
[2026/09/25 20:33:48:8884] N: started process, pid: 2781
[2026/09/25 20:33:48:8896] N: started process, pid: 2782
[2026/09/25 20:33:48:8903] N: started process, pid: 2783
[2026/09/25 20:33:48:8920] N: started process, pid: 2784
[2026/09/25 20:33:48:8931] N: started process, pid: 2786
[2026/09/25 20:33:48:8941] N: started process, pid: 2791
[2026/09/25 20:33:48:8955] N: started process, pid: 2792
[2026/09/25 20:33:48:8965] N: started process, pid: 2793
[2026/09/25 20:33:48:8988] N: started process, pid: 2798
[2026/09/25 20:33:49:0153] N: WS closed from (unix skt), clients: 9
[2026/09/25 20:33:49:0154] N: killing process, pid: 2783
[2026/09/25 20:33:49:0156] N: process killed with signal 1, pid: 2783
[2026/09/25 20:33:49:0643] N: WS closed from (unix skt), clients: 8
[2026/09/25 20:33:49:0643] N: killing process, pid: 2793
[2026/09/25 20:33:49:0646] N: process killed with signal 1, pid: 2793
[2026/09/25 20:33:49:1923] N: WS closed from (unix skt), clients: 7
[2026/09/25 20:33:49:1924] N: killing process, pid: 2780
[2026/09/25 20:33:49:1928] N: process killed with signal 0, pid: 2780
[2026/09/25 20:33:49:2035] N: WS closed from (unix skt), clients: 6
[2026/09/25 20:33:49:2035] N: killing process, pid: 2781
[2026/09/25 20:33:49:2039] N: process killed with signal 0, pid: 2781
[2026/09/25 20:33:49:2527] N: WS closed from (unix skt), clients: 5
[2026/09/25 20:33:49:2527] N: killing process, pid: 2791
[2026/09/25 20:33:49:2530] N: process killed with signal 0, pid: 2791
[2026/09/25 20:33:49:2649] N: WS closed from (unix skt), clients: 4
[2026/09/25 20:33:49:2649] N: killing process, pid: 2786
[2026/09/25 20:33:49:2651] N: process killed with signal 0, pid: 2786
[2026/09/25 20:33:49:7196] N: WS closed from (unix skt), clients: 3
[2026/09/25 20:33:49:7197] N: killing process, pid: 2782
[2026/09/25 20:33:49:7204] N: process killed with signal 0, pid: 2782
[2026/09/25 20:33:49:7668] N: WS closed from (unix skt), clients: 2
[2026/09/25 20:33:49:7669] N: killing process, pid: 2792
[2026/09/25 20:33:49:7677] N: process killed with signal 0, pid: 2792
[2026/09/25 20:33:50:8876] N: WS closed from (unix skt), clients: 1
[2026/09/25 20:33:50:8876] N: killing process, pid: 2784
[2026/09/25 20:33:50:8884] N: process killed with signal 0, pid: 2784
[2026/09/25 20:33:50:8890] N: WS closed from (unix skt), clients: 0
[2026/09/25 20:33:50:8891] N: killing process, pid: 2798
[2026/09/25 20:33:50:8901] N: process killed with signal 0, pid: 2798
[2026/09/25 20:33:50:8969] N: WS   /ws - (unix skt), clients: 1
[2026/09/25 20:33:50:8970] N: WS   /ws - (unix skt), clients: 2
[2026/09/25 20:33:50:8970] N: WS   /ws - (unix skt), clients: 3
[2026/09/25 20:33:50:8970] N: WS   /ws - (unix skt), clients: 4
[2026/09/25 20:33:50:8970] N: WS   /ws - (unix skt), clients: 5
[2026/09/25 20:33:50:8970] N: WS   /ws - (unix skt), clients: 6
[2026/09/25 20:33:50:8970] N: WS   /ws - (unix skt), clients: 7
[2026/09/25 20:33:50:8970] N: WS   /ws - (unix skt), clients: 8
[2026/09/25 20:33:50:8970] N: WS   /ws - (unix skt), clients: 9
[2026/09/25 20:33:50:8970] N: WS   /ws - (unix skt), clients: 10
[2026/09/25 20:33:50:8983] N: started process, pid: 3069
[2026/09/25 20:33:50:8988] N: started process, pid: 3070
[2026/09/25 20:33:50:9001] N: started process, pid: 3071
[2026/09/25 20:33:50:9012] N: started process, pid: 3072
[2026/09/25 20:33:50:9035] N: started process, pid: 3073
[2026/09/25 20:33:50:9090] N: started process, pid: 3082
[2026/09/25 20:33:50:9124] N: started process, pid: 3085
[2026/09/25 20:33:50:9162] N: started process, pid: 3091
[2026/09/25 20:33:50:9216] N: started process, pid: 3099
[2026/09/25 20:33:50:9255] N: started process, pid: 3102
[2026/09/25 20:33:51:0114] N: WS closed from (unix skt), clients: 9
[2026/09/25 20:33:51:0115] N: killing process, pid: 3071
[2026/09/25 20:33:51:0120] N: process killed with signal 1, pid: 3071
[2026/09/25 20:33:51:1174] N: WS closed from (unix skt), clients: 8
[2026/09/25 20:33:51:1174] N: killing process, pid: 3099
[2026/09/25 20:33:51:1177] N: process killed with signal 1, pid: 3099
[2026/09/25 20:33:51:2273] N: WS closed from (unix skt), clients: 7
[2026/09/25 20:33:51:2273] N: killing process, pid: 3069
[2026/09/25 20:33:51:2278] N: process killed with signal 0, pid: 3069
[2026/09/25 20:33:51:2855] N: WS closed from (unix skt), clients: 6
[2026/09/25 20:33:51:2855] N: killing process, pid: 3082
[2026/09/25 20:33:51:2859] N: process killed with signal 0, pid: 3082
[2026/09/25 20:33:51:2986] N: WS closed from (unix skt), clients: 5
[2026/09/25 20:33:51:2986] N: killing process, pid: 3091
[2026/09/25 20:33:51:2990] N: process killed with signal 0, pid: 3091
[2026/09/25 20:33:51:3038] N: WS closed from (unix skt), clients: 4
[2026/09/25 20:33:51:3038] N: killing process, pid: 3073
[2026/09/25 20:33:51:3042] N: process killed with signal 0, pid: 3073
[2026/09/25 20:33:51:7142] N: WS closed from (unix skt), clients: 3
[2026/09/25 20:33:51:7143] N: killing process, pid: 3070
[2026/09/25 20:33:51:7151] N: process killed with signal 0, pid: 3070
[2026/09/25 20:33:51:7755] N: WS closed from (unix skt), clients: 2
[2026/09/25 20:33:51:7756] N: killing process, pid: 3085
[2026/09/25 20:33:51:7763] N: process killed with signal 0, pid: 3085
[2026/09/25 20:33:52:8997] N: WS closed from (unix skt), clients: 1
[2026/09/25 20:33:52:8998] N: killing process, pid: 3072
[2026/09/25 20:33:52:8998] N: WS closed from (unix skt), clients: 0
[2026/09/25 20:33:52:8998] N: killing process, pid: 3102
[2026/09/25 20:33:52:9019] N: process killed with signal 0, pid: 3102
[2026/09/25 20:33:52:9024] N: process killed with signal 0, pid: 3072
[2026/09/25 20:33:52:9187] N: WS   /ws - (unix skt), clients: 1
[2026/09/25 20:33:52:9188] N: WS   /ws - (unix skt), clients: 2
[2026/09/25 20:33:52:9188] N: WS   /ws - (unix skt), clients: 3
[2026/09/25 20:33:52:9189] N: WS   /ws - (unix skt), clients: 4
[2026/09/25 20:33:52:9189] N: WS   /ws - (unix skt), clients: 5
[2026/09/25 20:33:52:9189] N: WS   /ws - (unix skt), clients: 6
[2026/09/25 20:33:52:9190] N: WS   /ws - (unix skt), clients: 7
[2026/09/25 20:33:52:9190] N: WS   /ws - (unix skt), clients: 8
[2026/09/25 20:33:52:9190] N: WS   /ws - (unix skt), clients: 9
[2026/09/25 20:33:52:9192] N: WS   /ws - (unix skt), clients: 10
[2026/09/25 20:33:52:9220] N: started process, pid: 3441
[2026/09/25 20:33:52:9277] N: started process, pid: 3442
[2026/09/25 20:33:52:9287] N: started process, pid: 3443
[2026/09/25 20:33:52:9295] N: started process, pid: 3444
[2026/09/25 20:33:52:9308] N: started process, pid: 3445
[2026/09/25 20:33:52:9321] N: started process, pid: 3447
[2026/09/25 20:33:52:9332] N: started process, pid: 3454
[2026/09/25 20:33:52:9353] N: started process, pid: 3458
[2026/09/25 20:33:52:9381] N: started process, pid: 3463
[2026/09/25 20:33:52:9415] N: started process, pid: 3471
[2026/09/25 20:33:53:0924] N: WS closed from (unix skt), clients: 9
[2026/09/25 20:33:53:0924] N: killing process, pid: 3444
[2026/09/25 20:33:53:0927] N: process killed with signal 1, pid: 3444
[2026/09/25 20:33:53:1208] N: WS closed from (unix skt), clients: 8
[2026/09/25 20:33:53:1208] N: killing process, pid: 3463
[2026/09/25 20:33:53:1210] N: process killed with signal 1, pid: 3463
[2026/09/25 20:33:53:2290] N: WS closed from (unix skt), clients: 7
[2026/09/25 20:33:53:2290] N: killing process, pid: 3442
[2026/09/25 20:33:53:2291] N: WS closed from (unix skt), clients: 6
[2026/09/25 20:33:53:2291] N: killing process, pid: 3441
[2026/09/25 20:33:53:2295] N: process killed with signal 0, pid: 3441
[2026/09/25 20:33:53:2296] N: process killed with signal 0, pid: 3442
[2026/09/25 20:33:53:2824] N: WS closed from (unix skt), clients: 5
[2026/09/25 20:33:53:2825] N: killing process, pid: 3447
[2026/09/25 20:33:53:2828] N: process killed with signal 0, pid: 3447
[2026/09/25 20:33:53:3075] N: WS closed from (unix skt), clients: 4
[2026/09/25 20:33:53:3076] N: killing process, pid: 3454
[2026/09/25 20:33:53:3079] N: process killed with signal 0, pid: 3454
[2026/09/25 20:33:53:7560] N: WS closed from (unix skt), clients: 3
[2026/09/25 20:33:53:7560] N: killing process, pid: 3443
[2026/09/25 20:33:53:7565] N: process killed with signal 0, pid: 3443
[2026/09/25 20:33:53:8193] N: WS closed from (unix skt), clients: 2
[2026/09/25 20:33:53:8194] N: killing process, pid: 3458
[2026/09/25 20:33:53:8197] N: process killed with signal 0, pid: 3458
[2026/09/25 20:33:54:9222] N: WS closed from (unix skt), clients: 1
[2026/09/25 20:33:54:9223] N: killing process, pid: 3445
[2026/09/25 20:33:54:9223] N: WS closed from (unix skt), clients: 0
[2026/09/25 20:33:54:9224] N: killing process, pid: 3471
[2026/09/25 20:33:54:9232] N: process killed with signal 0, pid: 3445
[2026/09/25 20:33:54:9246] N: process killed with signal 0, pid: 3471
[2026/09/25 20:33:54:9386] N: WS   /ws - (unix skt), clients: 1
[2026/09/25 20:33:54:9387] N: WS   /ws - (unix skt), clients: 2
[2026/09/25 20:33:54:9387] N: WS   /ws - (unix skt), clients: 3
[2026/09/25 20:33:54:9387] N: WS   /ws - (unix skt), clients: 4
[2026/09/25 20:33:54:9387] N: WS   /ws - (unix skt), clients: 5
[2026/09/25 20:33:54:9388] N: WS   /ws - (unix skt), clients: 6
[2026/09/25 20:33:54:9388] N: WS   /ws - (unix skt), clients: 7
[2026/09/25 20:33:54:9388] N: WS   /ws - (unix skt), clients: 8
[2026/09/25 20:33:54:9388] N: WS   /ws - (unix skt), clients: 9
[2026/09/25 20:33:54:9388] N: WS   /ws - (unix skt), clients: 10
[2026/09/25 20:33:54:9398] N: started process, pid: 4084
[2026/09/25 20:33:54:9403] N: started process, pid: 4085
[2026/09/25 20:33:54:9410] N: started process, pid: 4086
[2026/09/25 20:33:54:9422] N: started process, pid: 4087
[2026/09/25 20:33:54:9439] N: started process, pid: 4088
[2026/09/25 20:33:54:9466] N: started process, pid: 4089
[2026/09/25 20:33:54:9504] N: started process, pid: 4093
[2026/09/25 20:33:54:9524] N: started process, pid: 4100
[2026/09/25 20:33:54:9538] N: started process, pid: 4106
[2026/09/25 20:33:54:9556] N: started process, pid: 4109
[2026/09/25 20:33:55:0619] N: WS closed from (unix skt), clients: 9
[2026/09/25 20:33:55:0619] N: killing process, pid: 4086
[2026/09/25 20:33:55:0623] N: process killed with signal 1, pid: 4086
[2026/09/25 20:33:55:1319] N: WS closed from (unix skt), clients: 8
[2026/09/25 20:33:55:1319] N: killing process, pid: 4106
[2026/09/25 20:33:55:1321] N: process killed with signal 1, pid: 4106
[2026/09/25 20:33:55:2636] N: WS closed from (unix skt), clients: 7
[2026/09/25 20:33:55:2636] N: killing process, pid: 4084
[2026/09/25 20:33:55:2636] N: WS closed from (unix skt), clients: 6
[2026/09/25 20:33:55:2636] N: killing process, pid: 4089
[2026/09/25 20:33:55:2640] N: process killed with signal 0, pid: 4084
[2026/09/25 20:33:55:2640] N: process killed with signal 0, pid: 4089
[2026/09/25 20:33:55:3058] N: WS closed from (unix skt), clients: 5
[2026/09/25 20:33:55:3058] N: killing process, pid: 4088
[2026/09/25 20:33:55:3058] N: WS closed from (unix skt), clients: 4
[2026/09/25 20:33:55:3058] N: killing process, pid: 4093
[2026/09/25 20:33:55:3064] N: process killed with signal 0, pid: 4088
[2026/09/25 20:33:55:3064] N: process killed with signal 0, pid: 4093
[2026/09/25 20:33:55:7519] N: WS closed from (unix skt), clients: 3
[2026/09/25 20:33:55:7519] N: killing process, pid: 4085
[2026/09/25 20:33:55:7524] N: process killed with signal 0, pid: 4085
[2026/09/25 20:33:55:8080] N: WS closed from (unix skt), clients: 2
[2026/09/25 20:33:55:8081] N: killing process, pid: 4100
[2026/09/25 20:33:55:8089] N: process killed with signal 0, pid: 4100
[2026/09/25 20:33:56:9406] N: WS closed from (unix skt), clients: 1
[2026/09/25 20:33:56:9407] N: killing process, pid: 4087
[2026/09/25 20:33:56:9407] N: WS closed from (unix skt), clients: 0
[2026/09/25 20:33:56:9407] N: killing process, pid: 4109
[2026/09/25 20:33:56:9415] N: process killed with signal 0, pid: 4087
[2026/09/25 20:33:56:9415] N: process killed with signal 0, pid: 4109
[2026/09/25 20:33:56:9498] N: WS   /ws - (unix skt), clients: 1
[2026/09/25 20:33:56:9498] N: WS   /ws - (unix skt), clients: 2
[2026/09/25 20:33:56:9498] N: WS   /ws - (unix skt), clients: 3
[2026/09/25 20:33:56:9499] N: WS   /ws - (unix skt), clients: 4
[2026/09/25 20:33:56:9499] N: WS   /ws - (unix skt), clients: 5
[2026/09/25 20:33:56:9499] N: WS   /ws - (unix skt), clients: 6
[2026/09/25 20:33:56:9499] N: WS   /ws - (unix skt), clients: 7
[2026/09/25 20:33:56:9499] N: WS   /ws - (unix skt), clients: 8
[2026/09/25 20:33:56:9499] N: WS   /ws - (unix skt), clients: 9
[2026/09/25 20:33:56:9499] N: WS   /ws - (unix skt), clients: 10
[2026/09/25 20:33:56:9550] N: started process, pid: 4407
[2026/09/25 20:33:56:9555] N: started process, pid: 4408
[2026/09/25 20:33:56:9561] N: started process, pid: 4409
[2026/09/25 20:33:56:9565] N: started process, pid: 4410
[2026/09/25 20:33:56:9573] N: started process, pid: 4411
[2026/09/25 20:33:56:9581] N: started process, pid: 4412
[2026/09/25 20:33:56:9593] N: started process, pid: 4413
[2026/09/25 20:33:56:9604] N: started process, pid: 4421
[2026/09/25 20:33:56:9622] N: started process, pid: 4427
[2026/09/25 20:33:56:9633] N: started process, pid: 4435
[2026/09/25 20:33:57:0629] N: WS closed from (unix skt), clients: 9
[2026/09/25 20:33:57:0629] N: killing process, pid: 4410
[2026/09/25 20:33:57:0634] N: process killed with signal 1, pid: 4410
[2026/09/25 20:33:57:1356] N: WS closed from (unix skt), clients: 8
[2026/09/25 20:33:57:1356] N: killing process, pid: 4427
[2026/09/25 20:33:57:1358] N: process killed with signal 1, pid: 4427
[2026/09/25 20:33:57:2188] N: WS closed from (unix skt), clients: 7
[2026/09/25 20:33:57:2189] N: killing process, pid: 4407
[2026/09/25 20:33:57:2192] N: process killed with signal 0, pid: 4407
[2026/09/25 20:33:57:2645] N: WS closed from (unix skt), clients: 6
[2026/09/25 20:33:57:2645] N: killing process, pid: 4408
[2026/09/25 20:33:57:2650] N: process killed with signal 0, pid: 4408
[2026/09/25 20:33:57:3106] N: WS closed from (unix skt), clients: 5
[2026/09/25 20:33:57:3106] N: killing process, pid: 4413
[2026/09/25 20:33:57:3110] N: process killed with signal 0, pid: 4413
[2026/09/25 20:33:57:3237] N: WS closed from (unix skt), clients: 4
[2026/09/25 20:33:57:3238] N: killing process, pid: 4412
[2026/09/25 20:33:57:3242] N: process killed with signal 0, pid: 4412
[2026/09/25 20:33:57:7028] N: WS closed from (unix skt), clients: 3
[2026/09/25 20:33:57:7028] N: killing process, pid: 4409
[2026/09/25 20:33:57:7035] N: process killed with signal 0, pid: 4409
[2026/09/25 20:33:57:8126] N: WS closed from (unix skt), clients: 2
[2026/09/25 20:33:57:8127] N: killing process, pid: 4421
[2026/09/25 20:33:57:8140] N: process killed with signal 0, pid: 4421
[2026/09/25 20:33:58:9549] N: WS closed from (unix skt), clients: 1
[2026/09/25 20:33:58:9550] N: killing process, pid: 4411
[2026/09/25 20:33:58:9551] N: WS closed from (unix skt), clients: 0
[2026/09/25 20:33:58:9551] N: killing process, pid: 4435
[2026/09/25 20:33:58:9799] N: process killed with signal 0, pid: 4411
[2026/09/25 20:33:58:9800] N: process killed with signal 0, pid: 4435
[2026/09/25 20:33:58:9966] N: WS   /ws - (unix skt), clients: 1
[2026/09/25 20:33:58:9967] N: WS   /ws - (unix skt), clients: 2
[2026/09/25 20:33:58:9967] N: WS   /ws - (unix skt), clients: 3
[2026/09/25 20:33:58:9967] N: WS   /ws - (unix skt), clients: 4
[2026/09/25 20:33:58:9967] N: WS   /ws - (unix skt), clients: 5
[2026/09/25 20:33:58:9967] N: WS   /ws - (unix skt), clients: 6
[2026/09/25 20:33:58:9967] N: WS   /ws - (unix skt), clients: 7
[2026/09/25 20:33:58:9968] N: WS   /ws - (unix skt), clients: 8
[2026/09/25 20:33:58:9968] N: WS   /ws - (unix skt), clients: 9
[2026/09/25 20:33:58:9968] N: WS   /ws - (unix skt), clients: 10
[2026/09/25 20:33:58:9982] N: started process, pid: 4665
[2026/09/25 20:33:58:9989] N: started process, pid: 4666
[2026/09/25 20:33:58:9995] N: started process, pid: 4667
[2026/09/25 20:33:59:0001] N: started process, pid: 4668
[2026/09/25 20:33:59:0011] N: started process, pid: 4669
[2026/09/25 20:33:59:0019] N: started process, pid: 4670
[2026/09/25 20:33:59:0025] N: started process, pid: 4671
[2026/09/25 20:33:59:0038] N: started process, pid: 4672
[2026/09/25 20:33:59:0051] N: started process, pid: 4675
[2026/09/25 20:33:59:0068] N: started process, pid: 4685
[2026/09/25 20:33:59:0699] N: WS closed from (unix skt), clients: 9
[2026/09/25 20:33:59:0700] N: killing process, pid: 4667
[2026/09/25 20:33:59:0705] N: process killed with signal 1, pid: 4667
[2026/09/25 20:33:59:2063] N: WS closed from (unix skt), clients: 8
[2026/09/25 20:33:59:2064] N: killing process, pid: 4675
[2026/09/25 20:33:59:2067] N: process killed with signal 1, pid: 4675
[2026/09/25 20:33:59:3283] N: WS closed from (unix skt), clients: 7
[2026/09/25 20:33:59:3283] N: killing process, pid: 4665
[2026/09/25 20:33:59:3288] N: process killed with signal 0, pid: 4665
[2026/09/25 20:33:59:3535] N: WS closed from (unix skt), clients: 6
[2026/09/25 20:33:59:3535] N: killing process, pid: 4669
[2026/09/25 20:33:59:3540] N: process killed with signal 0, pid: 4669
[2026/09/25 20:33:59:3676] N: WS closed from (unix skt), clients: 5
[2026/09/25 20:33:59:3677] N: killing process, pid: 4670
[2026/09/25 20:33:59:3681] N: process killed with signal 0, pid: 4670
[2026/09/25 20:33:59:3867] N: WS closed from (unix skt), clients: 4
[2026/09/25 20:33:59:3867] N: killing process, pid: 4671
[2026/09/25 20:33:59:3873] N: process killed with signal 0, pid: 4671
[2026/09/25 20:33:59:8421] N: WS closed from (unix skt), clients: 3
[2026/09/25 20:33:59:8422] N: killing process, pid: 4666
[2026/09/25 20:33:59:8433] N: process killed with signal 0, pid: 4666
[2026/09/25 20:33:59:9106] N: WS closed from (unix skt), clients: 2
[2026/09/25 20:33:59:9107] N: killing process, pid: 4672
[2026/09/25 20:33:59:9126] N: process killed with signal 0, pid: 4672
[2026/09/25 20:34:00:9968] N: WS closed from (unix skt), clients: 1
[2026/09/25 20:34:00:9969] N: killing process, pid: 4668
[2026/09/25 20:34:00:9969] N: WS closed from (unix skt), clients: 0
[2026/09/25 20:34:00:9969] N: killing process, pid: 4685
[2026/09/25 20:34:00:9976] N: process killed with signal 0, pid: 4668
[2026/09/25 20:34:00:9983] N: process killed with signal 0, pid: 4685
[2026/09/25 20:34:01:0085] N: WS   /ws - (unix skt), clients: 1
[2026/09/25 20:34:01:0085] N: WS   /ws - (unix skt), clients: 2
[2026/09/25 20:34:01:0085] N: WS   /ws - (unix skt), clients: 3
[2026/09/25 20:34:01:0085] N: WS   /ws - (unix skt), clients: 4
[2026/09/25 20:34:01:0086] N: WS   /ws - (unix skt), clients: 5
[2026/09/25 20:34:01:0086] N: WS   /ws - (unix skt), clients: 6
[2026/09/25 20:34:01:0086] N: WS   /ws - (unix skt), clients: 7
[2026/09/25 20:34:01:0086] N: WS   /ws - (unix skt), clients: 8
[2026/09/25 20:34:01:0086] N: WS   /ws - (unix skt), clients: 9
[2026/09/25 20:34:01:0086] N: WS   /ws - (unix skt), clients: 10
[2026/09/25 20:34:01:0097] N: started process, pid: 5091
[2026/09/25 20:34:01:0103] N: started process, pid: 5092
[2026/09/25 20:34:01:0108] N: started process, pid: 5093
[2026/09/25 20:34:01:0114] N: started process, pid: 5094
[2026/09/25 20:34:01:0126] N: started process, pid: 5095
[2026/09/25 20:34:01:0135] N: started process, pid: 5096
[2026/09/25 20:34:01:0146] N: started process, pid: 5097
[2026/09/25 20:34:01:0156] N: started process, pid: 5099
[2026/09/25 20:34:01:0179] N: started process, pid: 5106
[2026/09/25 20:34:01:0190] N: started process, pid: 5113
[2026/09/25 20:34:01:0985] N: WS closed from (unix skt), clients: 9
[2026/09/25 20:34:01:0986] N: killing process, pid: 5093
[2026/09/25 20:34:01:0990] N: process killed with signal 1, pid: 5093
[2026/09/25 20:34:01:2079] N: WS closed from (unix skt), clients: 8
[2026/09/25 20:34:01:2079] N: killing process, pid: 5106
[2026/09/25 20:34:01:2083] N: process killed with signal 1, pid: 5106
[2026/09/25 20:34:01:2640] N: WS closed from (unix skt), clients: 7
[2026/09/25 20:34:01:2640] N: killing process, pid: 5091
[2026/09/25 20:34:01:2644] N: process killed with signal 0, pid: 5091
[2026/09/25 20:34:01:3730] N: WS closed from (unix skt), clients: 6
[2026/09/25 20:34:01:3730] N: killing process, pid: 5095
[2026/09/25 20:34:01:3736] N: process killed with signal 0, pid: 5095
[2026/09/25 20:34:01:3841] N: WS closed from (unix skt), clients: 5
[2026/09/25 20:34:01:3841] N: killing process, pid: 5097
[2026/09/25 20:34:01:3846] N: process killed with signal 0, pid: 5097
[2026/09/25 20:34:01:3962] N: WS closed from (unix skt), clients: 4
[2026/09/25 20:34:01:3962] N: killing process, pid: 5096
[2026/09/25 20:34:01:3967] N: process killed with signal 0, pid: 5096
[2026/09/25 20:34:01:8265] N: WS closed from (unix skt), clients: 3
[2026/09/25 20:34:01:8265] N: killing process, pid: 5092
[2026/09/25 20:34:01:8272] N: process killed with signal 0, pid: 5092
[2026/09/25 20:34:01:9101] N: WS closed from (unix skt), clients: 2
[2026/09/25 20:34:01:9102] N: killing process, pid: 5099
[2026/09/25 20:34:01:9111] N: process killed with signal 0, pid: 5099
[2026/09/25 20:34:03:0108] N: WS closed from (unix skt), clients: 1
[2026/09/25 20:34:03:0109] N: killing process, pid: 5094
[2026/09/25 20:34:03:0109] N: WS closed from (unix skt), clients: 0
[2026/09/25 20:34:03:0109] N: killing process, pid: 5113
[2026/09/25 20:34:03:0116] N: process killed with signal 0, pid: 5094
[2026/09/25 20:34:03:0122] N: process killed with signal 0, pid: 5113
[2026/09/25 20:34:03:0229] N: WS   /ws - (unix skt), clients: 1
[2026/09/25 20:34:03:0230] N: WS   /ws - (unix skt), clients: 2
[2026/09/25 20:34:03:0230] N: WS   /ws - (unix skt), clients: 3
[2026/09/25 20:34:03:0230] N: WS   /ws - (unix skt), clients: 4
[2026/09/25 20:34:03:0230] N: WS   /ws - (unix skt), clients: 5
[2026/09/25 20:34:03:0230] N: WS   /ws - (unix skt), clients: 6
[2026/09/25 20:34:03:0230] N: WS   /ws - (unix skt), clients: 7
[2026/09/25 20:34:03:0230] N: WS   /ws - (unix skt), clients: 8
[2026/09/25 20:34:03:0231] N: WS   /ws - (unix skt), clients: 9
[2026/09/25 20:34:03:0231] N: WS   /ws - (unix skt), clients: 10
[2026/09/25 20:34:03:0242] N: started process, pid: 5347
[2026/09/25 20:34:03:0247] N: started process, pid: 5348
[2026/09/25 20:34:03:0252] N: started process, pid: 5349
[2026/09/25 20:34:03:0258] N: started process, pid: 5350
[2026/09/25 20:34:03:0268] N: started process, pid: 5351
[2026/09/25 20:34:03:0275] N: started process, pid: 5352
[2026/09/25 20:34:03:0283] N: started process, pid: 5353
[2026/09/25 20:34:03:0296] N: started process, pid: 5354
[2026/09/25 20:34:03:0311] N: started process, pid: 5363
[2026/09/25 20:34:03:0330] N: started process, pid: 5369
[2026/09/25 20:34:03:1735] N: WS closed from (unix skt), clients: 9
[2026/09/25 20:34:03:1735] N: killing process, pid: 5349
[2026/09/25 20:34:03:1740] N: process killed with signal 1, pid: 5349
[2026/09/25 20:34:03:1974] N: WS closed from (unix skt), clients: 8
[2026/09/25 20:34:03:1975] N: killing process, pid: 5363
[2026/09/25 20:34:03:1977] N: process killed with signal 1, pid: 5363
[2026/09/25 20:34:03:3631] N: WS closed from (unix skt), clients: 7
[2026/09/25 20:34:03:3632] N: killing process, pid: 5347
[2026/09/25 20:34:03:3637] N: process killed with signal 0, pid: 5347
[2026/09/25 20:34:03:3752] N: WS closed from (unix skt), clients: 6
[2026/09/25 20:34:03:3752] N: killing process, pid: 5353
[2026/09/25 20:34:03:3757] N: process killed with signal 0, pid: 5353
[2026/09/25 20:34:03:4124] N: WS closed from (unix skt), clients: 5
[2026/09/25 20:34:03:4124] N: killing process, pid: 5351
[2026/09/25 20:34:03:4130] N: process killed with signal 0, pid: 5351
[2026/09/25 20:34:03:4264] N: WS closed from (unix skt), clients: 4
[2026/09/25 20:34:03:4264] N: killing process, pid: 5352
[2026/09/25 20:34:03:4270] N: process killed with signal 0, pid: 5352
[2026/09/25 20:34:03:7832] N: WS closed from (unix skt), clients: 3
[2026/09/25 20:34:03:7832] N: killing process, pid: 5348
[2026/09/25 20:34:03:7840] N: process killed with signal 0, pid: 5348
[2026/09/25 20:34:03:9274] N: WS closed from (unix skt), clients: 2
[2026/09/25 20:34:03:9274] N: killing process, pid: 5354
[2026/09/25 20:34:03:9286] N: process killed with signal 0, pid: 5354
[2026/09/25 20:34:05:0252] N: WS closed from (unix skt), clients: 1
[2026/09/25 20:34:05:0252] N: killing process, pid: 5350
[2026/09/25 20:34:05:0253] N: WS closed from (unix skt), clients: 0
[2026/09/25 20:34:05:0253] N: killing process, pid: 5369
[2026/09/25 20:34:05:0264] N: process killed with signal 0, pid: 5369
[2026/09/25 20:34:05:0264] N: process killed with signal 0, pid: 5350
[2026/09/25 20:34:05:0355] N: WS   /ws - (unix skt), clients: 1
[2026/09/25 20:34:05:0356] N: WS   /ws - (unix skt), clients: 2
[2026/09/25 20:34:05:0356] N: WS   /ws - (unix skt), clients: 3
[2026/09/25 20:34:05:0356] N: WS   /ws - (unix skt), clients: 4
[2026/09/25 20:34:05:0356] N: WS   /ws - (unix skt), clients: 5
[2026/09/25 20:34:05:0356] N: WS   /ws - (unix skt), clients: 6
[2026/09/25 20:34:05:0356] N: WS   /ws - (unix skt), clients: 7
[2026/09/25 20:34:05:0356] N: WS   /ws - (unix skt), clients: 8
[2026/09/25 20:34:05:0356] N: WS   /ws - (unix skt), clients: 9
[2026/09/25 20:34:05:0357] N: WS   /ws - (unix skt), clients: 10
[2026/09/25 20:34:05:0369] N: started process, pid: 5660
[2026/09/25 20:34:05:0375] N: started process, pid: 5662
[2026/09/25 20:34:05:0382] N: started process, pid: 5663
[2026/09/25 20:34:05:0389] N: started process, pid: 5664
[2026/09/25 20:34:05:0396] N: started process, pid: 5665
[2026/09/25 20:34:05:0405] N: started process, pid: 5666
[2026/09/25 20:34:05:0413] N: started process, pid: 5667
[2026/09/25 20:34:05:0420] N: started process, pid: 5669
[2026/09/25 20:34:05:0429] N: started process, pid: 5674
[2026/09/25 20:34:05:0449] N: started process, pid: 5679
[2026/09/25 20:34:05:1679] N: WS closed from (unix skt), clients: 9
[2026/09/25 20:34:05:1680] N: killing process, pid: 5663
[2026/09/25 20:34:05:1699] N: process killed with signal 1, pid: 5663
[2026/09/25 20:34:05:2083] N: WS closed from (unix skt), clients: 8
[2026/09/25 20:34:05:2084] N: killing process, pid: 5674
[2026/09/25 20:34:05:2089] N: process killed with signal 1, pid: 5674
[2026/09/25 20:34:05:3459] N: WS closed from (unix skt), clients: 7
[2026/09/25 20:34:05:3459] N: killing process, pid: 5660
[2026/09/25 20:34:05:3464] N: process killed with signal 0, pid: 5660
[2026/09/25 20:34:05:3580] N: WS closed from (unix skt), clients: 6
[2026/09/25 20:34:05:3580] N: killing process, pid: 5667
[2026/09/25 20:34:05:3584] N: process killed with signal 0, pid: 5667
[2026/09/25 20:34:05:3821] N: WS closed from (unix skt), clients: 5
[2026/09/25 20:34:05:3821] N: killing process, pid: 5665
[2026/09/25 20:34:05:3826] N: process killed with signal 0, pid: 5665
[2026/09/25 20:34:05:3945] N: WS closed from (unix skt), clients: 4
[2026/09/25 20:34:05:3946] N: killing process, pid: 5666
[2026/09/25 20:34:05:3956] N: process killed with signal 0, pid: 5666
[2026/09/25 20:34:05:8340] N: WS closed from (unix skt), clients: 3
[2026/09/25 20:34:05:8340] N: killing process, pid: 5662
[2026/09/25 20:34:05:8344] N: process killed with signal 0, pid: 5662
[2026/09/25 20:34:05:9096] N: WS closed from (unix skt), clients: 2
[2026/09/25 20:34:05:9096] N: killing process, pid: 5669
[2026/09/25 20:34:05:9100] N: process killed with signal 0, pid: 5669
[2026/09/25 20:34:07:0366] N: WS closed from (unix skt), clients: 1
[2026/09/25 20:34:07:0367] N: killing process, pid: 5664
[2026/09/25 20:34:07:0367] N: WS closed from (unix skt), clients: 0
[2026/09/25 20:34:07:0367] N: killing process, pid: 5679
[2026/09/25 20:34:07:0377] N: process killed with signal 0, pid: 5664
[2026/09/25 20:34:07:0378] N: process killed with signal 0, pid: 5679
[2026/09/25 20:34:07:0460] N: WS   /ws - (unix skt), clients: 1
[2026/09/25 20:34:07:0460] N: WS   /ws - (unix skt), clients: 2
[2026/09/25 20:34:07:0460] N: WS   /ws - (unix skt), clients: 3
[2026/09/25 20:34:07:0460] N: WS   /ws - (unix skt), clients: 4
[2026/09/25 20:34:07:0460] N: WS   /ws - (unix skt), clients: 5
[2026/09/25 20:34:07:0460] N: WS   /ws - (unix skt), clients: 6
[2026/09/25 20:34:07:0460] N: WS   /ws - (unix skt), clients: 7
[2026/09/25 20:34:07:0461] N: WS   /ws - (unix skt), clients: 8
[2026/09/25 20:34:07:0472] N: started process, pid: 5936
[2026/09/25 20:34:07:0477] N: started process, pid: 5937
[2026/09/25 20:34:07:0478] N: WS   /ws - (unix skt), clients: 9
[2026/09/25 20:34:07:0478] N: WS   /ws - (unix skt), clients: 10
[2026/09/25 20:34:07:0484] N: started process, pid: 5938
[2026/09/25 20:34:07:0491] N: started process, pid: 5939
[2026/09/25 20:34:07:0497] N: started process, pid: 5940
[2026/09/25 20:34:07:0503] N: started process, pid: 5941
[2026/09/25 20:34:07:0512] N: started process, pid: 5942
[2026/09/25 20:34:07:0525] N: started process, pid: 5944
[2026/09/25 20:34:07:0535] N: started process, pid: 5953
[2026/09/25 20:34:07:0554] N: started process, pid: 5959
[2026/09/25 20:34:07:1564] N: WS closed from (unix skt), clients: 9
[2026/09/25 20:34:07:1566] N: killing process, pid: 5939
[2026/09/25 20:34:07:1570] N: process killed with signal 1, pid: 5939
[2026/09/25 20:34:07:1932] N: WS closed from (unix skt), clients: 8
[2026/09/25 20:34:07:1932] N: killing process, pid: 5941
[2026/09/25 20:34:07:1934] N: process killed with signal 1, pid: 5941
[2026/09/25 20:34:07:3449] N: WS closed from (unix skt), clients: 7
[2026/09/25 20:34:07:3449] N: killing process, pid: 5936
[2026/09/25 20:34:07:3454] N: process killed with signal 0, pid: 5936
[2026/09/25 20:34:07:3695] N: WS closed from (unix skt), clients: 6
[2026/09/25 20:34:07:3695] N: killing process, pid: 5938
[2026/09/25 20:34:07:3700] N: process killed with signal 0, pid: 5938
[2026/09/25 20:34:07:4185] N: WS closed from (unix skt), clients: 5
[2026/09/25 20:34:07:4186] N: killing process, pid: 5944
[2026/09/25 20:34:07:4186] N: WS closed from (unix skt), clients: 4
[2026/09/25 20:34:07:4186] N: killing process, pid: 5953
[2026/09/25 20:34:07:4191] N: process killed with signal 0, pid: 5944
[2026/09/25 20:34:07:4191] N: process killed with signal 0, pid: 5953
[2026/09/25 20:34:07:8189] N: WS closed from (unix skt), clients: 3
[2026/09/25 20:34:07:8190] N: killing process, pid: 5937
[2026/09/25 20:34:07:8200] N: process killed with signal 0, pid: 5937
[2026/09/25 20:34:07:9208] N: WS closed from (unix skt), clients: 2
[2026/09/25 20:34:07:9209] N: killing process, pid: 5959
[2026/09/25 20:34:07:9229] N: process killed with signal 0, pid: 5959
[2026/09/25 20:34:09:0462] N: WS closed from (unix skt), clients: 1
[2026/09/25 20:34:09:0463] N: killing process, pid: 5942
[2026/09/25 20:34:09:0470] N: process killed with signal 0, pid: 5942
[2026/09/25 20:34:09:0475] N: WS closed from (unix skt), clients: 0
[2026/09/25 20:34:09:0476] N: killing process, pid: 5940
[2026/09/25 20:34:09:0484] N: process killed with signal 0, pid: 5940
[2026/09/25 20:34:09:0593] N: WS   /ws - (unix skt), clients: 1
[2026/09/25 20:34:09:0594] N: WS   /ws - (unix skt), clients: 2
[2026/09/25 20:34:09:0594] N: WS   /ws - (unix skt), clients: 3
[2026/09/25 20:34:09:0594] N: WS   /ws - (unix skt), clients: 4
[2026/09/25 20:34:09:0595] N: WS   /ws - (unix skt), clients: 5
[2026/09/25 20:34:09:0595] N: WS   /ws - (unix skt), clients: 6
[2026/09/25 20:34:09:0595] N: WS   /ws - (unix skt), clients: 7
[2026/09/25 20:34:09:0595] N: WS   /ws - (unix skt), clients: 8
[2026/09/25 20:34:09:0595] N: WS   /ws - (unix skt), clients: 9
[2026/09/25 20:34:09:0595] N: WS   /ws - (unix skt), clients: 10
[2026/09/25 20:34:09:0615] N: started process, pid: 6271
[2026/09/25 20:34:09:0625] N: started process, pid: 6272
[2026/09/25 20:34:09:0636] N: started process, pid: 6273
[2026/09/25 20:34:09:0650] N: started process, pid: 6274
[2026/09/25 20:34:09:0676] N: started process, pid: 6275
[2026/09/25 20:34:09:0714] N: started process, pid: 6280
[2026/09/25 20:34:09:0737] N: started process, pid: 6285
[2026/09/25 20:34:09:0755] N: started process, pid: 6287
[2026/09/25 20:34:09:0775] N: started process, pid: 6289
[2026/09/25 20:34:09:0806] N: started process, pid: 6295
[2026/09/25 20:34:09:1849] N: WS closed from (unix skt), clients: 9
[2026/09/25 20:34:09:1849] N: killing process, pid: 6273
[2026/09/25 20:34:09:1857] N: process killed with signal 1, pid: 6273
[2026/09/25 20:34:09:2157] N: WS closed from (unix skt), clients: 8
[2026/09/25 20:34:09:2157] N: killing process, pid: 6289
[2026/09/25 20:34:09:2163] N: process killed with signal 1, pid: 6289
[2026/09/25 20:34:09:3362] N: WS closed from (unix skt), clients: 7
[2026/09/25 20:34:09:3362] N: killing process, pid: 6271
[2026/09/25 20:34:09:3366] N: process killed with signal 0, pid: 6271
[2026/09/25 20:34:09:4173] N: WS closed from (unix skt), clients: 6
[2026/09/25 20:34:09:4174] N: killing process, pid: 6285
[2026/09/25 20:34:09:4174] N: WS closed from (unix skt), clients: 5
[2026/09/25 20:34:09:4174] N: killing process, pid: 6280
[2026/09/25 20:34:09:4180] N: process killed with signal 0, pid: 6280
[2026/09/25 20:34:09:4180] N: process killed with signal 0, pid: 6285
[2026/09/25 20:34:09:4627] N: WS closed from (unix skt), clients: 4
[2026/09/25 20:34:09:4627] N: killing process, pid: 6275
[2026/09/25 20:34:09:4635] N: process killed with signal 0, pid: 6275
[2026/09/25 20:34:09:8403] N: WS closed from (unix skt), clients: 3
[2026/09/25 20:34:09:8404] N: killing process, pid: 6272
[2026/09/25 20:34:09:8423] N: process killed with signal 0, pid: 6272
[2026/09/25 20:34:09:9385] N: WS closed from (unix skt), clients: 2
[2026/09/25 20:34:09:9385] N: killing process, pid: 6287
[2026/09/25 20:34:09:9400] N: process killed with signal 0, pid: 6287
[2026/09/25 20:34:11:0602] N: WS closed from (unix skt), clients: 1
[2026/09/25 20:34:11:0602] N: killing process, pid: 6274
[2026/09/25 20:34:11:0602] N: WS closed from (unix skt), clients: 0
[2026/09/25 20:34:11:0602] N: killing process, pid: 6295
[2026/09/25 20:34:11:0609] N: process killed with signal 0, pid: 6295
[2026/09/25 20:34:11:0610] N: process killed with signal 0, pid: 6274
[2026/09/25 20:34:11:0674] N: WS   /ws - (unix skt), clients: 1
[2026/09/25 20:34:11:0674] N: WS   /ws - (unix skt), clients: 2
[2026/09/25 20:34:11:0674] N: WS   /ws - (unix skt), clients: 3
[2026/09/25 20:34:11:0674] N: WS   /ws - (unix skt), clients: 4
[2026/09/25 20:34:11:0675] N: WS   /ws - (unix skt), clients: 5
[2026/09/25 20:34:11:0675] N: WS   /ws - (unix skt), clients: 6
[2026/09/25 20:34:11:0675] N: WS   /ws - (unix skt), clients: 7
[2026/09/25 20:34:11:0675] N: WS   /ws - (unix skt), clients: 8
[2026/09/25 20:34:11:0675] N: WS   /ws - (unix skt), clients: 9
[2026/09/25 20:34:11:0675] N: WS   /ws - (unix skt), clients: 10
[2026/09/25 20:34:11:0684] N: started process, pid: 6560
[2026/09/25 20:34:11:0689] N: started process, pid: 6561
[2026/09/25 20:34:11:0692] N: started process, pid: 6562
[2026/09/25 20:34:11:0697] N: started process, pid: 6563
[2026/09/25 20:34:11:0705] N: started process, pid: 6564
[2026/09/25 20:34:11:0712] N: started process, pid: 6565
[2026/09/25 20:34:11:0725] N: started process, pid: 6566
[2026/09/25 20:34:11:0740] N: started process, pid: 6572
[2026/09/25 20:34:11:0757] N: started process, pid: 6583
[2026/09/25 20:34:11:0765] N: started process, pid: 6586
[2026/09/25 20:34:11:1563] N: WS closed from (unix skt), clients: 9
[2026/09/25 20:34:11:1564] N: killing process, pid: 6562
[2026/09/25 20:34:11:1567] N: process killed with signal 1, pid: 6562
[2026/09/25 20:34:11:2385] N: WS closed from (unix skt), clients: 8
[2026/09/25 20:34:11:2386] N: killing process, pid: 6583
[2026/09/25 20:34:11:2391] N: process killed with signal 1, pid: 6583
[2026/09/25 20:34:11:3185] N: WS closed from (unix skt), clients: 7
[2026/09/25 20:34:11:3185] N: killing process, pid: 6563
[2026/09/25 20:34:11:3190] N: process killed with signal 0, pid: 6563
[2026/09/25 20:34:11:3586] N: WS closed from (unix skt), clients: 6
[2026/09/25 20:34:11:3586] N: killing process, pid: 6560
[2026/09/25 20:34:11:3590] N: process killed with signal 0, pid: 6560
[2026/09/25 20:34:11:4008] N: WS closed from (unix skt), clients: 5
[2026/09/25 20:34:11:4008] N: killing process, pid: 6565
[2026/09/25 20:34:11:4012] N: process killed with signal 0, pid: 6565
[2026/09/25 20:34:11:4254] N: WS closed from (unix skt), clients: 4
[2026/09/25 20:34:11:4255] N: killing process, pid: 6566
[2026/09/25 20:34:11:4261] N: process killed with signal 0, pid: 6566
[2026/09/25 20:34:11:8735] N: WS closed from (unix skt), clients: 3
[2026/09/25 20:34:11:8736] N: killing process, pid: 6561
[2026/09/25 20:34:11:8743] N: process killed with signal 0, pid: 6561
[2026/09/25 20:34:11:9397] N: WS closed from (unix skt), clients: 2
[2026/09/25 20:34:11:9398] N: killing process, pid: 6572
[2026/09/25 20:34:11:9409] N: process killed with signal 0, pid: 6572
[2026/09/25 20:34:13:0695] N: WS closed from (unix skt), clients: 1
[2026/09/25 20:34:13:0695] N: killing process, pid: 6564
[2026/09/25 20:34:13:0696] N: WS closed from (unix skt), clients: 0
[2026/09/25 20:34:13:0696] N: killing process, pid: 6586
[2026/09/25 20:34:13:0705] N: process killed with signal 0, pid: 6586
[2026/09/25 20:34:13:0706] N: process killed with signal 0, pid: 6564
[2026/09/25 20:34:13:0789] N: WS   /ws - (unix skt), clients: 1
[2026/09/25 20:34:13:0789] N: WS   /ws - (unix skt), clients: 2
[2026/09/25 20:34:13:0789] N: WS   /ws - (unix skt), clients: 3
[2026/09/25 20:34:13:0789] N: WS   /ws - (unix skt), clients: 4
[2026/09/25 20:34:13:0789] N: WS   /ws - (unix skt), clients: 5
[2026/09/25 20:34:13:0789] N: WS   /ws - (unix skt), clients: 6
[2026/09/25 20:34:13:0789] N: WS   /ws - (unix skt), clients: 7
[2026/09/25 20:34:13:0790] N: WS   /ws - (unix skt), clients: 8
[2026/09/25 20:34:13:0790] N: WS   /ws - (unix skt), clients: 9
[2026/09/25 20:34:13:0790] N: WS   /ws - (unix skt), clients: 10
[2026/09/25 20:34:13:0802] N: started process, pid: 6853
[2026/09/25 20:34:13:0808] N: started process, pid: 6854
[2026/09/25 20:34:13:0813] N: started process, pid: 6855
[2026/09/25 20:34:13:0820] N: started process, pid: 6856
[2026/09/25 20:34:13:0828] N: started process, pid: 6857
[2026/09/25 20:34:13:0836] N: started process, pid: 6858
[2026/09/25 20:34:13:0850] N: started process, pid: 6859
[2026/09/25 20:34:13:0865] N: started process, pid: 6863
[2026/09/25 20:34:13:0873] N: started process, pid: 6870
[2026/09/25 20:34:13:0898] N: started process, pid: 6872
[2026/09/25 20:34:13:1857] N: WS closed from (unix skt), clients: 9
[2026/09/25 20:34:13:1858] N: killing process, pid: 6855
[2026/09/25 20:34:13:1863] N: process killed with signal 1, pid: 6855
[2026/09/25 20:34:13:2277] N: WS closed from (unix skt), clients: 8
[2026/09/25 20:34:13:2278] N: killing process, pid: 6870
[2026/09/25 20:34:13:2298] N: process killed with signal 1, pid: 6870
[2026/09/25 20:34:13:3861] N: WS closed from (unix skt), clients: 7
[2026/09/25 20:34:13:3862] N: killing process, pid: 6853
[2026/09/25 20:34:13:3865] N: process killed with signal 0, pid: 6853
[2026/09/25 20:34:13:3992] N: WS closed from (unix skt), clients: 6
[2026/09/25 20:34:13:3992] N: killing process, pid: 6858
[2026/09/25 20:34:13:3992] N: WS closed from (unix skt), clients: 5
[2026/09/25 20:34:13:3993] N: killing process, pid: 6857
[2026/09/25 20:34:13:3996] N: process killed with signal 0, pid: 6858
[2026/09/25 20:34:13:3996] N: process killed with signal 0, pid: 6857
[2026/09/25 20:34:13:4318] N: WS closed from (unix skt), clients: 4
[2026/09/25 20:34:13:4318] N: killing process, pid: 6859
[2026/09/25 20:34:13:4323] N: process killed with signal 0, pid: 6859
[2026/09/25 20:34:13:8518] N: WS closed from (unix skt), clients: 3
[2026/09/25 20:34:13:8518] N: killing process, pid: 6854
[2026/09/25 20:34:13:8526] N: process killed with signal 0, pid: 6854
[2026/09/25 20:34:13:9597] N: WS closed from (unix skt), clients: 2
[2026/09/25 20:34:13:9598] N: killing process, pid: 6863
[2026/09/25 20:34:13:9613] N: process killed with signal 0, pid: 6863
[2026/09/25 20:34:15:0801] N: WS closed from (unix skt), clients: 1
[2026/09/25 20:34:15:0802] N: killing process, pid: 6856
[2026/09/25 20:34:15:0802] N: WS closed from (unix skt), clients: 0
[2026/09/25 20:34:15:0803] N: killing process, pid: 6872
[2026/09/25 20:34:15:0810] N: process killed with signal 0, pid: 6856
[2026/09/25 20:34:15:0818] N: process killed with signal 0, pid: 6872
[2026/09/25 20:34:15:0906] N: WS   /ws - (unix skt), clients: 1
[2026/09/25 20:34:15:0906] N: WS   /ws - (unix skt), clients: 2
[2026/09/25 20:34:15:0906] N: WS   /ws - (unix skt), clients: 3
[2026/09/25 20:34:15:0906] N: WS   /ws - (unix skt), clients: 4
[2026/09/25 20:34:15:0906] N: WS   /ws - (unix skt), clients: 5
[2026/09/25 20:34:15:0906] N: WS   /ws - (unix skt), clients: 6
[2026/09/25 20:34:15:0907] N: WS   /ws - (unix skt), clients: 7
[2026/09/25 20:34:15:0907] N: WS   /ws - (unix skt), clients: 8
[2026/09/25 20:34:15:0907] N: WS   /ws - (unix skt), clients: 9
[2026/09/25 20:34:15:0907] N: WS   /ws - (unix skt), clients: 10
[2026/09/25 20:34:15:0917] N: started process, pid: 7164
[2026/09/25 20:34:15:0922] N: started process, pid: 7165
[2026/09/25 20:34:15:0927] N: started process, pid: 7166
[2026/09/25 20:34:15:0935] N: started process, pid: 7167
[2026/09/25 20:34:15:0944] N: started process, pid: 7168
[2026/09/25 20:34:15:0953] N: started process, pid: 7170
[2026/09/25 20:34:15:0965] N: started process, pid: 7172
[2026/09/25 20:34:15:0979] N: started process, pid: 7180
[2026/09/25 20:34:15:0996] N: started process, pid: 7186
[2026/09/25 20:34:15:1015] N: started process, pid: 7190
[2026/09/25 20:34:15:2372] N: WS closed from (unix skt), clients: 9
[2026/09/25 20:34:15:2372] N: killing process, pid: 7166
[2026/09/25 20:34:15:2376] N: process killed with signal 1, pid: 7166
[2026/09/25 20:34:15:2776] N: WS closed from (unix skt), clients: 8
[2026/09/25 20:34:15:2776] N: killing process, pid: 7186
[2026/09/25 20:34:15:2778] N: process killed with signal 1, pid: 7186
[2026/09/25 20:34:15:4250] N: WS closed from (unix skt), clients: 7
[2026/09/25 20:34:15:4250] N: killing process, pid: 7164
[2026/09/25 20:34:15:4250] N: WS closed from (unix skt), clients: 6
[2026/09/25 20:34:15:4250] N: killing process, pid: 7170
[2026/09/25 20:34:15:4256] N: process killed with signal 0, pid: 7164
[2026/09/25 20:34:15:4256] N: process killed with signal 0, pid: 7170
[2026/09/25 20:34:15:4380] N: WS closed from (unix skt), clients: 5
[2026/09/25 20:34:15:4381] N: killing process, pid: 7168
[2026/09/25 20:34:15:4408] N: process killed with signal 0, pid: 7168
[2026/09/25 20:34:15:4657] N: WS closed from (unix skt), clients: 4
[2026/09/25 20:34:15:4657] N: killing process, pid: 7172
[2026/09/25 20:34:15:4662] N: process killed with signal 0, pid: 7172
[2026/09/25 20:34:15:9152] N: WS closed from (unix skt), clients: 3
[2026/09/25 20:34:15:9153] N: killing process, pid: 7165
[2026/09/25 20:34:15:9164] N: process killed with signal 0, pid: 7165
[2026/09/25 20:34:15:9789] N: WS closed from (unix skt), clients: 2
[2026/09/25 20:34:15:9790] N: killing process, pid: 7180
[2026/09/25 20:34:15:9808] N: process killed with signal 0, pid: 7180
[2026/09/25 20:34:17:1120] N: WS closed from (unix skt), clients: 1
[2026/09/25 20:34:17:1121] N: killing process, pid: 7167
[2026/09/25 20:34:17:1121] N: WS closed from (unix skt), clients: 0
[2026/09/25 20:34:17:1121] N: killing process, pid: 7190
[2026/09/25 20:34:17:1147] N: process killed with signal 0, pid: 7167
[2026/09/25 20:34:17:1147] N: process killed with signal 0, pid: 7190
[2026/09/25 20:34:17:1369] N: WS   /ws - (unix skt), clients: 1
[2026/09/25 20:34:17:1370] N: WS   /ws - (unix skt), clients: 2
[2026/09/25 20:34:17:1370] N: WS   /ws - (unix skt), clients: 3
[2026/09/25 20:34:17:1370] N: WS   /ws - (unix skt), clients: 4
[2026/09/25 20:34:17:1370] N: WS   /ws - (unix skt), clients: 5
[2026/09/25 20:34:17:1370] N: WS   /ws - (unix skt), clients: 6
[2026/09/25 20:34:17:1370] N: WS   /ws - (unix skt), clients: 7
[2026/09/25 20:34:17:1370] N: WS   /ws - (unix skt), clients: 8
[2026/09/25 20:34:17:1370] N: WS   /ws - (unix skt), clients: 9
[2026/09/25 20:34:17:1371] N: WS   /ws - (unix skt), clients: 10
[2026/09/25 20:34:17:1378] N: started process, pid: 7656
[2026/09/25 20:34:17:1386] N: started process, pid: 7657
[2026/09/25 20:34:17:1399] N: started process, pid: 7658
[2026/09/25 20:34:17:1412] N: started process, pid: 7659
[2026/09/25 20:34:17:1421] N: started process, pid: 7660
[2026/09/25 20:34:17:1449] N: started process, pid: 7661
[2026/09/25 20:34:17:1476] N: started process, pid: 7662
[2026/09/25 20:34:17:1496] N: started process, pid: 7670
[2026/09/25 20:34:17:1512] N: started process, pid: 7678
[2026/09/25 20:34:17:1523] N: started process, pid: 7683
[2026/09/25 20:34:17:3047] N: WS closed from (unix skt), clients: 9
[2026/09/25 20:34:17:3047] N: killing process, pid: 7657
[2026/09/25 20:34:17:3067] N: process killed with signal 1, pid: 7657
[2026/09/25 20:34:17:3692] N: WS closed from (unix skt), clients: 8
[2026/09/25 20:34:17:3693] N: killing process, pid: 7678
[2026/09/25 20:34:17:3695] N: process killed with signal 1, pid: 7678
[2026/09/25 20:34:17:4745] N: WS closed from (unix skt), clients: 7
[2026/09/25 20:34:17:4745] N: killing process, pid: 7660
[2026/09/25 20:34:17:4750] N: process killed with signal 0, pid: 7660
[2026/09/25 20:34:17:4886] N: WS closed from (unix skt), clients: 6
[2026/09/25 20:34:17:4886] N: killing process, pid: 7659
[2026/09/25 20:34:17:4890] N: process killed with signal 0, pid: 7659
[2026/09/25 20:34:17:5063] N: WS closed from (unix skt), clients: 5
[2026/09/25 20:34:17:5063] N: killing process, pid: 7661
[2026/09/25 20:34:17:5067] N: process killed with signal 0, pid: 7661
[2026/09/25 20:34:17:5514] N: WS closed from (unix skt), clients: 4
[2026/09/25 20:34:17:5514] N: killing process, pid: 7662
[2026/09/25 20:34:17:5518] N: process killed with signal 0, pid: 7662
[2026/09/25 20:34:17:9029] N: WS closed from (unix skt), clients: 3
[2026/09/25 20:34:17:9029] N: killing process, pid: 7656
[2026/09/25 20:34:17:9035] N: process killed with signal 0, pid: 7656
[2026/09/25 20:34:18:0696] N: WS closed from (unix skt), clients: 2
[2026/09/25 20:34:18:0697] N: killing process, pid: 7670
[2026/09/25 20:34:18:0705] N: process killed with signal 0, pid: 7670
[2026/09/25 20:34:19:1362] N: WS closed from (unix skt), clients: 1
[2026/09/25 20:34:19:1362] N: killing process, pid: 7658
[2026/09/25 20:34:19:1368] N: process killed with signal 0, pid: 7658
[2026/09/25 20:34:19:1375] N: WS closed from (unix skt), clients: 0
[2026/09/25 20:34:19:1375] N: killing process, pid: 7683
[2026/09/25 20:34:19:1383] N: process killed with signal 0, pid: 7683
[2026/09/25 20:34:19:1479] N: WS   /ws - (unix skt), clients: 1
[2026/09/25 20:34:19:1479] N: WS   /ws - (unix skt), clients: 2
[2026/09/25 20:34:19:1479] N: WS   /ws - (unix skt), clients: 3
[2026/09/25 20:34:19:1480] N: WS   /ws - (unix skt), clients: 4
[2026/09/25 20:34:19:1480] N: WS   /ws - (unix skt), clients: 5
[2026/09/25 20:34:19:1480] N: WS   /ws - (unix skt), clients: 6
[2026/09/25 20:34:19:1480] N: WS   /ws - (unix skt), clients: 7
[2026/09/25 20:34:19:1480] N: WS   /ws - (unix skt), clients: 8
[2026/09/25 20:34:19:1480] N: WS   /ws - (unix skt), clients: 9
[2026/09/25 20:34:19:1480] N: WS   /ws - (unix skt), clients: 10
[2026/09/25 20:34:19:1494] N: started process, pid: 8085
[2026/09/25 20:34:19:1501] N: started process, pid: 8086
[2026/09/25 20:34:19:1507] N: started process, pid: 8087
[2026/09/25 20:34:19:1514] N: started process, pid: 8088
[2026/09/25 20:34:19:1525] N: started process, pid: 8089
[2026/09/25 20:34:19:1535] N: started process, pid: 8090
[2026/09/25 20:34:19:1544] N: started process, pid: 8091
[2026/09/25 20:34:19:1556] N: started process, pid: 8092
[2026/09/25 20:34:19:1580] N: started process, pid: 8102
[2026/09/25 20:34:19:1596] N: started process, pid: 8110
[2026/09/25 20:34:19:2044] N: WS closed from (unix skt), clients: 9
[2026/09/25 20:34:19:2045] N: killing process, pid: 8087
[2026/09/25 20:34:19:2048] N: process killed with signal 1, pid: 8087
[2026/09/25 20:34:19:3191] N: WS closed from (unix skt), clients: 8
[2026/09/25 20:34:19:3192] N: killing process, pid: 8102
[2026/09/25 20:34:19:3194] N: process killed with signal 1, pid: 8102
[2026/09/25 20:34:19:4323] N: WS closed from (unix skt), clients: 7
[2026/09/25 20:34:19:4323] N: killing process, pid: 8085
[2026/09/25 20:34:19:4328] N: process killed with signal 0, pid: 8085
[2026/09/25 20:34:19:4712] N: WS closed from (unix skt), clients: 6
[2026/09/25 20:34:19:4712] N: killing process, pid: 8088
[2026/09/25 20:34:19:4717] N: process killed with signal 0, pid: 8088
[2026/09/25 20:34:19:4843] N: WS closed from (unix skt), clients: 5
[2026/09/25 20:34:19:4843] N: killing process, pid: 8091
[2026/09/25 20:34:19:4848] N: process killed with signal 0, pid: 8091
[2026/09/25 20:34:19:5200] N: WS closed from (unix skt), clients: 4
[2026/09/25 20:34:19:5200] N: killing process, pid: 8090
[2026/09/25 20:34:19:5205] N: process killed with signal 0, pid: 8090
[2026/09/25 20:34:19:9351] N: WS closed from (unix skt), clients: 3
[2026/09/25 20:34:19:9352] N: killing process, pid: 8086
[2026/09/25 20:34:19:9361] N: process killed with signal 0, pid: 8086
[2026/09/25 20:34:20:0083] N: WS closed from (unix skt), clients: 2
[2026/09/25 20:34:20:0084] N: killing process, pid: 8092
[2026/09/25 20:34:20:0095] N: process killed with signal 0, pid: 8092
[2026/09/25 20:34:21:1496] N: WS closed from (unix skt), clients: 1
[2026/09/25 20:34:21:1496] N: killing process, pid: 8089
[2026/09/25 20:34:21:1496] N: WS closed from (unix skt), clients: 0
[2026/09/25 20:34:21:1496] N: killing process, pid: 8110
[2026/09/25 20:34:21:1506] N: process killed with signal 0, pid: 8089
[2026/09/25 20:34:21:1507] N: process killed with signal 0, pid: 8110
[2026/09/25 20:34:21:1612] N: WS   /ws - (unix skt), clients: 1
[2026/09/25 20:34:21:1613] N: WS   /ws - (unix skt), clients: 2
[2026/09/25 20:34:21:1613] N: WS   /ws - (unix skt), clients: 3
[2026/09/25 20:34:21:1613] N: WS   /ws - (unix skt), clients: 4
[2026/09/25 20:34:21:1613] N: WS   /ws - (unix skt), clients: 5
[2026/09/25 20:34:21:1613] N: WS   /ws - (unix skt), clients: 6
[2026/09/25 20:34:21:1613] N: WS   /ws - (unix skt), clients: 7
[2026/09/25 20:34:21:1613] N: WS   /ws - (unix skt), clients: 8
[2026/09/25 20:34:21:1613] N: WS   /ws - (unix skt), clients: 9
[2026/09/25 20:34:21:1625] N: started process, pid: 8393
[2026/09/25 20:34:21:1631] N: started process, pid: 8394
[2026/09/25 20:34:21:1632] N: WS   /ws - (unix skt), clients: 10
[2026/09/25 20:34:21:1638] N: started process, pid: 8395
[2026/09/25 20:34:21:1644] N: started process, pid: 8396
[2026/09/25 20:34:21:1656] N: started process, pid: 8397
[2026/09/25 20:34:21:1669] N: started process, pid: 8398
[2026/09/25 20:34:21:1679] N: started process, pid: 8399
[2026/09/25 20:34:21:1700] N: started process, pid: 8407
[2026/09/25 20:34:21:1726] N: started process, pid: 8416
[2026/09/25 20:34:21:1739] N: started process, pid: 8422
[2026/09/25 20:34:21:3232] N: WS closed from (unix skt), clients: 9
[2026/09/25 20:34:21:3232] N: killing process, pid: 8397
[2026/09/25 20:34:21:3236] N: process killed with signal 1, pid: 8397
[2026/09/25 20:34:21:3521] N: WS closed from (unix skt), clients: 8
[2026/09/25 20:34:21:3521] N: killing process, pid: 8422
[2026/09/25 20:34:21:3523] N: process killed with signal 1, pid: 8422
[2026/09/25 20:34:21:4186] N: WS closed from (unix skt), clients: 7
[2026/09/25 20:34:21:4187] N: killing process, pid: 8395
[2026/09/25 20:34:21:4191] N: process killed with signal 0, pid: 8395
[2026/09/25 20:34:21:4883] N: WS closed from (unix skt), clients: 6
[2026/09/25 20:34:21:4883] N: killing process, pid: 8393
[2026/09/25 20:34:21:4888] N: process killed with signal 0, pid: 8393
[2026/09/25 20:34:21:5267] N: WS closed from (unix skt), clients: 5
[2026/09/25 20:34:21:5268] N: killing process, pid: 8407
[2026/09/25 20:34:21:5268] N: WS closed from (unix skt), clients: 4
[2026/09/25 20:34:21:5268] N: killing process, pid: 8399
[2026/09/25 20:34:21:5294] N: process killed with signal 0, pid: 8399
[2026/09/25 20:34:21:5294] N: process killed with signal 0, pid: 8407
[2026/09/25 20:34:21:9632] N: WS closed from (unix skt), clients: 3
[2026/09/25 20:34:21:9633] N: killing process, pid: 8394
[2026/09/25 20:34:21:9646] N: process killed with signal 0, pid: 8394
[2026/09/25 20:34:22:0551] N: WS closed from (unix skt), clients: 2
[2026/09/25 20:34:22:0551] N: killing process, pid: 8416
[2026/09/25 20:34:22:0596] N: process killed with signal 0, pid: 8416
[2026/09/25 20:34:23:1633] N: WS closed from (unix skt), clients: 1
[2026/09/25 20:34:23:1634] N: killing process, pid: 8398
[2026/09/25 20:34:23:1635] N: WS closed from (unix skt), clients: 0
[2026/09/25 20:34:23:1635] N: killing process, pid: 8396
[2026/09/25 20:34:23:1645] N: process killed with signal 0, pid: 8398
[2026/09/25 20:34:23:1646] N: process killed with signal 0, pid: 8396
[2026/09/25 20:34:23:1839] N: WS   /ws - (unix skt), clients: 1
[2026/09/25 20:34:23:1839] N: WS   /ws - (unix skt), clients: 2
[2026/09/25 20:34:23:1839] N: WS   /ws - (unix skt), clients: 3
[2026/09/25 20:34:23:1839] N: WS   /ws - (unix skt), clients: 4
[2026/09/25 20:34:23:1840] N: WS   /ws - (unix skt), clients: 5
[2026/09/25 20:34:23:1840] N: WS   /ws - (unix skt), clients: 6
[2026/09/25 20:34:23:1840] N: WS   /ws - (unix skt), clients: 7
[2026/09/25 20:34:23:1840] N: WS   /ws - (unix skt), clients: 8
[2026/09/25 20:34:23:1840] N: WS   /ws - (unix skt), clients: 9
[2026/09/25 20:34:23:1840] N: WS   /ws - (unix skt), clients: 10
[2026/09/25 20:34:23:1855] N: started process, pid: 9377
[2026/09/25 20:34:23:1871] N: started process, pid: 9378
[2026/09/25 20:34:23:1888] N: started process, pid: 9379
[2026/09/25 20:34:23:1914] N: started process, pid: 9380
[2026/09/25 20:34:23:1943] N: started process, pid: 9383
[2026/09/25 20:34:23:1956] N: started process, pid: 9384
[2026/09/25 20:34:23:1972] N: started process, pid: 9385
[2026/09/25 20:34:23:2011] N: started process, pid: 9386
[2026/09/25 20:34:23:2035] N: started process, pid: 9395
[2026/09/25 20:34:23:2062] N: started process, pid: 9402
[2026/09/25 20:34:23:2889] N: WS closed from (unix skt), clients: 9
[2026/09/25 20:34:23:2889] N: killing process, pid: 9379
[2026/09/25 20:34:23:2893] N: process killed with signal 1, pid: 9379
[2026/09/25 20:34:23:6283] N: WS closed from (unix skt), clients: 8
[2026/09/25 20:34:23:6283] N: killing process, pid: 9384
[2026/09/25 20:34:23:6318] N: process killed with signal 0, pid: 9384
[2026/09/25 20:34:23:6457] N: WS closed from (unix skt), clients: 7
[2026/09/25 20:34:23:6457] N: killing process, pid: 9385
[2026/09/25 20:34:23:6458] N: WS closed from (unix skt), clients: 6
[2026/09/25 20:34:23:6458] N: killing process, pid: 9380
[2026/09/25 20:34:23:7399] N: WS closed from (unix skt), clients: 5
[2026/09/25 20:34:23:7399] N: killing process, pid: 9395
[2026/09/25 20:34:23:7402] N: process killed with signal 1, pid: 9395
[2026/09/25 20:34:23:7447] N: process killed with signal 0, pid: 9385
[2026/09/25 20:34:23:7456] N: process killed with signal 0, pid: 9380
[2026/09/25 20:34:23:8295] N: WS closed from (unix skt), clients: 4
[2026/09/25 20:34:23:8296] N: killing process, pid: 9377
[2026/09/25 20:34:23:8303] N: process killed with signal 0, pid: 9377
[2026/09/25 20:34:24:2270] N: WS closed from (unix skt), clients: 3
[2026/09/25 20:34:24:2271] N: killing process, pid: 9378
[2026/09/25 20:34:24:2279] N: process killed with signal 0, pid: 9378
[2026/09/25 20:34:24:4575] N: WS closed from (unix skt), clients: 2
[2026/09/25 20:34:24:4576] N: killing process, pid: 9386
[2026/09/25 20:34:24:4599] N: process killed with signal 0, pid: 9386
[2026/09/25 20:34:25:1871] N: WS closed from (unix skt), clients: 1
[2026/09/25 20:34:25:1871] N: killing process, pid: 9383
[2026/09/25 20:34:25:1871] N: WS closed from (unix skt), clients: 0
[2026/09/25 20:34:25:1871] N: killing process, pid: 9402
[2026/09/25 20:34:25:1909] N: process killed with signal 0, pid: 9383
[2026/09/25 20:34:25:1910] N: process killed with signal 0, pid: 9402
[2026/09/25 20:34:25:2146] N: WS   /ws - (unix skt), clients: 1
[2026/09/25 20:34:25:2147] N: WS   /ws - (unix skt), clients: 2
[2026/09/25 20:34:25:2147] N: WS   /ws - (unix skt), clients: 3
[2026/09/25 20:34:25:2147] N: WS   /ws - (unix skt), clients: 4
[2026/09/25 20:34:25:2147] N: WS   /ws - (unix skt), clients: 5
[2026/09/25 20:34:25:2147] N: WS   /ws - (unix skt), clients: 6
[2026/09/25 20:34:25:2147] N: WS   /ws - (unix skt), clients: 7
[2026/09/25 20:34:25:2148] N: WS   /ws - (unix skt), clients: 8
[2026/09/25 20:34:25:2148] N: WS   /ws - (unix skt), clients: 9
[2026/09/25 20:34:25:2148] N: WS   /ws - (unix skt), clients: 10
[2026/09/25 20:34:25:2180] N: started process, pid: 10265
[2026/09/25 20:34:25:2199] N: started process, pid: 10268
[2026/09/25 20:34:25:2216] N: started process, pid: 10269
[2026/09/25 20:34:25:2264] N: started process, pid: 10270
[2026/09/25 20:34:25:2282] N: started process, pid: 10271
[2026/09/25 20:34:25:2312] N: started process, pid: 10274
[2026/09/25 20:34:25:2344] N: started process, pid: 10275
[2026/09/25 20:34:25:2376] N: started process, pid: 10277
[2026/09/25 20:34:25:2404] N: started process, pid: 10279
[2026/09/25 20:34:25:2441] N: started process, pid: 10283
[2026/09/25 20:34:25:5219] N: WS closed from (unix skt), clients: 9
[2026/09/25 20:34:25:5220] N: killing process, pid: 10269
[2026/09/25 20:34:25:5222] N: process killed with signal 1, pid: 10269
[2026/09/25 20:34:25:5602] N: WS closed from (unix skt), clients: 8
[2026/09/25 20:34:25:5604] N: killing process, pid: 10265
[2026/09/25 20:34:25:6899] N: process killed with signal 0, pid: 10265
[2026/09/25 20:34:25:7795] N: WS closed from (unix skt), clients: 7
[2026/09/25 20:34:25:7795] N: killing process, pid: 10279
[2026/09/25 20:34:25:7798] N: process killed with signal 1, pid: 10279
[2026/09/25 20:34:25:8271] N: WS closed from (unix skt), clients: 6
[2026/09/25 20:34:25:8271] N: killing process, pid: 10271
[2026/09/25 20:34:25:8277] N: process killed with signal 0, pid: 10271
[2026/09/25 20:34:25:8583] N: WS closed from (unix skt), clients: 5
[2026/09/25 20:34:25:8583] N: killing process, pid: 10274
[2026/09/25 20:34:25:8593] N: process killed with signal 0, pid: 10274
[2026/09/25 20:34:25:8927] N: WS closed from (unix skt), clients: 4
[2026/09/25 20:34:25:8927] N: killing process, pid: 10275
[2026/09/25 20:34:25:8935] N: process killed with signal 0, pid: 10275
[2026/09/25 20:34:26:1997] N: WS closed from (unix skt), clients: 3
[2026/09/25 20:34:26:1998] N: killing process, pid: 10268
[2026/09/25 20:34:26:2013] N: process killed with signal 0, pid: 10268
[2026/09/25 20:34:26:4018] N: WS closed from (unix skt), clients: 2
[2026/09/25 20:34:26:4019] N: killing process, pid: 10277
[2026/09/25 20:34:26:4051] N: process killed with signal 0, pid: 10277
[2026/09/25 20:34:27:2169] N: WS closed from (unix skt), clients: 1
[2026/09/25 20:34:27:2169] N: killing process, pid: 10270
[2026/09/25 20:34:27:2169] N: WS closed from (unix skt), clients: 0
[2026/09/25 20:34:27:2170] N: killing process, pid: 10283
[2026/09/25 20:34:27:2183] N: process killed with signal 0, pid: 10283
[2026/09/25 20:34:27:2187] N: process killed with signal 0, pid: 10270
[2026/09/25 20:34:27:2442] N: WS   /ws - (unix skt), clients: 1
[2026/09/25 20:34:27:2442] N: WS   /ws - (unix skt), clients: 2
[2026/09/25 20:34:27:2443] N: WS   /ws - (unix skt), clients: 3
[2026/09/25 20:34:27:2443] N: WS   /ws - (unix skt), clients: 4
[2026/09/25 20:34:27:2443] N: WS   /ws - (unix skt), clients: 5
[2026/09/25 20:34:27:2443] N: WS   /ws - (unix skt), clients: 6
[2026/09/25 20:34:27:2443] N: WS   /ws - (unix skt), clients: 7
[2026/09/25 20:34:27:2443] N: WS   /ws - (unix skt), clients: 8
[2026/09/25 20:34:27:2443] N: WS   /ws - (unix skt), clients: 9
[2026/09/25 20:34:27:2443] N: WS   /ws - (unix skt), clients: 10
[2026/09/25 20:34:27:2461] N: started process, pid: 11340
[2026/09/25 20:34:27:2481] N: started process, pid: 11342
[2026/09/25 20:34:27:2488] N: started process, pid: 11343
[2026/09/25 20:34:27:2492] N: started process, pid: 11345
[2026/09/25 20:34:27:2514] N: started process, pid: 11346
[2026/09/25 20:34:27:2520] N: started process, pid: 11348
[2026/09/25 20:34:27:2540] N: started process, pid: 11349
[2026/09/25 20:34:27:2561] N: started process, pid: 11351
[2026/09/25 20:34:27:2567] N: started process, pid: 11353
[2026/09/25 20:34:27:2588] N: started process, pid: 11354
[2026/09/25 20:34:27:5350] N: WS closed from (unix skt), clients: 9
[2026/09/25 20:34:27:5351] N: killing process, pid: 11342
[2026/09/25 20:34:27:5380] N: WS closed from (unix skt), clients: 8
[2026/09/25 20:34:27:5380] N: killing process, pid: 11345
[2026/09/25 20:34:27:5386] N: process killed with signal 1, pid: 11345
[2026/09/25 20:34:27:6513] N: process killed with signal 0, pid: 11342
[2026/09/25 20:34:27:6927] N: WS closed from (unix skt), clients: 7
[2026/09/25 20:34:27:6928] N: killing process, pid: 11340
[2026/09/25 20:34:27:7400] N: WS closed from (unix skt), clients: 6
[2026/09/25 20:34:27:7401] N: killing process, pid: 11348
[2026/09/25 20:34:27:7440] N: process killed with signal 0, pid: 11340
[2026/09/25 20:34:27:7976] N: process killed with signal 0, pid: 11348
[2026/09/25 20:34:27:8016] N: WS closed from (unix skt), clients: 5
[2026/09/25 20:34:27:8016] N: killing process, pid: 11353
[2026/09/25 20:34:27:8039] N: process killed with signal 1, pid: 11353
[2026/09/25 20:34:27:9982] N: WS closed from (unix skt), clients: 4
[2026/09/25 20:34:27:9983] N: killing process, pid: 11349
[2026/09/25 20:34:28:0023] N: process killed with signal 0, pid: 11349
[2026/09/25 20:34:28:3542] N: WS closed from (unix skt), clients: 3
[2026/09/25 20:34:28:3543] N: killing process, pid: 11343
[2026/09/25 20:34:28:3551] N: process killed with signal 0, pid: 11343
[2026/09/25 20:34:28:5063] N: WS closed from (unix skt), clients: 2
[2026/09/25 20:34:28:5063] N: killing process, pid: 11351
[2026/09/25 20:34:28:5167] N: process killed with signal 0, pid: 11351
[2026/09/25 20:34:29:2463] N: WS closed from (unix skt), clients: 1
[2026/09/25 20:34:29:2464] N: killing process, pid: 11346
[2026/09/25 20:34:29:2464] N: WS closed from (unix skt), clients: 0
[2026/09/25 20:34:29:2464] N: killing process, pid: 11354
[2026/09/25 20:34:29:2485] N: process killed with signal 0, pid: 11346
[2026/09/25 20:34:29:2486] N: process killed with signal 0, pid: 11354
[2026/09/25 20:34:29:2648] N: WS   /ws - (unix skt), clients: 1
[2026/09/25 20:34:29:2648] N: WS   /ws - (unix skt), clients: 2
[2026/09/25 20:34:29:2649] N: WS   /ws - (unix skt), clients: 3
[2026/09/25 20:34:29:2649] N: WS   /ws - (unix skt), clients: 4
[2026/09/25 20:34:29:2649] N: WS   /ws - (unix skt), clients: 5
[2026/09/25 20:34:29:2649] N: WS   /ws - (unix skt), clients: 6
[2026/09/25 20:34:29:2650] N: WS   /ws - (unix skt), clients: 7
[2026/09/25 20:34:29:2650] N: WS   /ws - (unix skt), clients: 8
[2026/09/25 20:34:29:2650] N: WS   /ws - (unix skt), clients: 9
[2026/09/25 20:34:29:2650] N: WS   /ws - (unix skt), clients: 10
[2026/09/25 20:34:29:2665] N: started process, pid: 12197
[2026/09/25 20:34:29:2690] N: started process, pid: 12198
[2026/09/25 20:34:29:2728] N: started process, pid: 12199
[2026/09/25 20:34:29:2761] N: started process, pid: 12204
[2026/09/25 20:34:29:2786] N: started process, pid: 12212
[2026/09/25 20:34:29:2842] N: started process, pid: 12219
[2026/09/25 20:34:29:2883] N: started process, pid: 12225
[2026/09/25 20:34:29:2925] N: started process, pid: 12233
[2026/09/25 20:34:29:2970] N: started process, pid: 12244
[2026/09/25 20:34:29:3004] N: started process, pid: 12248
[2026/09/25 20:34:29:6049] N: WS closed from (unix skt), clients: 9
[2026/09/25 20:34:29:6050] N: killing process, pid: 12197
[2026/09/25 20:34:29:6682] N: process killed with signal 0, pid: 12197
[2026/09/25 20:34:29:6770] N: WS closed from (unix skt), clients: 8
[2026/09/25 20:34:29:6771] N: killing process, pid: 12204
[2026/09/25 20:34:29:6780] N: process killed with signal 1, pid: 12204
[2026/09/25 20:34:29:7160] N: WS closed from (unix skt), clients: 7
[2026/09/25 20:34:29:7160] N: killing process, pid: 12244
[2026/09/25 20:34:29:7163] N: process killed with signal 1, pid: 12244
[2026/09/25 20:34:29:8789] N: WS closed from (unix skt), clients: 6
[2026/09/25 20:34:29:8790] N: killing process, pid: 12225
[2026/09/25 20:34:29:8791] N: WS closed from (unix skt), clients: 5
[2026/09/25 20:34:29:8791] N: killing process, pid: 12219
[2026/09/25 20:34:29:8818] N: process killed with signal 0, pid: 12219
[2026/09/25 20:34:29:8819] N: process killed with signal 0, pid: 12225
[2026/09/25 20:34:29:9119] N: WS closed from (unix skt), clients: 4
[2026/09/25 20:34:29:9120] N: killing process, pid: 12198
[2026/09/25 20:34:29:9145] N: process killed with signal 0, pid: 12198
[2026/09/25 20:34:30:1052] N: WS closed from (unix skt), clients: 3
[2026/09/25 20:34:30:1053] N: killing process, pid: 12199
[2026/09/25 20:34:30:1064] N: process killed with signal 0, pid: 12199
[2026/09/25 20:34:30:3809] N: WS closed from (unix skt), clients: 2
[2026/09/25 20:34:30:3810] N: killing process, pid: 12233
[2026/09/25 20:34:30:3819] N: process killed with signal 0, pid: 12233
[2026/09/25 20:34:31:2651] N: WS closed from (unix skt), clients: 1
[2026/09/25 20:34:31:2656] N: killing process, pid: 12212
[2026/09/25 20:34:31:2657] N: WS closed from (unix skt), clients: 0
[2026/09/25 20:34:31:2657] N: killing process, pid: 12248
[2026/09/25 20:34:31:2677] N: process killed with signal 0, pid: 12212
[2026/09/25 20:34:31:2677] N: process killed with signal 0, pid: 12248
[2026/09/25 20:34:31:2897] N: WS   /ws - (unix skt), clients: 1
[2026/09/25 20:34:31:2898] N: WS   /ws - (unix skt), clients: 2
[2026/09/25 20:34:31:2898] N: WS   /ws - (unix skt), clients: 3
[2026/09/25 20:34:31:2899] N: WS   /ws - (unix skt), clients: 4
[2026/09/25 20:34:31:2899] N: WS   /ws - (unix skt), clients: 5
[2026/09/25 20:34:31:2899] N: WS   /ws - (unix skt), clients: 6
[2026/09/25 20:34:31:2899] N: WS   /ws - (unix skt), clients: 7
[2026/09/25 20:34:31:2899] N: WS   /ws - (unix skt), clients: 8
[2026/09/25 20:34:31:2899] N: WS   /ws - (unix skt), clients: 9
[2026/09/25 20:34:31:2899] N: WS   /ws - (unix skt), clients: 10
[2026/09/25 20:34:31:2914] N: started process, pid: 12996
[2026/09/25 20:34:31:2929] N: started process, pid: 12999
[2026/09/25 20:34:31:2947] N: started process, pid: 13000
[2026/09/25 20:34:31:2969] N: started process, pid: 13001
[2026/09/25 20:34:31:2983] N: started process, pid: 13002
[2026/09/25 20:34:31:2999] N: started process, pid: 13003
[2026/09/25 20:34:31:3016] N: started process, pid: 13004
[2026/09/25 20:34:31:3040] N: started process, pid: 13005
[2026/09/25 20:34:31:3054] N: started process, pid: 13006
[2026/09/25 20:34:31:3091] N: started process, pid: 13007
[2026/09/25 20:34:31:6310] N: WS closed from (unix skt), clients: 9
[2026/09/25 20:34:31:6310] N: killing process, pid: 13000
[2026/09/25 20:34:31:6312] N: process killed with signal 1, pid: 13000
[2026/09/25 20:34:31:7979] N: WS closed from (unix skt), clients: 8
[2026/09/25 20:34:31:7979] N: killing process, pid: 13006
[2026/09/25 20:34:31:7982] N: process killed with signal 1, pid: 13006
[2026/09/25 20:34:31:8597] N: WS closed from (unix skt), clients: 7
[2026/09/25 20:34:31:8598] N: killing process, pid: 12996
[2026/09/25 20:34:31:8598] N: WS closed from (unix skt), clients: 6
[2026/09/25 20:34:31:8598] N: killing process, pid: 13001
[2026/09/25 20:34:31:8598] N: WS closed from (unix skt), clients: 5
[2026/09/25 20:34:31:8599] N: killing process, pid: 13003
[2026/09/25 20:34:31:8609] N: process killed with signal 0, pid: 13001
[2026/09/25 20:34:31:8610] N: process killed with signal 0, pid: 13003
[2026/09/25 20:34:31:8610] N: process killed with signal 0, pid: 12996
[2026/09/25 20:34:32:0270] N: WS closed from (unix skt), clients: 4
[2026/09/25 20:34:32:0271] N: killing process, pid: 13004
[2026/09/25 20:34:32:0279] N: process killed with signal 0, pid: 13004
[2026/09/25 20:34:32:1359] N: WS closed from (unix skt), clients: 3
[2026/09/25 20:34:32:1360] N: killing process, pid: 12999
[2026/09/25 20:34:32:1370] N: process killed with signal 0, pid: 12999
[2026/09/25 20:34:32:3917] N: WS closed from (unix skt), clients: 2
[2026/09/25 20:34:32:3918] N: killing process, pid: 13005
[2026/09/25 20:34:32:3924] N: process killed with signal 0, pid: 13005
[2026/09/25 20:34:33:2905] N: WS closed from (unix skt), clients: 1
[2026/09/25 20:34:33:2906] N: killing process, pid: 13002
[2026/09/25 20:34:33:2906] N: WS closed from (unix skt), clients: 0
[2026/09/25 20:34:33:2907] N: killing process, pid: 13007
[2026/09/25 20:34:33:2920] N: process killed with signal 0, pid: 13007
[2026/09/25 20:34:33:2920] N: process killed with signal 0, pid: 13002
[2026/09/25 20:34:33:3059] N: WS   /ws - (unix skt), clients: 1
[2026/09/25 20:34:33:3060] N: WS   /ws - (unix skt), clients: 2
[2026/09/25 20:34:33:3060] N: WS   /ws - (unix skt), clients: 3
[2026/09/25 20:34:33:3060] N: WS   /ws - (unix skt), clients: 4
[2026/09/25 20:34:33:3073] N: started process, pid: 14585
[2026/09/25 20:34:33:3082] N: started process, pid: 14586
[2026/09/25 20:34:33:3099] N: started process, pid: 14587
[2026/09/25 20:34:33:3101] N: WS   /ws - (unix skt), clients: 5
[2026/09/25 20:34:33:3101] N: WS   /ws - (unix skt), clients: 6
[2026/09/25 20:34:33:3102] N: WS   /ws - (unix skt), clients: 7
[2026/09/25 20:34:33:3102] N: WS   /ws - (unix skt), clients: 8
[2026/09/25 20:34:33:3103] N: WS   /ws - (unix skt), clients: 9
[2026/09/25 20:34:33:3103] N: WS   /ws - (unix skt), clients: 10
[2026/09/25 20:34:33:3119] N: started process, pid: 14588
[2026/09/25 20:34:33:3132] N: started process, pid: 14589
[2026/09/25 20:34:33:3144] N: started process, pid: 14590
[2026/09/25 20:34:33:3167] N: started process, pid: 14591
[2026/09/25 20:34:33:3175] N: started process, pid: 14592
[2026/09/25 20:34:33:3183] N: started process, pid: 14593
[2026/09/25 20:34:33:3209] N: started process, pid: 14594
[2026/09/25 20:34:33:6151] N: WS closed from (unix skt), clients: 9
[2026/09/25 20:34:33:6152] N: killing process, pid: 14585
[2026/09/25 20:34:33:6724] N: process killed with signal 0, pid: 14585
[2026/09/25 20:34:33:8699] N: WS closed from (unix skt), clients: 8
[2026/09/25 20:34:33:8700] N: killing process, pid: 14586
[2026/09/25 20:34:33:9690] N: WS closed from (unix skt), clients: 7
[2026/09/25 20:34:33:9691] N: killing process, pid: 14593
[2026/09/25 20:34:33:9695] N: process killed with signal 1, pid: 14593
[2026/09/25 20:34:33:9721] N: WS closed from (unix skt), clients: 6
[2026/09/25 20:34:33:9721] N: killing process, pid: 14588
[2026/09/25 20:34:33:9725] N: process killed with signal 1, pid: 14588
[2026/09/25 20:34:33:9742] N: process killed with signal 0, pid: 14586
[2026/09/25 20:34:34:1719] N: WS closed from (unix skt), clients: 5
[2026/09/25 20:34:34:1719] N: killing process, pid: 14591
[2026/09/25 20:34:34:1720] N: WS closed from (unix skt), clients: 4
[2026/09/25 20:34:34:1720] N: killing process, pid: 14590
[2026/09/25 20:34:34:1748] N: process killed with signal 0, pid: 14590
[2026/09/25 20:34:34:1749] N: process killed with signal 0, pid: 14591
[2026/09/25 20:34:34:3717] N: WS closed from (unix skt), clients: 3
[2026/09/25 20:34:34:3718] N: killing process, pid: 14592
[2026/09/25 20:34:34:3719] N: WS closed from (unix skt), clients: 2
[2026/09/25 20:34:34:3719] N: killing process, pid: 14587
[2026/09/25 20:34:34:3740] N: process killed with signal 0, pid: 14587
[2026/09/25 20:34:34:3741] N: process killed with signal 0, pid: 14592
[2026/09/25 20:34:35:3139] N: WS closed from (unix skt), clients: 1
[2026/09/25 20:34:35:3141] N: killing process, pid: 14589
[2026/09/25 20:34:35:3142] N: WS closed from (unix skt), clients: 0
[2026/09/25 20:34:35:3142] N: killing process, pid: 14594
[2026/09/25 20:34:35:3177] N: process killed with signal 0, pid: 14589
[2026/09/25 20:34:35:3178] N: process killed with signal 0, pid: 14594
[2026/09/25 20:34:35:3344] N: WS   /ws - (unix skt), clients: 1
[2026/09/25 20:34:35:3344] N: WS   /ws - (unix skt), clients: 2
[2026/09/25 20:34:35:3345] N: WS   /ws - (unix skt), clients: 3
[2026/09/25 20:34:35:3345] N: WS   /ws - (unix skt), clients: 4
[2026/09/25 20:34:35:3345] N: WS   /ws - (unix skt), clients: 5
[2026/09/25 20:34:35:3346] N: WS   /ws - (unix skt), clients: 6
[2026/09/25 20:34:35:3346] N: WS   /ws - (unix skt), clients: 7
[2026/09/25 20:34:35:3346] N: WS   /ws - (unix skt), clients: 8
[2026/09/25 20:34:35:3346] N: WS   /ws - (unix skt), clients: 9
[2026/09/25 20:34:35:3346] N: WS   /ws - (unix skt), clients: 10
[2026/09/25 20:34:35:3361] N: started process, pid: 16454
[2026/09/25 20:34:35:3392] N: started process, pid: 16455
[2026/09/25 20:34:35:3405] N: started process, pid: 16456
[2026/09/25 20:34:35:3415] N: started process, pid: 16463
[2026/09/25 20:34:35:3428] N: started process, pid: 16467
[2026/09/25 20:34:35:3442] N: started process, pid: 16481
[2026/09/25 20:34:35:3464] N: started process, pid: 16483
[2026/09/25 20:34:35:3487] N: started process, pid: 16487
[2026/09/25 20:34:35:3502] N: started process, pid: 16493
[2026/09/25 20:34:35:3530] N: started process, pid: 16494
[2026/09/25 20:34:35:7641] N: WS closed from (unix skt), clients: 9
[2026/09/25 20:34:35:7642] N: killing process, pid: 16456
[2026/09/25 20:34:35:7643] N: WS closed from (unix skt), clients: 8
[2026/09/25 20:34:35:7643] N: killing process, pid: 16487
[2026/09/25 20:34:35:7646] N: process killed with signal 1, pid: 16456
[2026/09/25 20:34:35:7647] N: process killed with signal 1, pid: 16487
[2026/09/25 20:34:35:9654] N: WS closed from (unix skt), clients: 7
[2026/09/25 20:34:35:9654] N: killing process, pid: 16454
[2026/09/25 20:34:35:9655] N: WS closed from (unix skt), clients: 6
[2026/09/25 20:34:35:9655] N: killing process, pid: 16467
[2026/09/25 20:34:35:9789] N: process killed with signal 0, pid: 16454
[2026/09/25 20:34:35:9792] N: process killed with signal 0, pid: 16467
[2026/09/25 20:34:36:1327] N: WS closed from (unix skt), clients: 5
[2026/09/25 20:34:36:1327] N: killing process, pid: 16455
[2026/09/25 20:34:36:1338] N: process killed with signal 0, pid: 16455
[2026/09/25 20:34:36:1404] N: WS closed from (unix skt), clients: 4
[2026/09/25 20:34:36:1404] N: killing process, pid: 16481
[2026/09/25 20:34:36:1413] N: process killed with signal 0, pid: 16481
[2026/09/25 20:34:36:2184] N: WS closed from (unix skt), clients: 3
[2026/09/25 20:34:36:2185] N: killing process, pid: 16493
[2026/09/25 20:34:36:2191] N: process killed with signal 0, pid: 16493
[2026/09/25 20:34:36:6512] N: WS closed from (unix skt), clients: 2
[2026/09/25 20:34:36:6512] N: killing process, pid: 16483
[2026/09/25 20:34:36:6632] N: process killed with signal 0, pid: 16483
[2026/09/25 20:34:37:3358] N: WS closed from (unix skt), clients: 1
[2026/09/25 20:34:37:3358] N: killing process, pid: 16463
[2026/09/25 20:34:37:3358] N: WS closed from (unix skt), clients: 0
[2026/09/25 20:34:37:3358] N: killing process, pid: 16494
[2026/09/25 20:34:37:3375] N: process killed with signal 0, pid: 16463
[2026/09/25 20:34:37:3375] N: process killed with signal 0, pid: 16494
[2026/09/25 20:34:37:3650] N: WS   /ws - (unix skt), clients: 1
[2026/09/25 20:34:37:3651] N: WS   /ws - (unix skt), clients: 2
[2026/09/25 20:34:37:3660] N: started process, pid: 18185
[2026/09/25 20:34:37:3668] N: started process, pid: 18186
[2026/09/25 20:34:37:3671] N: WS   /ws - (unix skt), clients: 3
[2026/09/25 20:34:37:3672] N: WS   /ws - (unix skt), clients: 4
[2026/09/25 20:34:37:3672] N: WS   /ws - (unix skt), clients: 5
[2026/09/25 20:34:37:3673] N: WS   /ws - (unix skt), clients: 6
[2026/09/25 20:34:37:3673] N: WS   /ws - (unix skt), clients: 7
[2026/09/25 20:34:37:3673] N: WS   /ws - (unix skt), clients: 8
[2026/09/25 20:34:37:3673] N: WS   /ws - (unix skt), clients: 9
[2026/09/25 20:34:37:3674] N: WS   /ws - (unix skt), clients: 10
[2026/09/25 20:34:37:3692] N: started process, pid: 18187
[2026/09/25 20:34:37:3705] N: started process, pid: 18188
[2026/09/25 20:34:37:3729] N: started process, pid: 18189
[2026/09/25 20:34:37:3748] N: started process, pid: 18191
[2026/09/25 20:34:37:3760] N: started process, pid: 18200
[2026/09/25 20:34:37:3778] N: started process, pid: 18206
[2026/09/25 20:34:37:3802] N: started process, pid: 18211
[2026/09/25 20:34:37:3813] N: started process, pid: 18215
[2026/09/25 20:34:37:7211] N: WS closed from (unix skt), clients: 9
[2026/09/25 20:34:37:7212] N: killing process, pid: 18186
[2026/09/25 20:34:37:7212] N: WS closed from (unix skt), clients: 8
[2026/09/25 20:34:37:7213] N: killing process, pid: 18185
[2026/09/25 20:34:37:9130] N: process killed with signal 0, pid: 18186
[2026/09/25 20:34:37:9685] N: process killed with signal 0, pid: 18185
[2026/09/25 20:34:38:0131] N: WS closed from (unix skt), clients: 7
[2026/09/25 20:34:38:0131] N: killing process, pid: 18188
[2026/09/25 20:34:38:0136] N: process killed with signal 1, pid: 18188
[2026/09/25 20:34:38:0844] N: WS closed from (unix skt), clients: 6
[2026/09/25 20:34:38:0844] N: killing process, pid: 18211
[2026/09/25 20:34:38:0847] N: process killed with signal 1, pid: 18211
[2026/09/25 20:34:38:1145] N: WS closed from (unix skt), clients: 5
[2026/09/25 20:34:38:1145] N: killing process, pid: 18191
[2026/09/25 20:34:38:1176] N: process killed with signal 0, pid: 18191
[2026/09/25 20:34:38:2138] N: WS closed from (unix skt), clients: 4
[2026/09/25 20:34:38:2138] N: killing process, pid: 18200
[2026/09/25 20:34:38:2146] N: process killed with signal 0, pid: 18200
[2026/09/25 20:34:38:3251] N: WS closed from (unix skt), clients: 3
[2026/09/25 20:34:38:3252] N: killing process, pid: 18187
[2026/09/25 20:34:38:3266] N: process killed with signal 0, pid: 18187
[2026/09/25 20:34:38:6699] N: WS closed from (unix skt), clients: 2
[2026/09/25 20:34:38:6700] N: killing process, pid: 18206
[2026/09/25 20:34:38:6714] N: process killed with signal 0, pid: 18206
[2026/09/25 20:34:39:3685] N: WS closed from (unix skt), clients: 1
[2026/09/25 20:34:39:3685] N: killing process, pid: 18189
[2026/09/25 20:34:39:3686] N: WS closed from (unix skt), clients: 0
[2026/09/25 20:34:39:3686] N: killing process, pid: 18215
[2026/09/25 20:34:39:3701] N: process killed with signal 0, pid: 18189
[2026/09/25 20:34:39:3701] N: process killed with signal 0, pid: 18215
[2026/09/25 20:34:39:3824] N: WS   /ws - (unix skt), clients: 1
[2026/09/25 20:34:39:3825] N: WS   /ws - (unix skt), clients: 2
[2026/09/25 20:34:39:3825] N: WS   /ws - (unix skt), clients: 3
[2026/09/25 20:34:39:3825] N: WS   /ws - (unix skt), clients: 4
[2026/09/25 20:34:39:3826] N: WS   /ws - (unix skt), clients: 5
[2026/09/25 20:34:39:3826] N: WS   /ws - (unix skt), clients: 6
[2026/09/25 20:34:39:3826] N: WS   /ws - (unix skt), clients: 7
[2026/09/25 20:34:39:3826] N: WS   /ws - (unix skt), clients: 8
[2026/09/25 20:34:39:3826] N: WS   /ws - (unix skt), clients: 9
[2026/09/25 20:34:39:3826] N: WS   /ws - (unix skt), clients: 10
[2026/09/25 20:34:39:3837] N: started process, pid: 19581
[2026/09/25 20:34:39:3846] N: started process, pid: 19582
[2026/09/25 20:34:39:3860] N: started process, pid: 19583
[2026/09/25 20:34:39:3869] N: started process, pid: 19584
[2026/09/25 20:34:39:3882] N: started process, pid: 19585
[2026/09/25 20:34:39:3894] N: started process, pid: 19587
[2026/09/25 20:34:39:3905] N: started process, pid: 19588
[2026/09/25 20:34:39:3927] N: started process, pid: 19590
[2026/09/25 20:34:39:3940] N: started process, pid: 19591
[2026/09/25 20:34:39:3948] N: started process, pid: 19592
[2026/09/25 20:34:39:7647] N: WS closed from (unix skt), clients: 9
[2026/09/25 20:34:39:7647] N: killing process, pid: 19581
[2026/09/25 20:34:39:9155] N: WS closed from (unix skt), clients: 8
[2026/09/25 20:34:39:9156] N: killing process, pid: 19587
[2026/09/25 20:34:39:9681] N: WS closed from (unix skt), clients: 7
[2026/09/25 20:34:39:9682] N: killing process, pid: 19583
[2026/09/25 20:34:39:9686] N: process killed with signal 1, pid: 19583
[2026/09/25 20:34:39:9904] N: WS closed from (unix skt), clients: 6
[2026/09/25 20:34:39:9904] N: killing process, pid: 19585
[2026/09/25 20:34:40:0615] N: WS closed from (unix skt), clients: 5
[2026/09/25 20:34:40:0616] N: killing process, pid: 19591
[2026/09/25 20:34:40:0621] N: process killed with signal 0, pid: 19587
[2026/09/25 20:34:40:0621] N: process killed with signal 1, pid: 19591
[2026/09/25 20:34:40:0624] N: process killed with signal 0, pid: 19585
[2026/09/25 20:34:40:0761] N: process killed with signal 0, pid: 19581
[2026/09/25 20:34:40:2876] N: WS closed from (unix skt), clients: 4
[2026/09/25 20:34:40:2877] N: killing process, pid: 19588
[2026/09/25 20:34:40:2887] N: process killed with signal 0, pid: 19588
[2026/09/25 20:34:40:3305] N: WS closed from (unix skt), clients: 3
[2026/09/25 20:34:40:3305] N: killing process, pid: 19582
[2026/09/25 20:34:40:3315] N: process killed with signal 0, pid: 19582
[2026/09/25 20:34:40:6714] N: WS closed from (unix skt), clients: 2
[2026/09/25 20:34:40:6715] N: killing process, pid: 19590
[2026/09/25 20:34:40:6723] N: process killed with signal 0, pid: 19590
[2026/09/25 20:34:41:3838] N: WS closed from (unix skt), clients: 1
[2026/09/25 20:34:41:3839] N: killing process, pid: 19584
[2026/09/25 20:34:41:3839] N: WS closed from (unix skt), clients: 0
[2026/09/25 20:34:41:3839] N: killing process, pid: 19592
[2026/09/25 20:34:41:3855] N: process killed with signal 0, pid: 19584
[2026/09/25 20:34:41:3858] N: process killed with signal 0, pid: 19592
[2026/09/25 20:34:41:3994] N: WS   /ws - (unix skt), clients: 1
[2026/09/25 20:34:41:3995] N: WS   /ws - (unix skt), clients: 2
[2026/09/25 20:34:41:3995] N: WS   /ws - (unix skt), clients: 3
[2026/09/25 20:34:41:3995] N: WS   /ws - (unix skt), clients: 4
[2026/09/25 20:34:41:3996] N: WS   /ws - (unix skt), clients: 5
[2026/09/25 20:34:41:3996] N: WS   /ws - (unix skt), clients: 6
[2026/09/25 20:34:41:3996] N: WS   /ws - (unix skt), clients: 7
[2026/09/25 20:34:41:3996] N: WS   /ws - (unix skt), clients: 8
[2026/09/25 20:34:41:3996] N: WS   /ws - (unix skt), clients: 9
[2026/09/25 20:34:41:3996] N: WS   /ws - (unix skt), clients: 10
[2026/09/25 20:34:41:4010] N: started process, pid: 20875
[2026/09/25 20:34:41:4029] N: started process, pid: 20876
[2026/09/25 20:34:41:4046] N: started process, pid: 20878
[2026/09/25 20:34:41:4077] N: started process, pid: 20879
[2026/09/25 20:34:41:4107] N: started process, pid: 20881
[2026/09/25 20:34:41:4132] N: started process, pid: 20885
[2026/09/25 20:34:41:4165] N: started process, pid: 20887
[2026/09/25 20:34:41:4214] N: started process, pid: 20894
[2026/09/25 20:34:41:4259] N: started process, pid: 20903
[2026/09/25 20:34:41:4281] N: started process, pid: 20916
[2026/09/25 20:34:41:7204] N: WS closed from (unix skt), clients: 9
[2026/09/25 20:34:41:7205] N: killing process, pid: 20879
[2026/09/25 20:34:41:7209] N: process killed with signal 1, pid: 20879
[2026/09/25 20:34:41:7361] N: WS closed from (unix skt), clients: 8
[2026/09/25 20:34:41:7361] N: killing process, pid: 20875
[2026/09/25 20:34:41:8298] N: WS closed from (unix skt), clients: 7
[2026/09/25 20:34:41:8298] N: killing process, pid: 20903
[2026/09/25 20:34:41:8302] N: process killed with signal 1, pid: 20903
[2026/09/25 20:34:41:8362] N: process killed with signal 0, pid: 20875
[2026/09/25 20:34:41:9553] N: WS closed from (unix skt), clients: 6
[2026/09/25 20:34:41:9554] N: killing process, pid: 20876
[2026/09/25 20:34:41:9836] N: process killed with signal 0, pid: 20876
[2026/09/25 20:34:41:9900] N: WS closed from (unix skt), clients: 5
[2026/09/25 20:34:41:9900] N: killing process, pid: 20887
[2026/09/25 20:34:41:9925] N: process killed with signal 0, pid: 20887
[2026/09/25 20:34:42:1471] N: WS closed from (unix skt), clients: 4
[2026/09/25 20:34:42:1472] N: killing process, pid: 20885
[2026/09/25 20:34:42:1480] N: process killed with signal 0, pid: 20885
[2026/09/25 20:34:42:5722] N: WS closed from (unix skt), clients: 3
[2026/09/25 20:34:42:5723] N: killing process, pid: 20878
[2026/09/25 20:34:42:5784] N: process killed with signal 0, pid: 20878
[2026/09/25 20:34:42:6866] N: WS closed from (unix skt), clients: 2
[2026/09/25 20:34:42:6866] N: killing process, pid: 20894
[2026/09/25 20:34:42:6875] N: process killed with signal 0, pid: 20894
[2026/09/25 20:34:43:4002] N: WS closed from (unix skt), clients: 1
[2026/09/25 20:34:43:4003] N: killing process, pid: 20881
[2026/09/25 20:34:43:4003] N: WS closed from (unix skt), clients: 0
[2026/09/25 20:34:43:4004] N: killing process, pid: 20916
[2026/09/25 20:34:43:4021] N: process killed with signal 0, pid: 20916
[2026/09/25 20:34:43:4027] N: process killed with signal 0, pid: 20881
[2026/09/25 20:34:43:4155] N: WS   /ws - (unix skt), clients: 1
[2026/09/25 20:34:43:4156] N: WS   /ws - (unix skt), clients: 2
[2026/09/25 20:34:43:4156] N: WS   /ws - (unix skt), clients: 3
[2026/09/25 20:34:43:4156] N: WS   /ws - (unix skt), clients: 4
[2026/09/25 20:34:43:4156] N: WS   /ws - (unix skt), clients: 5
[2026/09/25 20:34:43:4157] N: WS   /ws - (unix skt), clients: 6
[2026/09/25 20:34:43:4157] N: WS   /ws - (unix skt), clients: 7
[2026/09/25 20:34:43:4157] N: WS   /ws - (unix skt), clients: 8
[2026/09/25 20:34:43:4157] N: WS   /ws - (unix skt), clients: 9
[2026/09/25 20:34:43:4157] N: WS   /ws - (unix skt), clients: 10
[2026/09/25 20:34:43:4237] N: started process, pid: 22190
[2026/09/25 20:34:43:4270] N: started process, pid: 22192
[2026/09/25 20:34:43:4301] N: started process, pid: 22193
[2026/09/25 20:34:43:4326] N: started process, pid: 22195
[2026/09/25 20:34:43:4346] N: started process, pid: 22197
[2026/09/25 20:34:43:4376] N: started process, pid: 22201
[2026/09/25 20:34:43:4398] N: started process, pid: 22203
[2026/09/25 20:34:43:4441] N: started process, pid: 22205
[2026/09/25 20:34:43:4504] N: started process, pid: 22218
[2026/09/25 20:34:43:4553] N: started process, pid: 22227
[2026/09/25 20:34:43:7585] N: WS closed from (unix skt), clients: 9
[2026/09/25 20:34:43:7586] N: killing process, pid: 22190
[2026/09/25 20:34:43:7598] N: WS closed from (unix skt), clients: 8
[2026/09/25 20:34:43:7599] N: killing process, pid: 22195
[2026/09/25 20:34:43:7602] N: process killed with signal 1, pid: 22195
[2026/09/25 20:34:43:8314] N: process killed with signal 0, pid: 22190
[2026/09/25 20:34:43:9977] N: WS closed from (unix skt), clients: 7
[2026/09/25 20:34:43:9977] N: killing process, pid: 22218
[2026/09/25 20:34:43:9982] N: process killed with signal 1, pid: 22218
[2026/09/25 20:34:44:0214] N: WS closed from (unix skt), clients: 6
[2026/09/25 20:34:44:0215] N: killing process, pid: 22201
[2026/09/25 20:34:44:0809] N: process killed with signal 0, pid: 22201
[2026/09/25 20:34:44:0925] N: WS closed from (unix skt), clients: 5
[2026/09/25 20:34:44:0926] N: killing process, pid: 22203
[2026/09/25 20:34:44:0938] N: process killed with signal 0, pid: 22203
[2026/09/25 20:34:44:1296] N: WS closed from (unix skt), clients: 4
[2026/09/25 20:34:44:1297] N: killing process, pid: 22192
[2026/09/25 20:34:44:1303] N: process killed with signal 0, pid: 22192
[2026/09/25 20:34:44:4028] N: WS closed from (unix skt), clients: 3
[2026/09/25 20:34:44:4029] N: killing process, pid: 22193
[2026/09/25 20:34:44:4037] N: process killed with signal 0, pid: 22193
[2026/09/25 20:34:44:7874] N: WS closed from (unix skt), clients: 2
[2026/09/25 20:34:44:7874] N: killing process, pid: 22205
[2026/09/25 20:34:44:7888] N: process killed with signal 0, pid: 22205
[2026/09/25 20:34:45:4219] N: WS closed from (unix skt), clients: 1
[2026/09/25 20:34:45:4220] N: killing process, pid: 22197
[2026/09/25 20:34:45:4220] N: WS closed from (unix skt), clients: 0
[2026/09/25 20:34:45:4221] N: killing process, pid: 22227
[2026/09/25 20:34:45:4245] N: process killed with signal 0, pid: 22197
[2026/09/25 20:34:45:4245] N: process killed with signal 0, pid: 22227
[2026/09/25 20:34:45:4311] N: WS   /ws - (unix skt), clients: 1
[2026/09/25 20:34:45:4311] N: WS   /ws - (unix skt), clients: 2
[2026/09/25 20:34:45:4311] N: WS   /ws - (unix skt), clients: 3
[2026/09/25 20:34:45:4311] N: WS   /ws - (unix skt), clients: 4
[2026/09/25 20:34:45:4311] N: WS   /ws - (unix skt), clients: 5
[2026/09/25 20:34:45:4311] N: WS   /ws - (unix skt), clients: 6
[2026/09/25 20:34:45:4312] N: WS   /ws - (unix skt), clients: 7
[2026/09/25 20:34:45:4312] N: WS   /ws - (unix skt), clients: 8
[2026/09/25 20:34:45:4312] N: WS   /ws - (unix skt), clients: 9
[2026/09/25 20:34:45:4312] N: WS   /ws - (unix skt), clients: 10
[2026/09/25 20:34:45:4319] N: started process, pid: 23456
[2026/09/25 20:34:45:4323] N: started process, pid: 23457
[2026/09/25 20:34:45:4333] N: started process, pid: 23458
[2026/09/25 20:34:45:4341] N: started process, pid: 23459
[2026/09/25 20:34:45:4348] N: started process, pid: 23460
[2026/09/25 20:34:45:4356] N: started process, pid: 23461
[2026/09/25 20:34:45:4365] N: started process, pid: 23462
[2026/09/25 20:34:45:4374] N: started process, pid: 23463
[2026/09/25 20:34:45:4380] N: started process, pid: 23464
[2026/09/25 20:34:45:4389] N: started process, pid: 23465
[2026/09/25 20:34:45:6343] N: WS closed from (unix skt), clients: 9
[2026/09/25 20:34:45:6344] N: killing process, pid: 23458
[2026/09/25 20:34:45:6348] N: process killed with signal 1, pid: 23458
[2026/09/25 20:34:45:6655] N: WS closed from (unix skt), clients: 8
[2026/09/25 20:34:45:6656] N: killing process, pid: 23464
[2026/09/25 20:34:45:6663] N: process killed with signal 1, pid: 23464
[2026/09/25 20:34:45:8042] N: WS closed from (unix skt), clients: 7
[2026/09/25 20:34:45:8042] N: killing process, pid: 23461
[2026/09/25 20:34:45:8048] N: process killed with signal 0, pid: 23461
[2026/09/25 20:34:45:8896] N: WS closed from (unix skt), clients: 6
[2026/09/25 20:34:45:8897] N: killing process, pid: 23456
[2026/09/25 20:34:45:8908] N: process killed with signal 0, pid: 23456
[2026/09/25 20:34:45:9098] N: WS closed from (unix skt), clients: 5
[2026/09/25 20:34:45:9098] N: killing process, pid: 23462
[2026/09/25 20:34:45:9141] N: process killed with signal 0, pid: 23462
[2026/09/25 20:34:45:9294] N: WS closed from (unix skt), clients: 4
[2026/09/25 20:34:45:9295] N: killing process, pid: 23460
[2026/09/25 20:34:45:9379] N: process killed with signal 0, pid: 23460
[2026/09/25 20:34:46:3569] N: WS closed from (unix skt), clients: 3
[2026/09/25 20:34:46:3569] N: killing process, pid: 23457
[2026/09/25 20:34:46:3793] N: process killed with signal 0, pid: 23457
[2026/09/25 20:34:46:4266] N: WS closed from (unix skt), clients: 2
[2026/09/25 20:34:46:4267] N: killing process, pid: 23463
[2026/09/25 20:34:46:4276] N: process killed with signal 0, pid: 23463
[2026/09/25 20:34:47:4330] N: WS closed from (unix skt), clients: 1
[2026/09/25 20:34:47:4330] N: killing process, pid: 23459
[2026/09/25 20:34:47:4331] N: WS closed from (unix skt), clients: 0
[2026/09/25 20:34:47:4331] N: killing process, pid: 23465
[2026/09/25 20:34:47:4690] N: process killed with signal 0, pid: 23459
[2026/09/25 20:34:47:4690] N: process killed with signal 0, pid: 23465
[2026/09/25 20:34:47:5462] N: WS   /ws - (unix skt), clients: 1
[2026/09/25 20:34:47:5463] N: WS   /ws - (unix skt), clients: 2
[2026/09/25 20:34:47:5463] N: WS   /ws - (unix skt), clients: 3
[2026/09/25 20:34:47:5464] N: WS   /ws - (unix skt), clients: 4
[2026/09/25 20:34:47:5464] N: WS   /ws - (unix skt), clients: 5
[2026/09/25 20:34:47:5464] N: WS   /ws - (unix skt), clients: 6
[2026/09/25 20:34:47:5464] N: WS   /ws - (unix skt), clients: 7
[2026/09/25 20:34:47:5465] N: WS   /ws - (unix skt), clients: 8
[2026/09/25 20:34:47:5465] N: WS   /ws - (unix skt), clients: 9
[2026/09/25 20:34:47:5465] N: WS   /ws - (unix skt), clients: 10
[2026/09/25 20:34:47:5493] N: started process, pid: 24622
[2026/09/25 20:34:47:5507] N: started process, pid: 24623
[2026/09/25 20:34:47:5539] N: started process, pid: 24624
[2026/09/25 20:34:47:5583] N: started process, pid: 24625
[2026/09/25 20:34:47:5621] N: started process, pid: 24626
[2026/09/25 20:34:47:5672] N: started process, pid: 24627
[2026/09/25 20:34:47:5727] N: started process, pid: 24632
[2026/09/25 20:34:47:5775] N: started process, pid: 24639
[2026/09/25 20:34:47:5812] N: started process, pid: 24650
[2026/09/25 20:34:47:5889] N: started process, pid: 24651
[2026/09/25 20:34:47:8920] N: WS closed from (unix skt), clients: 9
[2026/09/25 20:34:47:8920] N: killing process, pid: 24622
[2026/09/25 20:34:47:9064] N: process killed with signal 0, pid: 24622
[2026/09/25 20:34:48:0150] N: WS closed from (unix skt), clients: 8
[2026/09/25 20:34:48:0150] N: killing process, pid: 24650
[2026/09/25 20:34:48:0152] N: WS closed from (unix skt), clients: 7
[2026/09/25 20:34:48:0152] N: killing process, pid: 24625
[2026/09/25 20:34:48:0155] N: process killed with signal 1, pid: 24650
[2026/09/25 20:34:48:0156] N: process killed with signal 1, pid: 24625
[2026/09/25 20:34:48:0791] N: WS closed from (unix skt), clients: 6
[2026/09/25 20:34:48:0791] N: killing process, pid: 24632
[2026/09/25 20:34:48:0799] N: process killed with signal 0, pid: 24632
[2026/09/25 20:34:48:1060] N: WS closed from (unix skt), clients: 5
[2026/09/25 20:34:48:1060] N: killing process, pid: 24623
[2026/09/25 20:34:48:1061] N: WS closed from (unix skt), clients: 4
[2026/09/25 20:34:48:1061] N: killing process, pid: 24627
[2026/09/25 20:34:48:1069] N: process killed with signal 0, pid: 24623
[2026/09/25 20:34:48:1070] N: process killed with signal 0, pid: 24627
[2026/09/25 20:34:48:6076] N: WS closed from (unix skt), clients: 3
[2026/09/25 20:34:48:6076] N: killing process, pid: 24639
[2026/09/25 20:34:48:6084] N: process killed with signal 0, pid: 24639
[2026/09/25 20:34:48:7193] N: WS closed from (unix skt), clients: 2
[2026/09/25 20:34:48:7193] N: killing process, pid: 24624
[2026/09/25 20:34:48:7204] N: process killed with signal 0, pid: 24624
[2026/09/25 20:34:49:5483] N: WS closed from (unix skt), clients: 1
[2026/09/25 20:34:49:5485] N: killing process, pid: 24626
[2026/09/25 20:34:49:5485] N: WS closed from (unix skt), clients: 0
[2026/09/25 20:34:49:5485] N: killing process, pid: 24651
[2026/09/25 20:34:49:5494] N: process killed with signal 0, pid: 24626
[2026/09/25 20:34:49:5501] N: process killed with signal 0, pid: 24651
[2026/09/25 20:34:49:5613] N: WS   /ws - (unix skt), clients: 1
[2026/09/25 20:34:49:5613] N: WS   /ws - (unix skt), clients: 2
[2026/09/25 20:34:49:5613] N: WS   /ws - (unix skt), clients: 3
[2026/09/25 20:34:49:5613] N: WS   /ws - (unix skt), clients: 4
[2026/09/25 20:34:49:5613] N: WS   /ws - (unix skt), clients: 5
[2026/09/25 20:34:49:5614] N: WS   /ws - (unix skt), clients: 6
[2026/09/25 20:34:49:5614] N: WS   /ws - (unix skt), clients: 7
[2026/09/25 20:34:49:5614] N: WS   /ws - (unix skt), clients: 8
[2026/09/25 20:34:49:5626] N: started process, pid: 27159
[2026/09/25 20:34:49:5638] N: started process, pid: 27160
[2026/09/25 20:34:49:5646] N: WS   /ws - (unix skt), clients: 9
[2026/09/25 20:34:49:5646] N: WS   /ws - (unix skt), clients: 10
[2026/09/25 20:34:49:5667] N: started process, pid: 27161
[2026/09/25 20:34:49:5698] N: started process, pid: 27162
[2026/09/25 20:34:49:5736] N: started process, pid: 27163
[2026/09/25 20:34:49:5763] N: started process, pid: 27169
[2026/09/25 20:34:49:5780] N: started process, pid: 27187
[2026/09/25 20:34:49:5800] N: started process, pid: 27188
[2026/09/25 20:34:49:5811] N: started process, pid: 27189
[2026/09/25 20:34:49:5825] N: started process, pid: 27192
[2026/09/25 20:34:50:1561] N: WS closed from (unix skt), clients: 9
[2026/09/25 20:34:50:1561] N: killing process, pid: 27159
[2026/09/25 20:34:50:2738] N: WS closed from (unix skt), clients: 8
[2026/09/25 20:34:50:2738] N: killing process, pid: 27188
[2026/09/25 20:34:50:4030] N: WS closed from (unix skt), clients: 7
[2026/09/25 20:34:50:4030] N: killing process, pid: 27162
[2026/09/25 20:34:50:4034] N: process killed with signal 1, pid: 27162
[2026/09/25 20:34:50:4112] N: WS closed from (unix skt), clients: 6
[2026/09/25 20:34:50:4112] N: killing process, pid: 27169
[2026/09/25 20:34:50:4116] N: process killed with signal 1, pid: 27169
[2026/09/25 20:34:50:4249] N: WS closed from (unix skt), clients: 5
[2026/09/25 20:34:50:4251] N: killing process, pid: 27161
[2026/09/25 20:34:50:4319] N: process killed with signal 0, pid: 27159
[2026/09/25 20:34:50:4370] N: process killed with signal 0, pid: 27161
[2026/09/25 20:34:50:4371] N: process killed with signal 0, pid: 27188
[2026/09/25 20:34:50:6082] N: WS closed from (unix skt), clients: 4
[2026/09/25 20:34:50:6084] N: killing process, pid: 27189
[2026/09/25 20:34:50:6126] N: process killed with signal 0, pid: 27189
[2026/09/25 20:34:50:7744] N: WS closed from (unix skt), clients: 3
[2026/09/25 20:34:50:7745] N: killing process, pid: 27160
[2026/09/25 20:34:50:7756] N: process killed with signal 0, pid: 27160
[2026/09/25 20:34:51:1793] N: WS closed from (unix skt), clients: 2
[2026/09/25 20:34:51:1794] N: killing process, pid: 27192
[2026/09/25 20:34:51:1804] N: process killed with signal 0, pid: 27192
[2026/09/25 20:34:51:5645] N: WS closed from (unix skt), clients: 1
[2026/09/25 20:34:51:5646] N: killing process, pid: 27187
[2026/09/25 20:34:51:5652] N: process killed with signal 0, pid: 27187
[2026/09/25 20:34:51:5734] N: WS closed from (unix skt), clients: 0
[2026/09/25 20:34:51:5734] N: killing process, pid: 27163
[2026/09/25 20:34:51:5751] N: process killed with signal 0, pid: 27163
[2026/09/25 20:34:51:5969] N: WS   /ws - (unix skt), clients: 1
[2026/09/25 20:34:51:5970] N: WS   /ws - (unix skt), clients: 2
[2026/09/25 20:34:51:5971] N: WS   /ws - (unix skt), clients: 3
[2026/09/25 20:34:51:5971] N: WS   /ws - (unix skt), clients: 4
[2026/09/25 20:34:51:5972] N: WS   /ws - (unix skt), clients: 5
[2026/09/25 20:34:51:5973] N: WS   /ws - (unix skt), clients: 6
[2026/09/25 20:34:51:5973] N: WS   /ws - (unix skt), clients: 7
[2026/09/25 20:34:51:5973] N: WS   /ws - (unix skt), clients: 8
[2026/09/25 20:34:51:5974] N: WS   /ws - (unix skt), clients: 9
[2026/09/25 20:34:51:5976] N: WS   /ws - (unix skt), clients: 10
[2026/09/25 20:34:51:5989] N: started process, pid: 28286
[2026/09/25 20:34:51:5998] N: started process, pid: 28287
[2026/09/25 20:34:51:6013] N: started process, pid: 28288
[2026/09/25 20:34:51:6035] N: started process, pid: 28289
[2026/09/25 20:34:51:6074] N: started process, pid: 28290
[2026/09/25 20:34:51:6084] N: started process, pid: 28292
[2026/09/25 20:34:51:6092] N: started process, pid: 28294
[2026/09/25 20:34:51:6126] N: started process, pid: 28299
[2026/09/25 20:34:51:6137] N: started process, pid: 28302
[2026/09/25 20:34:51:6185] N: started process, pid: 28304
[2026/09/25 20:34:51:9210] N: WS closed from (unix skt), clients: 9
[2026/09/25 20:34:51:9211] N: killing process, pid: 28289
[2026/09/25 20:34:51:9214] N: process killed with signal 1, pid: 28289
[2026/09/25 20:34:52:2851] N: WS closed from (unix skt), clients: 8
[2026/09/25 20:34:52:2852] N: killing process, pid: 28302
[2026/09/25 20:34:52:2863] N: process killed with signal 1, pid: 28302
[2026/09/25 20:34:52:5086] N: WS closed from (unix skt), clients: 7
[2026/09/25 20:34:52:5087] N: killing process, pid: 28287
[2026/09/25 20:34:52:5088] N: WS closed from (unix skt), clients: 6
[2026/09/25 20:34:52:5089] N: killing process, pid: 28286
[2026/09/25 20:34:52:5089] N: WS closed from (unix skt), clients: 5
[2026/09/25 20:34:52:5089] N: killing process, pid: 28292
[2026/09/25 20:34:52:5100] N: process killed with signal 0, pid: 28286
[2026/09/25 20:34:52:5100] N: process killed with signal 0, pid: 28287
[2026/09/25 20:34:52:5101] N: process killed with signal 0, pid: 28292
[2026/09/25 20:34:52:5352] N: WS closed from (unix skt), clients: 4
[2026/09/25 20:34:52:5352] N: killing process, pid: 28294
[2026/09/25 20:34:52:5359] N: process killed with signal 0, pid: 28294
[2026/09/25 20:34:52:9880] N: WS closed from (unix skt), clients: 3
[2026/09/25 20:34:52:9881] N: killing process, pid: 28299
[2026/09/25 20:34:52:9896] N: process killed with signal 0, pid: 28299
[2026/09/25 20:34:53:0363] N: WS closed from (unix skt), clients: 2
[2026/09/25 20:34:53:0364] N: killing process, pid: 28288
[2026/09/25 20:34:53:0379] N: process killed with signal 0, pid: 28288
[2026/09/25 20:34:53:5985] N: WS closed from (unix skt), clients: 1
[2026/09/25 20:34:53:5985] N: killing process, pid: 28290
[2026/09/25 20:34:53:5986] N: WS closed from (unix skt), clients: 0
[2026/09/25 20:34:53:5986] N: killing process, pid: 28304
[2026/09/25 20:34:53:5997] N: process killed with signal 0, pid: 28290
[2026/09/25 20:34:53:6000] N: process killed with signal 0, pid: 28304
[2026/09/25 20:34:53:6138] N: WS   /ws - (unix skt), clients: 1
[2026/09/25 20:34:53:6138] N: WS   /ws - (unix skt), clients: 2
[2026/09/25 20:34:53:6139] N: WS   /ws - (unix skt), clients: 3
[2026/09/25 20:34:53:6139] N: WS   /ws - (unix skt), clients: 4
[2026/09/25 20:34:53:6139] N: WS   /ws - (unix skt), clients: 5
[2026/09/25 20:34:53:6140] N: WS   /ws - (unix skt), clients: 6
[2026/09/25 20:34:53:6140] N: WS   /ws - (unix skt), clients: 7
[2026/09/25 20:34:53:6140] N: WS   /ws - (unix skt), clients: 8
[2026/09/25 20:34:53:6141] N: WS   /ws - (unix skt), clients: 9
[2026/09/25 20:34:53:6141] N: WS   /ws - (unix skt), clients: 10
[2026/09/25 20:34:53:6158] N: started process, pid: 29332
[2026/09/25 20:34:53:6172] N: started process, pid: 29333
[2026/09/25 20:34:53:6185] N: started process, pid: 29334
[2026/09/25 20:34:53:6199] N: started process, pid: 29335
[2026/09/25 20:34:53:6209] N: started process, pid: 29336
[2026/09/25 20:34:53:6233] N: started process, pid: 29338
[2026/09/25 20:34:53:6244] N: started process, pid: 29339
[2026/09/25 20:34:53:6261] N: started process, pid: 29341
[2026/09/25 20:34:53:6278] N: started process, pid: 29346
[2026/09/25 20:34:53:6293] N: started process, pid: 29347
[2026/09/25 20:34:53:9205] N: WS closed from (unix skt), clients: 9
[2026/09/25 20:34:53:9206] N: killing process, pid: 29332
[2026/09/25 20:34:53:9374] N: WS closed from (unix skt), clients: 8
[2026/09/25 20:34:53:9375] N: killing process, pid: 29335
[2026/09/25 20:34:53:9375] N: process killed with signal 0, pid: 29332
[2026/09/25 20:34:53:9382] N: process killed with signal 1, pid: 29335
[2026/09/25 20:34:54:0781] N: WS closed from (unix skt), clients: 7
[2026/09/25 20:34:54:0781] N: killing process, pid: 29346
[2026/09/25 20:34:54:0783] N: process killed with signal 1, pid: 29346
[2026/09/25 20:34:54:1674] N: WS closed from (unix skt), clients: 6
[2026/09/25 20:34:54:1675] N: killing process, pid: 29333
[2026/09/25 20:34:54:1675] N: WS closed from (unix skt), clients: 5
[2026/09/25 20:34:54:1675] N: killing process, pid: 29339
[2026/09/25 20:34:54:1676] N: WS closed from (unix skt), clients: 4
[2026/09/25 20:34:54:1676] N: killing process, pid: 29338
[2026/09/25 20:34:54:1708] N: process killed with signal 0, pid: 29333
[2026/09/25 20:34:54:1709] N: process killed with signal 0, pid: 29338
[2026/09/25 20:34:54:1709] N: process killed with signal 0, pid: 29339
[2026/09/25 20:34:54:6978] N: WS closed from (unix skt), clients: 3
[2026/09/25 20:34:54:6978] N: killing process, pid: 29334
[2026/09/25 20:34:54:6984] N: process killed with signal 0, pid: 29334
[2026/09/25 20:34:54:7831] N: WS closed from (unix skt), clients: 2
[2026/09/25 20:34:54:7831] N: killing process, pid: 29341
[2026/09/25 20:34:54:7835] N: process killed with signal 0, pid: 29341
[2026/09/25 20:34:55:6161] N: WS closed from (unix skt), clients: 1
[2026/09/25 20:34:55:6162] N: killing process, pid: 29336
[2026/09/25 20:34:55:6162] N: WS closed from (unix skt), clients: 0
[2026/09/25 20:34:55:6162] N: killing process, pid: 29347
[2026/09/25 20:34:55:6166] N: process killed with signal 0, pid: 29336
[2026/09/25 20:34:55:6171] N: process killed with signal 0, pid: 29347
[2026/09/25 20:34:55:6220] N: WS   /ws - (unix skt), clients: 1
[2026/09/25 20:34:55:6220] N: WS   /ws - (unix skt), clients: 2
[2026/09/25 20:34:55:6220] N: WS   /ws - (unix skt), clients: 3
[2026/09/25 20:34:55:6220] N: WS   /ws - (unix skt), clients: 4
[2026/09/25 20:34:55:6220] N: WS   /ws - (unix skt), clients: 5
[2026/09/25 20:34:55:6221] N: WS   /ws - (unix skt), clients: 6
[2026/09/25 20:34:55:6221] N: WS   /ws - (unix skt), clients: 7
[2026/09/25 20:34:55:6221] N: WS   /ws - (unix skt), clients: 8
[2026/09/25 20:34:55:6221] N: WS   /ws - (unix skt), clients: 9
[2026/09/25 20:34:55:6221] N: WS   /ws - (unix skt), clients: 10
[2026/09/25 20:34:55:6227] N: started process, pid: 30590
[2026/09/25 20:34:55:6231] N: started process, pid: 30591
[2026/09/25 20:34:55:6234] N: started process, pid: 30592
[2026/09/25 20:34:55:6244] N: started process, pid: 30593
[2026/09/25 20:34:55:6251] N: started process, pid: 30594
[2026/09/25 20:34:55:6265] N: started process, pid: 30596
[2026/09/25 20:34:55:6275] N: started process, pid: 30604
[2026/09/25 20:34:55:6292] N: started process, pid: 30607
[2026/09/25 20:34:55:6314] N: started process, pid: 30614
[2026/09/25 20:34:55:6330] N: started process, pid: 30621
[2026/09/25 20:34:55:7489] N: WS closed from (unix skt), clients: 9
[2026/09/25 20:34:55:7490] N: killing process, pid: 30592
[2026/09/25 20:34:55:7495] N: process killed with signal 1, pid: 30592
[2026/09/25 20:34:55:8530] N: WS closed from (unix skt), clients: 8
[2026/09/25 20:34:55:8531] N: killing process, pid: 30614
[2026/09/25 20:34:55:8535] N: process killed with signal 1, pid: 30614
[2026/09/25 20:34:55:9352] N: WS closed from (unix skt), clients: 7
[2026/09/25 20:34:55:9352] N: killing process, pid: 30590
[2026/09/25 20:34:55:9357] N: process killed with signal 0, pid: 30590
[2026/09/25 20:34:55:9698] N: WS closed from (unix skt), clients: 6
[2026/09/25 20:34:55:9698] N: killing process, pid: 30604
[2026/09/25 20:34:55:9702] N: process killed with signal 0, pid: 30604
[2026/09/25 20:34:55:9840] N: WS closed from (unix skt), clients: 5
[2026/09/25 20:34:55:9840] N: killing process, pid: 30596
[2026/09/25 20:34:55:9844] N: process killed with signal 0, pid: 30596
[2026/09/25 20:34:56:0012] N: WS closed from (unix skt), clients: 4
[2026/09/25 20:34:56:0012] N: killing process, pid: 30593
[2026/09/25 20:34:56:0017] N: process killed with signal 0, pid: 30593
[2026/09/25 20:34:56:5185] N: WS closed from (unix skt), clients: 3
[2026/09/25 20:34:56:5185] N: killing process, pid: 30591
[2026/09/25 20:34:56:5198] N: process killed with signal 0, pid: 30591
[2026/09/25 20:34:56:5541] N: WS closed from (unix skt), clients: 2
[2026/09/25 20:34:56:5543] N: killing process, pid: 30607
[2026/09/25 20:34:56:5559] N: process killed with signal 0, pid: 30607
[2026/09/25 20:34:57:6238] N: WS closed from (unix skt), clients: 1
[2026/09/25 20:34:57:6239] N: killing process, pid: 30594
[2026/09/25 20:34:57:6239] N: WS closed from (unix skt), clients: 0
[2026/09/25 20:34:57:6239] N: killing process, pid: 30621
[2026/09/25 20:34:57:6252] N: process killed with signal 0, pid: 30621
[2026/09/25 20:34:57:6253] N: process killed with signal 0, pid: 30594
[2026/09/25 20:34:57:6374] N: WS   /ws - (unix skt), clients: 1
[2026/09/25 20:34:57:6375] N: WS   /ws - (unix skt), clients: 2
[2026/09/25 20:34:57:6375] N: WS   /ws - (unix skt), clients: 3
[2026/09/25 20:34:57:6375] N: WS   /ws - (unix skt), clients: 4
[2026/09/25 20:34:57:6376] N: WS   /ws - (unix skt), clients: 5
[2026/09/25 20:34:57:6386] N: started process, pid: 32438
[2026/09/25 20:34:57:6393] N: started process, pid: 32439
[2026/09/25 20:34:57:6395] N: WS   /ws - (unix skt), clients: 6
[2026/09/25 20:34:57:6395] N: WS   /ws - (unix skt), clients: 7
[2026/09/25 20:34:57:6396] N: WS   /ws - (unix skt), clients: 8
[2026/09/25 20:34:57:6396] N: WS   /ws - (unix skt), clients: 9
[2026/09/25 20:34:57:6397] N: WS   /ws - (unix skt), clients: 10
[2026/09/25 20:34:57:6404] N: started process, pid: 32440
[2026/09/25 20:34:57:6413] N: started process, pid: 32441
[2026/09/25 20:34:57:6426] N: started process, pid: 32442
[2026/09/25 20:34:57:6440] N: started process, pid: 32443
[2026/09/25 20:34:57:6455] N: started process, pid: 32444
[2026/09/25 20:34:57:6474] N: started process, pid: 32453
[2026/09/25 20:34:57:6499] N: started process, pid: 32464
[2026/09/25 20:34:57:6528] N: started process, pid: 32467
[2026/09/25 20:34:58:1572] N: WS closed from (unix skt), clients: 9
[2026/09/25 20:34:58:1575] N: killing process, pid: 32439
[2026/09/25 20:34:58:1576] N: WS closed from (unix skt), clients: 8
[2026/09/25 20:34:58:1576] N: killing process, pid: 32438
[2026/09/25 20:34:58:2043] N: WS closed from (unix skt), clients: 7
[2026/09/25 20:34:58:2043] N: killing process, pid: 32443
[2026/09/25 20:34:58:2047] N: process killed with signal 1, pid: 32443
[2026/09/25 20:34:58:2757] N: WS closed from (unix skt), clients: 6
[2026/09/25 20:34:58:2757] N: killing process, pid: 32441
[2026/09/25 20:34:58:3122] N: process killed with signal 0, pid: 32438
[2026/09/25 20:34:58:3374] N: process killed with signal 0, pid: 32439
[2026/09/25 20:34:58:3375] N: process killed with signal 0, pid: 32441
[2026/09/25 20:34:58:3378] N: WS closed from (unix skt), clients: 5
[2026/09/25 20:34:58:3378] N: killing process, pid: 32464
[2026/09/25 20:34:58:3387] N: process killed with signal 1, pid: 32464
[2026/09/25 20:34:58:4327] N: WS closed from (unix skt), clients: 4
[2026/09/25 20:34:58:4328] N: killing process, pid: 32440
[2026/09/25 20:34:58:4335] N: process killed with signal 0, pid: 32440
[2026/09/25 20:34:58:9335] N: WS closed from (unix skt), clients: 3
[2026/09/25 20:34:58:9335] N: killing process, pid: 32442
[2026/09/25 20:34:58:9358] N: process killed with signal 0, pid: 32442
[2026/09/25 20:34:58:9924] N: WS closed from (unix skt), clients: 2
[2026/09/25 20:34:58:9924] N: killing process, pid: 32453
[2026/09/25 20:34:58:9930] N: process killed with signal 0, pid: 32453
[2026/09/25 20:34:59:6396] N: WS closed from (unix skt), clients: 1
[2026/09/25 20:34:59:6396] N: killing process, pid: 32444
[2026/09/25 20:34:59:6396] N: WS closed from (unix skt), clients: 0
[2026/09/25 20:34:59:6397] N: killing process, pid: 32467
[2026/09/25 20:34:59:6406] N: process killed with signal 0, pid: 32444
[2026/09/25 20:34:59:6406] N: process killed with signal 0, pid: 32467
[2026/09/25 20:34:59:6480] N: WS   /ws - (unix skt), clients: 1
[2026/09/25 20:34:59:6481] N: WS   /ws - (unix skt), clients: 2
[2026/09/25 20:34:59:6481] N: WS   /ws - (unix skt), clients: 3
[2026/09/25 20:34:59:6481] N: WS   /ws - (unix skt), clients: 4
[2026/09/25 20:34:59:6481] N: WS   /ws - (unix skt), clients: 5
[2026/09/25 20:34:59:6481] N: WS   /ws - (unix skt), clients: 6
[2026/09/25 20:34:59:6482] N: WS   /ws - (unix skt), clients: 7
[2026/09/25 20:34:59:6482] N: WS   /ws - (unix skt), clients: 8
[2026/09/25 20:34:59:6482] N: WS   /ws - (unix skt), clients: 9
[2026/09/25 20:34:59:6482] N: WS   /ws - (unix skt), clients: 10
[2026/09/25 20:34:59:6493] N: started process, pid: 34992
[2026/09/25 20:34:59:6503] N: started process, pid: 34993
[2026/09/25 20:34:59:6508] N: started process, pid: 34996
[2026/09/25 20:34:59:6520] N: started process, pid: 34997
[2026/09/25 20:34:59:6534] N: started process, pid: 34999
[2026/09/25 20:34:59:6552] N: started process, pid: 35001
[2026/09/25 20:34:59:6586] N: started process, pid: 35008
[2026/09/25 20:34:59:6611] N: started process, pid: 35022
[2026/09/25 20:34:59:6663] N: started process, pid: 35026
[2026/09/25 20:34:59:6698] N: started process, pid: 35031
[2026/09/25 20:34:59:9956] N: WS closed from (unix skt), clients: 9
[2026/09/25 20:34:59:9957] N: killing process, pid: 34996
[2026/09/25 20:34:59:9961] N: process killed with signal 1, pid: 34996
[2026/09/25 20:35:00:3718] N: WS closed from (unix skt), clients: 8
[2026/09/25 20:35:00:3719] N: killing process, pid: 34999
[2026/09/25 20:35:00:3752] N: WS closed from (unix skt), clients: 7
[2026/09/25 20:35:00:3752] N: killing process, pid: 34992
[2026/09/25 20:35:00:5120] N: process killed with signal 0, pid: 34992
[2026/09/25 20:35:00:5122] N: process killed with signal 0, pid: 34999
[2026/09/25 20:35:00:5134] N: WS closed from (unix skt), clients: 6
[2026/09/25 20:35:00:5134] N: killing process, pid: 35026
[2026/09/25 20:35:00:5137] N: process killed with signal 1, pid: 35026
[2026/09/25 20:35:00:5191] N: WS closed from (unix skt), clients: 5
[2026/09/25 20:35:00:5191] N: killing process, pid: 35001
[2026/09/25 20:35:00:5196] N: process killed with signal 0, pid: 35001
[2026/09/25 20:35:00:7145] N: WS closed from (unix skt), clients: 4
[2026/09/25 20:35:00:7146] N: killing process, pid: 35008
[2026/09/25 20:35:00:7160] N: process killed with signal 0, pid: 35008
[2026/09/25 20:35:00:7418] N: WS closed from (unix skt), clients: 3
[2026/09/25 20:35:00:7418] N: killing process, pid: 34993
[2026/09/25 20:35:00:7425] N: process killed with signal 0, pid: 34993
[2026/09/25 20:35:01:2163] N: WS closed from (unix skt), clients: 2
[2026/09/25 20:35:01:2163] N: killing process, pid: 35022
[2026/09/25 20:35:01:2174] N: process killed with signal 0, pid: 35022
[2026/09/25 20:35:01:6505] N: WS closed from (unix skt), clients: 1
[2026/09/25 20:35:01:6505] N: killing process, pid: 34997
[2026/09/25 20:35:01:6506] N: WS closed from (unix skt), clients: 0
[2026/09/25 20:35:01:6506] N: killing process, pid: 35031
[2026/09/25 20:35:01:6519] N: process killed with signal 0, pid: 35031
[2026/09/25 20:35:01:6519] N: process killed with signal 0, pid: 34997
[2026/09/25 20:35:01:6594] N: WS   /ws - (unix skt), clients: 1
[2026/09/25 20:35:01:6595] N: WS   /ws - (unix skt), clients: 2
[2026/09/25 20:35:01:6595] N: WS   /ws - (unix skt), clients: 3
[2026/09/25 20:35:01:6595] N: WS   /ws - (unix skt), clients: 4
[2026/09/25 20:35:01:6595] N: WS   /ws - (unix skt), clients: 5
[2026/09/25 20:35:01:6595] N: WS   /ws - (unix skt), clients: 6
[2026/09/25 20:35:01:6595] N: WS   /ws - (unix skt), clients: 7
[2026/09/25 20:35:01:6595] N: WS   /ws - (unix skt), clients: 8
[2026/09/25 20:35:01:6595] N: WS   /ws - (unix skt), clients: 9
[2026/09/25 20:35:01:6595] N: WS   /ws - (unix skt), clients: 10
[2026/09/25 20:35:01:6611] N: started process, pid: 37298
[2026/09/25 20:35:01:6621] N: started process, pid: 37299
[2026/09/25 20:35:01:6631] N: started process, pid: 37300
[2026/09/25 20:35:01:6637] N: started process, pid: 37301
[2026/09/25 20:35:01:6656] N: started process, pid: 37303
[2026/09/25 20:35:01:6679] N: started process, pid: 37305
[2026/09/25 20:35:01:6701] N: started process, pid: 37312
[2026/09/25 20:35:01:6717] N: started process, pid: 37320
[2026/09/25 20:35:01:6740] N: started process, pid: 37327
[2026/09/25 20:35:01:6769] N: started process, pid: 37336
[2026/09/25 20:35:02:1448] N: WS closed from (unix skt), clients: 9
[2026/09/25 20:35:02:1449] N: killing process, pid: 37298
[2026/09/25 20:35:02:2435] N: WS closed from (unix skt), clients: 8
[2026/09/25 20:35:02:2435] N: killing process, pid: 37299
[2026/09/25 20:35:02:2601] N: WS closed from (unix skt), clients: 7
[2026/09/25 20:35:02:2601] N: killing process, pid: 37301
[2026/09/25 20:35:02:2605] N: process killed with signal 1, pid: 37301
[2026/09/25 20:35:02:2816] N: process killed with signal 0, pid: 37298
[2026/09/25 20:35:02:2925] N: process killed with signal 0, pid: 37299
[2026/09/25 20:35:02:3420] N: WS closed from (unix skt), clients: 6
[2026/09/25 20:35:02:3420] N: killing process, pid: 37327
[2026/09/25 20:35:02:3425] N: process killed with signal 1, pid: 37327
[2026/09/25 20:35:02:4613] N: WS closed from (unix skt), clients: 5
[2026/09/25 20:35:02:4613] N: killing process, pid: 37305
[2026/09/25 20:35:02:4624] N: process killed with signal 0, pid: 37305
[2026/09/25 20:35:02:4837] N: WS closed from (unix skt), clients: 4
[2026/09/25 20:35:02:4837] N: killing process, pid: 37312
[2026/09/25 20:35:02:4850] N: process killed with signal 0, pid: 37312
[2026/09/25 20:35:02:7444] N: WS closed from (unix skt), clients: 3
[2026/09/25 20:35:02:7444] N: killing process, pid: 37300
[2026/09/25 20:35:02:7456] N: process killed with signal 0, pid: 37300
[2026/09/25 20:35:03:0214] N: WS closed from (unix skt), clients: 2
[2026/09/25 20:35:03:0214] N: killing process, pid: 37320
[2026/09/25 20:35:03:0219] N: process killed with signal 0, pid: 37320
[2026/09/25 20:35:03:6613] N: WS closed from (unix skt), clients: 1
[2026/09/25 20:35:03:6613] N: killing process, pid: 37303
[2026/09/25 20:35:03:6613] N: WS closed from (unix skt), clients: 0
[2026/09/25 20:35:03:6614] N: killing process, pid: 37336
[2026/09/25 20:35:03:6662] N: process killed with signal 0, pid: 37303
[2026/09/25 20:35:03:6663] N: process killed with signal 0, pid: 37336
[2026/09/25 20:35:03:6793] N: WS   /ws - (unix skt), clients: 1
[2026/09/25 20:35:03:6794] N: WS   /ws - (unix skt), clients: 2
[2026/09/25 20:35:03:6794] N: WS   /ws - (unix skt), clients: 3
[2026/09/25 20:35:03:6794] N: WS   /ws - (unix skt), clients: 4
[2026/09/25 20:35:03:6794] N: WS   /ws - (unix skt), clients: 5
[2026/09/25 20:35:03:6795] N: WS   /ws - (unix skt), clients: 6
[2026/09/25 20:35:03:6795] N: WS   /ws - (unix skt), clients: 7
[2026/09/25 20:35:03:6795] N: WS   /ws - (unix skt), clients: 8
[2026/09/25 20:35:03:6795] N: WS   /ws - (unix skt), clients: 9
[2026/09/25 20:35:03:6795] N: WS   /ws - (unix skt), clients: 10
[2026/09/25 20:35:03:6807] N: started process, pid: 39715
[2026/09/25 20:35:03:6813] N: started process, pid: 39716
[2026/09/25 20:35:03:6820] N: started process, pid: 39717
[2026/09/25 20:35:03:6827] N: started process, pid: 39721
[2026/09/25 20:35:03:6838] N: started process, pid: 39722
[2026/09/25 20:35:03:6850] N: started process, pid: 39723
[2026/09/25 20:35:03:6866] N: started process, pid: 39725
[2026/09/25 20:35:03:6873] N: started process, pid: 39729
[2026/09/25 20:35:03:6887] N: started process, pid: 39731
[2026/09/25 20:35:03:6907] N: started process, pid: 39732
[2026/09/25 20:35:03:8735] N: WS closed from (unix skt), clients: 9
[2026/09/25 20:35:03:8736] N: killing process, pid: 39721
[2026/09/25 20:35:03:8740] N: process killed with signal 1, pid: 39721
[2026/09/25 20:35:03:9724] N: WS closed from (unix skt), clients: 8
[2026/09/25 20:35:03:9724] N: killing process, pid: 39716
[2026/09/25 20:35:04:0634] N: process killed with signal 0, pid: 39716
[2026/09/25 20:35:04:0787] N: WS closed from (unix skt), clients: 7
[2026/09/25 20:35:04:0787] N: killing process, pid: 39731
[2026/09/25 20:35:04:0795] N: process killed with signal 1, pid: 39731
[2026/09/25 20:35:04:2648] N: WS closed from (unix skt), clients: 6
[2026/09/25 20:35:04:2648] N: killing process, pid: 39715
[2026/09/25 20:35:04:2655] N: process killed with signal 0, pid: 39715
[2026/09/25 20:35:04:3048] N: WS closed from (unix skt), clients: 5
[2026/09/25 20:35:04:3048] N: killing process, pid: 39725
[2026/09/25 20:35:04:3049] N: WS closed from (unix skt), clients: 4
[2026/09/25 20:35:04:3049] N: killing process, pid: 39723
[2026/09/25 20:35:04:3061] N: process killed with signal 0, pid: 39723
[2026/09/25 20:35:04:3061] N: process killed with signal 0, pid: 39725
[2026/09/25 20:35:04:7667] N: WS closed from (unix skt), clients: 3
[2026/09/25 20:35:04:7667] N: killing process, pid: 39717
[2026/09/25 20:35:04:7671] N: process killed with signal 0, pid: 39717
[2026/09/25 20:35:04:8009] N: WS closed from (unix skt), clients: 2
[2026/09/25 20:35:04:8009] N: killing process, pid: 39729
[2026/09/25 20:35:04:8016] N: process killed with signal 0, pid: 39729
[2026/09/25 20:35:05:6831] N: WS closed from (unix skt), clients: 1
[2026/09/25 20:35:05:6831] N: killing process, pid: 39722
[2026/09/25 20:35:05:6832] N: WS closed from (unix skt), clients: 0
[2026/09/25 20:35:05:6832] N: killing process, pid: 39732
[2026/09/25 20:35:05:6864] N: process killed with signal 0, pid: 39722
[2026/09/25 20:35:05:6864] N: process killed with signal 0, pid: 39732
[2026/09/25 20:35:05:7304] N: WS   /ws - (unix skt), clients: 1
[2026/09/25 20:35:05:7305] N: WS   /ws - (unix skt), clients: 2
[2026/09/25 20:35:05:7305] N: WS   /ws - (unix skt), clients: 3
[2026/09/25 20:35:05:7305] N: WS   /ws - (unix skt), clients: 4
[2026/09/25 20:35:05:7305] N: WS   /ws - (unix skt), clients: 5
[2026/09/25 20:35:05:7318] N: started process, pid: 42209
[2026/09/25 20:35:05:7326] N: started process, pid: 42219
[2026/09/25 20:35:05:7337] N: started process, pid: 42221
[2026/09/25 20:35:05:7343] N: started process, pid: 42222
[2026/09/25 20:35:05:7345] N: WS   /ws - (unix skt), clients: 6
[2026/09/25 20:35:05:7346] N: WS   /ws - (unix skt), clients: 7
[2026/09/25 20:35:05:7346] N: WS   /ws - (unix skt), clients: 8
[2026/09/25 20:35:05:7346] N: WS   /ws - (unix skt), clients: 9
[2026/09/25 20:35:05:7346] N: WS   /ws - (unix skt), clients: 10
[2026/09/25 20:35:05:7355] N: started process, pid: 42223
[2026/09/25 20:35:05:7364] N: started process, pid: 42226
[2026/09/25 20:35:05:7376] N: started process, pid: 42227
[2026/09/25 20:35:05:7393] N: started process, pid: 42231
[2026/09/25 20:35:05:7406] N: started process, pid: 42235
[2026/09/25 20:35:05:7422] N: started process, pid: 42237
[2026/09/25 20:35:06:1378] N: WS closed from (unix skt), clients: 9
[2026/09/25 20:35:06:1378] N: killing process, pid: 42219
[2026/09/25 20:35:06:1378] N: WS closed from (unix skt), clients: 8
[2026/09/25 20:35:06:1378] N: killing process, pid: 42209
[2026/09/25 20:35:06:2378] N: process killed with signal 0, pid: 42209
[2026/09/25 20:35:06:2378] N: process killed with signal 0, pid: 42219
[2026/09/25 20:35:06:2380] N: WS closed from (unix skt), clients: 7
[2026/09/25 20:35:06:2380] N: killing process, pid: 42235
[2026/09/25 20:35:06:2382] N: WS closed from (unix skt), clients: 6
[2026/09/25 20:35:06:2382] N: killing process, pid: 42222
[2026/09/25 20:35:06:2385] N: process killed with signal 1, pid: 42222
[2026/09/25 20:35:06:2386] N: process killed with signal 1, pid: 42235
[2026/09/25 20:35:06:4379] N: WS closed from (unix skt), clients: 5
[2026/09/25 20:35:06:4379] N: killing process, pid: 42227
[2026/09/25 20:35:06:4380] N: WS closed from (unix skt), clients: 4
[2026/09/25 20:35:06:4380] N: killing process, pid: 42226
[2026/09/25 20:35:06:4388] N: process killed with signal 0, pid: 42227
[2026/09/25 20:35:06:4388] N: process killed with signal 0, pid: 42226
[2026/09/25 20:35:06:9391] N: WS closed from (unix skt), clients: 3
[2026/09/25 20:35:06:9391] N: killing process, pid: 42221
[2026/09/25 20:35:06:9393] N: WS closed from (unix skt), clients: 2
[2026/09/25 20:35:06:9393] N: killing process, pid: 42231
[2026/09/25 20:35:06:9419] N: process killed with signal 0, pid: 42221
[2026/09/25 20:35:06:9420] N: process killed with signal 0, pid: 42231
[2026/09/25 20:35:07:7320] N: WS closed from (unix skt), clients: 1
[2026/09/25 20:35:07:7330] N: killing process, pid: 42223
[2026/09/25 20:35:07:7338] N: process killed with signal 0, pid: 42223
[2026/09/25 20:35:07:7369] N: WS closed from (unix skt), clients: 0
[2026/09/25 20:35:07:7369] N: killing process, pid: 42237
[2026/09/25 20:35:07:7395] N: process killed with signal 0, pid: 42237
[2026/09/25 20:35:07:7522] N: WS   /ws - (unix skt), clients: 1
[2026/09/25 20:35:07:7522] N: WS   /ws - (unix skt), clients: 2
[2026/09/25 20:35:07:7523] N: WS   /ws - (unix skt), clients: 3
[2026/09/25 20:35:07:7523] N: WS   /ws - (unix skt), clients: 4
[2026/09/25 20:35:07:7523] N: WS   /ws - (unix skt), clients: 5
[2026/09/25 20:35:07:7523] N: WS   /ws - (unix skt), clients: 6
[2026/09/25 20:35:07:7523] N: WS   /ws - (unix skt), clients: 7
[2026/09/25 20:35:07:7524] N: WS   /ws - (unix skt), clients: 8
[2026/09/25 20:35:07:7524] N: WS   /ws - (unix skt), clients: 9
[2026/09/25 20:35:07:7524] N: WS   /ws - (unix skt), clients: 10
[2026/09/25 20:35:07:7539] N: started process, pid: 43629
[2026/09/25 20:35:07:7547] N: started process, pid: 43630
[2026/09/25 20:35:07:7560] N: started process, pid: 43631
[2026/09/25 20:35:07:7570] N: started process, pid: 43633
[2026/09/25 20:35:07:7582] N: started process, pid: 43634
[2026/09/25 20:35:07:7593] N: started process, pid: 43645
[2026/09/25 20:35:07:7614] N: started process, pid: 43650
[2026/09/25 20:35:07:7644] N: started process, pid: 43652
[2026/09/25 20:35:07:7659] N: started process, pid: 43655
[2026/09/25 20:35:07:7762] N: started process, pid: 43659
[2026/09/25 20:35:08:0375] N: WS closed from (unix skt), clients: 9
[2026/09/25 20:35:08:0375] N: killing process, pid: 43655
[2026/09/25 20:35:08:0389] N: process killed with signal 1, pid: 43655
[2026/09/25 20:35:08:0735] N: WS closed from (unix skt), clients: 8
[2026/09/25 20:35:08:0735] N: killing process, pid: 43629
[2026/09/25 20:35:08:0799] N: process killed with signal 0, pid: 43629
[2026/09/25 20:35:08:0799] N: WS closed from (unix skt), clients: 7
[2026/09/25 20:35:08:0800] N: killing process, pid: 43633
[2026/09/25 20:35:08:0844] N: process killed with signal 1, pid: 43633
[2026/09/25 20:35:08:2202] N: WS closed from (unix skt), clients: 6
[2026/09/25 20:35:08:2202] N: killing process, pid: 43630
[2026/09/25 20:35:08:2211] N: process killed with signal 0, pid: 43630
[2026/09/25 20:35:08:3065] N: WS closed from (unix skt), clients: 5
[2026/09/25 20:35:08:3065] N: killing process, pid: 43650
[2026/09/25 20:35:08:3071] N: process killed with signal 0, pid: 43650
[2026/09/25 20:35:08:3091] N: WS closed from (unix skt), clients: 4
[2026/09/25 20:35:08:3091] N: killing process, pid: 43645
[2026/09/25 20:35:08:3101] N: process killed with signal 0, pid: 43645
[2026/09/25 20:35:08:6936] N: WS closed from (unix skt), clients: 3
[2026/09/25 20:35:08:6936] N: killing process, pid: 43631
[2026/09/25 20:35:08:6967] N: process killed with signal 0, pid: 43631
[2026/09/25 20:35:08:8432] N: WS closed from (unix skt), clients: 2
[2026/09/25 20:35:08:8432] N: killing process, pid: 43652
[2026/09/25 20:35:08:8442] N: process killed with signal 0, pid: 43652
[2026/09/25 20:35:09:7530] N: WS closed from (unix skt), clients: 1
[2026/09/25 20:35:09:7530] N: killing process, pid: 43634
[2026/09/25 20:35:09:7531] N: WS closed from (unix skt), clients: 0
[2026/09/25 20:35:09:7531] N: killing process, pid: 43659
[2026/09/25 20:35:09:7547] N: process killed with signal 0, pid: 43634
[2026/09/25 20:35:09:7547] N: process killed with signal 0, pid: 43659
[2026/09/25 20:35:09:7884] N: WS   /ws - (unix skt), clients: 1
[2026/09/25 20:35:09:7885] N: WS   /ws - (unix skt), clients: 2
[2026/09/25 20:35:09:7885] N: WS   /ws - (unix skt), clients: 3
[2026/09/25 20:35:09:7885] N: WS   /ws - (unix skt), clients: 4
[2026/09/25 20:35:09:7885] N: WS   /ws - (unix skt), clients: 5
[2026/09/25 20:35:09:7886] N: WS   /ws - (unix skt), clients: 6
[2026/09/25 20:35:09:7886] N: WS   /ws - (unix skt), clients: 7
[2026/09/25 20:35:09:7886] N: WS   /ws - (unix skt), clients: 8
[2026/09/25 20:35:09:7886] N: WS   /ws - (unix skt), clients: 9
[2026/09/25 20:35:09:7901] N: started process, pid: 45512
[2026/09/25 20:35:09:7905] N: WS   /ws - (unix skt), clients: 10
[2026/09/25 20:35:09:7925] N: started process, pid: 45513
[2026/09/25 20:35:09:7943] N: started process, pid: 45516
[2026/09/25 20:35:09:7956] N: started process, pid: 45518
[2026/09/25 20:35:09:7972] N: started process, pid: 45519
[2026/09/25 20:35:09:7985] N: started process, pid: 45521
[2026/09/25 20:35:09:7993] N: started process, pid: 45522
[2026/09/25 20:35:09:8018] N: started process, pid: 45524
[2026/09/25 20:35:09:8033] N: started process, pid: 45525
[2026/09/25 20:35:09:8044] N: started process, pid: 45526
[2026/09/25 20:35:10:2990] N: WS closed from (unix skt), clients: 9
[2026/09/25 20:35:10:2990] N: killing process, pid: 45512
[2026/09/25 20:35:10:3349] N: WS closed from (unix skt), clients: 8
[2026/09/25 20:35:10:3349] N: killing process, pid: 45513
[2026/09/25 20:35:10:4097] N: process killed with signal 0, pid: 45512
[2026/09/25 20:35:10:4772] N: WS closed from (unix skt), clients: 7
[2026/09/25 20:35:10:4772] N: killing process, pid: 45519
[2026/09/25 20:35:10:4776] N: process killed with signal 1, pid: 45519
[2026/09/25 20:35:10:4855] N: process killed with signal 0, pid: 45513
[2026/09/25 20:35:10:4865] N: WS closed from (unix skt), clients: 6
[2026/09/25 20:35:10:4865] N: killing process, pid: 45526
[2026/09/25 20:35:10:4868] N: process killed with signal 1, pid: 45526
[2026/09/25 20:35:10:5564] N: WS closed from (unix skt), clients: 5
[2026/09/25 20:35:10:5564] N: killing process, pid: 45524
[2026/09/25 20:35:10:5575] N: process killed with signal 0, pid: 45524
[2026/09/25 20:35:10:7035] N: WS closed from (unix skt), clients: 4
[2026/09/25 20:35:10:7036] N: killing process, pid: 45522
[2026/09/25 20:35:10:7065] N: process killed with signal 0, pid: 45522
[2026/09/25 20:35:10:8860] N: WS closed from (unix skt), clients: 3
[2026/09/25 20:35:10:8861] N: killing process, pid: 45518
[2026/09/25 20:35:10:8870] N: process killed with signal 0, pid: 45518
[2026/09/25 20:35:11:1140] N: WS closed from (unix skt), clients: 2
[2026/09/25 20:35:11:1141] N: killing process, pid: 45525
[2026/09/25 20:35:11:1377] N: process killed with signal 0, pid: 45525
[2026/09/25 20:35:11:7913] N: WS closed from (unix skt), clients: 1
[2026/09/25 20:35:11:7914] N: killing process, pid: 45521
[2026/09/25 20:35:11:7914] N: WS closed from (unix skt), clients: 0
[2026/09/25 20:35:11:7915] N: killing process, pid: 45516
[2026/09/25 20:35:11:7931] N: process killed with signal 0, pid: 45516
[2026/09/25 20:35:11:7932] N: process killed with signal 0, pid: 45521
[2026/09/25 20:35:11:8160] N: WS   /ws - (unix skt), clients: 1
[2026/09/25 20:35:11:8160] N: WS   /ws - (unix skt), clients: 2
[2026/09/25 20:35:11:8161] N: WS   /ws - (unix skt), clients: 3
[2026/09/25 20:35:11:8162] N: WS   /ws - (unix skt), clients: 4
[2026/09/25 20:35:11:8162] N: WS   /ws - (unix skt), clients: 5
[2026/09/25 20:35:11:8163] N: WS   /ws - (unix skt), clients: 6
[2026/09/25 20:35:11:8163] N: WS   /ws - (unix skt), clients: 7
[2026/09/25 20:35:11:8163] N: WS   /ws - (unix skt), clients: 8
[2026/09/25 20:35:11:8163] N: WS   /ws - (unix skt), clients: 9
[2026/09/25 20:35:11:8163] N: WS   /ws - (unix skt), clients: 10
[2026/09/25 20:35:11:8181] N: started process, pid: 46670
[2026/09/25 20:35:11:8194] N: started process, pid: 46671
[2026/09/25 20:35:11:8204] N: started process, pid: 46672
[2026/09/25 20:35:11:8218] N: started process, pid: 46673
[2026/09/25 20:35:11:8231] N: started process, pid: 46674
[2026/09/25 20:35:11:8240] N: started process, pid: 46676
[2026/09/25 20:35:11:8278] N: started process, pid: 46677
[2026/09/25 20:35:11:8291] N: started process, pid: 46678
[2026/09/25 20:35:11:8321] N: started process, pid: 46680
[2026/09/25 20:35:11:8354] N: started process, pid: 46681
[2026/09/25 20:35:12:2987] N: WS closed from (unix skt), clients: 9
[2026/09/25 20:35:12:2988] N: killing process, pid: 46674
[2026/09/25 20:35:12:4007] N: WS closed from (unix skt), clients: 8
[2026/09/25 20:35:12:4008] N: killing process, pid: 46678
[2026/09/25 20:35:12:4012] N: process killed with signal 1, pid: 46678
[2026/09/25 20:35:12:4888] N: WS closed from (unix skt), clients: 7
[2026/09/25 20:35:12:4889] N: killing process, pid: 46672
[2026/09/25 20:35:12:4894] N: process killed with signal 1, pid: 46672
[2026/09/25 20:35:12:5470] N: WS closed from (unix skt), clients: 6
[2026/09/25 20:35:12:5471] N: killing process, pid: 46680
[2026/09/25 20:35:12:6007] N: WS closed from (unix skt), clients: 5
[2026/09/25 20:35:12:6008] N: killing process, pid: 46676
[2026/09/25 20:35:12:6370] N: process killed with signal 0, pid: 46674
[2026/09/25 20:35:12:6409] N: process killed with signal 0, pid: 46680
[2026/09/25 20:35:12:6548] N: process killed with signal 0, pid: 46676
[2026/09/25 20:35:12:8364] N: WS closed from (unix skt), clients: 4
[2026/09/25 20:35:12:8365] N: killing process, pid: 46670
[2026/09/25 20:35:12:8382] N: process killed with signal 0, pid: 46670
[2026/09/25 20:35:13:1034] N: WS closed from (unix skt), clients: 3
[2026/09/25 20:35:13:1034] N: killing process, pid: 46677
[2026/09/25 20:35:13:1045] N: process killed with signal 0, pid: 46677
[2026/09/25 20:35:13:3202] N: WS closed from (unix skt), clients: 2
[2026/09/25 20:35:13:3202] N: killing process, pid: 46671
[2026/09/25 20:35:13:3245] N: process killed with signal 0, pid: 46671
[2026/09/25 20:35:13:8177] N: WS closed from (unix skt), clients: 1
[2026/09/25 20:35:13:8177] N: killing process, pid: 46673
[2026/09/25 20:35:13:8178] N: WS closed from (unix skt), clients: 0
[2026/09/25 20:35:13:8178] N: killing process, pid: 46681
[2026/09/25 20:35:13:8204] N: process killed with signal 0, pid: 46673
[2026/09/25 20:35:13:8207] N: process killed with signal 0, pid: 46681
[2026/09/25 20:35:13:8384] N: WS   /ws - (unix skt), clients: 1
[2026/09/25 20:35:13:8384] N: WS   /ws - (unix skt), clients: 2
[2026/09/25 20:35:13:8384] N: WS   /ws - (unix skt), clients: 3
[2026/09/25 20:35:13:8385] N: WS   /ws - (unix skt), clients: 4
[2026/09/25 20:35:13:8385] N: WS   /ws - (unix skt), clients: 5
[2026/09/25 20:35:13:8385] N: WS   /ws - (unix skt), clients: 6
[2026/09/25 20:35:13:8385] N: WS   /ws - (unix skt), clients: 7
[2026/09/25 20:35:13:8386] N: WS   /ws - (unix skt), clients: 8
[2026/09/25 20:35:13:8386] N: WS   /ws - (unix skt), clients: 9
[2026/09/25 20:35:13:8386] N: WS   /ws - (unix skt), clients: 10
[2026/09/25 20:35:13:8401] N: started process, pid: 47663
[2026/09/25 20:35:13:8422] N: started process, pid: 47665
[2026/09/25 20:35:13:8437] N: started process, pid: 47667
[2026/09/25 20:35:13:8456] N: started process, pid: 47670
[2026/09/25 20:35:13:8474] N: started process, pid: 47671
[2026/09/25 20:35:13:8487] N: started process, pid: 47672
[2026/09/25 20:35:13:8502] N: started process, pid: 47674
[2026/09/25 20:35:13:8514] N: started process, pid: 47675
[2026/09/25 20:35:13:8523] N: started process, pid: 47676
[2026/09/25 20:35:13:8535] N: started process, pid: 47681
[2026/09/25 20:35:13:9450] N: WS closed from (unix skt), clients: 9
[2026/09/25 20:35:13:9451] N: killing process, pid: 47667
[2026/09/25 20:35:13:9456] N: process killed with signal 1, pid: 47667
[2026/09/25 20:35:14:3819] N: WS closed from (unix skt), clients: 8
[2026/09/25 20:35:14:3825] N: killing process, pid: 47663
[2026/09/25 20:35:14:4842] N: WS closed from (unix skt), clients: 7
[2026/09/25 20:35:14:4842] N: killing process, pid: 47671
[2026/09/25 20:35:14:4882] N: process killed with signal 0, pid: 47663
[2026/09/25 20:35:14:5667] N: WS closed from (unix skt), clients: 6
[2026/09/25 20:35:14:5668] N: killing process, pid: 47675
[2026/09/25 20:35:14:5671] N: process killed with signal 1, pid: 47675
[2026/09/25 20:35:14:5675] N: process killed with signal 0, pid: 47671
[2026/09/25 20:35:14:7688] N: WS closed from (unix skt), clients: 5
[2026/09/25 20:35:14:7689] N: killing process, pid: 47672
[2026/09/25 20:35:14:7701] N: process killed with signal 0, pid: 47672
[2026/09/25 20:35:14:7915] N: WS closed from (unix skt), clients: 4
[2026/09/25 20:35:14:7916] N: killing process, pid: 47676
[2026/09/25 20:35:14:7926] N: process killed with signal 0, pid: 47676
[2026/09/25 20:35:14:8846] N: WS closed from (unix skt), clients: 3
[2026/09/25 20:35:14:8846] N: killing process, pid: 47665
[2026/09/25 20:35:14:8865] N: process killed with signal 0, pid: 47665
[2026/09/25 20:35:15:0741] N: WS closed from (unix skt), clients: 2
[2026/09/25 20:35:15:0742] N: killing process, pid: 47674
[2026/09/25 20:35:15:0752] N: process killed with signal 0, pid: 47674
[2026/09/25 20:35:15:8405] N: WS closed from (unix skt), clients: 1
[2026/09/25 20:35:15:8406] N: killing process, pid: 47670
[2026/09/25 20:35:15:8407] N: WS closed from (unix skt), clients: 0
[2026/09/25 20:35:15:8407] N: killing process, pid: 47681
[2026/09/25 20:35:15:8415] N: process killed with signal 0, pid: 47670
[2026/09/25 20:35:15:8425] N: process killed with signal 0, pid: 47681
[2026/09/25 20:35:15:8577] N: WS   /ws - (unix skt), clients: 1
[2026/09/25 20:35:15:8578] N: WS   /ws - (unix skt), clients: 2
[2026/09/25 20:35:15:8578] N: WS   /ws - (unix skt), clients: 3
[2026/09/25 20:35:15:8578] N: WS   /ws - (unix skt), clients: 4
[2026/09/25 20:35:15:8579] N: WS   /ws - (unix skt), clients: 5
[2026/09/25 20:35:15:8579] N: WS   /ws - (unix skt), clients: 6
[2026/09/25 20:35:15:8579] N: WS   /ws - (unix skt), clients: 7
[2026/09/25 20:35:15:8580] N: WS   /ws - (unix skt), clients: 8
[2026/09/25 20:35:15:8580] N: WS   /ws - (unix skt), clients: 9
[2026/09/25 20:35:15:8580] N: WS   /ws - (unix skt), clients: 10
[2026/09/25 20:35:15:8598] N: started process, pid: 48564
[2026/09/25 20:35:15:8608] N: started process, pid: 48571
[2026/09/25 20:35:15:8620] N: started process, pid: 48573
[2026/09/25 20:35:15:8633] N: started process, pid: 48574
[2026/09/25 20:35:15:8647] N: started process, pid: 48575
[2026/09/25 20:35:15:8659] N: started process, pid: 48577
[2026/09/25 20:35:15:8672] N: started process, pid: 48580
[2026/09/25 20:35:15:8681] N: started process, pid: 48583
[2026/09/25 20:35:15:8699] N: started process, pid: 48588
[2026/09/25 20:35:15:8711] N: started process, pid: 48596
[2026/09/25 20:35:16:1751] N: WS closed from (unix skt), clients: 9
[2026/09/25 20:35:16:1751] N: killing process, pid: 48573
[2026/09/25 20:35:16:1755] N: process killed with signal 1, pid: 48573
[2026/09/25 20:35:16:3171] N: WS closed from (unix skt), clients: 8
[2026/09/25 20:35:16:3171] N: killing process, pid: 48564
[2026/09/25 20:35:16:4405] N: process killed with signal 0, pid: 48564
[2026/09/25 20:35:16:4609] N: WS closed from (unix skt), clients: 7
[2026/09/25 20:35:16:4609] N: killing process, pid: 48577
[2026/09/25 20:35:16:4824] N: WS closed from (unix skt), clients: 6
[2026/09/25 20:35:16:4825] N: killing process, pid: 48588
[2026/09/25 20:35:16:4829] N: process killed with signal 0, pid: 48577
[2026/09/25 20:35:16:4829] N: process killed with signal 1, pid: 48588
[2026/09/25 20:35:16:6005] N: WS closed from (unix skt), clients: 5
[2026/09/25 20:35:16:6005] N: killing process, pid: 48575
[2026/09/25 20:35:16:6012] N: process killed with signal 0, pid: 48575
[2026/09/25 20:35:16:6835] N: WS closed from (unix skt), clients: 4
[2026/09/25 20:35:16:6836] N: killing process, pid: 48571
[2026/09/25 20:35:16:6844] N: process killed with signal 0, pid: 48571
[2026/09/25 20:35:16:7592] N: WS closed from (unix skt), clients: 3
[2026/09/25 20:35:16:7593] N: killing process, pid: 48583
[2026/09/25 20:35:16:7601] N: process killed with signal 0, pid: 48583
[2026/09/25 20:35:17:1422] N: WS closed from (unix skt), clients: 2
[2026/09/25 20:35:17:1423] N: killing process, pid: 48580
[2026/09/25 20:35:17:1429] N: process killed with signal 0, pid: 48580
[2026/09/25 20:35:17:8631] N: WS closed from (unix skt), clients: 1
[2026/09/25 20:35:17:8631] N: killing process, pid: 48574
[2026/09/25 20:35:17:8655] N: WS closed from (unix skt), clients: 0
[2026/09/25 20:35:17:8655] N: killing process, pid: 48596
[2026/09/25 20:35:17:8730] N: process killed with signal 0, pid: 48574
[2026/09/25 20:35:17:8730] N: process killed with signal 0, pid: 48596
[2026/09/25 20:35:17:8933] N: WS   /ws - (unix skt), clients: 1
[2026/09/25 20:35:17:8934] N: WS   /ws - (unix skt), clients: 2
[2026/09/25 20:35:17:8934] N: WS   /ws - (unix skt), clients: 3
[2026/09/25 20:35:17:8935] N: WS   /ws - (unix skt), clients: 4
[2026/09/25 20:35:17:8935] N: WS   /ws - (unix skt), clients: 5
[2026/09/25 20:35:17:8936] N: WS   /ws - (unix skt), clients: 6
[2026/09/25 20:35:17:8936] N: WS   /ws - (unix skt), clients: 7
[2026/09/25 20:35:17:8936] N: WS   /ws - (unix skt), clients: 8
[2026/09/25 20:35:17:8938] N: WS   /ws - (unix skt), clients: 9
[2026/09/25 20:35:17:8938] N: WS   /ws - (unix skt), clients: 10
[2026/09/25 20:35:17:8950] N: started process, pid: 49508
[2026/09/25 20:35:17:8959] N: started process, pid: 49509
[2026/09/25 20:35:17:8971] N: started process, pid: 49513
[2026/09/25 20:35:17:8983] N: started process, pid: 49514
[2026/09/25 20:35:17:8995] N: started process, pid: 49515
[2026/09/25 20:35:17:9004] N: started process, pid: 49516
[2026/09/25 20:35:17:9008] N: started process, pid: 49518
[2026/09/25 20:35:17:9019] N: started process, pid: 49519
[2026/09/25 20:35:17:9029] N: started process, pid: 49520
[2026/09/25 20:35:17:9067] N: started process, pid: 49522
[2026/09/25 20:35:18:2407] N: WS closed from (unix skt), clients: 9
[2026/09/25 20:35:18:2407] N: killing process, pid: 49508
[2026/09/25 20:35:18:7038] N: WS closed from (unix skt), clients: 8
[2026/09/25 20:35:18:7039] N: killing process, pid: 49520
[2026/09/25 20:35:18:7048] N: process killed with signal 1, pid: 49520
[2026/09/25 20:35:18:7215] N: WS closed from (unix skt), clients: 7
[2026/09/25 20:35:18:7216] N: killing process, pid: 49509
[2026/09/25 20:35:18:8049] N: WS closed from (unix skt), clients: 6
[2026/09/25 20:35:18:8050] N: killing process, pid: 49514
[2026/09/25 20:35:18:8054] N: process killed with signal 1, pid: 49514
[2026/09/25 20:35:18:8103] N: process killed with signal 0, pid: 49508
[2026/09/25 20:35:18:9261] N: process killed with signal 0, pid: 49509
[2026/09/25 20:35:19:0053] N: WS closed from (unix skt), clients: 5
[2026/09/25 20:35:19:0054] N: killing process, pid: 49516
[2026/09/25 20:35:19:0064] N: process killed with signal 0, pid: 49516
[2026/09/25 20:35:19:1282] N: WS closed from (unix skt), clients: 4
[2026/09/25 20:35:19:1283] N: killing process, pid: 49518
[2026/09/25 20:35:19:1290] N: process killed with signal 0, pid: 49518
[2026/09/25 20:35:19:1643] N: WS closed from (unix skt), clients: 3
[2026/09/25 20:35:19:1644] N: killing process, pid: 49513
[2026/09/25 20:35:19:1652] N: process killed with signal 0, pid: 49513
[2026/09/25 20:35:19:4620] N: WS closed from (unix skt), clients: 2
[2026/09/25 20:35:19:4621] N: killing process, pid: 49519
[2026/09/25 20:35:19:4631] N: process killed with signal 0, pid: 49519
[2026/09/25 20:35:19:8945] N: WS closed from (unix skt), clients: 1
[2026/09/25 20:35:19:8945] N: killing process, pid: 49515
[2026/09/25 20:35:19:8946] N: WS closed from (unix skt), clients: 0
[2026/09/25 20:35:19:8946] N: killing process, pid: 49522
[2026/09/25 20:35:19:8959] N: process killed with signal 0, pid: 49515
[2026/09/25 20:35:19:8960] N: process killed with signal 0, pid: 49522
[2026/09/25 20:35:19:9068] N: WS   /ws - (unix skt), clients: 1
[2026/09/25 20:35:19:9068] N: WS   /ws - (unix skt), clients: 2
[2026/09/25 20:35:19:9068] N: WS   /ws - (unix skt), clients: 3
[2026/09/25 20:35:19:9069] N: WS   /ws - (unix skt), clients: 4
[2026/09/25 20:35:19:9069] N: WS   /ws - (unix skt), clients: 5
[2026/09/25 20:35:19:9069] N: WS   /ws - (unix skt), clients: 6
[2026/09/25 20:35:19:9069] N: WS   /ws - (unix skt), clients: 7
[2026/09/25 20:35:19:9069] N: WS   /ws - (unix skt), clients: 8
[2026/09/25 20:35:19:9070] N: WS   /ws - (unix skt), clients: 9
[2026/09/25 20:35:19:9070] N: WS   /ws - (unix skt), clients: 10
[2026/09/25 20:35:19:9084] N: started process, pid: 50437
[2026/09/25 20:35:19:9097] N: started process, pid: 50438
[2026/09/25 20:35:19:9108] N: started process, pid: 50439
[2026/09/25 20:35:19:9116] N: started process, pid: 50441
[2026/09/25 20:35:19:9128] N: started process, pid: 50442
[2026/09/25 20:35:19:9148] N: started process, pid: 50444
[2026/09/25 20:35:19:9159] N: started process, pid: 50446
[2026/09/25 20:35:19:9172] N: started process, pid: 50452
[2026/09/25 20:35:19:9203] N: started process, pid: 50454
[2026/09/25 20:35:19:9216] N: started process, pid: 50455
[2026/09/25 20:35:20:2355] N: WS closed from (unix skt), clients: 9
[2026/09/25 20:35:20:2358] N: killing process, pid: 50439
[2026/09/25 20:35:20:2358] N: WS closed from (unix skt), clients: 8
[2026/09/25 20:35:20:2358] N: killing process, pid: 50437
[2026/09/25 20:35:20:2361] N: process killed with signal 1, pid: 50439
[2026/09/25 20:35:20:3880] N: process killed with signal 0, pid: 50437
[2026/09/25 20:35:20:4372] N: WS closed from (unix skt), clients: 7
[2026/09/25 20:35:20:4373] N: killing process, pid: 50442
[2026/09/25 20:35:20:4373] N: WS closed from (unix skt), clients: 6
[2026/09/25 20:35:20:4373] N: killing process, pid: 50444
[2026/09/25 20:35:20:4656] N: process killed with signal 0, pid: 50442
[2026/09/25 20:35:20:4894] N: process killed with signal 0, pid: 50444
[2026/09/25 20:35:20:4928] N: WS closed from (unix skt), clients: 5
[2026/09/25 20:35:20:4928] N: killing process, pid: 50454
[2026/09/25 20:35:20:4932] N: process killed with signal 1, pid: 50454
[2026/09/25 20:35:20:6930] N: WS closed from (unix skt), clients: 4
[2026/09/25 20:35:20:6930] N: killing process, pid: 50446
[2026/09/25 20:35:20:6940] N: process killed with signal 0, pid: 50446
[2026/09/25 20:35:20:9380] N: WS closed from (unix skt), clients: 3
[2026/09/25 20:35:20:9380] N: killing process, pid: 50438
[2026/09/25 20:35:20:9390] N: process killed with signal 0, pid: 50438
[2026/09/25 20:35:21:1941] N: WS closed from (unix skt), clients: 2
[2026/09/25 20:35:21:1941] N: killing process, pid: 50452
[2026/09/25 20:35:21:1949] N: process killed with signal 0, pid: 50452
[2026/09/25 20:35:21:9089] N: WS closed from (unix skt), clients: 1
[2026/09/25 20:35:21:9089] N: killing process, pid: 50441
[2026/09/25 20:35:21:9090] N: WS closed from (unix skt), clients: 0
[2026/09/25 20:35:21:9090] N: killing process, pid: 50455
[2026/09/25 20:35:21:9097] N: process killed with signal 0, pid: 50441
[2026/09/25 20:35:21:9102] N: process killed with signal 0, pid: 50455
[2026/09/25 20:35:21:9325] N: WS   /ws - (unix skt), clients: 1
[2026/09/25 20:35:21:9326] N: WS   /ws - (unix skt), clients: 2
[2026/09/25 20:35:21:9326] N: WS   /ws - (unix skt), clients: 3
[2026/09/25 20:35:21:9326] N: WS   /ws - (unix skt), clients: 4
[2026/09/25 20:35:21:9326] N: WS   /ws - (unix skt), clients: 5
[2026/09/25 20:35:21:9326] N: WS   /ws - (unix skt), clients: 6
[2026/09/25 20:35:21:9327] N: WS   /ws - (unix skt), clients: 7
[2026/09/25 20:35:21:9327] N: WS   /ws - (unix skt), clients: 8
[2026/09/25 20:35:21:9327] N: WS   /ws - (unix skt), clients: 9
[2026/09/25 20:35:21:9327] N: WS   /ws - (unix skt), clients: 10
[2026/09/25 20:35:21:9364] N: started process, pid: 51407
[2026/09/25 20:35:21:9388] N: started process, pid: 51410
[2026/09/25 20:35:21:9411] N: started process, pid: 51411
[2026/09/25 20:35:21:9435] N: started process, pid: 51412
[2026/09/25 20:35:21:9450] N: started process, pid: 51414
[2026/09/25 20:35:21:9460] N: started process, pid: 51415
[2026/09/25 20:35:21:9475] N: started process, pid: 51418
[2026/09/25 20:35:21:9482] N: started process, pid: 51427
[2026/09/25 20:35:21:9490] N: started process, pid: 51430
[2026/09/25 20:35:21:9506] N: started process, pid: 51434
[2026/09/25 20:35:22:2216] N: WS closed from (unix skt), clients: 9
[2026/09/25 20:35:22:2216] N: killing process, pid: 51412
[2026/09/25 20:35:22:2220] N: process killed with signal 1, pid: 51412
[2026/09/25 20:35:22:2776] N: WS closed from (unix skt), clients: 8
[2026/09/25 20:35:22:2776] N: killing process, pid: 51430
[2026/09/25 20:35:22:2817] N: process killed with signal 1, pid: 51430
[2026/09/25 20:35:22:4243] N: WS closed from (unix skt), clients: 7
[2026/09/25 20:35:22:4243] N: killing process, pid: 51415
[2026/09/25 20:35:22:4252] N: process killed with signal 0, pid: 51415
[2026/09/25 20:35:22:4455] N: WS closed from (unix skt), clients: 6
[2026/09/25 20:35:22:4455] N: killing process, pid: 51418
[2026/09/25 20:35:22:4456] N: WS closed from (unix skt), clients: 5
[2026/09/25 20:35:22:4456] N: killing process, pid: 51407
[2026/09/25 20:35:22:4456] N: WS closed from (unix skt), clients: 4
[2026/09/25 20:35:22:4457] N: killing process, pid: 51410
[2026/09/25 20:35:22:4465] N: process killed with signal 0, pid: 51418
[2026/09/25 20:35:22:4466] N: process killed with signal 0, pid: 51407
[2026/09/25 20:35:22:4467] N: process killed with signal 0, pid: 51410
[2026/09/25 20:35:22:7379] N: WS closed from (unix skt), clients: 3
[2026/09/25 20:35:22:7380] N: killing process, pid: 51411
[2026/09/25 20:35:22:7388] N: process killed with signal 0, pid: 51411
[2026/09/25 20:35:22:9768] N: WS closed from (unix skt), clients: 2
[2026/09/25 20:35:22:9769] N: killing process, pid: 51427
[2026/09/25 20:35:22:9777] N: process killed with signal 0, pid: 51427
[2026/09/25 20:35:23:9354] N: WS closed from (unix skt), clients: 1
[2026/09/25 20:35:23:9365] N: killing process, pid: 51414
[2026/09/25 20:35:23:9365] N: WS closed from (unix skt), clients: 0
[2026/09/25 20:35:23:9365] N: killing process, pid: 51434
[2026/09/25 20:35:23:9380] N: process killed with signal 0, pid: 51414
[2026/09/25 20:35:23:9380] N: process killed with signal 0, pid: 51434
[2026/09/25 20:35:23:9480] N: WS   /ws - (unix skt), clients: 1
[2026/09/25 20:35:23:9481] N: WS   /ws - (unix skt), clients: 2
[2026/09/25 20:35:23:9482] N: WS   /ws - (unix skt), clients: 3
[2026/09/25 20:35:23:9482] N: WS   /ws - (unix skt), clients: 4
[2026/09/25 20:35:23:9483] N: WS   /ws - (unix skt), clients: 5
[2026/09/25 20:35:23:9483] N: WS   /ws - (unix skt), clients: 6
[2026/09/25 20:35:23:9483] N: WS   /ws - (unix skt), clients: 7
[2026/09/25 20:35:23:9483] N: WS   /ws - (unix skt), clients: 8
[2026/09/25 20:35:23:9483] N: WS   /ws - (unix skt), clients: 9
[2026/09/25 20:35:23:9483] N: WS   /ws - (unix skt), clients: 10
[2026/09/25 20:35:23:9499] N: started process, pid: 52514
[2026/09/25 20:35:23:9527] N: started process, pid: 52516
[2026/09/25 20:35:23:9544] N: started process, pid: 52517
[2026/09/25 20:35:23:9553] N: started process, pid: 52519
[2026/09/25 20:35:23:9568] N: started process, pid: 52521
[2026/09/25 20:35:23:9580] N: started process, pid: 52525
[2026/09/25 20:35:23:9596] N: started process, pid: 52526
[2026/09/25 20:35:23:9616] N: started process, pid: 52527
[2026/09/25 20:35:23:9646] N: started process, pid: 52530
[2026/09/25 20:35:23:9679] N: started process, pid: 52542
[2026/09/25 20:35:24:2316] N: WS closed from (unix skt), clients: 9
[2026/09/25 20:35:24:2316] N: killing process, pid: 52517
[2026/09/25 20:35:24:2320] N: process killed with signal 1, pid: 52517
[2026/09/25 20:35:24:2491] N: WS closed from (unix skt), clients: 8
[2026/09/25 20:35:24:2491] N: killing process, pid: 52514
[2026/09/25 20:35:24:2497] N: process killed with signal 0, pid: 52514
[2026/09/25 20:35:24:4049] N: WS closed from (unix skt), clients: 7
[2026/09/25 20:35:24:4050] N: killing process, pid: 52527
[2026/09/25 20:35:24:4054] N: process killed with signal 1, pid: 52527
[2026/09/25 20:35:24:4781] N: WS closed from (unix skt), clients: 6
[2026/09/25 20:35:24:4781] N: killing process, pid: 52525
[2026/09/25 20:35:24:4788] N: process killed with signal 0, pid: 52525
[2026/09/25 20:35:24:6080] N: WS closed from (unix skt), clients: 5
[2026/09/25 20:35:24:6081] N: killing process, pid: 52530
[2026/09/25 20:35:24:6081] N: WS closed from (unix skt), clients: 4
[2026/09/25 20:35:24:6081] N: killing process, pid: 52521
[2026/09/25 20:35:24:6092] N: process killed with signal 0, pid: 52521
[2026/09/25 20:35:24:6092] N: process killed with signal 0, pid: 52530
[2026/09/25 20:35:25:0105] N: WS closed from (unix skt), clients: 3
[2026/09/25 20:35:25:0107] N: killing process, pid: 52516
[2026/09/25 20:35:25:0108] N: WS closed from (unix skt), clients: 2
[2026/09/25 20:35:25:0108] N: killing process, pid: 52526
[2026/09/25 20:35:25:0116] N: process killed with signal 0, pid: 52516
[2026/09/25 20:35:25:0117] N: process killed with signal 0, pid: 52526
[2026/09/25 20:35:25:9504] N: WS closed from (unix skt), clients: 1
[2026/09/25 20:35:25:9505] N: killing process, pid: 52519
[2026/09/25 20:35:25:9505] N: WS closed from (unix skt), clients: 0
[2026/09/25 20:35:25:9505] N: killing process, pid: 52542
[2026/09/25 20:35:25:9517] N: process killed with signal 0, pid: 52519
[2026/09/25 20:35:25:9518] N: process killed with signal 0, pid: 52542
[2026/09/25 20:35:25:9646] N: WS   /ws - (unix skt), clients: 1
[2026/09/25 20:35:25:9647] N: WS   /ws - (unix skt), clients: 2
[2026/09/25 20:35:25:9647] N: WS   /ws - (unix skt), clients: 3
[2026/09/25 20:35:25:9647] N: WS   /ws - (unix skt), clients: 4
[2026/09/25 20:35:25:9647] N: WS   /ws - (unix skt), clients: 5
[2026/09/25 20:35:25:9648] N: WS   /ws - (unix skt), clients: 6
[2026/09/25 20:35:25:9648] N: WS   /ws - (unix skt), clients: 7
[2026/09/25 20:35:25:9648] N: WS   /ws - (unix skt), clients: 8
[2026/09/25 20:35:25:9648] N: WS   /ws - (unix skt), clients: 9
[2026/09/25 20:35:25:9648] N: WS   /ws - (unix skt), clients: 10
[2026/09/25 20:35:25:9664] N: started process, pid: 53328
[2026/09/25 20:35:25:9678] N: started process, pid: 53330
[2026/09/25 20:35:25:9689] N: started process, pid: 53332
[2026/09/25 20:35:25:9708] N: started process, pid: 53333
[2026/09/25 20:35:25:9715] N: started process, pid: 53334
[2026/09/25 20:35:25:9749] N: started process, pid: 53335
[2026/09/25 20:35:25:9767] N: started process, pid: 53339
[2026/09/25 20:35:25:9784] N: started process, pid: 53347
[2026/09/25 20:35:25:9797] N: started process, pid: 53354
[2026/09/25 20:35:25:9815] N: started process, pid: 53360
[2026/09/25 20:35:26:3491] N: WS closed from (unix skt), clients: 9
[2026/09/25 20:35:26:3491] N: killing process, pid: 53333
[2026/09/25 20:35:26:3496] N: process killed with signal 1, pid: 53333
[2026/09/25 20:35:26:3679] N: WS closed from (unix skt), clients: 8
[2026/09/25 20:35:26:3680] N: killing process, pid: 53330
[2026/09/25 20:35:26:3681] N: WS closed from (unix skt), clients: 7
[2026/09/25 20:35:26:3681] N: killing process, pid: 53328
[2026/09/25 20:35:26:4477] N: process killed with signal 0, pid: 53330
[2026/09/25 20:35:26:5029] N: process killed with signal 0, pid: 53328
[2026/09/25 20:35:26:5053] N: WS closed from (unix skt), clients: 6
[2026/09/25 20:35:26:5053] N: killing process, pid: 53354
[2026/09/25 20:35:26:5063] N: process killed with signal 1, pid: 53354
[2026/09/25 20:35:26:6494] N: WS closed from (unix skt), clients: 5
[2026/09/25 20:35:26:6495] N: killing process, pid: 53335
[2026/09/25 20:35:26:6508] N: process killed with signal 0, pid: 53335
[2026/09/25 20:35:26:6756] N: WS closed from (unix skt), clients: 4
[2026/09/25 20:35:26:6757] N: killing process, pid: 53339
[2026/09/25 20:35:26:6766] N: process killed with signal 0, pid: 53339
[2026/09/25 20:35:27:2074] N: WS closed from (unix skt), clients: 3
[2026/09/25 20:35:27:2075] N: killing process, pid: 53347
[2026/09/25 20:35:27:2075] N: WS closed from (unix skt), clients: 2
[2026/09/25 20:35:27:2075] N: killing process, pid: 53332
[2026/09/25 20:35:27:2084] N: process killed with signal 0, pid: 53332
[2026/09/25 20:35:27:2084] N: process killed with signal 0, pid: 53347
[2026/09/25 20:35:27:9670] N: WS closed from (unix skt), clients: 1
[2026/09/25 20:35:27:9671] N: killing process, pid: 53334
[2026/09/25 20:35:27:9671] N: WS closed from (unix skt), clients: 0
[2026/09/25 20:35:27:9672] N: killing process, pid: 53360
[2026/09/25 20:35:27:9724] N: process killed with signal 0, pid: 53334
[2026/09/25 20:35:27:9725] N: process killed with signal 0, pid: 53360
[2026/09/25 20:35:27:9892] N: WS   /ws - (unix skt), clients: 1
[2026/09/25 20:35:27:9893] N: WS   /ws - (unix skt), clients: 2
[2026/09/25 20:35:27:9893] N: WS   /ws - (unix skt), clients: 3
[2026/09/25 20:35:27:9893] N: WS   /ws - (unix skt), clients: 4
[2026/09/25 20:35:27:9893] N: WS   /ws - (unix skt), clients: 5
[2026/09/25 20:35:27:9894] N: WS   /ws - (unix skt), clients: 6
[2026/09/25 20:35:27:9894] N: WS   /ws - (unix skt), clients: 7
[2026/09/25 20:35:27:9895] N: WS   /ws - (unix skt), clients: 8
[2026/09/25 20:35:27:9895] N: WS   /ws - (unix skt), clients: 9
[2026/09/25 20:35:27:9895] N: WS   /ws - (unix skt), clients: 10
[2026/09/25 20:35:27:9913] N: started process, pid: 54652
[2026/09/25 20:35:27:9922] N: started process, pid: 54655
[2026/09/25 20:35:27:9937] N: started process, pid: 54656
[2026/09/25 20:35:27:9960] N: started process, pid: 54657
[2026/09/25 20:35:27:9968] N: started process, pid: 54660
[2026/09/25 20:35:27:9987] N: started process, pid: 54661
[2026/09/25 20:35:28:0007] N: started process, pid: 54662
[2026/09/25 20:35:28:0013] N: started process, pid: 54663
[2026/09/25 20:35:28:0024] N: started process, pid: 54664
[2026/09/25 20:35:28:0035] N: started process, pid: 54668
[2026/09/25 20:35:28:1934] N: WS closed from (unix skt), clients: 9
[2026/09/25 20:35:28:1935] N: killing process, pid: 54656
[2026/09/25 20:35:28:1940] N: process killed with signal 1, pid: 54656
[2026/09/25 20:35:28:6199] N: WS closed from (unix skt), clients: 8
[2026/09/25 20:35:28:6200] N: killing process, pid: 54661
[2026/09/25 20:35:28:6200] N: WS closed from (unix skt), clients: 7
[2026/09/25 20:35:28:6200] N: killing process, pid: 54652
[2026/09/25 20:35:28:6206] N: process killed with signal 0, pid: 54652
[2026/09/25 20:35:28:6206] N: process killed with signal 0, pid: 54661
[2026/09/25 20:35:28:6642] N: WS closed from (unix skt), clients: 6
[2026/09/25 20:35:28:6643] N: killing process, pid: 54664
[2026/09/25 20:35:28:6647] N: process killed with signal 1, pid: 54664
[2026/09/25 20:35:28:6682] N: WS closed from (unix skt), clients: 5
[2026/09/25 20:35:28:6683] N: killing process, pid: 54660
[2026/09/25 20:35:28:6683] N: WS closed from (unix skt), clients: 4
[2026/09/25 20:35:28:6683] N: killing process, pid: 54663
[2026/09/25 20:35:28:6689] N: process killed with signal 0, pid: 54663
[2026/09/25 20:35:28:6750] N: process killed with signal 0, pid: 54660
[2026/09/25 20:35:29:3697] N: WS closed from (unix skt), clients: 3
[2026/09/25 20:35:29:3698] N: killing process, pid: 54655
[2026/09/25 20:35:29:3698] N: WS closed from (unix skt), clients: 2
[2026/09/25 20:35:29:3698] N: killing process, pid: 54662
[2026/09/25 20:35:29:3703] N: process killed with signal 0, pid: 54662
[2026/09/25 20:35:29:3704] N: process killed with signal 0, pid: 54655
[2026/09/25 20:35:29:9928] N: WS closed from (unix skt), clients: 1
[2026/09/25 20:35:29:9929] N: killing process, pid: 54657
[2026/09/25 20:35:29:9929] N: WS closed from (unix skt), clients: 0
[2026/09/25 20:35:29:9929] N: killing process, pid: 54668
[2026/09/25 20:35:29:9941] N: process killed with signal 0, pid: 54668
[2026/09/25 20:35:29:9943] N: process killed with signal 0, pid: 54657
[2026/09/25 20:35:30:0045] N: WS   /ws - (unix skt), clients: 1
[2026/09/25 20:35:30:0046] N: WS   /ws - (unix skt), clients: 2
[2026/09/25 20:35:30:0046] N: WS   /ws - (unix skt), clients: 3
[2026/09/25 20:35:30:0046] N: WS   /ws - (unix skt), clients: 4
[2026/09/25 20:35:30:0046] N: WS   /ws - (unix skt), clients: 5
[2026/09/25 20:35:30:0046] N: WS   /ws - (unix skt), clients: 6
[2026/09/25 20:35:30:0059] N: started process, pid: 55794
[2026/09/25 20:35:30:0069] N: started process, pid: 55796
[2026/09/25 20:35:30:0085] N: started process, pid: 55797
[2026/09/25 20:35:30:0086] N: WS   /ws - (unix skt), clients: 7
[2026/09/25 20:35:30:0087] N: WS   /ws - (unix skt), clients: 8
[2026/09/25 20:35:30:0087] N: WS   /ws - (unix skt), clients: 9
[2026/09/25 20:35:30:0087] N: WS   /ws - (unix skt), clients: 10
[2026/09/25 20:35:30:0098] N: started process, pid: 55799
[2026/09/25 20:35:30:0112] N: started process, pid: 55800
[2026/09/25 20:35:30:0137] N: started process, pid: 55803
[2026/09/25 20:35:30:0183] N: started process, pid: 55822
[2026/09/25 20:35:30:0214] N: started process, pid: 55825
[2026/09/25 20:35:30:0391] N: started process, pid: 55836
[2026/09/25 20:35:30:0580] N: started process, pid: 55845
[2026/09/25 20:35:30:3964] N: WS closed from (unix skt), clients: 9
[2026/09/25 20:35:30:3965] N: killing process, pid: 55799
[2026/09/25 20:35:30:3969] N: process killed with signal 1, pid: 55799
[2026/09/25 20:35:30:4220] N: WS closed from (unix skt), clients: 8
[2026/09/25 20:35:30:4221] N: killing process, pid: 55796
[2026/09/25 20:35:30:5114] N: process killed with signal 0, pid: 55796
[2026/09/25 20:35:30:5996] N: WS closed from (unix skt), clients: 7
[2026/09/25 20:35:30:5996] N: killing process, pid: 55822
[2026/09/25 20:35:30:6262] N: WS closed from (unix skt), clients: 6
[2026/09/25 20:35:30:6262] N: killing process, pid: 55836
[2026/09/25 20:35:30:6266] N: process killed with signal 1, pid: 55836
[2026/09/25 20:35:30:7782] N: process killed with signal 0, pid: 55822
[2026/09/25 20:35:30:8565] N: WS closed from (unix skt), clients: 5
[2026/09/25 20:35:30:8591] N: killing process, pid: 55794
[2026/09/25 20:35:30:8608] N: process killed with signal 0, pid: 55794
[2026/09/25 20:35:31:0132] N: WS closed from (unix skt), clients: 4
[2026/09/25 20:35:31:0132] N: killing process, pid: 55803
[2026/09/25 20:35:31:0140] N: process killed with signal 0, pid: 55803
[2026/09/25 20:35:31:3573] N: WS closed from (unix skt), clients: 3
[2026/09/25 20:35:31:3574] N: killing process, pid: 55797
[2026/09/25 20:35:31:3574] N: WS closed from (unix skt), clients: 2
[2026/09/25 20:35:31:3574] N: killing process, pid: 55825
[2026/09/25 20:35:31:3585] N: process killed with signal 0, pid: 55797
[2026/09/25 20:35:31:3586] N: process killed with signal 0, pid: 55825
[2026/09/25 20:35:32:0076] N: WS closed from (unix skt), clients: 1
[2026/09/25 20:35:32:0077] N: killing process, pid: 55800
[2026/09/25 20:35:32:0085] N: process killed with signal 0, pid: 55800
[2026/09/25 20:35:32:0090] N: WS closed from (unix skt), clients: 0
[2026/09/25 20:35:32:0090] N: killing process, pid: 55845
[2026/09/25 20:35:32:0098] N: process killed with signal 0, pid: 55845
[2026/09/25 20:35:32:0220] N: WS   /ws - (unix skt), clients: 1
[2026/09/25 20:35:32:0221] N: WS   /ws - (unix skt), clients: 2
[2026/09/25 20:35:32:0221] N: WS   /ws - (unix skt), clients: 3
[2026/09/25 20:35:32:0222] N: WS   /ws - (unix skt), clients: 4
[2026/09/25 20:35:32:0222] N: WS   /ws - (unix skt), clients: 5
[2026/09/25 20:35:32:0222] N: WS   /ws - (unix skt), clients: 6
[2026/09/25 20:35:32:0222] N: WS   /ws - (unix skt), clients: 7
[2026/09/25 20:35:32:0222] N: WS   /ws - (unix skt), clients: 8
[2026/09/25 20:35:32:0222] N: WS   /ws - (unix skt), clients: 9
[2026/09/25 20:35:32:0223] N: WS   /ws - (unix skt), clients: 10
[2026/09/25 20:35:32:0238] N: started process, pid: 56904
[2026/09/25 20:35:32:0253] N: started process, pid: 56905
[2026/09/25 20:35:32:0271] N: started process, pid: 56907
[2026/09/25 20:35:32:0321] N: started process, pid: 56908
[2026/09/25 20:35:32:0347] N: started process, pid: 56910
[2026/09/25 20:35:32:0430] N: started process, pid: 56913
[2026/09/25 20:35:32:0485] N: started process, pid: 56916
[2026/09/25 20:35:32:0598] N: started process, pid: 56918
[2026/09/25 20:35:32:0711] N: started process, pid: 56921
[2026/09/25 20:35:32:0777] N: started process, pid: 56924
[2026/09/25 20:35:32:4862] N: WS closed from (unix skt), clients: 9
[2026/09/25 20:35:32:4863] N: killing process, pid: 56904
[2026/09/25 20:35:32:6785] N: process killed with signal 0, pid: 56904
[2026/09/25 20:35:32:6970] N: WS closed from (unix skt), clients: 8
[2026/09/25 20:35:32:6970] N: killing process, pid: 56908
[2026/09/25 20:35:32:6977] N: process killed with signal 1, pid: 56908
[2026/09/25 20:35:32:7494] N: WS closed from (unix skt), clients: 7
[2026/09/25 20:35:32:7495] N: killing process, pid: 56921
[2026/09/25 20:35:32:7535] N: process killed with signal 1, pid: 56921
[2026/09/25 20:35:32:8972] N: WS closed from (unix skt), clients: 6
[2026/09/25 20:35:32:8973] N: killing process, pid: 56916
[2026/09/25 20:35:32:8973] N: WS closed from (unix skt), clients: 5
[2026/09/25 20:35:32:8973] N: killing process, pid: 56905
[2026/09/25 20:35:32:8985] N: process killed with signal 0, pid: 56916
[2026/09/25 20:35:32:8997] N: process killed with signal 0, pid: 56905
[2026/09/25 20:35:32:9221] N: WS closed from (unix skt), clients: 4
[2026/09/25 20:35:32:9221] N: killing process, pid: 56913
[2026/09/25 20:35:32:9265] N: process killed with signal 0, pid: 56913
[2026/09/25 20:35:33:3821] N: WS closed from (unix skt), clients: 3
[2026/09/25 20:35:33:3821] N: killing process, pid: 56907
[2026/09/25 20:35:33:3830] N: process killed with signal 0, pid: 56907
[2026/09/25 20:35:33:3974] N: WS closed from (unix skt), clients: 2
[2026/09/25 20:35:33:3975] N: killing process, pid: 56918
[2026/09/25 20:35:33:3982] N: process killed with signal 0, pid: 56918
[2026/09/25 20:35:34:0243] N: WS closed from (unix skt), clients: 1
[2026/09/25 20:35:34:0244] N: killing process, pid: 56910
[2026/09/25 20:35:34:0244] N: WS closed from (unix skt), clients: 0
[2026/09/25 20:35:34:0245] N: killing process, pid: 56924
[2026/09/25 20:35:34:0259] N: process killed with signal 0, pid: 56910
[2026/09/25 20:35:34:0260] N: process killed with signal 0, pid: 56924
[2026/09/25 20:35:34:0364] N: WS   /ws - (unix skt), clients: 1
[2026/09/25 20:35:34:0364] N: WS   /ws - (unix skt), clients: 2
[2026/09/25 20:35:34:0364] N: WS   /ws - (unix skt), clients: 3
[2026/09/25 20:35:34:0365] N: WS   /ws - (unix skt), clients: 4
[2026/09/25 20:35:34:0365] N: WS   /ws - (unix skt), clients: 5
[2026/09/25 20:35:34:0365] N: WS   /ws - (unix skt), clients: 6
[2026/09/25 20:35:34:0365] N: WS   /ws - (unix skt), clients: 7
[2026/09/25 20:35:34:0365] N: WS   /ws - (unix skt), clients: 8
[2026/09/25 20:35:34:0365] N: WS   /ws - (unix skt), clients: 9
[2026/09/25 20:35:34:0366] N: WS   /ws - (unix skt), clients: 10
[2026/09/25 20:35:34:0380] N: started process, pid: 58156
[2026/09/25 20:35:34:0391] N: started process, pid: 58158
[2026/09/25 20:35:34:0403] N: started process, pid: 58159
[2026/09/25 20:35:34:0413] N: started process, pid: 58161
[2026/09/25 20:35:34:0421] N: started process, pid: 58162
[2026/09/25 20:35:34:0439] N: started process, pid: 58163
[2026/09/25 20:35:34:0456] N: started process, pid: 58165
[2026/09/25 20:35:34:0472] N: started process, pid: 58172
[2026/09/25 20:35:34:0486] N: started process, pid: 58177
[2026/09/25 20:35:34:0504] N: started process, pid: 58181
[2026/09/25 20:35:34:4906] N: WS closed from (unix skt), clients: 9
[2026/09/25 20:35:34:4907] N: killing process, pid: 58158
[2026/09/25 20:35:34:6159] N: process killed with signal 0, pid: 58158
[2026/09/25 20:35:34:6462] N: WS closed from (unix skt), clients: 8
[2026/09/25 20:35:34:6462] N: killing process, pid: 58177
[2026/09/25 20:35:34:6471] N: process killed with signal 1, pid: 58177
[2026/09/25 20:35:34:7344] N: WS closed from (unix skt), clients: 7
[2026/09/25 20:35:34:7345] N: killing process, pid: 58161
[2026/09/25 20:35:34:7348] N: process killed with signal 1, pid: 58161
[2026/09/25 20:35:34:7909] N: WS closed from (unix skt), clients: 6
[2026/09/25 20:35:34:7910] N: killing process, pid: 58156
[2026/09/25 20:35:34:7937] N: process killed with signal 0, pid: 58156
[2026/09/25 20:35:34:8177] N: WS closed from (unix skt), clients: 5
[2026/09/25 20:35:34:8177] N: killing process, pid: 58165
[2026/09/25 20:35:34:8185] N: process killed with signal 0, pid: 58165
[2026/09/25 20:35:34:9343] N: WS closed from (unix skt), clients: 4
[2026/09/25 20:35:34:9344] N: killing process, pid: 58163
[2026/09/25 20:35:34:9352] N: process killed with signal 0, pid: 58163
[2026/09/25 20:35:35:2918] N: WS closed from (unix skt), clients: 3
[2026/09/25 20:35:35:2919] N: killing process, pid: 58159
[2026/09/25 20:35:35:2920] N: WS closed from (unix skt), clients: 2
[2026/09/25 20:35:35:2920] N: killing process, pid: 58172
[2026/09/25 20:35:35:2929] N: process killed with signal 0, pid: 58172
[2026/09/25 20:35:35:2929] N: process killed with signal 0, pid: 58159
[2026/09/25 20:35:36:0369] N: WS closed from (unix skt), clients: 1
[2026/09/25 20:35:36:0370] N: killing process, pid: 58162
[2026/09/25 20:35:36:0370] N: WS closed from (unix skt), clients: 0
[2026/09/25 20:35:36:0370] N: killing process, pid: 58181
[2026/09/25 20:35:36:0386] N: process killed with signal 0, pid: 58162
[2026/09/25 20:35:36:0387] N: process killed with signal 0, pid: 58181
[2026/09/25 20:35:36:0506] N: WS   /ws - (unix skt), clients: 1
[2026/09/25 20:35:36:0506] N: WS   /ws - (unix skt), clients: 2
[2026/09/25 20:35:36:0506] N: WS   /ws - (unix skt), clients: 3
[2026/09/25 20:35:36:0506] N: WS   /ws - (unix skt), clients: 4
[2026/09/25 20:35:36:0506] N: WS   /ws - (unix skt), clients: 5
[2026/09/25 20:35:36:0506] N: WS   /ws - (unix skt), clients: 6
[2026/09/25 20:35:36:0506] N: WS   /ws - (unix skt), clients: 7
[2026/09/25 20:35:36:0507] N: WS   /ws - (unix skt), clients: 8
[2026/09/25 20:35:36:0507] N: WS   /ws - (unix skt), clients: 9
[2026/09/25 20:35:36:0507] N: WS   /ws - (unix skt), clients: 10
[2026/09/25 20:35:36:0525] N: started process, pid: 59869
[2026/09/25 20:35:36:0536] N: started process, pid: 59870
[2026/09/25 20:35:36:0546] N: started process, pid: 59871
[2026/09/25 20:35:36:0565] N: started process, pid: 59872
[2026/09/25 20:35:36:0576] N: started process, pid: 59873
[2026/09/25 20:35:36:0610] N: started process, pid: 59876
[2026/09/25 20:35:36:0651] N: started process, pid: 59878
[2026/09/25 20:35:36:0723] N: started process, pid: 59888
[2026/09/25 20:35:36:0759] N: started process, pid: 59897
[2026/09/25 20:35:36:0777] N: started process, pid: 59902
[2026/09/25 20:35:36:3124] N: WS closed from (unix skt), clients: 9
[2026/09/25 20:35:36:3125] N: killing process, pid: 59872
[2026/09/25 20:35:36:3131] N: process killed with signal 1, pid: 59872
[2026/09/25 20:35:36:5146] N: WS closed from (unix skt), clients: 8
[2026/09/25 20:35:36:5146] N: killing process, pid: 59870
[2026/09/25 20:35:36:5573] N: process killed with signal 0, pid: 59870
[2026/09/25 20:35:36:6842] N: WS closed from (unix skt), clients: 7
[2026/09/25 20:35:36:6843] N: killing process, pid: 59869
[2026/09/25 20:35:36:7395] N: process killed with signal 0, pid: 59869
[2026/09/25 20:35:36:7925] N: WS closed from (unix skt), clients: 6
[2026/09/25 20:35:36:7926] N: killing process, pid: 59897
[2026/09/25 20:35:36:8507] N: process killed with signal 1, pid: 59897
[2026/09/25 20:35:36:9410] N: WS closed from (unix skt), clients: 5
[2026/09/25 20:35:36:9411] N: killing process, pid: 59878
[2026/09/25 20:35:36:9412] N: WS closed from (unix skt), clients: 4
[2026/09/25 20:35:36:9412] N: killing process, pid: 59876
[2026/09/25 20:35:36:9422] N: process killed with signal 0, pid: 59876
[2026/09/25 20:35:36:9423] N: process killed with signal 0, pid: 59878
[2026/09/25 20:35:37:1840] N: WS closed from (unix skt), clients: 3
[2026/09/25 20:35:37:1840] N: killing process, pid: 59871
[2026/09/25 20:35:37:1848] N: process killed with signal 0, pid: 59871
[2026/09/25 20:35:37:4437] N: WS closed from (unix skt), clients: 2
[2026/09/25 20:35:37:4437] N: killing process, pid: 59888
[2026/09/25 20:35:37:4443] N: process killed with signal 0, pid: 59888
[2026/09/25 20:35:38:0521] N: WS closed from (unix skt), clients: 1
[2026/09/25 20:35:38:0522] N: killing process, pid: 59873
[2026/09/25 20:35:38:0524] N: WS closed from (unix skt), clients: 0
[2026/09/25 20:35:38:0526] N: killing process, pid: 59902
[2026/09/25 20:35:38:0553] N: process killed with signal 0, pid: 59873
[2026/09/25 20:35:38:0590] N: process killed with signal 0, pid: 59902
[2026/09/25 20:35:38:0726] N: WS   /ws - (unix skt), clients: 1
[2026/09/25 20:35:38:0727] N: WS   /ws - (unix skt), clients: 2
[2026/09/25 20:35:38:0727] N: WS   /ws - (unix skt), clients: 3
[2026/09/25 20:35:38:0727] N: WS   /ws - (unix skt), clients: 4
[2026/09/25 20:35:38:0728] N: WS   /ws - (unix skt), clients: 5
[2026/09/25 20:35:38:0728] N: WS   /ws - (unix skt), clients: 6
[2026/09/25 20:35:38:0728] N: WS   /ws - (unix skt), clients: 7
[2026/09/25 20:35:38:0728] N: WS   /ws - (unix skt), clients: 8
[2026/09/25 20:35:38:0728] N: WS   /ws - (unix skt), clients: 9
[2026/09/25 20:35:38:0728] N: WS   /ws - (unix skt), clients: 10
[2026/09/25 20:35:38:0741] N: started process, pid: 61410
[2026/09/25 20:35:38:0763] N: started process, pid: 61411
[2026/09/25 20:35:38:0781] N: started process, pid: 61413
[2026/09/25 20:35:38:0794] N: started process, pid: 61415
[2026/09/25 20:35:38:0811] N: started process, pid: 61417
[2026/09/25 20:35:38:0824] N: started process, pid: 61418
[2026/09/25 20:35:38:0833] N: started process, pid: 61419
[2026/09/25 20:35:38:0847] N: started process, pid: 61425
[2026/09/25 20:35:38:0867] N: started process, pid: 61427
[2026/09/25 20:35:38:0901] N: started process, pid: 61432
[2026/09/25 20:35:38:5740] N: WS closed from (unix skt), clients: 9
[2026/09/25 20:35:38:5740] N: killing process, pid: 61410
[2026/09/25 20:35:38:6804] N: WS closed from (unix skt), clients: 8
[2026/09/25 20:35:38:6804] N: killing process, pid: 61415
[2026/09/25 20:35:38:6942] N: process killed with signal 1, pid: 61415
[2026/09/25 20:35:38:7153] N: process killed with signal 0, pid: 61410
[2026/09/25 20:35:38:7345] N: WS closed from (unix skt), clients: 7
[2026/09/25 20:35:38:7346] N: killing process, pid: 61411
[2026/09/25 20:35:38:7650] N: process killed with signal 0, pid: 61411
[2026/09/25 20:35:38:8126] N: WS closed from (unix skt), clients: 6
[2026/09/25 20:35:38:8127] N: killing process, pid: 61427
[2026/09/25 20:35:38:8131] N: process killed with signal 1, pid: 61427
[2026/09/25 20:35:38:8809] N: WS closed from (unix skt), clients: 5
[2026/09/25 20:35:38:8809] N: killing process, pid: 61418
[2026/09/25 20:35:38:8833] N: process killed with signal 0, pid: 61418
[2026/09/25 20:35:38:9163] N: WS closed from (unix skt), clients: 4
[2026/09/25 20:35:38:9164] N: killing process, pid: 61419
[2026/09/25 20:35:38:9173] N: process killed with signal 0, pid: 61419
[2026/09/25 20:35:39:3812] N: WS closed from (unix skt), clients: 3
[2026/09/25 20:35:39:3813] N: killing process, pid: 61413
[2026/09/25 20:35:39:3825] N: process killed with signal 0, pid: 61413
[2026/09/25 20:35:39:5013] N: WS closed from (unix skt), clients: 2
[2026/09/25 20:35:39:5013] N: killing process, pid: 61425
[2026/09/25 20:35:39:5021] N: process killed with signal 0, pid: 61425
[2026/09/25 20:35:40:0750] N: WS closed from (unix skt), clients: 1
[2026/09/25 20:35:40:0750] N: killing process, pid: 61417
[2026/09/25 20:35:40:0751] N: WS closed from (unix skt), clients: 0
[2026/09/25 20:35:40:0751] N: killing process, pid: 61432
[2026/09/25 20:35:40:0760] N: process killed with signal 0, pid: 61417
[2026/09/25 20:35:40:0770] N: process killed with signal 0, pid: 61432
[2026/09/25 20:35:40:0881] N: WS   /ws - (unix skt), clients: 1
[2026/09/25 20:35:40:0881] N: WS   /ws - (unix skt), clients: 2
[2026/09/25 20:35:40:0881] N: WS   /ws - (unix skt), clients: 3
[2026/09/25 20:35:40:0881] N: WS   /ws - (unix skt), clients: 4
[2026/09/25 20:35:40:0881] N: WS   /ws - (unix skt), clients: 5
[2026/09/25 20:35:40:0881] N: WS   /ws - (unix skt), clients: 6
[2026/09/25 20:35:40:0881] N: WS   /ws - (unix skt), clients: 7
[2026/09/25 20:35:40:0881] N: WS   /ws - (unix skt), clients: 8
[2026/09/25 20:35:40:0882] N: WS   /ws - (unix skt), clients: 9
[2026/09/25 20:35:40:0882] N: WS   /ws - (unix skt), clients: 10
[2026/09/25 20:35:40:0895] N: started process, pid: 62564
[2026/09/25 20:35:40:0906] N: started process, pid: 62565
[2026/09/25 20:35:40:0915] N: started process, pid: 62566
[2026/09/25 20:35:40:0928] N: started process, pid: 62567
[2026/09/25 20:35:40:0942] N: started process, pid: 62568
[2026/09/25 20:35:40:0969] N: started process, pid: 62569
[2026/09/25 20:35:40:1006] N: started process, pid: 62574
[2026/09/25 20:35:40:1026] N: started process, pid: 62578
[2026/09/25 20:35:40:1053] N: started process, pid: 62585
[2026/09/25 20:35:40:1090] N: started process, pid: 62591
[2026/09/25 20:35:40:5843] N: WS closed from (unix skt), clients: 9
[2026/09/25 20:35:40:5847] N: killing process, pid: 62567
[2026/09/25 20:35:40:5852] N: process killed with signal 1, pid: 62567
[2026/09/25 20:35:40:7006] N: WS closed from (unix skt), clients: 8
[2026/09/25 20:35:40:7006] N: killing process, pid: 62564
[2026/09/25 20:35:40:7839] N: process killed with signal 0, pid: 62564
[2026/09/25 20:35:40:8362] N: WS closed from (unix skt), clients: 7
[2026/09/25 20:35:40:8363] N: killing process, pid: 62585
[2026/09/25 20:35:40:8366] N: process killed with signal 1, pid: 62585
[2026/09/25 20:35:40:9029] N: WS closed from (unix skt), clients: 6
[2026/09/25 20:35:40:9029] N: killing process, pid: 62565
[2026/09/25 20:35:40:9040] N: process killed with signal 0, pid: 62565
[2026/09/25 20:35:40:9611] N: WS closed from (unix skt), clients: 5
[2026/09/25 20:35:40:9612] N: killing process, pid: 62574
[2026/09/25 20:35:40:9612] N: WS closed from (unix skt), clients: 4
[2026/09/25 20:35:40:9612] N: killing process, pid: 62566
[2026/09/25 20:35:40:9621] N: process killed with signal 0, pid: 62566
[2026/09/25 20:35:40:9622] N: process killed with signal 0, pid: 62574
[2026/09/25 20:35:40:9850] N: WS closed from (unix skt), clients: 3
[2026/09/25 20:35:40:9851] N: killing process, pid: 62569
[2026/09/25 20:35:40:9861] N: process killed with signal 0, pid: 62569
[2026/09/25 20:35:41:5372] N: WS closed from (unix skt), clients: 2
[2026/09/25 20:35:41:5373] N: killing process, pid: 62578
[2026/09/25 20:35:41:5379] N: process killed with signal 0, pid: 62578
[2026/09/25 20:35:42:0942] N: WS closed from (unix skt), clients: 1
[2026/09/25 20:35:42:0943] N: killing process, pid: 62568
[2026/09/25 20:35:42:0943] N: WS closed from (unix skt), clients: 0
[2026/09/25 20:35:42:0944] N: killing process, pid: 62591
[2026/09/25 20:35:42:0966] N: process killed with signal 0, pid: 62568
[2026/09/25 20:35:42:0967] N: process killed with signal 0, pid: 62591
[2026/09/25 20:35:42:1180] N: WS   /ws - (unix skt), clients: 1
[2026/09/25 20:35:42:1181] N: WS   /ws - (unix skt), clients: 2
[2026/09/25 20:35:42:1181] N: WS   /ws - (unix skt), clients: 3
[2026/09/25 20:35:42:1181] N: WS   /ws - (unix skt), clients: 4
[2026/09/25 20:35:42:1181] N: WS   /ws - (unix skt), clients: 5
[2026/09/25 20:35:42:1182] N: WS   /ws - (unix skt), clients: 6
[2026/09/25 20:35:42:1182] N: WS   /ws - (unix skt), clients: 7
[2026/09/25 20:35:42:1182] N: WS   /ws - (unix skt), clients: 8
[2026/09/25 20:35:42:1182] N: WS   /ws - (unix skt), clients: 9
[2026/09/25 20:35:42:1182] N: WS   /ws - (unix skt), clients: 10
[2026/09/25 20:35:42:1200] N: started process, pid: 63587
[2026/09/25 20:35:42:1215] N: started process, pid: 63588
[2026/09/25 20:35:42:1242] N: started process, pid: 63590
[2026/09/25 20:35:42:1254] N: started process, pid: 63591
[2026/09/25 20:35:42:1268] N: started process, pid: 63593
[2026/09/25 20:35:42:1278] N: started process, pid: 63595
[2026/09/25 20:35:42:1304] N: started process, pid: 63596
[2026/09/25 20:35:42:1326] N: started process, pid: 63598
[2026/09/25 20:35:42:1347] N: started process, pid: 63600
[2026/09/25 20:35:42:1364] N: started process, pid: 63603
[2026/09/25 20:35:42:7401] N: WS closed from (unix skt), clients: 9
[2026/09/25 20:35:42:7402] N: killing process, pid: 63588
[2026/09/25 20:35:42:7733] N: WS closed from (unix skt), clients: 8
[2026/09/25 20:35:42:7733] N: killing process, pid: 63591
[2026/09/25 20:35:42:7738] N: process killed with signal 1, pid: 63591
[2026/09/25 20:35:42:8320] N: WS closed from (unix skt), clients: 7
[2026/09/25 20:35:42:8321] N: killing process, pid: 63595
[2026/09/25 20:35:42:8365] N: process killed with signal 0, pid: 63588
[2026/09/25 20:35:42:8400] N: process killed with signal 0, pid: 63595
[2026/09/25 20:35:42:9094] N: WS closed from (unix skt), clients: 6
[2026/09/25 20:35:42:9095] N: killing process, pid: 63600
[2026/09/25 20:35:42:9104] N: process killed with signal 1, pid: 63600
[2026/09/25 20:35:43:0072] N: WS closed from (unix skt), clients: 5
[2026/09/25 20:35:43:0073] N: killing process, pid: 63587
[2026/09/25 20:35:43:0082] N: process killed with signal 0, pid: 63587
[2026/09/25 20:35:43:0389] N: WS closed from (unix skt), clients: 4
[2026/09/25 20:35:43:0390] N: killing process, pid: 63596
[2026/09/25 20:35:43:0398] N: process killed with signal 0, pid: 63596
[2026/09/25 20:35:43:2758] N: WS closed from (unix skt), clients: 3
[2026/09/25 20:35:43:2759] N: killing process, pid: 63590
[2026/09/25 20:35:43:2768] N: process killed with signal 0, pid: 63590
[2026/09/25 20:35:43:5411] N: WS closed from (unix skt), clients: 2
[2026/09/25 20:35:43:5412] N: killing process, pid: 63598
[2026/09/25 20:35:43:5418] N: process killed with signal 0, pid: 63598
[2026/09/25 20:35:44:1203] N: WS closed from (unix skt), clients: 1
[2026/09/25 20:35:44:1205] N: killing process, pid: 63593
[2026/09/25 20:35:44:1205] N: WS closed from (unix skt), clients: 0
[2026/09/25 20:35:44:1205] N: killing process, pid: 63603
[2026/09/25 20:35:44:1223] N: process killed with signal 0, pid: 63593
[2026/09/25 20:35:44:1224] N: process killed with signal 0, pid: 63603
[2026/09/25 20:35:44:1354] N: WS   /ws - (unix skt), clients: 1
[2026/09/25 20:35:44:1355] N: WS   /ws - (unix skt), clients: 2
[2026/09/25 20:35:44:1355] N: WS   /ws - (unix skt), clients: 3
[2026/09/25 20:35:44:1355] N: WS   /ws - (unix skt), clients: 4
[2026/09/25 20:35:44:1355] N: WS   /ws - (unix skt), clients: 5
[2026/09/25 20:35:44:1356] N: WS   /ws - (unix skt), clients: 6
[2026/09/25 20:35:44:1356] N: WS   /ws - (unix skt), clients: 7
[2026/09/25 20:35:44:1356] N: WS   /ws - (unix skt), clients: 8
[2026/09/25 20:35:44:1356] N: WS   /ws - (unix skt), clients: 9
[2026/09/25 20:35:44:1356] N: WS   /ws - (unix skt), clients: 10
[2026/09/25 20:35:44:1370] N: started process, pid: 64839
[2026/09/25 20:35:44:1381] N: started process, pid: 64840
[2026/09/25 20:35:44:1390] N: started process, pid: 64842
[2026/09/25 20:35:44:1397] N: started process, pid: 64843
[2026/09/25 20:35:44:1407] N: started process, pid: 64844
[2026/09/25 20:35:44:1429] N: started process, pid: 64845
[2026/09/25 20:35:44:1445] N: started process, pid: 64850
[2026/09/25 20:35:44:1455] N: started process, pid: 64853
[2026/09/25 20:35:44:1478] N: started process, pid: 64855
[2026/09/25 20:35:44:1523] N: started process, pid: 64858
[2026/09/25 20:35:44:4878] N: WS closed from (unix skt), clients: 9
[2026/09/25 20:35:44:4878] N: killing process, pid: 64839
[2026/09/25 20:35:44:5102] N: process killed with signal 0, pid: 64839
[2026/09/25 20:35:44:5127] N: WS closed from (unix skt), clients: 8
[2026/09/25 20:35:44:5127] N: killing process, pid: 64843
[2026/09/25 20:35:44:5146] N: process killed with signal 1, pid: 64843
[2026/09/25 20:35:44:6850] N: WS closed from (unix skt), clients: 7
[2026/09/25 20:35:44:6851] N: killing process, pid: 64840
[2026/09/25 20:35:44:6852] N: WS closed from (unix skt), clients: 6
[2026/09/25 20:35:44:6852] N: killing process, pid: 64845
[2026/09/25 20:35:44:6956] N: process killed with signal 0, pid: 64840
[2026/09/25 20:35:44:6959] N: process killed with signal 0, pid: 64845
[2026/09/25 20:35:44:6961] N: WS closed from (unix skt), clients: 5
[2026/09/25 20:35:44:6961] N: killing process, pid: 64855
[2026/09/25 20:35:44:6965] N: process killed with signal 1, pid: 64855
[2026/09/25 20:35:44:7404] N: WS closed from (unix skt), clients: 4
[2026/09/25 20:35:44:7404] N: killing process, pid: 64850
[2026/09/25 20:35:44:7413] N: process killed with signal 0, pid: 64850
[2026/09/25 20:35:45:1874] N: WS closed from (unix skt), clients: 3
[2026/09/25 20:35:45:1875] N: killing process, pid: 64842
[2026/09/25 20:35:45:1888] N: process killed with signal 0, pid: 64842
[2026/09/25 20:35:45:2413] N: WS closed from (unix skt), clients: 2
[2026/09/25 20:35:45:2413] N: killing process, pid: 64853
[2026/09/25 20:35:45:2425] N: process killed with signal 0, pid: 64853
[2026/09/25 20:35:46:1370] N: WS closed from (unix skt), clients: 1
[2026/09/25 20:35:46:1371] N: killing process, pid: 64844
[2026/09/25 20:35:46:1371] N: WS closed from (unix skt), clients: 0
[2026/09/25 20:35:46:1371] N: killing process, pid: 64858
[2026/09/25 20:35:46:1383] N: process killed with signal 0, pid: 64844
[2026/09/25 20:35:46:1383] N: process killed with signal 0, pid: 64858
[2026/09/25 20:35:46:1518] N: WS   /ws - (unix skt), clients: 1
[2026/09/25 20:35:46:1519] N: WS   /ws - (unix skt), clients: 2
[2026/09/25 20:35:46:1519] N: WS   /ws - (unix skt), clients: 3
[2026/09/25 20:35:46:1519] N: WS   /ws - (unix skt), clients: 4
[2026/09/25 20:35:46:1519] N: WS   /ws - (unix skt), clients: 5
[2026/09/25 20:35:46:1520] N: WS   /ws - (unix skt), clients: 6
[2026/09/25 20:35:46:1520] N: WS   /ws - (unix skt), clients: 7
[2026/09/25 20:35:46:1520] N: WS   /ws - (unix skt), clients: 8
[2026/09/25 20:35:46:1520] N: WS   /ws - (unix skt), clients: 9
[2026/09/25 20:35:46:1521] N: WS   /ws - (unix skt), clients: 10
[2026/09/25 20:35:46:1537] N: started process, pid: 66081
[2026/09/25 20:35:46:1548] N: started process, pid: 66093
[2026/09/25 20:35:46:1602] N: started process, pid: 66094
[2026/09/25 20:35:46:1637] N: started process, pid: 66097
[2026/09/25 20:35:46:1663] N: started process, pid: 66099
[2026/09/25 20:35:46:1742] N: started process, pid: 66103
[2026/09/25 20:35:46:1816] N: started process, pid: 66108
[2026/09/25 20:35:46:1857] N: started process, pid: 66112
[2026/09/25 20:35:46:1924] N: started process, pid: 66115
[2026/09/25 20:35:46:1989] N: started process, pid: 66122
[2026/09/25 20:35:46:9482] N: WS closed from (unix skt), clients: 9
[2026/09/25 20:35:46:9483] N: killing process, pid: 66103
[2026/09/25 20:35:46:9852] N: WS closed from (unix skt), clients: 8
[2026/09/25 20:35:46:9852] N: killing process, pid: 66094
[2026/09/25 20:35:46:9857] N: process killed with signal 1, pid: 66094
[2026/09/25 20:35:46:9941] N: WS closed from (unix skt), clients: 7
[2026/09/25 20:35:46:9942] N: killing process, pid: 66081
[2026/09/25 20:35:46:9943] N: process killed with signal 1, pid: 66081
[2026/09/25 20:35:47:1207] N: process killed with signal 0, pid: 66103
[2026/09/25 20:35:47:1490] N: WS closed from (unix skt), clients: 6
[2026/09/25 20:35:47:1490] N: killing process, pid: 66115
[2026/09/25 20:35:47:1499] N: process killed with signal 1, pid: 66115
[2026/09/25 20:35:47:2937] N: WS closed from (unix skt), clients: 5
[2026/09/25 20:35:47:2937] N: killing process, pid: 66099
[2026/09/25 20:35:47:2946] N: process killed with signal 0, pid: 66099
[2026/09/25 20:35:47:3516] N: WS closed from (unix skt), clients: 4
[2026/09/25 20:35:47:3517] N: killing process, pid: 66108
[2026/09/25 20:35:47:3548] N: process killed with signal 0, pid: 66108
[2026/09/25 20:35:47:3931] N: WS closed from (unix skt), clients: 3
[2026/09/25 20:35:47:3932] N: killing process, pid: 66093
[2026/09/25 20:35:47:3941] N: process killed with signal 0, pid: 66093
[2026/09/25 20:35:47:8252] N: WS closed from (unix skt), clients: 2
[2026/09/25 20:35:47:8253] N: killing process, pid: 66112
[2026/09/25 20:35:47:8260] N: process killed with signal 0, pid: 66112
[2026/09/25 20:35:48:1539] N: WS closed from (unix skt), clients: 1
[2026/09/25 20:35:48:1540] N: killing process, pid: 66097
[2026/09/25 20:35:48:1540] N: WS closed from (unix skt), clients: 0
[2026/09/25 20:35:48:1540] N: killing process, pid: 66122
[2026/09/25 20:35:48:1544] N: process killed with signal 0, pid: 66097
[2026/09/25 20:35:48:1550] N: process killed with signal 0, pid: 66122
[2026/09/25 20:35:48:1620] N: WS   /ws - (unix skt), clients: 1
[2026/09/25 20:35:48:1621] N: WS   /ws - (unix skt), clients: 2
[2026/09/25 20:35:48:1621] N: WS   /ws - (unix skt), clients: 3
[2026/09/25 20:35:48:1621] N: WS   /ws - (unix skt), clients: 4
[2026/09/25 20:35:48:1621] N: WS   /ws - (unix skt), clients: 5
[2026/09/25 20:35:48:1621] N: WS   /ws - (unix skt), clients: 6
[2026/09/25 20:35:48:1621] N: WS   /ws - (unix skt), clients: 7
[2026/09/25 20:35:48:1621] N: WS   /ws - (unix skt), clients: 8
[2026/09/25 20:35:48:1621] N: WS   /ws - (unix skt), clients: 9
[2026/09/25 20:35:48:1621] N: WS   /ws - (unix skt), clients: 10
[2026/09/25 20:35:48:1631] N: started process, pid: 67451
[2026/09/25 20:35:48:1638] N: started process, pid: 67452
[2026/09/25 20:35:48:1646] N: started process, pid: 67453
[2026/09/25 20:35:48:1652] N: started process, pid: 67454
[2026/09/25 20:35:48:1663] N: started process, pid: 67455
[2026/09/25 20:35:48:1673] N: started process, pid: 67461
[2026/09/25 20:35:48:1689] N: started process, pid: 67469
[2026/09/25 20:35:48:1715] N: started process, pid: 67478
[2026/09/25 20:35:48:1750] N: started process, pid: 67486
[2026/09/25 20:35:48:1776] N: started process, pid: 67497
[2026/09/25 20:35:48:5150] N: WS closed from (unix skt), clients: 9
[2026/09/25 20:35:48:5151] N: killing process, pid: 67453
[2026/09/25 20:35:48:5190] N: process killed with signal 1, pid: 67453
[2026/09/25 20:35:48:5763] N: WS closed from (unix skt), clients: 8
[2026/09/25 20:35:48:5764] N: killing process, pid: 67486
[2026/09/25 20:35:48:5769] N: process killed with signal 1, pid: 67486
[2026/09/25 20:35:48:6919] N: WS closed from (unix skt), clients: 7
[2026/09/25 20:35:48:6919] N: killing process, pid: 67461
[2026/09/25 20:35:48:6928] N: process killed with signal 0, pid: 67461
[2026/09/25 20:35:48:7156] N: WS closed from (unix skt), clients: 6
[2026/09/25 20:35:48:7157] N: killing process, pid: 67451
[2026/09/25 20:35:48:7158] N: WS closed from (unix skt), clients: 5
[2026/09/25 20:35:48:7158] N: killing process, pid: 67455
[2026/09/25 20:35:48:7166] N: process killed with signal 0, pid: 67455
[2026/09/25 20:35:48:7167] N: process killed with signal 0, pid: 67451
[2026/09/25 20:35:48:7477] N: WS closed from (unix skt), clients: 4
[2026/09/25 20:35:48:7477] N: killing process, pid: 67469
[2026/09/25 20:35:48:7496] N: process killed with signal 0, pid: 67469
[2026/09/25 20:35:48:9619] N: WS closed from (unix skt), clients: 3
[2026/09/25 20:35:48:9624] N: killing process, pid: 67452
[2026/09/25 20:35:48:9634] N: process killed with signal 0, pid: 67452
[2026/09/25 20:35:49:2161] N: WS closed from (unix skt), clients: 2
[2026/09/25 20:35:49:2162] N: killing process, pid: 67478
[2026/09/25 20:35:49:2169] N: process killed with signal 0, pid: 67478
[2026/09/25 20:35:50:1643] N: WS closed from (unix skt), clients: 1
[2026/09/25 20:35:50:1644] N: killing process, pid: 67454
[2026/09/25 20:35:50:1644] N: WS closed from (unix skt), clients: 0
[2026/09/25 20:35:50:1644] N: killing process, pid: 67497
[2026/09/25 20:35:50:1650] N: process killed with signal 0, pid: 67454
[2026/09/25 20:35:50:1658] N: process killed with signal 0, pid: 67497
[2026/09/25 20:35:50:1772] N: WS   /ws - (unix skt), clients: 1
[2026/09/25 20:35:50:1772] N: WS   /ws - (unix skt), clients: 2
[2026/09/25 20:35:50:1772] N: WS   /ws - (unix skt), clients: 3
[2026/09/25 20:35:50:1772] N: WS   /ws - (unix skt), clients: 4
[2026/09/25 20:35:50:1772] N: WS   /ws - (unix skt), clients: 5
[2026/09/25 20:35:50:1772] N: WS   /ws - (unix skt), clients: 6
[2026/09/25 20:35:50:1773] N: WS   /ws - (unix skt), clients: 7
[2026/09/25 20:35:50:1773] N: WS   /ws - (unix skt), clients: 8
[2026/09/25 20:35:50:1773] N: WS   /ws - (unix skt), clients: 9
[2026/09/25 20:35:50:1773] N: WS   /ws - (unix skt), clients: 10
[2026/09/25 20:35:50:1784] N: started process, pid: 68994
[2026/09/25 20:35:50:1792] N: started process, pid: 68995
[2026/09/25 20:35:50:1800] N: started process, pid: 68996
[2026/09/25 20:35:50:1805] N: started process, pid: 68997
[2026/09/25 20:35:50:1813] N: started process, pid: 68998
[2026/09/25 20:35:50:1819] N: started process, pid: 68999
[2026/09/25 20:35:50:1834] N: started process, pid: 69000
[2026/09/25 20:35:50:1847] N: started process, pid: 69005
[2026/09/25 20:35:50:1865] N: started process, pid: 69010
[2026/09/25 20:35:50:1882] N: started process, pid: 69014
[2026/09/25 20:35:50:5142] N: WS closed from (unix skt), clients: 9
[2026/09/25 20:35:50:5142] N: killing process, pid: 69005
[2026/09/25 20:35:50:5147] N: process killed with signal 1, pid: 69005
[2026/09/25 20:35:50:6474] N: WS closed from (unix skt), clients: 8
[2026/09/25 20:35:50:6475] N: killing process, pid: 68996
[2026/09/25 20:35:50:6485] N: process killed with signal 1, pid: 68996
[2026/09/25 20:35:50:6505] N: WS closed from (unix skt), clients: 7
[2026/09/25 20:35:50:6506] N: killing process, pid: 68994
[2026/09/25 20:35:50:6513] N: process killed with signal 0, pid: 68994
[2026/09/25 20:35:50:8072] N: WS closed from (unix skt), clients: 6
[2026/09/25 20:35:50:8073] N: killing process, pid: 69010
[2026/09/25 20:35:50:8077] N: process killed with signal 0, pid: 69010
[2026/09/25 20:35:50:8314] N: WS closed from (unix skt), clients: 5
[2026/09/25 20:35:50:8314] N: killing process, pid: 68998
[2026/09/25 20:35:50:8318] N: process killed with signal 0, pid: 68998
[2026/09/25 20:35:50:8786] N: WS closed from (unix skt), clients: 4
[2026/09/25 20:35:50:8786] N: killing process, pid: 68999
[2026/09/25 20:35:50:8790] N: process killed with signal 0, pid: 68999
[2026/09/25 20:35:51:2518] N: WS closed from (unix skt), clients: 3
[2026/09/25 20:35:51:2519] N: killing process, pid: 68995
[2026/09/25 20:35:51:2525] N: process killed with signal 0, pid: 68995
[2026/09/25 20:35:51:3510] N: WS closed from (unix skt), clients: 2
[2026/09/25 20:35:51:3511] N: killing process, pid: 69000
[2026/09/25 20:35:51:3520] N: process killed with signal 0, pid: 69000
[2026/09/25 20:35:52:1775] N: WS closed from (unix skt), clients: 1
[2026/09/25 20:35:52:1776] N: killing process, pid: 68997
[2026/09/25 20:35:52:1776] N: WS closed from (unix skt), clients: 0
[2026/09/25 20:35:52:1776] N: killing process, pid: 69014
[2026/09/25 20:35:52:1786] N: process killed with signal 0, pid: 68997
[2026/09/25 20:35:52:1786] N: process killed with signal 0, pid: 69014
[2026/09/25 20:35:52:1898] N: WS   /ws - (unix skt), clients: 1
[2026/09/25 20:35:52:1899] N: WS   /ws - (unix skt), clients: 2
[2026/09/25 20:35:52:1900] N: WS   /ws - (unix skt), clients: 3
[2026/09/25 20:35:52:1900] N: WS   /ws - (unix skt), clients: 4
[2026/09/25 20:35:52:1901] N: WS   /ws - (unix skt), clients: 5
[2026/09/25 20:35:52:1901] N: WS   /ws - (unix skt), clients: 6
[2026/09/25 20:35:52:1901] N: WS   /ws - (unix skt), clients: 7
[2026/09/25 20:35:52:1902] N: WS   /ws - (unix skt), clients: 8
[2026/09/25 20:35:52:1902] N: WS   /ws - (unix skt), clients: 9
[2026/09/25 20:35:52:1902] N: WS   /ws - (unix skt), clients: 10
[2026/09/25 20:35:52:1918] N: started process, pid: 69953
[2026/09/25 20:35:52:1927] N: started process, pid: 69954
[2026/09/25 20:35:52:1937] N: started process, pid: 69955
[2026/09/25 20:35:52:1947] N: started process, pid: 69956
[2026/09/25 20:35:52:1956] N: started process, pid: 69957
[2026/09/25 20:35:52:1966] N: started process, pid: 69958
[2026/09/25 20:35:52:1975] N: started process, pid: 69959
[2026/09/25 20:35:52:1985] N: started process, pid: 69962
[2026/09/25 20:35:52:2006] N: started process, pid: 69964
[2026/09/25 20:35:52:2039] N: started process, pid: 69974
[2026/09/25 20:35:52:4628] N: WS closed from (unix skt), clients: 9
[2026/09/25 20:35:52:4633] N: killing process, pid: 69956
[2026/09/25 20:35:52:4665] N: process killed with signal 1, pid: 69956
[2026/09/25 20:35:52:5817] N: WS closed from (unix skt), clients: 8
[2026/09/25 20:35:52:5818] N: killing process, pid: 69954
[2026/09/25 20:35:52:5862] N: process killed with signal 0, pid: 69954
[2026/09/25 20:35:52:5870] N: WS closed from (unix skt), clients: 7
[2026/09/25 20:35:52:5870] N: killing process, pid: 69964
[2026/09/25 20:35:52:5887] N: process killed with signal 1, pid: 69964
[2026/09/25 20:35:52:6098] N: WS closed from (unix skt), clients: 6
[2026/09/25 20:35:52:6099] N: killing process, pid: 69953
[2026/09/25 20:35:52:6128] N: process killed with signal 0, pid: 69953
[2026/09/25 20:35:52:7356] N: WS closed from (unix skt), clients: 5
[2026/09/25 20:35:52:7358] N: killing process, pid: 69958
[2026/09/25 20:35:52:7366] N: process killed with signal 0, pid: 69958
[2026/09/25 20:35:52:7606] N: WS closed from (unix skt), clients: 4
[2026/09/25 20:35:52:7607] N: killing process, pid: 69959
[2026/09/25 20:35:52:7620] N: process killed with signal 0, pid: 69959
[2026/09/25 20:35:53:2073] N: WS closed from (unix skt), clients: 3
[2026/09/25 20:35:53:2074] N: killing process, pid: 69962
[2026/09/25 20:35:53:2082] N: process killed with signal 0, pid: 69962
[2026/09/25 20:35:53:2616] N: WS closed from (unix skt), clients: 2
[2026/09/25 20:35:53:2616] N: killing process, pid: 69955
[2026/09/25 20:35:53:2623] N: process killed with signal 0, pid: 69955
[2026/09/25 20:35:54:1910] N: WS closed from (unix skt), clients: 1
[2026/09/25 20:35:54:1911] N: killing process, pid: 69957
[2026/09/25 20:35:54:1911] N: WS closed from (unix skt), clients: 0
[2026/09/25 20:35:54:1911] N: killing process, pid: 69974
[2026/09/25 20:35:54:1927] N: process killed with signal 0, pid: 69957
[2026/09/25 20:35:54:1928] N: process killed with signal 0, pid: 69974
[2026/09/25 20:35:54:2059] N: WS   /ws - (unix skt), clients: 1
[2026/09/25 20:35:54:2060] N: WS   /ws - (unix skt), clients: 2
[2026/09/25 20:35:54:2060] N: WS   /ws - (unix skt), clients: 3
[2026/09/25 20:35:54:2061] N: WS   /ws - (unix skt), clients: 4
[2026/09/25 20:35:54:2061] N: WS   /ws - (unix skt), clients: 5
[2026/09/25 20:35:54:2061] N: WS   /ws - (unix skt), clients: 6
[2026/09/25 20:35:54:2062] N: WS   /ws - (unix skt), clients: 7
[2026/09/25 20:35:54:2062] N: WS   /ws - (unix skt), clients: 8
[2026/09/25 20:35:54:2062] N: WS   /ws - (unix skt), clients: 9
[2026/09/25 20:35:54:2062] N: WS   /ws - (unix skt), clients: 10
[2026/09/25 20:35:54:2088] N: started process, pid: 71024
[2026/09/25 20:35:54:2104] N: started process, pid: 71027
[2026/09/25 20:35:54:2127] N: started process, pid: 71030
[2026/09/25 20:35:54:2141] N: started process, pid: 71033
[2026/09/25 20:35:54:2180] N: started process, pid: 71036
[2026/09/25 20:35:54:2200] N: started process, pid: 71045
[2026/09/25 20:35:54:2229] N: started process, pid: 71052
[2026/09/25 20:35:54:2264] N: started process, pid: 71063
[2026/09/25 20:35:54:2306] N: started process, pid: 71071
[2026/09/25 20:35:54:2348] N: started process, pid: 71076
[2026/09/25 20:35:54:3995] N: WS closed from (unix skt), clients: 9
[2026/09/25 20:35:54:3996] N: killing process, pid: 71033
[2026/09/25 20:35:54:4000] N: process killed with signal 1, pid: 71033
[2026/09/25 20:35:54:6630] N: WS closed from (unix skt), clients: 8
[2026/09/25 20:35:54:6631] N: killing process, pid: 71071
[2026/09/25 20:35:54:6655] N: process killed with signal 1, pid: 71071
[2026/09/25 20:35:54:8016] N: WS closed from (unix skt), clients: 7
[2026/09/25 20:35:54:8017] N: killing process, pid: 71027
[2026/09/25 20:35:54:8018] N: WS closed from (unix skt), clients: 6
[2026/09/25 20:35:54:8018] N: killing process, pid: 71045
[2026/09/25 20:35:54:8019] N: WS closed from (unix skt), clients: 5
[2026/09/25 20:35:54:8019] N: killing process, pid: 71024
[2026/09/25 20:35:54:8031] N: process killed with signal 0, pid: 71024
[2026/09/25 20:35:54:8032] N: process killed with signal 0, pid: 71027
[2026/09/25 20:35:54:8032] N: process killed with signal 0, pid: 71045
[2026/09/25 20:35:54:8257] N: WS closed from (unix skt), clients: 4
[2026/09/25 20:35:54:8258] N: killing process, pid: 71052
[2026/09/25 20:35:54:8262] N: process killed with signal 0, pid: 71052
[2026/09/25 20:35:55:3021] N: WS closed from (unix skt), clients: 3
[2026/09/25 20:35:55:3022] N: killing process, pid: 71030
[2026/09/25 20:35:55:3023] N: WS closed from (unix skt), clients: 2
[2026/09/25 20:35:55:3023] N: killing process, pid: 71063
[2026/09/25 20:35:55:3031] N: process killed with signal 0, pid: 71030
[2026/09/25 20:35:55:3038] N: process killed with signal 0, pid: 71063
[2026/09/25 20:35:56:2086] N: WS closed from (unix skt), clients: 1
[2026/09/25 20:35:56:2087] N: killing process, pid: 71036
[2026/09/25 20:35:56:2087] N: WS closed from (unix skt), clients: 0
[2026/09/25 20:35:56:2087] N: killing process, pid: 71076
[2026/09/25 20:35:56:2096] N: process killed with signal 0, pid: 71036
[2026/09/25 20:35:56:2097] N: process killed with signal 0, pid: 71076
[2026/09/25 20:35:56:2164] N: WS   /ws - (unix skt), clients: 1
[2026/09/25 20:35:56:2164] N: WS   /ws - (unix skt), clients: 2
[2026/09/25 20:35:56:2164] N: WS   /ws - (unix skt), clients: 3
[2026/09/25 20:35:56:2164] N: WS   /ws - (unix skt), clients: 4
[2026/09/25 20:35:56:2164] N: WS   /ws - (unix skt), clients: 5
[2026/09/25 20:35:56:2164] N: WS   /ws - (unix skt), clients: 6
[2026/09/25 20:35:56:2164] N: WS   /ws - (unix skt), clients: 7
[2026/09/25 20:35:56:2165] N: WS   /ws - (unix skt), clients: 8
[2026/09/25 20:35:56:2165] N: WS   /ws - (unix skt), clients: 9
[2026/09/25 20:35:56:2165] N: WS   /ws - (unix skt), clients: 10
[2026/09/25 20:35:56:2179] N: started process, pid: 72913
[2026/09/25 20:35:56:2189] N: started process, pid: 72915
[2026/09/25 20:35:56:2200] N: started process, pid: 72916
[2026/09/25 20:35:56:2211] N: started process, pid: 72917
[2026/09/25 20:35:56:2219] N: started process, pid: 72918
[2026/09/25 20:35:56:2270] N: started process, pid: 72920
[2026/09/25 20:35:56:2300] N: started process, pid: 72935
[2026/09/25 20:35:56:2323] N: started process, pid: 72945
[2026/09/25 20:35:56:2347] N: started process, pid: 72954
[2026/09/25 20:35:56:2370] N: started process, pid: 72964
[2026/09/25 20:35:56:5934] N: WS closed from (unix skt), clients: 9
[2026/09/25 20:35:56:5935] N: killing process, pid: 72913
[2026/09/25 20:35:56:6177] N: WS closed from (unix skt), clients: 8
[2026/09/25 20:35:56:6177] N: killing process, pid: 72917
[2026/09/25 20:35:56:6181] N: process killed with signal 1, pid: 72917
[2026/09/25 20:35:56:8621] N: process killed with signal 0, pid: 72913
[2026/09/25 20:35:56:8684] N: WS closed from (unix skt), clients: 7
[2026/09/25 20:35:56:8684] N: killing process, pid: 72954
[2026/09/25 20:35:56:8741] N: process killed with signal 1, pid: 72954
[2026/09/25 20:35:56:9011] N: WS closed from (unix skt), clients: 6
[2026/09/25 20:35:56:9012] N: killing process, pid: 72920
[2026/09/25 20:35:56:9040] N: process killed with signal 0, pid: 72920
[2026/09/25 20:35:56:9935] N: WS closed from (unix skt), clients: 5
[2026/09/25 20:35:56:9935] N: killing process, pid: 72915
[2026/09/25 20:35:56:9943] N: process killed with signal 0, pid: 72915
[2026/09/25 20:35:57:0339] N: WS closed from (unix skt), clients: 4
[2026/09/25 20:35:57:0339] N: killing process, pid: 72935
[2026/09/25 20:35:57:0346] N: process killed with signal 0, pid: 72935
[2026/09/25 20:35:57:1814] N: WS closed from (unix skt), clients: 3
[2026/09/25 20:35:57:1815] N: killing process, pid: 72916
[2026/09/25 20:35:57:1828] N: process killed with signal 0, pid: 72916
[2026/09/25 20:35:57:5769] N: WS closed from (unix skt), clients: 2
[2026/09/25 20:35:57:5769] N: killing process, pid: 72945
[2026/09/25 20:35:57:5776] N: process killed with signal 0, pid: 72945
[2026/09/25 20:35:58:2184] N: WS closed from (unix skt), clients: 1
[2026/09/25 20:35:58:2185] N: killing process, pid: 72918
[2026/09/25 20:35:58:2185] N: WS closed from (unix skt), clients: 0
[2026/09/25 20:35:58:2185] N: killing process, pid: 72964
[2026/09/25 20:35:58:2192] N: process killed with signal 0, pid: 72918
[2026/09/25 20:35:58:2202] N: process killed with signal 0, pid: 72964
[2026/09/25 20:35:58:2289] N: WS   /ws - (unix skt), clients: 1
[2026/09/25 20:35:58:2289] N: WS   /ws - (unix skt), clients: 2
[2026/09/25 20:35:58:2290] N: WS   /ws - (unix skt), clients: 3
[2026/09/25 20:35:58:2290] N: WS   /ws - (unix skt), clients: 4
[2026/09/25 20:35:58:2290] N: WS   /ws - (unix skt), clients: 5
[2026/09/25 20:35:58:2290] N: WS   /ws - (unix skt), clients: 6
[2026/09/25 20:35:58:2290] N: WS   /ws - (unix skt), clients: 7
[2026/09/25 20:35:58:2290] N: WS   /ws - (unix skt), clients: 8
[2026/09/25 20:35:58:2291] N: WS   /ws - (unix skt), clients: 9
[2026/09/25 20:35:58:2291] N: WS   /ws - (unix skt), clients: 10
[2026/09/25 20:35:58:2304] N: started process, pid: 73709
[2026/09/25 20:35:58:2314] N: started process, pid: 73710
[2026/09/25 20:35:58:2325] N: started process, pid: 73711
[2026/09/25 20:35:58:2338] N: started process, pid: 73713
[2026/09/25 20:35:58:2350] N: started process, pid: 73714
[2026/09/25 20:35:58:2357] N: started process, pid: 73716
[2026/09/25 20:35:58:2365] N: started process, pid: 73722
[2026/09/25 20:35:58:2382] N: started process, pid: 73726
[2026/09/25 20:35:58:2396] N: started process, pid: 73738
[2026/09/25 20:35:58:2415] N: started process, pid: 73742
[2026/09/25 20:35:58:4410] N: WS closed from (unix skt), clients: 9
[2026/09/25 20:35:58:4410] N: killing process, pid: 73713
[2026/09/25 20:35:58:4414] N: process killed with signal 1, pid: 73713
[2026/09/25 20:35:58:5720] N: WS closed from (unix skt), clients: 8
[2026/09/25 20:35:58:5720] N: killing process, pid: 73710
[2026/09/25 20:35:58:5726] N: process killed with signal 0, pid: 73710
[2026/09/25 20:35:58:5913] N: WS closed from (unix skt), clients: 7
[2026/09/25 20:35:58:5914] N: killing process, pid: 73738
[2026/09/25 20:35:58:5919] N: process killed with signal 1, pid: 73738
[2026/09/25 20:35:58:6745] N: WS closed from (unix skt), clients: 6
[2026/09/25 20:35:58:6746] N: killing process, pid: 73709
[2026/09/25 20:35:58:6761] N: process killed with signal 0, pid: 73709
[2026/09/25 20:35:58:7012] N: WS closed from (unix skt), clients: 5
[2026/09/25 20:35:58:7012] N: killing process, pid: 73716
[2026/09/25 20:35:58:7019] N: process killed with signal 0, pid: 73716
[2026/09/25 20:35:58:7666] N: WS closed from (unix skt), clients: 4
[2026/09/25 20:35:58:7667] N: killing process, pid: 73722
[2026/09/25 20:35:58:7676] N: process killed with signal 0, pid: 73722
[2026/09/25 20:35:59:1167] N: WS closed from (unix skt), clients: 3
[2026/09/25 20:35:59:1167] N: killing process, pid: 73711
[2026/09/25 20:35:59:1175] N: process killed with signal 0, pid: 73711
[2026/09/25 20:35:59:2963] N: WS closed from (unix skt), clients: 2
[2026/09/25 20:35:59:2963] N: killing process, pid: 73726
[2026/09/25 20:35:59:2970] N: process killed with signal 0, pid: 73726
[2026/09/25 20:36:00:2315] N: WS closed from (unix skt), clients: 1
[2026/09/25 20:36:00:2316] N: killing process, pid: 73714
[2026/09/25 20:36:00:2316] N: WS closed from (unix skt), clients: 0
[2026/09/25 20:36:00:2316] N: killing process, pid: 73742
[2026/09/25 20:36:00:2321] N: process killed with signal 0, pid: 73742
[2026/09/25 20:36:00:2325] N: process killed with signal 0, pid: 73714
[2026/09/25 20:36:00:2403] N: WS   /ws - (unix skt), clients: 1
[2026/09/25 20:36:00:2403] N: WS   /ws - (unix skt), clients: 2
[2026/09/25 20:36:00:2403] N: WS   /ws - (unix skt), clients: 3
[2026/09/25 20:36:00:2403] N: WS   /ws - (unix skt), clients: 4
[2026/09/25 20:36:00:2403] N: WS   /ws - (unix skt), clients: 5
[2026/09/25 20:36:00:2403] N: WS   /ws - (unix skt), clients: 6
[2026/09/25 20:36:00:2403] N: WS   /ws - (unix skt), clients: 7
[2026/09/25 20:36:00:2404] N: WS   /ws - (unix skt), clients: 8
[2026/09/25 20:36:00:2404] N: WS   /ws - (unix skt), clients: 9
[2026/09/25 20:36:00:2404] N: WS   /ws - (unix skt), clients: 10
[2026/09/25 20:36:00:2415] N: started process, pid: 74308
[2026/09/25 20:36:00:2422] N: started process, pid: 74309
[2026/09/25 20:36:00:2429] N: started process, pid: 74310
[2026/09/25 20:36:00:2444] N: started process, pid: 74312
[2026/09/25 20:36:00:2453] N: started process, pid: 74313
[2026/09/25 20:36:00:2463] N: started process, pid: 74314
[2026/09/25 20:36:00:2477] N: started process, pid: 74319
[2026/09/25 20:36:00:2489] N: started process, pid: 74326
[2026/09/25 20:36:00:2510] N: started process, pid: 74333
[2026/09/25 20:36:00:2521] N: started process, pid: 74337
[2026/09/25 20:36:00:3945] N: WS closed from (unix skt), clients: 9
[2026/09/25 20:36:00:3946] N: killing process, pid: 74310
[2026/09/25 20:36:00:3951] N: process killed with signal 1, pid: 74310
[2026/09/25 20:36:00:6264] N: WS closed from (unix skt), clients: 8
[2026/09/25 20:36:00:6266] N: killing process, pid: 74308
[2026/09/25 20:36:00:6699] N: process killed with signal 0, pid: 74308
[2026/09/25 20:36:00:6709] N: WS closed from (unix skt), clients: 7
[2026/09/25 20:36:00:6709] N: killing process, pid: 74333
[2026/09/25 20:36:00:6713] N: process killed with signal 1, pid: 74333
[2026/09/25 20:36:00:7784] N: WS closed from (unix skt), clients: 6
[2026/09/25 20:36:00:7785] N: killing process, pid: 74319
[2026/09/25 20:36:00:7794] N: process killed with signal 0, pid: 74319
[2026/09/25 20:36:00:8110] N: WS closed from (unix skt), clients: 5
[2026/09/25 20:36:00:8111] N: killing process, pid: 74314
[2026/09/25 20:36:00:8119] N: process killed with signal 0, pid: 74314
[2026/09/25 20:36:00:8705] N: WS closed from (unix skt), clients: 4
[2026/09/25 20:36:00:8705] N: killing process, pid: 74313
[2026/09/25 20:36:00:8713] N: process killed with signal 0, pid: 74313
[2026/09/25 20:36:01:1271] N: WS closed from (unix skt), clients: 3
[2026/09/25 20:36:01:1272] N: killing process, pid: 74309
[2026/09/25 20:36:01:1281] N: process killed with signal 0, pid: 74309
[2026/09/25 20:36:01:3758] N: WS closed from (unix skt), clients: 2
[2026/09/25 20:36:01:3758] N: killing process, pid: 74326
[2026/09/25 20:36:01:3768] N: process killed with signal 0, pid: 74326
[2026/09/25 20:36:02:2400] N: WS closed from (unix skt), clients: 1
[2026/09/25 20:36:02:2401] N: killing process, pid: 74312
[2026/09/25 20:36:02:2402] N: WS closed from (unix skt), clients: 0
[2026/09/25 20:36:02:2402] N: killing process, pid: 74337
[2026/09/25 20:36:02:2409] N: process killed with signal 0, pid: 74312
[2026/09/25 20:36:02:2415] N: process killed with signal 0, pid: 74337
[2026/09/25 20:36:02:2534] N: WS   /ws - (unix skt), clients: 1
[2026/09/25 20:36:02:2534] N: WS   /ws - (unix skt), clients: 2
[2026/09/25 20:36:02:2534] N: WS   /ws - (unix skt), clients: 3
[2026/09/25 20:36:02:2534] N: WS   /ws - (unix skt), clients: 4
[2026/09/25 20:36:02:2534] N: WS   /ws - (unix skt), clients: 5
[2026/09/25 20:36:02:2534] N: WS   /ws - (unix skt), clients: 6
[2026/09/25 20:36:02:2534] N: WS   /ws - (unix skt), clients: 7
[2026/09/25 20:36:02:2534] N: WS   /ws - (unix skt), clients: 8
[2026/09/25 20:36:02:2534] N: WS   /ws - (unix skt), clients: 9
[2026/09/25 20:36:02:2534] N: WS   /ws - (unix skt), clients: 10
[2026/09/25 20:36:02:2548] N: started process, pid: 75095
[2026/09/25 20:36:02:2561] N: started process, pid: 75099
[2026/09/25 20:36:02:2575] N: started process, pid: 75100
[2026/09/25 20:36:02:2587] N: started process, pid: 75103
[2026/09/25 20:36:02:2603] N: started process, pid: 75104
[2026/09/25 20:36:02:2617] N: started process, pid: 75105
[2026/09/25 20:36:02:2626] N: started process, pid: 75109
[2026/09/25 20:36:02:2639] N: started process, pid: 75113
[2026/09/25 20:36:02:2663] N: started process, pid: 75117
[2026/09/25 20:36:02:2677] N: started process, pid: 75121
[2026/09/25 20:36:02:5608] N: WS closed from (unix skt), clients: 9
[2026/09/25 20:36:02:5608] N: killing process, pid: 75103
[2026/09/25 20:36:02:5632] N: process killed with signal 1, pid: 75103
[2026/09/25 20:36:02:6323] N: WS closed from (unix skt), clients: 8
[2026/09/25 20:36:02:6324] N: killing process, pid: 75099
[2026/09/25 20:36:02:6324] N: WS closed from (unix skt), clients: 7
[2026/09/25 20:36:02:6324] N: killing process, pid: 75095
[2026/09/25 20:36:02:6330] N: process killed with signal 0, pid: 75099
[2026/09/25 20:36:02:7125] N: process killed with signal 0, pid: 75095
[2026/09/25 20:36:02:7126] N: WS closed from (unix skt), clients: 6
[2026/09/25 20:36:02:7127] N: killing process, pid: 75117
[2026/09/25 20:36:02:7130] N: process killed with signal 1, pid: 75117
[2026/09/25 20:36:02:8217] N: WS closed from (unix skt), clients: 5
[2026/09/25 20:36:02:8217] N: killing process, pid: 75109
[2026/09/25 20:36:02:8226] N: process killed with signal 0, pid: 75109
[2026/09/25 20:36:02:9152] N: WS closed from (unix skt), clients: 4
[2026/09/25 20:36:02:9152] N: killing process, pid: 75105
[2026/09/25 20:36:02:9160] N: process killed with signal 0, pid: 75105
[2026/09/25 20:36:03:2635] N: WS closed from (unix skt), clients: 3
[2026/09/25 20:36:03:2636] N: killing process, pid: 75100
[2026/09/25 20:36:03:2645] N: process killed with signal 0, pid: 75100
[2026/09/25 20:36:03:2957] N: WS closed from (unix skt), clients: 2
[2026/09/25 20:36:03:2957] N: killing process, pid: 75113
[2026/09/25 20:36:03:2962] N: process killed with signal 0, pid: 75113
[2026/09/25 20:36:04:2557] N: WS closed from (unix skt), clients: 1
[2026/09/25 20:36:04:2558] N: killing process, pid: 75104
[2026/09/25 20:36:04:2558] N: WS closed from (unix skt), clients: 0
[2026/09/25 20:36:04:2558] N: killing process, pid: 75121
[2026/09/25 20:36:04:2567] N: process killed with signal 0, pid: 75104
[2026/09/25 20:36:04:2568] N: process killed with signal 0, pid: 75121
[2026/09/25 20:36:04:2650] N: WS   /ws - (unix skt), clients: 1
[2026/09/25 20:36:04:2650] N: WS   /ws - (unix skt), clients: 2
[2026/09/25 20:36:04:2651] N: WS   /ws - (unix skt), clients: 3
[2026/09/25 20:36:04:2651] N: WS   /ws - (unix skt), clients: 4
[2026/09/25 20:36:04:2651] N: WS   /ws - (unix skt), clients: 5
[2026/09/25 20:36:04:2651] N: WS   /ws - (unix skt), clients: 6
[2026/09/25 20:36:04:2651] N: WS   /ws - (unix skt), clients: 7
[2026/09/25 20:36:04:2652] N: WS   /ws - (unix skt), clients: 8
[2026/09/25 20:36:04:2652] N: WS   /ws - (unix skt), clients: 9
[2026/09/25 20:36:04:2652] N: WS   /ws - (unix skt), clients: 10
[2026/09/25 20:36:04:2665] N: started process, pid: 75764
[2026/09/25 20:36:04:2672] N: started process, pid: 75765
[2026/09/25 20:36:04:2678] N: started process, pid: 75766
[2026/09/25 20:36:04:2683] N: started process, pid: 75767
[2026/09/25 20:36:04:2694] N: started process, pid: 75768
[2026/09/25 20:36:04:2702] N: started process, pid: 75769
[2026/09/25 20:36:04:2716] N: started process, pid: 75773
[2026/09/25 20:36:04:2737] N: started process, pid: 75780
[2026/09/25 20:36:04:2746] N: started process, pid: 75788
[2026/09/25 20:36:04:2760] N: started process, pid: 75791
[2026/09/25 20:36:04:4230] N: WS closed from (unix skt), clients: 9
[2026/09/25 20:36:04:4230] N: killing process, pid: 75766
[2026/09/25 20:36:04:4234] N: process killed with signal 1, pid: 75766
[2026/09/25 20:36:04:5244] N: WS closed from (unix skt), clients: 8
[2026/09/25 20:36:04:5244] N: killing process, pid: 75788
[2026/09/25 20:36:04:5261] N: process killed with signal 1, pid: 75788
[2026/09/25 20:36:04:6253] N: WS closed from (unix skt), clients: 7
[2026/09/25 20:36:04:6253] N: killing process, pid: 75764
[2026/09/25 20:36:04:6258] N: process killed with signal 0, pid: 75764
[2026/09/25 20:36:04:6705] N: WS closed from (unix skt), clients: 6
[2026/09/25 20:36:04:6705] N: killing process, pid: 75768
[2026/09/25 20:36:04:6709] N: process killed with signal 0, pid: 75768
[2026/09/25 20:36:04:6936] N: WS closed from (unix skt), clients: 5
[2026/09/25 20:36:04:6937] N: killing process, pid: 75769
[2026/09/25 20:36:04:6943] N: process killed with signal 0, pid: 75769
[2026/09/25 20:36:04:7162] N: WS closed from (unix skt), clients: 4
[2026/09/25 20:36:04:7162] N: killing process, pid: 75773
[2026/09/25 20:36:04:7166] N: process killed with signal 0, pid: 75773
[2026/09/25 20:36:05:1020] N: WS closed from (unix skt), clients: 3
[2026/09/25 20:36:05:1020] N: killing process, pid: 75765
[2026/09/25 20:36:05:1024] N: process killed with signal 0, pid: 75765
[2026/09/25 20:36:05:1932] N: WS closed from (unix skt), clients: 2
[2026/09/25 20:36:05:1933] N: killing process, pid: 75780
[2026/09/25 20:36:05:1938] N: process killed with signal 0, pid: 75780
[2026/09/25 20:36:06:2669] N: WS closed from (unix skt), clients: 1
[2026/09/25 20:36:06:2669] N: killing process, pid: 75767
[2026/09/25 20:36:06:2669] N: WS closed from (unix skt), clients: 0
[2026/09/25 20:36:06:2670] N: killing process, pid: 75791
[2026/09/25 20:36:06:2679] N: process killed with signal 0, pid: 75767
[2026/09/25 20:36:06:2679] N: process killed with signal 0, pid: 75791
[2026/09/25 20:36:06:2754] N: WS   /ws - (unix skt), clients: 1
[2026/09/25 20:36:06:2754] N: WS   /ws - (unix skt), clients: 2
[2026/09/25 20:36:06:2754] N: WS   /ws - (unix skt), clients: 3
[2026/09/25 20:36:06:2754] N: WS   /ws - (unix skt), clients: 4
[2026/09/25 20:36:06:2754] N: WS   /ws - (unix skt), clients: 5
[2026/09/25 20:36:06:2754] N: WS   /ws - (unix skt), clients: 6
[2026/09/25 20:36:06:2754] N: WS   /ws - (unix skt), clients: 7
[2026/09/25 20:36:06:2755] N: WS   /ws - (unix skt), clients: 8
[2026/09/25 20:36:06:2755] N: WS   /ws - (unix skt), clients: 9
[2026/09/25 20:36:06:2755] N: WS   /ws - (unix skt), clients: 10
[2026/09/25 20:36:06:2767] N: started process, pid: 76419
[2026/09/25 20:36:06:2773] N: started process, pid: 76420
[2026/09/25 20:36:06:2778] N: started process, pid: 76421
[2026/09/25 20:36:06:2785] N: started process, pid: 76422
[2026/09/25 20:36:06:2793] N: started process, pid: 76423
[2026/09/25 20:36:06:2803] N: started process, pid: 76424
[2026/09/25 20:36:06:2812] N: started process, pid: 76426
[2026/09/25 20:36:06:2841] N: started process, pid: 76434
[2026/09/25 20:36:06:2858] N: started process, pid: 76444
[2026/09/25 20:36:06:2880] N: started process, pid: 76450
[2026/09/25 20:36:06:3408] N: WS closed from (unix skt), clients: 9
[2026/09/25 20:36:06:3408] N: killing process, pid: 76421
[2026/09/25 20:36:06:3412] N: process killed with signal 1, pid: 76421
[2026/09/25 20:36:06:5172] N: WS closed from (unix skt), clients: 8
[2026/09/25 20:36:06:5173] N: killing process, pid: 76444
[2026/09/25 20:36:06:5177] N: process killed with signal 1, pid: 76444
[2026/09/25 20:36:06:6194] N: WS closed from (unix skt), clients: 7
[2026/09/25 20:36:06:6194] N: killing process, pid: 76419
[2026/09/25 20:36:06:6198] N: process killed with signal 0, pid: 76419
[2026/09/25 20:36:06:6576] N: WS closed from (unix skt), clients: 6
[2026/09/25 20:36:06:6576] N: killing process, pid: 76423
[2026/09/25 20:36:06:6581] N: process killed with signal 0, pid: 76423
[2026/09/25 20:36:06:7191] N: WS closed from (unix skt), clients: 5
[2026/09/25 20:36:06:7191] N: killing process, pid: 76424
[2026/09/25 20:36:06:7197] N: process killed with signal 0, pid: 76424
[2026/09/25 20:36:06:7392] N: WS closed from (unix skt), clients: 4
[2026/09/25 20:36:06:7392] N: killing process, pid: 76426
[2026/09/25 20:36:06:7397] N: process killed with signal 0, pid: 76426
[2026/09/25 20:36:07:1407] N: WS closed from (unix skt), clients: 3
[2026/09/25 20:36:07:1408] N: killing process, pid: 76420
[2026/09/25 20:36:07:1412] N: process killed with signal 0, pid: 76420
[2026/09/25 20:36:07:1986] N: WS closed from (unix skt), clients: 2
[2026/09/25 20:36:07:1987] N: killing process, pid: 76434
[2026/09/25 20:36:07:1995] N: process killed with signal 0, pid: 76434
[2026/09/25 20:36:08:2776] N: WS closed from (unix skt), clients: 1
[2026/09/25 20:36:08:2776] N: killing process, pid: 76422
[2026/09/25 20:36:08:2776] N: WS closed from (unix skt), clients: 0
[2026/09/25 20:36:08:2776] N: killing process, pid: 76450
[2026/09/25 20:36:08:2790] N: process killed with signal 0, pid: 76422
[2026/09/25 20:36:08:2791] N: process killed with signal 0, pid: 76450
[2026/09/25 22:36:43:9216] N: received signal: SIGTERM (15), exiting...
[2026/09/25 22:36:43:9217] N: send ^C to force exit.
