[2026/09/25 17:50:01:6898] N: ttyd 1.7.7-unknown (libwebsockets 4.5.2-unknown)
[2026/09/25 17:50:01:6901] N: tty configuration:
[2026/09/25 17:50:01:6901] N:   start command: /tmp/tcc-muhoaejx/attach.sh
[2026/09/25 17:50:01:6901] N:   close signal: SIGHUP (1)
[2026/09/25 17:50:01:6901] N:   terminal type: xterm-256color
[2026/09/25 17:50:01:6901] N:   allow url arg: true
[2026/09/25 17:50:01:6901] N: lws_create_context: LWS: 4.5.2-unknown, NET CLI SRV H1 H2 WS SS-JSON-POL ConMon IPV6-off
[2026/09/25 17:50:01:6914] N: elops_init_pt_uv:  Using foreign event loop...
[2026/09/25 17:50:01:6925] N: [null wsi]: lws_socket_bind: vh default unix skt /tmp/tcc-muhoaejx/ttyd.sock perms 4294967295:4294967295
[2026/09/25 17:50:01:6926] N: [vh|2|default|/tmp/tcc-muhoaejx/ttyd.sock|/tmp/tcc-muhoaejx/tt]: lws_socket_bind: source ads (unix skt)
[2026/09/25 17:50:01:6926] N:  Listening on port: 0
[2026/09/25 17:50:01:7190] N: WS   /ws - (unix skt), clients: 1
[2026/09/25 17:50:01:7191] N: WS   /ws - (unix skt), clients: 2
[2026/09/25 17:50:01:7191] N: WS   /ws - (unix skt), clients: 3
[2026/09/25 17:50:01:7191] N: WS   /ws - (unix skt), clients: 4
[2026/09/25 17:50:01:7191] N: WS   /ws - (unix skt), clients: 5
[2026/09/25 17:50:01:7191] N: WS   /ws - (unix skt), clients: 6
[2026/09/25 17:50:01:7191] N: WS   /ws - (unix skt), clients: 7
[2026/09/25 17:50:01:7191] N: WS   /ws - (unix skt), clients: 8
[2026/09/25 17:50:01:7192] N: WS   /ws - (unix skt), clients: 9
[2026/09/25 17:50:01:7193] N: WS   /ws - (unix skt), clients: 10
[2026/09/25 17:50:01:7204] N: started process, pid: 86910
[2026/09/25 17:50:01:7211] N: started process, pid: 86911
[2026/09/25 17:50:01:7215] N: started process, pid: 86912
[2026/09/25 17:50:01:7221] N: started process, pid: 86913
[2026/09/25 17:50:01:7226] N: started process, pid: 86914
[2026/09/25 17:50:01:7230] N: started process, pid: 86915
[2026/09/25 17:50:01:7234] N: started process, pid: 86916
[2026/09/25 17:50:01:7238] N: started process, pid: 86917
[2026/09/25 17:50:01:7243] N: started process, pid: 86918
[2026/09/25 17:50:01:7248] N: started process, pid: 86919
[2026/09/25 17:50:01:9842] N: WS closed from (unix skt), clients: 9
[2026/09/25 17:50:01:9843] N: killing process, pid: 86913
[2026/09/25 17:50:01:9845] N: process killed with signal 1, pid: 86913
[2026/09/25 17:50:02:0416] N: WS closed from (unix skt), clients: 8
[2026/09/25 17:50:02:0416] N: killing process, pid: 86918
[2026/09/25 17:50:02:0419] N: process killed with signal 1, pid: 86918
[2026/09/25 17:50:02:1976] N: WS closed from (unix skt), clients: 7
[2026/09/25 17:50:02:1976] N: killing process, pid: 86911
[2026/09/25 17:50:02:1976] N: WS closed from (unix skt), clients: 6
[2026/09/25 17:50:02:1976] N: killing process, pid: 86916
[2026/09/25 17:50:02:1981] N: process killed with signal 0, pid: 86916
[2026/09/25 17:50:02:1981] N: process killed with signal 0, pid: 86911
[2026/09/25 17:50:02:2223] N: WS closed from (unix skt), clients: 5
[2026/09/25 17:50:02:2223] N: killing process, pid: 86915
[2026/09/25 17:50:02:2228] N: process killed with signal 0, pid: 86915
[2026/09/25 17:50:02:2410] N: WS closed from (unix skt), clients: 4
[2026/09/25 17:50:02:2410] N: killing process, pid: 86910
[2026/09/25 17:50:02:2415] N: process killed with signal 0, pid: 86910
[2026/09/25 17:50:02:6995] N: WS closed from (unix skt), clients: 3
[2026/09/25 17:50:02:6996] N: killing process, pid: 86912
[2026/09/25 17:50:02:7013] N: process killed with signal 0, pid: 86912
[2026/09/25 17:50:02:7123] N: WS closed from (unix skt), clients: 2
[2026/09/25 17:50:02:7124] N: killing process, pid: 86917
[2026/09/25 17:50:02:7135] N: process killed with signal 0, pid: 86917
[2026/09/25 17:50:03:7210] N: WS closed from (unix skt), clients: 1
[2026/09/25 17:50:03:7211] N: killing process, pid: 86914
[2026/09/25 17:50:03:7211] N: WS closed from (unix skt), clients: 0
[2026/09/25 17:50:03:7211] N: killing process, pid: 86919
[2026/09/25 17:50:03:7226] N: process killed with signal 0, pid: 86914
[2026/09/25 17:50:03:7227] N: process killed with signal 0, pid: 86919
[2026/09/25 17:50:03:7365] N: WS   /ws - (unix skt), clients: 1
[2026/09/25 17:50:03:7365] N: WS   /ws - (unix skt), clients: 2
[2026/09/25 17:50:03:7366] N: WS   /ws - (unix skt), clients: 3
[2026/09/25 17:50:03:7366] N: WS   /ws - (unix skt), clients: 4
[2026/09/25 17:50:03:7366] N: WS   /ws - (unix skt), clients: 5
[2026/09/25 17:50:03:7366] N: WS   /ws - (unix skt), clients: 6
[2026/09/25 17:50:03:7366] N: WS   /ws - (unix skt), clients: 7
[2026/09/25 17:50:03:7366] N: WS   /ws - (unix skt), clients: 8
[2026/09/25 17:50:03:7366] N: WS   /ws - (unix skt), clients: 9
[2026/09/25 17:50:03:7367] N: WS   /ws - (unix skt), clients: 10
[2026/09/25 17:50:03:7376] N: started process, pid: 87295
[2026/09/25 17:50:03:7383] N: started process, pid: 87296
[2026/09/25 17:50:03:7389] N: started process, pid: 87297
[2026/09/25 17:50:03:7397] N: started process, pid: 87298
[2026/09/25 17:50:03:7406] N: started process, pid: 87299
[2026/09/25 17:50:03:7413] N: started process, pid: 87300
[2026/09/25 17:50:03:7422] N: started process, pid: 87301
[2026/09/25 17:50:03:7436] N: started process, pid: 87302
[2026/09/25 17:50:03:7445] N: started process, pid: 87308
[2026/09/25 17:50:03:7451] N: started process, pid: 87313
[2026/09/25 17:50:03:8510] N: WS closed from (unix skt), clients: 9
[2026/09/25 17:50:03:8510] N: killing process, pid: 87298
[2026/09/25 17:50:03:8513] N: process killed with signal 1, pid: 87298
[2026/09/25 17:50:03:9017] N: WS closed from (unix skt), clients: 8
[2026/09/25 17:50:03:9017] N: killing process, pid: 87308
[2026/09/25 17:50:03:9026] N: process killed with signal 1, pid: 87308
[2026/09/25 17:50:04:0376] N: WS closed from (unix skt), clients: 7
[2026/09/25 17:50:04:0377] N: killing process, pid: 87296
[2026/09/25 17:50:04:0381] N: process killed with signal 0, pid: 87296
[2026/09/25 17:50:04:0529] N: WS closed from (unix skt), clients: 6
[2026/09/25 17:50:04:0529] N: killing process, pid: 87295
[2026/09/25 17:50:04:0533] N: process killed with signal 0, pid: 87295
[2026/09/25 17:50:04:0625] N: WS closed from (unix skt), clients: 5
[2026/09/25 17:50:04:0625] N: killing process, pid: 87300
[2026/09/25 17:50:04:0629] N: process killed with signal 0, pid: 87300
[2026/09/25 17:50:04:1177] N: WS closed from (unix skt), clients: 4
[2026/09/25 17:50:04:1177] N: killing process, pid: 87301
[2026/09/25 17:50:04:1182] N: process killed with signal 0, pid: 87301
[2026/09/25 17:50:04:5541] N: WS closed from (unix skt), clients: 3
[2026/09/25 17:50:04:5542] N: killing process, pid: 87297
[2026/09/25 17:50:04:5546] N: process killed with signal 0, pid: 87297
[2026/09/25 17:50:04:6193] N: WS closed from (unix skt), clients: 2
[2026/09/25 17:50:04:6194] N: killing process, pid: 87302
[2026/09/25 17:50:04:6202] N: process killed with signal 0, pid: 87302
[2026/09/25 17:50:05:7392] N: WS closed from (unix skt), clients: 1
[2026/09/25 17:50:05:7393] N: killing process, pid: 87299
[2026/09/25 17:50:05:7394] N: WS closed from (unix skt), clients: 0
[2026/09/25 17:50:05:7394] N: killing process, pid: 87313
[2026/09/25 17:50:05:7406] N: process killed with signal 0, pid: 87299
[2026/09/25 17:50:05:7432] N: process killed with signal 0, pid: 87313
[2026/09/25 17:50:05:7627] N: WS   /ws - (unix skt), clients: 1
[2026/09/25 17:50:05:7627] N: WS   /ws - (unix skt), clients: 2
[2026/09/25 17:50:05:7627] N: WS   /ws - (unix skt), clients: 3
[2026/09/25 17:50:05:7627] N: WS   /ws - (unix skt), clients: 4
[2026/09/25 17:50:05:7628] N: WS   /ws - (unix skt), clients: 5
[2026/09/25 17:50:05:7628] N: WS   /ws - (unix skt), clients: 6
[2026/09/25 17:50:05:7628] N: WS   /ws - (unix skt), clients: 7
[2026/09/25 17:50:05:7628] N: WS   /ws - (unix skt), clients: 8
[2026/09/25 17:50:05:7628] N: WS   /ws - (unix skt), clients: 9
[2026/09/25 17:50:05:7628] N: WS   /ws - (unix skt), clients: 10
[2026/09/25 17:50:05:7643] N: started process, pid: 87674
[2026/09/25 17:50:05:7651] N: started process, pid: 87675
[2026/09/25 17:50:05:7661] N: started process, pid: 87676
[2026/09/25 17:50:05:7675] N: started process, pid: 87677
[2026/09/25 17:50:05:7686] N: started process, pid: 87678
[2026/09/25 17:50:05:7695] N: started process, pid: 87679
[2026/09/25 17:50:05:7709] N: started process, pid: 87680
[2026/09/25 17:50:05:7728] N: started process, pid: 87685
[2026/09/25 17:50:05:7738] N: started process, pid: 87694
[2026/09/25 17:50:05:7765] N: started process, pid: 87699
[2026/09/25 17:50:05:8799] N: WS closed from (unix skt), clients: 9
[2026/09/25 17:50:05:8799] N: killing process, pid: 87677
[2026/09/25 17:50:05:8803] N: process killed with signal 1, pid: 87677
[2026/09/25 17:50:05:9414] N: WS closed from (unix skt), clients: 8
[2026/09/25 17:50:05:9414] N: killing process, pid: 87694
[2026/09/25 17:50:05:9416] N: process killed with signal 1, pid: 87694
[2026/09/25 17:50:06:0693] N: WS closed from (unix skt), clients: 7
[2026/09/25 17:50:06:0693] N: killing process, pid: 87674
[2026/09/25 17:50:06:0697] N: process killed with signal 0, pid: 87674
[2026/09/25 17:50:06:0807] N: WS closed from (unix skt), clients: 6
[2026/09/25 17:50:06:0808] N: killing process, pid: 87675
[2026/09/25 17:50:06:0811] N: process killed with signal 0, pid: 87675
[2026/09/25 17:50:06:1188] N: WS closed from (unix skt), clients: 5
[2026/09/25 17:50:06:1189] N: killing process, pid: 87680
[2026/09/25 17:50:06:1192] N: process killed with signal 0, pid: 87680
[2026/09/25 17:50:06:1310] N: WS closed from (unix skt), clients: 4
[2026/09/25 17:50:06:1310] N: killing process, pid: 87679
[2026/09/25 17:50:06:1315] N: process killed with signal 0, pid: 87679
[2026/09/25 17:50:06:5561] N: WS closed from (unix skt), clients: 3
[2026/09/25 17:50:06:5561] N: killing process, pid: 87676
[2026/09/25 17:50:06:5568] N: process killed with signal 0, pid: 87676
[2026/09/25 17:50:06:6445] N: WS closed from (unix skt), clients: 2
[2026/09/25 17:50:06:6446] N: killing process, pid: 87685
[2026/09/25 17:50:06:6456] N: process killed with signal 0, pid: 87685
[2026/09/25 17:50:07:7635] N: WS closed from (unix skt), clients: 1
[2026/09/25 17:50:07:7636] N: killing process, pid: 87678
[2026/09/25 17:50:07:7636] N: WS closed from (unix skt), clients: 0
[2026/09/25 17:50:07:7636] N: killing process, pid: 87699
[2026/09/25 17:50:07:7652] N: process killed with signal 0, pid: 87678
[2026/09/25 17:50:07:7653] N: process killed with signal 0, pid: 87699
[2026/09/25 17:50:07:7779] N: WS   /ws - (unix skt), clients: 1
[2026/09/25 17:50:07:7780] N: WS   /ws - (unix skt), clients: 2
[2026/09/25 17:50:07:7781] N: WS   /ws - (unix skt), clients: 3
[2026/09/25 17:50:07:7781] N: WS   /ws - (unix skt), clients: 4
[2026/09/25 17:50:07:7781] N: WS   /ws - (unix skt), clients: 5
[2026/09/25 17:50:07:7781] N: WS   /ws - (unix skt), clients: 6
[2026/09/25 17:50:07:7781] N: WS   /ws - (unix skt), clients: 7
[2026/09/25 17:50:07:7781] N: WS   /ws - (unix skt), clients: 8
[2026/09/25 17:50:07:7781] N: WS   /ws - (unix skt), clients: 9
[2026/09/25 17:50:07:7782] N: WS   /ws - (unix skt), clients: 10
[2026/09/25 17:50:07:7791] N: started process, pid: 88083
[2026/09/25 17:50:07:7797] N: started process, pid: 88084
[2026/09/25 17:50:07:7803] N: started process, pid: 88085
[2026/09/25 17:50:07:7812] N: started process, pid: 88086
[2026/09/25 17:50:07:7821] N: started process, pid: 88087
[2026/09/25 17:50:07:7829] N: started process, pid: 88088
[2026/09/25 17:50:07:7846] N: started process, pid: 88089
[2026/09/25 17:50:07:7860] N: started process, pid: 88092
[2026/09/25 17:50:07:7872] N: started process, pid: 88102
[2026/09/25 17:50:07:7889] N: started process, pid: 88105
[2026/09/25 17:50:07:8882] N: WS closed from (unix skt), clients: 9
[2026/09/25 17:50:07:8882] N: killing process, pid: 88086
[2026/09/25 17:50:07:8885] N: process killed with signal 1, pid: 88086
[2026/09/25 17:50:07:9417] N: WS closed from (unix skt), clients: 8
[2026/09/25 17:50:07:9417] N: killing process, pid: 88102
[2026/09/25 17:50:07:9419] N: process killed with signal 1, pid: 88102
[2026/09/25 17:50:08:0510] N: WS closed from (unix skt), clients: 7
[2026/09/25 17:50:08:0510] N: killing process, pid: 88083
[2026/09/25 17:50:08:0511] N: WS closed from (unix skt), clients: 6
[2026/09/25 17:50:08:0511] N: killing process, pid: 88084
[2026/09/25 17:50:08:0514] N: process killed with signal 0, pid: 88083
[2026/09/25 17:50:08:0515] N: process killed with signal 0, pid: 88084
[2026/09/25 17:50:08:1285] N: WS closed from (unix skt), clients: 5
[2026/09/25 17:50:08:1285] N: killing process, pid: 88089
[2026/09/25 17:50:08:1289] N: process killed with signal 0, pid: 88089
[2026/09/25 17:50:08:1436] N: WS closed from (unix skt), clients: 4
[2026/09/25 17:50:08:1436] N: killing process, pid: 88088
[2026/09/25 17:50:08:1439] N: process killed with signal 0, pid: 88088
[2026/09/25 17:50:08:6034] N: WS closed from (unix skt), clients: 3
[2026/09/25 17:50:08:6034] N: killing process, pid: 88085
[2026/09/25 17:50:08:6038] N: process killed with signal 0, pid: 88085
[2026/09/25 17:50:08:6627] N: WS closed from (unix skt), clients: 2
[2026/09/25 17:50:08:6627] N: killing process, pid: 88092
[2026/09/25 17:50:08:6631] N: process killed with signal 0, pid: 88092
[2026/09/25 17:50:09:7792] N: WS closed from (unix skt), clients: 1
[2026/09/25 17:50:09:7793] N: killing process, pid: 88087
[2026/09/25 17:50:09:7793] N: WS closed from (unix skt), clients: 0
[2026/09/25 17:50:09:7794] N: killing process, pid: 88105
[2026/09/25 17:50:09:7810] N: process killed with signal 0, pid: 88087
[2026/09/25 17:50:09:7829] N: process killed with signal 0, pid: 88105
[2026/09/25 17:50:09:8049] N: WS   /ws - (unix skt), clients: 1
[2026/09/25 17:50:09:8050] N: WS   /ws - (unix skt), clients: 2
[2026/09/25 17:50:09:8050] N: WS   /ws - (unix skt), clients: 3
[2026/09/25 17:50:09:8050] N: WS   /ws - (unix skt), clients: 4
[2026/09/25 17:50:09:8050] N: WS   /ws - (unix skt), clients: 5
[2026/09/25 17:50:09:8050] N: WS   /ws - (unix skt), clients: 6
[2026/09/25 17:50:09:8051] N: WS   /ws - (unix skt), clients: 7
[2026/09/25 17:50:09:8051] N: WS   /ws - (unix skt), clients: 8
[2026/09/25 17:50:09:8051] N: WS   /ws - (unix skt), clients: 9
[2026/09/25 17:50:09:8051] N: WS   /ws - (unix skt), clients: 10
[2026/09/25 17:50:09:8080] N: started process, pid: 88456
[2026/09/25 17:50:09:8090] N: started process, pid: 88457
[2026/09/25 17:50:09:8099] N: started process, pid: 88458
[2026/09/25 17:50:09:8107] N: started process, pid: 88459
[2026/09/25 17:50:09:8119] N: started process, pid: 88460
[2026/09/25 17:50:09:8133] N: started process, pid: 88461
[2026/09/25 17:50:09:8145] N: started process, pid: 88462
[2026/09/25 17:50:09:8162] N: started process, pid: 88464
[2026/09/25 17:50:09:8180] N: started process, pid: 88472
[2026/09/25 17:50:09:8190] N: started process, pid: 88480
[2026/09/25 17:50:09:9240] N: WS closed from (unix skt), clients: 9
[2026/09/25 17:50:09:9241] N: killing process, pid: 88459
[2026/09/25 17:50:09:9247] N: process killed with signal 1, pid: 88459
[2026/09/25 17:50:09:9882] N: WS closed from (unix skt), clients: 8
[2026/09/25 17:50:09:9882] N: killing process, pid: 88472
[2026/09/25 17:50:09:9885] N: process killed with signal 1, pid: 88472
[2026/09/25 17:50:10:1125] N: WS closed from (unix skt), clients: 7
[2026/09/25 17:50:10:1126] N: killing process, pid: 88456
[2026/09/25 17:50:10:1166] N: process killed with signal 0, pid: 88456
[2026/09/25 17:50:10:1261] N: WS closed from (unix skt), clients: 6
[2026/09/25 17:50:10:1261] N: killing process, pid: 88457
[2026/09/25 17:50:10:1265] N: process killed with signal 0, pid: 88457
[2026/09/25 17:50:10:1635] N: WS closed from (unix skt), clients: 5
[2026/09/25 17:50:10:1636] N: killing process, pid: 88462
[2026/09/25 17:50:10:1640] N: process killed with signal 0, pid: 88462
[2026/09/25 17:50:10:1757] N: WS closed from (unix skt), clients: 4
[2026/09/25 17:50:10:1757] N: killing process, pid: 88461
[2026/09/25 17:50:10:1760] N: process killed with signal 0, pid: 88461
[2026/09/25 17:50:10:6380] N: WS closed from (unix skt), clients: 3
[2026/09/25 17:50:10:6380] N: killing process, pid: 88458
[2026/09/25 17:50:10:6384] N: process killed with signal 0, pid: 88458
[2026/09/25 17:50:10:6892] N: WS closed from (unix skt), clients: 2
[2026/09/25 17:50:10:6892] N: killing process, pid: 88464
[2026/09/25 17:50:10:6905] N: process killed with signal 0, pid: 88464
[2026/09/25 17:50:11:8077] N: WS closed from (unix skt), clients: 1
[2026/09/25 17:50:11:8149] N: killing process, pid: 88460
[2026/09/25 17:50:11:8150] N: WS closed from (unix skt), clients: 0
[2026/09/25 17:50:11:8150] N: killing process, pid: 88480
[2026/09/25 17:50:11:8153] N: process killed with signal 0, pid: 88460
[2026/09/25 17:50:11:8157] N: process killed with signal 0, pid: 88480
[2026/09/25 17:50:11:8294] N: WS   /ws - (unix skt), clients: 1
[2026/09/25 17:50:11:8295] N: WS   /ws - (unix skt), clients: 2
[2026/09/25 17:50:11:8295] N: WS   /ws - (unix skt), clients: 3
[2026/09/25 17:50:11:8295] N: WS   /ws - (unix skt), clients: 4
[2026/09/25 17:50:11:8295] N: WS   /ws - (unix skt), clients: 5
[2026/09/25 17:50:11:8295] N: WS   /ws - (unix skt), clients: 6
[2026/09/25 17:50:11:8295] N: WS   /ws - (unix skt), clients: 7
[2026/09/25 17:50:11:8295] N: WS   /ws - (unix skt), clients: 8
[2026/09/25 17:50:11:8295] N: WS   /ws - (unix skt), clients: 9
[2026/09/25 17:50:11:8296] N: WS   /ws - (unix skt), clients: 10
[2026/09/25 17:50:11:8302] N: started process, pid: 88868
[2026/09/25 17:50:11:8307] N: started process, pid: 88869
[2026/09/25 17:50:11:8313] N: started process, pid: 88870
[2026/09/25 17:50:11:8326] N: started process, pid: 88871
[2026/09/25 17:50:11:8334] N: started process, pid: 88872
[2026/09/25 17:50:11:8354] N: started process, pid: 88873
[2026/09/25 17:50:11:8367] N: started process, pid: 88883
[2026/09/25 17:50:11:8373] N: started process, pid: 88886
[2026/09/25 17:50:11:8387] N: started process, pid: 88889
[2026/09/25 17:50:11:8396] N: started process, pid: 88890
[2026/09/25 17:50:11:9948] N: WS closed from (unix skt), clients: 9
[2026/09/25 17:50:11:9948] N: killing process, pid: 88872
[2026/09/25 17:50:11:9951] N: process killed with signal 1, pid: 88872
[2026/09/25 17:50:12:0219] N: WS closed from (unix skt), clients: 8
[2026/09/25 17:50:12:0219] N: killing process, pid: 88890
[2026/09/25 17:50:12:0226] N: process killed with signal 1, pid: 88890
[2026/09/25 17:50:12:1966] N: WS closed from (unix skt), clients: 7
[2026/09/25 17:50:12:1966] N: killing process, pid: 88870
[2026/09/25 17:50:12:1971] N: process killed with signal 0, pid: 88870
[2026/09/25 17:50:12:2097] N: WS closed from (unix skt), clients: 6
[2026/09/25 17:50:12:2097] N: killing process, pid: 88886
[2026/09/25 17:50:12:2097] N: WS closed from (unix skt), clients: 5
[2026/09/25 17:50:12:2097] N: killing process, pid: 88868
[2026/09/25 17:50:12:2098] N: WS closed from (unix skt), clients: 4
[2026/09/25 17:50:12:2098] N: killing process, pid: 88883
[2026/09/25 17:50:12:2101] N: process killed with signal 0, pid: 88886
[2026/09/25 17:50:12:2101] N: process killed with signal 0, pid: 88883
[2026/09/25 17:50:12:2102] N: process killed with signal 0, pid: 88868
[2026/09/25 17:50:12:7115] N: WS closed from (unix skt), clients: 3
[2026/09/25 17:50:12:7116] N: killing process, pid: 88889
[2026/09/25 17:50:12:7116] N: WS closed from (unix skt), clients: 2
[2026/09/25 17:50:12:7116] N: killing process, pid: 88871
[2026/09/25 17:50:12:7124] N: process killed with signal 0, pid: 88871
[2026/09/25 17:50:12:7124] N: process killed with signal 0, pid: 88889
[2026/09/25 17:50:13:8314] N: WS closed from (unix skt), clients: 1
[2026/09/25 17:50:13:8314] N: killing process, pid: 88873
[2026/09/25 17:50:13:8314] N: WS closed from (unix skt), clients: 0
[2026/09/25 17:50:13:8315] N: killing process, pid: 88869
[2026/09/25 17:50:13:8323] N: process killed with signal 0, pid: 88873
[2026/09/25 17:50:13:8323] N: process killed with signal 0, pid: 88869
[2026/09/25 17:50:13:8388] N: WS   /ws - (unix skt), clients: 1
[2026/09/25 17:50:13:8388] N: WS   /ws - (unix skt), clients: 2
[2026/09/25 17:50:13:8388] N: WS   /ws - (unix skt), clients: 3
[2026/09/25 17:50:13:8388] N: WS   /ws - (unix skt), clients: 4
[2026/09/25 17:50:13:8388] N: WS   /ws - (unix skt), clients: 5
[2026/09/25 17:50:13:8389] N: WS   /ws - (unix skt), clients: 6
[2026/09/25 17:50:13:8389] N: WS   /ws - (unix skt), clients: 7
[2026/09/25 17:50:13:8389] N: WS   /ws - (unix skt), clients: 8
[2026/09/25 17:50:13:8389] N: WS   /ws - (unix skt), clients: 9
[2026/09/25 17:50:13:8389] N: WS   /ws - (unix skt), clients: 10
[2026/09/25 17:50:13:8393] N: started process, pid: 89217
[2026/09/25 17:50:13:8401] N: started process, pid: 89218
[2026/09/25 17:50:13:8417] N: started process, pid: 89219
[2026/09/25 17:50:13:8429] N: started process, pid: 89220
[2026/09/25 17:50:13:8433] N: started process, pid: 89221
[2026/09/25 17:50:13:8439] N: started process, pid: 89222
[2026/09/25 17:50:13:8462] N: started process, pid: 89226
[2026/09/25 17:50:13:8475] N: started process, pid: 89230
[2026/09/25 17:50:13:8487] N: started process, pid: 89238
[2026/09/25 17:50:13:8510] N: started process, pid: 89241
[2026/09/25 17:50:13:9692] N: WS closed from (unix skt), clients: 9
[2026/09/25 17:50:13:9693] N: killing process, pid: 89220
[2026/09/25 17:50:13:9697] N: process killed with signal 1, pid: 89220
[2026/09/25 17:50:14:0350] N: WS closed from (unix skt), clients: 8
[2026/09/25 17:50:14:0350] N: killing process, pid: 89238
[2026/09/25 17:50:14:0352] N: process killed with signal 1, pid: 89238
[2026/09/25 17:50:14:1105] N: WS closed from (unix skt), clients: 7
[2026/09/25 17:50:14:1106] N: killing process, pid: 89217
[2026/09/25 17:50:14:1112] N: process killed with signal 0, pid: 89217
[2026/09/25 17:50:14:1309] N: WS closed from (unix skt), clients: 6
[2026/09/25 17:50:14:1310] N: killing process, pid: 89219
[2026/09/25 17:50:14:1313] N: process killed with signal 0, pid: 89219
[2026/09/25 17:50:14:1861] N: WS closed from (unix skt), clients: 5
[2026/09/25 17:50:14:1861] N: killing process, pid: 89222
[2026/09/25 17:50:14:1865] N: process killed with signal 0, pid: 89222
[2026/09/25 17:50:14:2128] N: WS closed from (unix skt), clients: 4
[2026/09/25 17:50:14:2128] N: killing process, pid: 89226
[2026/09/25 17:50:14:2131] N: process killed with signal 0, pid: 89226
[2026/09/25 17:50:14:7010] N: WS closed from (unix skt), clients: 3
[2026/09/25 17:50:14:7010] N: killing process, pid: 89218
[2026/09/25 17:50:14:7023] N: process killed with signal 0, pid: 89218
[2026/09/25 17:50:14:7411] N: WS closed from (unix skt), clients: 2
[2026/09/25 17:50:14:7411] N: killing process, pid: 89230
[2026/09/25 17:50:14:7417] N: process killed with signal 0, pid: 89230
[2026/09/25 17:50:15:8406] N: WS closed from (unix skt), clients: 1
[2026/09/25 17:50:15:8406] N: killing process, pid: 89221
[2026/09/25 17:50:15:8407] N: WS closed from (unix skt), clients: 0
[2026/09/25 17:50:15:8407] N: killing process, pid: 89241
[2026/09/25 17:50:15:8415] N: process killed with signal 0, pid: 89221
[2026/09/25 17:50:15:8415] N: process killed with signal 0, pid: 89241
[2026/09/25 17:50:15:8485] N: WS   /ws - (unix skt), clients: 1
[2026/09/25 17:50:15:8485] N: WS   /ws - (unix skt), clients: 2
[2026/09/25 17:50:15:8485] N: WS   /ws - (unix skt), clients: 3
[2026/09/25 17:50:15:8485] N: WS   /ws - (unix skt), clients: 4
[2026/09/25 17:50:15:8485] N: WS   /ws - (unix skt), clients: 5
[2026/09/25 17:50:15:8485] N: WS   /ws - (unix skt), clients: 6
[2026/09/25 17:50:15:8485] N: WS   /ws - (unix skt), clients: 7
[2026/09/25 17:50:15:8485] N: WS   /ws - (unix skt), clients: 8
[2026/09/25 17:50:15:8485] N: WS   /ws - (unix skt), clients: 9
[2026/09/25 17:50:15:8486] N: WS   /ws - (unix skt), clients: 10
[2026/09/25 17:50:15:8489] N: started process, pid: 89564
[2026/09/25 17:50:15:8492] N: started process, pid: 89565
[2026/09/25 17:50:15:8495] N: started process, pid: 89566
[2026/09/25 17:50:15:8500] N: started process, pid: 89567
[2026/09/25 17:50:15:8505] N: started process, pid: 89568
[2026/09/25 17:50:15:8510] N: started process, pid: 89569
[2026/09/25 17:50:15:8515] N: started process, pid: 89570
[2026/09/25 17:50:15:8525] N: started process, pid: 89571
[2026/09/25 17:50:15:8534] N: started process, pid: 89574
[2026/09/25 17:50:15:8564] N: started process, pid: 89581
[2026/09/25 17:50:15:9143] N: WS closed from (unix skt), clients: 9
[2026/09/25 17:50:15:9143] N: killing process, pid: 89565
[2026/09/25 17:50:15:9146] N: process killed with signal 1, pid: 89565
[2026/09/25 17:50:16:1024] N: WS closed from (unix skt), clients: 8
[2026/09/25 17:50:16:1024] N: killing process, pid: 89569
[2026/09/25 17:50:16:1028] N: process killed with signal 1, pid: 89569
[2026/09/25 17:50:16:1879] N: WS closed from (unix skt), clients: 7
[2026/09/25 17:50:16:1880] N: killing process, pid: 89564
[2026/09/25 17:50:16:1880] N: WS closed from (unix skt), clients: 6
[2026/09/25 17:50:16:1880] N: killing process, pid: 89567
[2026/09/25 17:50:16:1885] N: process killed with signal 0, pid: 89567
[2026/09/25 17:50:16:1886] N: process killed with signal 0, pid: 89564
[2026/09/25 17:50:16:2832] N: WS closed from (unix skt), clients: 5
[2026/09/25 17:50:16:2833] N: killing process, pid: 89571
[2026/09/25 17:50:16:2838] N: process killed with signal 0, pid: 89571
[2026/09/25 17:50:16:3276] N: WS closed from (unix skt), clients: 4
[2026/09/25 17:50:16:3277] N: killing process, pid: 89574
[2026/09/25 17:50:16:3282] N: process killed with signal 0, pid: 89574
[2026/09/25 17:50:16:7556] N: WS closed from (unix skt), clients: 3
[2026/09/25 17:50:16:7556] N: killing process, pid: 89581
[2026/09/25 17:50:16:7561] N: process killed with signal 0, pid: 89581
[2026/09/25 17:50:16:8281] N: WS closed from (unix skt), clients: 2
[2026/09/25 17:50:16:8281] N: killing process, pid: 89568
[2026/09/25 17:50:16:8284] N: process killed with signal 0, pid: 89568
[2026/09/25 17:50:17:8497] N: WS closed from (unix skt), clients: 1
[2026/09/25 17:50:17:8498] N: killing process, pid: 89570
[2026/09/25 17:50:17:8498] N: WS closed from (unix skt), clients: 0
[2026/09/25 17:50:17:8498] N: killing process, pid: 89566
[2026/09/25 17:50:17:8506] N: process killed with signal 0, pid: 89566
[2026/09/25 17:50:17:8507] N: process killed with signal 0, pid: 89570
[2026/09/25 17:50:17:8565] N: WS   /ws - (unix skt), clients: 1
[2026/09/25 17:50:17:8565] N: WS   /ws - (unix skt), clients: 2
[2026/09/25 17:50:17:8565] N: WS   /ws - (unix skt), clients: 3
[2026/09/25 17:50:17:8565] N: WS   /ws - (unix skt), clients: 4
[2026/09/25 17:50:17:8566] N: WS   /ws - (unix skt), clients: 5
[2026/09/25 17:50:17:8566] N: WS   /ws - (unix skt), clients: 6
[2026/09/25 17:50:17:8566] N: WS   /ws - (unix skt), clients: 7
[2026/09/25 17:50:17:8566] N: WS   /ws - (unix skt), clients: 8
[2026/09/25 17:50:17:8566] N: WS   /ws - (unix skt), clients: 9
[2026/09/25 17:50:17:8566] N: WS   /ws - (unix skt), clients: 10
[2026/09/25 17:50:17:8573] N: started process, pid: 89892
[2026/09/25 17:50:17:8576] N: started process, pid: 89893
[2026/09/25 17:50:17:8584] N: started process, pid: 89894
[2026/09/25 17:50:17:8591] N: started process, pid: 89895
[2026/09/25 17:50:17:8595] N: started process, pid: 89896
[2026/09/25 17:50:17:8601] N: started process, pid: 89898
[2026/09/25 17:50:17:8607] N: started process, pid: 89899
[2026/09/25 17:50:17:8617] N: started process, pid: 89900
[2026/09/25 17:50:17:8624] N: started process, pid: 89908
[2026/09/25 17:50:17:8642] N: started process, pid: 89910
[2026/09/25 17:50:17:9862] N: WS closed from (unix skt), clients: 9
[2026/09/25 17:50:17:9863] N: killing process, pid: 89893
[2026/09/25 17:50:17:9866] N: process killed with signal 1, pid: 89893
[2026/09/25 17:50:18:0211] N: WS closed from (unix skt), clients: 8
[2026/09/25 17:50:18:0212] N: killing process, pid: 89898
[2026/09/25 17:50:18:0216] N: process killed with signal 1, pid: 89898
[2026/09/25 17:50:18:1135] N: WS closed from (unix skt), clients: 7
[2026/09/25 17:50:18:1135] N: killing process, pid: 89892
[2026/09/25 17:50:18:1139] N: process killed with signal 0, pid: 89892
[2026/09/25 17:50:18:1883] N: WS closed from (unix skt), clients: 6
[2026/09/25 17:50:18:1884] N: killing process, pid: 89895
[2026/09/25 17:50:18:1891] N: process killed with signal 0, pid: 89895
[2026/09/25 17:50:18:2497] N: WS closed from (unix skt), clients: 5
[2026/09/25 17:50:18:2497] N: killing process, pid: 89900
[2026/09/25 17:50:18:2500] N: process killed with signal 0, pid: 89900
[2026/09/25 17:50:18:2628] N: WS closed from (unix skt), clients: 4
[2026/09/25 17:50:18:2628] N: killing process, pid: 89908
[2026/09/25 17:50:18:2632] N: process killed with signal 0, pid: 89908
[2026/09/25 17:50:18:7214] N: WS closed from (unix skt), clients: 3
[2026/09/25 17:50:18:7214] N: killing process, pid: 89896
[2026/09/25 17:50:18:7219] N: process killed with signal 0, pid: 89896
[2026/09/25 17:50:18:7644] N: WS closed from (unix skt), clients: 2
[2026/09/25 17:50:18:7645] N: killing process, pid: 89910
[2026/09/25 17:50:18:7651] N: process killed with signal 0, pid: 89910
[2026/09/25 17:50:19:8581] N: WS closed from (unix skt), clients: 1
[2026/09/25 17:50:19:8582] N: killing process, pid: 89899
[2026/09/25 17:50:19:8582] N: WS closed from (unix skt), clients: 0
[2026/09/25 17:50:19:8582] N: killing process, pid: 89894
[2026/09/25 17:50:19:8590] N: process killed with signal 0, pid: 89894
[2026/09/25 17:50:19:8590] N: process killed with signal 0, pid: 89899
[2026/09/25 17:50:19:8650] N: WS   /ws - (unix skt), clients: 1
[2026/09/25 17:50:19:8650] N: WS   /ws - (unix skt), clients: 2
[2026/09/25 17:50:19:8650] N: WS   /ws - (unix skt), clients: 3
[2026/09/25 17:50:19:8650] N: WS   /ws - (unix skt), clients: 4
[2026/09/25 17:50:19:8650] N: WS   /ws - (unix skt), clients: 5
[2026/09/25 17:50:19:8650] N: WS   /ws - (unix skt), clients: 6
[2026/09/25 17:50:19:8650] N: WS   /ws - (unix skt), clients: 7
[2026/09/25 17:50:19:8650] N: WS   /ws - (unix skt), clients: 8
[2026/09/25 17:50:19:8650] N: WS   /ws - (unix skt), clients: 9
[2026/09/25 17:50:19:8651] N: WS   /ws - (unix skt), clients: 10
[2026/09/25 17:50:19:8655] N: started process, pid: 90177
[2026/09/25 17:50:19:8661] N: started process, pid: 90178
[2026/09/25 17:50:19:8664] N: started process, pid: 90179
[2026/09/25 17:50:19:8679] N: started process, pid: 90180
[2026/09/25 17:50:19:8689] N: started process, pid: 90181
[2026/09/25 17:50:19:8699] N: started process, pid: 90182
[2026/09/25 17:50:19:8707] N: started process, pid: 90185
[2026/09/25 17:50:19:8726] N: started process, pid: 90189
[2026/09/25 17:50:19:8735] N: started process, pid: 90194
[2026/09/25 17:50:19:8746] N: started process, pid: 90195
[2026/09/25 17:50:19:9677] N: WS closed from (unix skt), clients: 9
[2026/09/25 17:50:19:9677] N: killing process, pid: 90178
[2026/09/25 17:50:19:9682] N: process killed with signal 1, pid: 90178
[2026/09/25 17:50:20:0960] N: WS closed from (unix skt), clients: 8
[2026/09/25 17:50:20:0960] N: killing process, pid: 90182
[2026/09/25 17:50:20:0964] N: process killed with signal 1, pid: 90182
[2026/09/25 17:50:20:1696] N: WS closed from (unix skt), clients: 7
[2026/09/25 17:50:20:1696] N: killing process, pid: 90177
[2026/09/25 17:50:20:1701] N: process killed with signal 0, pid: 90177
[2026/09/25 17:50:20:2229] N: WS closed from (unix skt), clients: 6
[2026/09/25 17:50:20:2229] N: killing process, pid: 90180
[2026/09/25 17:50:20:2234] N: process killed with signal 0, pid: 90180
[2026/09/25 17:50:20:2933] N: WS closed from (unix skt), clients: 5
[2026/09/25 17:50:20:2934] N: killing process, pid: 90194
[2026/09/25 17:50:20:2934] N: WS closed from (unix skt), clients: 4
[2026/09/25 17:50:20:2934] N: killing process, pid: 90189
[2026/09/25 17:50:20:2939] N: process killed with signal 0, pid: 90194
[2026/09/25 17:50:20:2939] N: process killed with signal 0, pid: 90189
[2026/09/25 17:50:20:7243] N: WS closed from (unix skt), clients: 3
[2026/09/25 17:50:20:7243] N: killing process, pid: 90181
[2026/09/25 17:50:20:7248] N: process killed with signal 0, pid: 90181
[2026/09/25 17:50:20:7955] N: WS closed from (unix skt), clients: 2
[2026/09/25 17:50:20:7955] N: killing process, pid: 90195
[2026/09/25 17:50:20:7960] N: process killed with signal 0, pid: 90195
[2026/09/25 17:50:21:8664] N: WS closed from (unix skt), clients: 1
[2026/09/25 17:50:21:8664] N: killing process, pid: 90185
[2026/09/25 17:50:21:8664] N: WS closed from (unix skt), clients: 0
[2026/09/25 17:50:21:8664] N: killing process, pid: 90179
[2026/09/25 17:50:21:8672] N: process killed with signal 0, pid: 90185
[2026/09/25 17:50:21:8672] N: process killed with signal 0, pid: 90179
[2026/09/25 17:50:21:8730] N: WS   /ws - (unix skt), clients: 1
[2026/09/25 17:50:21:8730] N: WS   /ws - (unix skt), clients: 2
[2026/09/25 17:50:21:8731] N: WS   /ws - (unix skt), clients: 3
[2026/09/25 17:50:21:8731] N: WS   /ws - (unix skt), clients: 4
[2026/09/25 17:50:21:8731] N: WS   /ws - (unix skt), clients: 5
[2026/09/25 17:50:21:8731] N: WS   /ws - (unix skt), clients: 6
[2026/09/25 17:50:21:8731] N: WS   /ws - (unix skt), clients: 7
[2026/09/25 17:50:21:8731] N: WS   /ws - (unix skt), clients: 8
[2026/09/25 17:50:21:8731] N: WS   /ws - (unix skt), clients: 9
[2026/09/25 17:50:21:8731] N: WS   /ws - (unix skt), clients: 10
[2026/09/25 17:50:21:8735] N: started process, pid: 90510
[2026/09/25 17:50:21:8738] N: started process, pid: 90511
[2026/09/25 17:50:21:8741] N: started process, pid: 90512
[2026/09/25 17:50:21:8749] N: started process, pid: 90513
[2026/09/25 17:50:21:8756] N: started process, pid: 90514
[2026/09/25 17:50:21:8763] N: started process, pid: 90515
[2026/09/25 17:50:21:8767] N: started process, pid: 90516
[2026/09/25 17:50:21:8782] N: started process, pid: 90518
[2026/09/25 17:50:21:8787] N: started process, pid: 90525
[2026/09/25 17:50:21:8792] N: started process, pid: 90528
[2026/09/25 17:50:21:9912] N: WS closed from (unix skt), clients: 9
[2026/09/25 17:50:21:9913] N: killing process, pid: 90511
[2026/09/25 17:50:21:9916] N: process killed with signal 1, pid: 90511
[2026/09/25 17:50:22:0565] N: WS closed from (unix skt), clients: 8
[2026/09/25 17:50:22:0565] N: killing process, pid: 90515
[2026/09/25 17:50:22:0571] N: process killed with signal 1, pid: 90515
[2026/09/25 17:50:22:1939] N: WS closed from (unix skt), clients: 7
[2026/09/25 17:50:22:1940] N: killing process, pid: 90513
[2026/09/25 17:50:22:1940] N: WS closed from (unix skt), clients: 6
[2026/09/25 17:50:22:1940] N: killing process, pid: 90510
[2026/09/25 17:50:22:1945] N: process killed with signal 0, pid: 90510
[2026/09/25 17:50:22:1945] N: process killed with signal 0, pid: 90513
[2026/09/25 17:50:22:2461] N: WS closed from (unix skt), clients: 5
[2026/09/25 17:50:22:2461] N: killing process, pid: 90518
[2026/09/25 17:50:22:2461] N: WS closed from (unix skt), clients: 4
[2026/09/25 17:50:22:2461] N: killing process, pid: 90525
[2026/09/25 17:50:22:2465] N: process killed with signal 0, pid: 90518
[2026/09/25 17:50:22:2465] N: process killed with signal 0, pid: 90525
[2026/09/25 17:50:22:7066] N: WS closed from (unix skt), clients: 3
[2026/09/25 17:50:22:7066] N: killing process, pid: 90514
[2026/09/25 17:50:22:7071] N: process killed with signal 0, pid: 90514
[2026/09/25 17:50:22:7623] N: WS closed from (unix skt), clients: 2
[2026/09/25 17:50:22:7624] N: killing process, pid: 90528
[2026/09/25 17:50:22:7627] N: process killed with signal 0, pid: 90528
[2026/09/25 17:50:23:8750] N: WS closed from (unix skt), clients: 1
[2026/09/25 17:50:23:8751] N: killing process, pid: 90516
[2026/09/25 17:50:23:8751] N: WS closed from (unix skt), clients: 0
[2026/09/25 17:50:23:8751] N: killing process, pid: 90512
[2026/09/25 17:50:23:8759] N: process killed with signal 0, pid: 90512
[2026/09/25 17:50:23:8759] N: process killed with signal 0, pid: 90516
[2026/09/25 17:50:23:8818] N: WS   /ws - (unix skt), clients: 1
[2026/09/25 17:50:23:8818] N: WS   /ws - (unix skt), clients: 2
[2026/09/25 17:50:23:8818] N: WS   /ws - (unix skt), clients: 3
[2026/09/25 17:50:23:8818] N: WS   /ws - (unix skt), clients: 4
[2026/09/25 17:50:23:8818] N: WS   /ws - (unix skt), clients: 5
[2026/09/25 17:50:23:8818] N: WS   /ws - (unix skt), clients: 6
[2026/09/25 17:50:23:8818] N: WS   /ws - (unix skt), clients: 7
[2026/09/25 17:50:23:8818] N: WS   /ws - (unix skt), clients: 8
[2026/09/25 17:50:23:8818] N: WS   /ws - (unix skt), clients: 9
[2026/09/25 17:50:23:8818] N: WS   /ws - (unix skt), clients: 10
[2026/09/25 17:50:23:8822] N: started process, pid: 90831
[2026/09/25 17:50:23:8825] N: started process, pid: 90832
[2026/09/25 17:50:23:8829] N: started process, pid: 90833
[2026/09/25 17:50:23:8834] N: started process, pid: 90834
[2026/09/25 17:50:23:8841] N: started process, pid: 90835
[2026/09/25 17:50:23:8854] N: started process, pid: 90836
[2026/09/25 17:50:23:8863] N: started process, pid: 90837
[2026/09/25 17:50:23:8875] N: started process, pid: 90845
[2026/09/25 17:50:23:8883] N: started process, pid: 90849
[2026/09/25 17:50:23:8894] N: started process, pid: 90853
[2026/09/25 17:50:23:9975] N: WS closed from (unix skt), clients: 9
[2026/09/25 17:50:23:9976] N: killing process, pid: 90834
[2026/09/25 17:50:23:9979] N: process killed with signal 1, pid: 90834
[2026/09/25 17:50:24:0528] N: WS closed from (unix skt), clients: 8
[2026/09/25 17:50:24:0528] N: killing process, pid: 90849
[2026/09/25 17:50:24:0533] N: process killed with signal 1, pid: 90849
[2026/09/25 17:50:24:1742] N: WS closed from (unix skt), clients: 7
[2026/09/25 17:50:24:1743] N: killing process, pid: 90831
[2026/09/25 17:50:24:1747] N: process killed with signal 0, pid: 90831
[2026/09/25 17:50:24:1993] N: WS closed from (unix skt), clients: 6
[2026/09/25 17:50:24:1994] N: killing process, pid: 90832
[2026/09/25 17:50:24:1998] N: process killed with signal 0, pid: 90832
[2026/09/25 17:50:24:2245] N: WS closed from (unix skt), clients: 5
[2026/09/25 17:50:24:2245] N: killing process, pid: 90837
[2026/09/25 17:50:24:2250] N: process killed with signal 0, pid: 90837
[2026/09/25 17:50:24:2366] N: WS closed from (unix skt), clients: 4
[2026/09/25 17:50:24:2366] N: killing process, pid: 90836
[2026/09/25 17:50:24:2370] N: process killed with signal 0, pid: 90836
[2026/09/25 17:50:24:7016] N: WS closed from (unix skt), clients: 3
[2026/09/25 17:50:24:7017] N: killing process, pid: 90833
[2026/09/25 17:50:24:7020] N: process killed with signal 0, pid: 90833
[2026/09/25 17:50:24:7542] N: WS closed from (unix skt), clients: 2
[2026/09/25 17:50:24:7542] N: killing process, pid: 90845
[2026/09/25 17:50:24:7547] N: process killed with signal 0, pid: 90845
[2026/09/25 17:50:25:8841] N: WS closed from (unix skt), clients: 1
[2026/09/25 17:50:25:8841] N: killing process, pid: 90835
[2026/09/25 17:50:25:8842] N: WS closed from (unix skt), clients: 0
[2026/09/25 17:50:25:8842] N: killing process, pid: 90853
[2026/09/25 17:50:25:8850] N: process killed with signal 0, pid: 90835
[2026/09/25 17:50:25:8854] N: process killed with signal 0, pid: 90853
[2026/09/25 17:50:25:8940] N: WS   /ws - (unix skt), clients: 1
[2026/09/25 17:50:25:8940] N: WS   /ws - (unix skt), clients: 2
[2026/09/25 17:50:25:8940] N: WS   /ws - (unix skt), clients: 3
[2026/09/25 17:50:25:8940] N: WS   /ws - (unix skt), clients: 4
[2026/09/25 17:50:25:8940] N: WS   /ws - (unix skt), clients: 5
[2026/09/25 17:50:25:8940] N: WS   /ws - (unix skt), clients: 6
[2026/09/25 17:50:25:8941] N: WS   /ws - (unix skt), clients: 7
[2026/09/25 17:50:25:8941] N: WS   /ws - (unix skt), clients: 8
[2026/09/25 17:50:25:8941] N: WS   /ws - (unix skt), clients: 9
[2026/09/25 17:50:25:8941] N: WS   /ws - (unix skt), clients: 10
[2026/09/25 17:50:25:8946] N: started process, pid: 91110
[2026/09/25 17:50:25:8950] N: started process, pid: 91111
[2026/09/25 17:50:25:8954] N: started process, pid: 91112
[2026/09/25 17:50:25:8958] N: started process, pid: 91113
[2026/09/25 17:50:25:8962] N: started process, pid: 91114
[2026/09/25 17:50:25:8970] N: started process, pid: 91115
[2026/09/25 17:50:25:8978] N: started process, pid: 91116
[2026/09/25 17:50:25:8985] N: started process, pid: 91117
[2026/09/25 17:50:25:8993] N: started process, pid: 91118
[2026/09/25 17:50:25:9013] N: started process, pid: 91123
[2026/09/25 17:50:26:0328] N: WS closed from (unix skt), clients: 9
[2026/09/25 17:50:26:0328] N: killing process, pid: 91113
[2026/09/25 17:50:26:0332] N: process killed with signal 1, pid: 91113
[2026/09/25 17:50:26:0444] N: WS closed from (unix skt), clients: 8
[2026/09/25 17:50:26:0445] N: killing process, pid: 91118
[2026/09/25 17:50:26:0447] N: process killed with signal 1, pid: 91118
[2026/09/25 17:50:26:2100] N: WS closed from (unix skt), clients: 7
[2026/09/25 17:50:26:2100] N: killing process, pid: 91110
[2026/09/25 17:50:26:2104] N: process killed with signal 0, pid: 91110
[2026/09/25 17:50:26:2211] N: WS closed from (unix skt), clients: 6
[2026/09/25 17:50:26:2211] N: killing process, pid: 91111
[2026/09/25 17:50:26:2214] N: process killed with signal 0, pid: 91111
[2026/09/25 17:50:26:2582] N: WS closed from (unix skt), clients: 5
[2026/09/25 17:50:26:2582] N: killing process, pid: 91116
[2026/09/25 17:50:26:2587] N: process killed with signal 0, pid: 91116
[2026/09/25 17:50:26:2681] N: WS closed from (unix skt), clients: 4
[2026/09/25 17:50:26:2681] N: killing process, pid: 91115
[2026/09/25 17:50:26:2686] N: process killed with signal 0, pid: 91115
[2026/09/25 17:50:26:6835] N: WS closed from (unix skt), clients: 3
[2026/09/25 17:50:26:6835] N: killing process, pid: 91112
[2026/09/25 17:50:26:6841] N: process killed with signal 0, pid: 91112
[2026/09/25 17:50:26:7726] N: WS closed from (unix skt), clients: 2
[2026/09/25 17:50:26:7727] N: killing process, pid: 91117
[2026/09/25 17:50:26:7731] N: process killed with signal 0, pid: 91117
[2026/09/25 17:50:27:8959] N: WS closed from (unix skt), clients: 1
[2026/09/25 17:50:27:8959] N: killing process, pid: 91114
[2026/09/25 17:50:27:8960] N: WS closed from (unix skt), clients: 0
[2026/09/25 17:50:27:8960] N: killing process, pid: 91123
[2026/09/25 17:50:27:8967] N: process killed with signal 0, pid: 91114
[2026/09/25 17:50:27:8977] N: process killed with signal 0, pid: 91123
[2026/09/25 17:50:27:9104] N: WS   /ws - (unix skt), clients: 1
[2026/09/25 17:50:27:9104] N: WS   /ws - (unix skt), clients: 2
[2026/09/25 17:50:27:9104] N: WS   /ws - (unix skt), clients: 3
[2026/09/25 17:50:27:9105] N: WS   /ws - (unix skt), clients: 4
[2026/09/25 17:50:27:9105] N: WS   /ws - (unix skt), clients: 5
[2026/09/25 17:50:27:9105] N: WS   /ws - (unix skt), clients: 6
[2026/09/25 17:50:27:9105] N: WS   /ws - (unix skt), clients: 7
[2026/09/25 17:50:27:9105] N: WS   /ws - (unix skt), clients: 8
[2026/09/25 17:50:27:9105] N: WS   /ws - (unix skt), clients: 9
[2026/09/25 17:50:27:9105] N: WS   /ws - (unix skt), clients: 10
[2026/09/25 17:50:27:9110] N: started process, pid: 91630
[2026/09/25 17:50:27:9113] N: started process, pid: 91631
[2026/09/25 17:50:27:9119] N: started process, pid: 91632
[2026/09/25 17:50:27:9125] N: started process, pid: 91633
[2026/09/25 17:50:27:9133] N: started process, pid: 91634
[2026/09/25 17:50:27:9139] N: started process, pid: 91635
[2026/09/25 17:50:27:9146] N: started process, pid: 91637
[2026/09/25 17:50:27:9153] N: started process, pid: 91641
[2026/09/25 17:50:27:9167] N: started process, pid: 91644
[2026/09/25 17:50:27:9174] N: started process, pid: 91652
[2026/09/25 17:50:28:0158] N: WS closed from (unix skt), clients: 9
[2026/09/25 17:50:28:0158] N: killing process, pid: 91632
[2026/09/25 17:50:28:0163] N: process killed with signal 1, pid: 91632
[2026/09/25 17:50:28:0533] N: WS closed from (unix skt), clients: 8
[2026/09/25 17:50:28:0534] N: killing process, pid: 91641
[2026/09/25 17:50:28:0537] N: process killed with signal 1, pid: 91641
[2026/09/25 17:50:28:2180] N: WS closed from (unix skt), clients: 7
[2026/09/25 17:50:28:2180] N: killing process, pid: 91630
[2026/09/25 17:50:28:2185] N: process killed with signal 0, pid: 91630
[2026/09/25 17:50:28:2686] N: WS closed from (unix skt), clients: 6
[2026/09/25 17:50:28:2686] N: killing process, pid: 91635
[2026/09/25 17:50:28:2690] N: process killed with signal 0, pid: 91635
[2026/09/25 17:50:28:2951] N: WS closed from (unix skt), clients: 5
[2026/09/25 17:50:28:2951] N: killing process, pid: 91634
[2026/09/25 17:50:28:2952] N: WS closed from (unix skt), clients: 4
[2026/09/25 17:50:28:2952] N: killing process, pid: 91644
[2026/09/25 17:50:28:2957] N: process killed with signal 0, pid: 91644
[2026/09/25 17:50:28:2957] N: process killed with signal 0, pid: 91634
[2026/09/25 17:50:28:7070] N: WS closed from (unix skt), clients: 3
[2026/09/25 17:50:28:7071] N: killing process, pid: 91631
[2026/09/25 17:50:28:7076] N: process killed with signal 0, pid: 91631
[2026/09/25 17:50:28:7819] N: WS closed from (unix skt), clients: 2
[2026/09/25 17:50:28:7819] N: killing process, pid: 91637
[2026/09/25 17:50:28:7826] N: process killed with signal 0, pid: 91637
[2026/09/25 17:50:29:9117] N: WS closed from (unix skt), clients: 1
[2026/09/25 17:50:29:9117] N: killing process, pid: 91633
[2026/09/25 17:50:29:9117] N: WS closed from (unix skt), clients: 0
[2026/09/25 17:50:29:9117] N: killing process, pid: 91652
[2026/09/25 17:50:29:9123] N: process killed with signal 0, pid: 91652
[2026/09/25 17:50:29:9127] N: process killed with signal 0, pid: 91633
[2026/09/25 17:50:29:9182] N: WS   /ws - (unix skt), clients: 1
[2026/09/25 17:50:29:9183] N: WS   /ws - (unix skt), clients: 2
[2026/09/25 17:50:29:9183] N: WS   /ws - (unix skt), clients: 3
[2026/09/25 17:50:29:9183] N: WS   /ws - (unix skt), clients: 4
[2026/09/25 17:50:29:9183] N: WS   /ws - (unix skt), clients: 5
[2026/09/25 17:50:29:9183] N: WS   /ws - (unix skt), clients: 6
[2026/09/25 17:50:29:9183] N: WS   /ws - (unix skt), clients: 7
[2026/09/25 17:50:29:9183] N: WS   /ws - (unix skt), clients: 8
[2026/09/25 17:50:29:9183] N: WS   /ws - (unix skt), clients: 9
[2026/09/25 17:50:29:9183] N: WS   /ws - (unix skt), clients: 10
[2026/09/25 17:50:29:9187] N: started process, pid: 92024
[2026/09/25 17:50:29:9190] N: started process, pid: 92025
[2026/09/25 17:50:29:9194] N: started process, pid: 92026
[2026/09/25 17:50:29:9197] N: started process, pid: 92027
[2026/09/25 17:50:29:9206] N: started process, pid: 92028
[2026/09/25 17:50:29:9212] N: started process, pid: 92029
[2026/09/25 17:50:29:9220] N: started process, pid: 92030
[2026/09/25 17:50:29:9235] N: started process, pid: 92032
[2026/09/25 17:50:29:9253] N: started process, pid: 92039
[2026/09/25 17:50:29:9259] N: started process, pid: 92047
[2026/09/25 17:50:30:0581] N: WS closed from (unix skt), clients: 9
[2026/09/25 17:50:30:0581] N: killing process, pid: 92028
[2026/09/25 17:50:30:0589] N: process killed with signal 1, pid: 92028
[2026/09/25 17:50:30:1171] N: WS closed from (unix skt), clients: 8
[2026/09/25 17:50:30:1171] N: killing process, pid: 92047
[2026/09/25 17:50:30:1175] N: process killed with signal 1, pid: 92047
[2026/09/25 17:50:30:2048] N: WS closed from (unix skt), clients: 7
[2026/09/25 17:50:30:2049] N: killing process, pid: 92024
[2026/09/25 17:50:30:2053] N: process killed with signal 0, pid: 92024
[2026/09/25 17:50:30:2461] N: WS closed from (unix skt), clients: 6
[2026/09/25 17:50:30:2461] N: killing process, pid: 92026
[2026/09/25 17:50:30:2467] N: process killed with signal 0, pid: 92026
[2026/09/25 17:50:30:2765] N: WS closed from (unix skt), clients: 5
[2026/09/25 17:50:30:2765] N: killing process, pid: 92030
[2026/09/25 17:50:30:2769] N: process killed with signal 0, pid: 92030
[2026/09/25 17:50:30:2976] N: WS closed from (unix skt), clients: 4
[2026/09/25 17:50:30:2976] N: killing process, pid: 92032
[2026/09/25 17:50:30:2979] N: process killed with signal 0, pid: 92032
[2026/09/25 17:50:30:7221] N: WS closed from (unix skt), clients: 3
[2026/09/25 17:50:30:7222] N: killing process, pid: 92027
[2026/09/25 17:50:30:7229] N: process killed with signal 0, pid: 92027
[2026/09/25 17:50:30:8009] N: WS closed from (unix skt), clients: 2
[2026/09/25 17:50:30:8010] N: killing process, pid: 92039
[2026/09/25 17:50:30:8022] N: process killed with signal 0, pid: 92039
[2026/09/25 17:50:31:9214] N: WS closed from (unix skt), clients: 1
[2026/09/25 17:50:31:9215] N: killing process, pid: 92029
[2026/09/25 17:50:31:9216] N: WS closed from (unix skt), clients: 0
[2026/09/25 17:50:31:9216] N: killing process, pid: 92025
[2026/09/25 17:50:31:9228] N: process killed with signal 0, pid: 92029
[2026/09/25 17:50:31:9240] N: process killed with signal 0, pid: 92025
[2026/09/25 17:50:31:9363] N: WS   /ws - (unix skt), clients: 1
[2026/09/25 17:50:31:9364] N: WS   /ws - (unix skt), clients: 2
[2026/09/25 17:50:31:9364] N: WS   /ws - (unix skt), clients: 3
[2026/09/25 17:50:31:9364] N: WS   /ws - (unix skt), clients: 4
[2026/09/25 17:50:31:9364] N: WS   /ws - (unix skt), clients: 5
[2026/09/25 17:50:31:9364] N: WS   /ws - (unix skt), clients: 6
[2026/09/25 17:50:31:9365] N: WS   /ws - (unix skt), clients: 7
[2026/09/25 17:50:31:9365] N: WS   /ws - (unix skt), clients: 8
[2026/09/25 17:50:31:9365] N: WS   /ws - (unix skt), clients: 9
[2026/09/25 17:50:31:9365] N: WS   /ws - (unix skt), clients: 10
[2026/09/25 17:50:31:9372] N: started process, pid: 92635
[2026/09/25 17:50:31:9381] N: started process, pid: 92636
[2026/09/25 17:50:31:9387] N: started process, pid: 92637
[2026/09/25 17:50:31:9393] N: started process, pid: 92638
[2026/09/25 17:50:31:9400] N: started process, pid: 92639
[2026/09/25 17:50:31:9408] N: started process, pid: 92640
[2026/09/25 17:50:31:9416] N: started process, pid: 92641
[2026/09/25 17:50:31:9424] N: started process, pid: 92643
[2026/09/25 17:50:31:9431] N: started process, pid: 92646
[2026/09/25 17:50:31:9441] N: started process, pid: 92650
[2026/09/25 17:50:32:0399] N: WS closed from (unix skt), clients: 9
[2026/09/25 17:50:32:0399] N: killing process, pid: 92636
[2026/09/25 17:50:32:0402] N: process killed with signal 1, pid: 92636
[2026/09/25 17:50:32:0845] N: WS closed from (unix skt), clients: 8
[2026/09/25 17:50:32:0846] N: killing process, pid: 92640
[2026/09/25 17:50:32:0849] N: process killed with signal 1, pid: 92640
[2026/09/25 17:50:32:2120] N: WS closed from (unix skt), clients: 7
[2026/09/25 17:50:32:2120] N: killing process, pid: 92635
[2026/09/25 17:50:32:2124] N: process killed with signal 0, pid: 92635
[2026/09/25 17:50:32:2753] N: WS closed from (unix skt), clients: 6
[2026/09/25 17:50:32:2753] N: killing process, pid: 92646
[2026/09/25 17:50:32:2758] N: process killed with signal 0, pid: 92646
[2026/09/25 17:50:32:2974] N: WS closed from (unix skt), clients: 5
[2026/09/25 17:50:32:2974] N: killing process, pid: 92638
[2026/09/25 17:50:32:2978] N: process killed with signal 0, pid: 92638
[2026/09/25 17:50:32:3085] N: WS closed from (unix skt), clients: 4
[2026/09/25 17:50:32:3086] N: killing process, pid: 92643
[2026/09/25 17:50:32:3090] N: process killed with signal 0, pid: 92643
[2026/09/25 17:50:32:7677] N: WS closed from (unix skt), clients: 3
[2026/09/25 17:50:32:7678] N: killing process, pid: 92639
[2026/09/25 17:50:32:7689] N: process killed with signal 0, pid: 92639
[2026/09/25 17:50:32:8092] N: WS closed from (unix skt), clients: 2
[2026/09/25 17:50:32:8093] N: killing process, pid: 92650
[2026/09/25 17:50:32:8101] N: process killed with signal 0, pid: 92650
[2026/09/25 17:50:33:9380] N: WS closed from (unix skt), clients: 1
[2026/09/25 17:50:33:9380] N: killing process, pid: 92641
[2026/09/25 17:50:33:9380] N: WS closed from (unix skt), clients: 0
[2026/09/25 17:50:33:9380] N: killing process, pid: 92637
[2026/09/25 17:50:33:9385] N: process killed with signal 0, pid: 92641
[2026/09/25 17:50:33:9390] N: process killed with signal 0, pid: 92637
[2026/09/25 17:50:33:9448] N: WS   /ws - (unix skt), clients: 1
[2026/09/25 17:50:33:9448] N: WS   /ws - (unix skt), clients: 2
[2026/09/25 17:50:33:9448] N: WS   /ws - (unix skt), clients: 3
[2026/09/25 17:50:33:9448] N: WS   /ws - (unix skt), clients: 4
[2026/09/25 17:50:33:9449] N: WS   /ws - (unix skt), clients: 5
[2026/09/25 17:50:33:9449] N: WS   /ws - (unix skt), clients: 6
[2026/09/25 17:50:33:9449] N: WS   /ws - (unix skt), clients: 7
[2026/09/25 17:50:33:9449] N: WS   /ws - (unix skt), clients: 8
[2026/09/25 17:50:33:9449] N: WS   /ws - (unix skt), clients: 9
[2026/09/25 17:50:33:9449] N: WS   /ws - (unix skt), clients: 10
[2026/09/25 17:50:33:9453] N: started process, pid: 92930
[2026/09/25 17:50:33:9456] N: started process, pid: 92931
[2026/09/25 17:50:33:9459] N: started process, pid: 92932
[2026/09/25 17:50:33:9463] N: started process, pid: 92933
[2026/09/25 17:50:33:9469] N: started process, pid: 92934
[2026/09/25 17:50:33:9474] N: started process, pid: 92935
[2026/09/25 17:50:33:9482] N: started process, pid: 92936
[2026/09/25 17:50:33:9490] N: started process, pid: 92937
[2026/09/25 17:50:33:9496] N: started process, pid: 92942
[2026/09/25 17:50:33:9509] N: started process, pid: 92952
[2026/09/25 17:50:34:0770] N: WS closed from (unix skt), clients: 9
[2026/09/25 17:50:34:0770] N: killing process, pid: 92934
[2026/09/25 17:50:34:0772] N: process killed with signal 1, pid: 92934
[2026/09/25 17:50:34:1212] N: WS closed from (unix skt), clients: 8
[2026/09/25 17:50:34:1212] N: killing process, pid: 92952
[2026/09/25 17:50:34:1214] N: process killed with signal 1, pid: 92952
[2026/09/25 17:50:34:1884] N: WS closed from (unix skt), clients: 7
[2026/09/25 17:50:34:1884] N: killing process, pid: 92930
[2026/09/25 17:50:34:1888] N: process killed with signal 0, pid: 92930
[2026/09/25 17:50:34:2366] N: WS closed from (unix skt), clients: 6
[2026/09/25 17:50:34:2366] N: killing process, pid: 92932
[2026/09/25 17:50:34:2369] N: process killed with signal 0, pid: 92932
[2026/09/25 17:50:34:2925] N: WS closed from (unix skt), clients: 5
[2026/09/25 17:50:34:2925] N: killing process, pid: 92937
[2026/09/25 17:50:34:2929] N: process killed with signal 0, pid: 92937
[2026/09/25 17:50:34:3206] N: WS closed from (unix skt), clients: 4
[2026/09/25 17:50:34:3206] N: killing process, pid: 92936
[2026/09/25 17:50:34:3209] N: process killed with signal 0, pid: 92936
[2026/09/25 17:50:34:7663] N: WS closed from (unix skt), clients: 3
[2026/09/25 17:50:34:7663] N: killing process, pid: 92933
[2026/09/25 17:50:34:7668] N: process killed with signal 0, pid: 92933
[2026/09/25 17:50:34:8225] N: WS closed from (unix skt), clients: 2
[2026/09/25 17:50:34:8225] N: killing process, pid: 92942
[2026/09/25 17:50:34:8230] N: process killed with signal 0, pid: 92942
[2026/09/25 17:50:35:9446] N: WS closed from (unix skt), clients: 1
[2026/09/25 17:50:35:9446] N: killing process, pid: 92935
[2026/09/25 17:50:35:9447] N: WS closed from (unix skt), clients: 0
[2026/09/25 17:50:35:9447] N: killing process, pid: 92931
[2026/09/25 17:50:35:9466] N: process killed with signal 0, pid: 92931
[2026/09/25 17:50:35:9466] N: process killed with signal 0, pid: 92935
[2026/09/25 17:50:35:9619] N: WS   /ws - (unix skt), clients: 1
[2026/09/25 17:50:35:9619] N: WS   /ws - (unix skt), clients: 2
[2026/09/25 17:50:35:9620] N: WS   /ws - (unix skt), clients: 3
[2026/09/25 17:50:35:9620] N: WS   /ws - (unix skt), clients: 4
[2026/09/25 17:50:35:9620] N: WS   /ws - (unix skt), clients: 5
[2026/09/25 17:50:35:9620] N: WS   /ws - (unix skt), clients: 6
[2026/09/25 17:50:35:9620] N: WS   /ws - (unix skt), clients: 7
[2026/09/25 17:50:35:9621] N: WS   /ws - (unix skt), clients: 8
[2026/09/25 17:50:35:9621] N: WS   /ws - (unix skt), clients: 9
[2026/09/25 17:50:35:9621] N: WS   /ws - (unix skt), clients: 10
[2026/09/25 17:50:35:9631] N: started process, pid: 93314
[2026/09/25 17:50:35:9637] N: started process, pid: 93315
[2026/09/25 17:50:35:9644] N: started process, pid: 93316
[2026/09/25 17:50:35:9652] N: started process, pid: 93317
[2026/09/25 17:50:35:9663] N: started process, pid: 93318
[2026/09/25 17:50:35:9676] N: started process, pid: 93319
[2026/09/25 17:50:35:9697] N: started process, pid: 93320
[2026/09/25 17:50:35:9711] N: started process, pid: 93323
[2026/09/25 17:50:35:9733] N: started process, pid: 93328
[2026/09/25 17:50:35:9755] N: started process, pid: 93335
[2026/09/25 17:50:36:0904] N: WS closed from (unix skt), clients: 9
[2026/09/25 17:50:36:0905] N: killing process, pid: 93318
[2026/09/25 17:50:36:0910] N: process killed with signal 1, pid: 93318
[2026/09/25 17:50:36:1425] N: WS closed from (unix skt), clients: 8
[2026/09/25 17:50:36:1425] N: killing process, pid: 93335
[2026/09/25 17:50:36:1432] N: process killed with signal 1, pid: 93335
[2026/09/25 17:50:36:2257] N: WS closed from (unix skt), clients: 7
[2026/09/25 17:50:36:2257] N: killing process, pid: 93316
[2026/09/25 17:50:36:2261] N: process killed with signal 0, pid: 93316
[2026/09/25 17:50:36:2920] N: WS closed from (unix skt), clients: 6
[2026/09/25 17:50:36:2920] N: killing process, pid: 93314
[2026/09/25 17:50:36:2925] N: process killed with signal 0, pid: 93314
[2026/09/25 17:50:36:3172] N: WS closed from (unix skt), clients: 5
[2026/09/25 17:50:36:3172] N: killing process, pid: 93320
[2026/09/25 17:50:36:3176] N: process killed with signal 0, pid: 93320
[2026/09/25 17:50:36:3420] N: WS closed from (unix skt), clients: 4
[2026/09/25 17:50:36:3420] N: killing process, pid: 93323
[2026/09/25 17:50:36:3424] N: process killed with signal 0, pid: 93323
[2026/09/25 17:50:36:8058] N: WS closed from (unix skt), clients: 3
[2026/09/25 17:50:36:8059] N: killing process, pid: 93317
[2026/09/25 17:50:36:8069] N: process killed with signal 0, pid: 93317
[2026/09/25 17:50:36:8176] N: WS closed from (unix skt), clients: 2
[2026/09/25 17:50:36:8176] N: killing process, pid: 93328
[2026/09/25 17:50:36:8184] N: process killed with signal 0, pid: 93328
[2026/09/25 17:50:37:9644] N: WS closed from (unix skt), clients: 1
[2026/09/25 17:50:37:9645] N: killing process, pid: 93319
[2026/09/25 17:50:37:9646] N: WS closed from (unix skt), clients: 0
[2026/09/25 17:50:37:9646] N: killing process, pid: 93315
[2026/09/25 17:50:37:9663] N: process killed with signal 0, pid: 93315
[2026/09/25 17:50:37:9664] N: process killed with signal 0, pid: 93319
[2026/09/25 17:50:37:9819] N: WS   /ws - (unix skt), clients: 1
[2026/09/25 17:50:37:9819] N: WS   /ws - (unix skt), clients: 2
[2026/09/25 17:50:37:9819] N: WS   /ws - (unix skt), clients: 3
[2026/09/25 17:50:37:9820] N: WS   /ws - (unix skt), clients: 4
[2026/09/25 17:50:37:9820] N: WS   /ws - (unix skt), clients: 5
[2026/09/25 17:50:37:9820] N: WS   /ws - (unix skt), clients: 6
[2026/09/25 17:50:37:9820] N: WS   /ws - (unix skt), clients: 7
[2026/09/25 17:50:37:9820] N: WS   /ws - (unix skt), clients: 8
[2026/09/25 17:50:37:9820] N: WS   /ws - (unix skt), clients: 9
[2026/09/25 17:50:37:9821] N: WS   /ws - (unix skt), clients: 10
[2026/09/25 17:50:37:9828] N: started process, pid: 93646
[2026/09/25 17:50:37:9835] N: started process, pid: 93648
[2026/09/25 17:50:37:9842] N: started process, pid: 93649
[2026/09/25 17:50:37:9850] N: started process, pid: 93650
[2026/09/25 17:50:37:9857] N: started process, pid: 93651
[2026/09/25 17:50:37:9865] N: started process, pid: 93652
[2026/09/25 17:50:37:9873] N: started process, pid: 93653
[2026/09/25 17:50:37:9885] N: started process, pid: 93654
[2026/09/25 17:50:37:9893] N: started process, pid: 93656
[2026/09/25 17:50:37:9905] N: started process, pid: 93659
[2026/09/25 17:50:38:1042] N: WS closed from (unix skt), clients: 9
[2026/09/25 17:50:38:1043] N: killing process, pid: 93650
[2026/09/25 17:50:38:1045] N: process killed with signal 1, pid: 93650
[2026/09/25 17:50:38:1718] N: WS closed from (unix skt), clients: 8
[2026/09/25 17:50:38:1718] N: killing process, pid: 93656
[2026/09/25 17:50:38:1722] N: process killed with signal 1, pid: 93656
[2026/09/25 17:50:38:2818] N: WS closed from (unix skt), clients: 7
[2026/09/25 17:50:38:2819] N: killing process, pid: 93646
[2026/09/25 17:50:38:2854] N: process killed with signal 0, pid: 93646
[2026/09/25 17:50:38:2941] N: WS closed from (unix skt), clients: 6
[2026/09/25 17:50:38:2941] N: killing process, pid: 93648
[2026/09/25 17:50:38:2944] N: process killed with signal 0, pid: 93648
[2026/09/25 17:50:38:3452] N: WS closed from (unix skt), clients: 5
[2026/09/25 17:50:38:3452] N: killing process, pid: 93653
[2026/09/25 17:50:38:3456] N: process killed with signal 0, pid: 93653
[2026/09/25 17:50:38:3717] N: WS closed from (unix skt), clients: 4
[2026/09/25 17:50:38:3717] N: killing process, pid: 93652
[2026/09/25 17:50:38:3721] N: process killed with signal 0, pid: 93652
[2026/09/25 17:50:38:8207] N: WS closed from (unix skt), clients: 3
[2026/09/25 17:50:38:8208] N: killing process, pid: 93649
[2026/09/25 17:50:38:8214] N: process killed with signal 0, pid: 93649
[2026/09/25 17:50:38:8590] N: WS closed from (unix skt), clients: 2
[2026/09/25 17:50:38:8590] N: killing process, pid: 93654
[2026/09/25 17:50:38:8602] N: process killed with signal 0, pid: 93654
[2026/09/25 17:50:39:9834] N: WS closed from (unix skt), clients: 1
[2026/09/25 17:50:39:9835] N: killing process, pid: 93651
[2026/09/25 17:50:39:9837] N: WS closed from (unix skt), clients: 0
[2026/09/25 17:50:39:9837] N: killing process, pid: 93659
[2026/09/25 17:50:39:9877] N: process killed with signal 0, pid: 93651
[2026/09/25 17:50:39:9878] N: process killed with signal 0, pid: 93659
[2026/09/25 17:50:40:0058] N: WS   /ws - (unix skt), clients: 1
[2026/09/25 17:50:40:0058] N: WS   /ws - (unix skt), clients: 2
[2026/09/25 17:50:40:0058] N: WS   /ws - (unix skt), clients: 3
[2026/09/25 17:50:40:0059] N: WS   /ws - (unix skt), clients: 4
[2026/09/25 17:50:40:0059] N: WS   /ws - (unix skt), clients: 5
[2026/09/25 17:50:40:0059] N: WS   /ws - (unix skt), clients: 6
[2026/09/25 17:50:40:0059] N: WS   /ws - (unix skt), clients: 7
[2026/09/25 17:50:40:0059] N: WS   /ws - (unix skt), clients: 8
[2026/09/25 17:50:40:0059] N: WS   /ws - (unix skt), clients: 9
[2026/09/25 17:50:40:0060] N: WS   /ws - (unix skt), clients: 10
[2026/09/25 17:50:40:0068] N: started process, pid: 93948
[2026/09/25 17:50:40:0076] N: started process, pid: 93949
[2026/09/25 17:50:40:0083] N: started process, pid: 93950
[2026/09/25 17:50:40:0092] N: started process, pid: 93951
[2026/09/25 17:50:40:0102] N: started process, pid: 93952
[2026/09/25 17:50:40:0113] N: started process, pid: 93953
[2026/09/25 17:50:40:0119] N: started process, pid: 93954
[2026/09/25 17:50:40:0139] N: started process, pid: 93956
[2026/09/25 17:50:40:0147] N: started process, pid: 93965
[2026/09/25 17:50:40:0163] N: started process, pid: 93970
[2026/09/25 17:50:40:1211] N: WS closed from (unix skt), clients: 9
[2026/09/25 17:50:40:1211] N: killing process, pid: 93949
[2026/09/25 17:50:40:1213] N: process killed with signal 1, pid: 93949
[2026/09/25 17:50:40:1895] N: WS closed from (unix skt), clients: 8
[2026/09/25 17:50:40:1895] N: killing process, pid: 93953
[2026/09/25 17:50:40:1899] N: process killed with signal 1, pid: 93953
[2026/09/25 17:50:40:3111] N: WS closed from (unix skt), clients: 7
[2026/09/25 17:50:40:3111] N: killing process, pid: 93951
[2026/09/25 17:50:40:3112] N: WS closed from (unix skt), clients: 6
[2026/09/25 17:50:40:3112] N: killing process, pid: 93948
[2026/09/25 17:50:40:3115] N: process killed with signal 0, pid: 93948
[2026/09/25 17:50:40:3116] N: process killed with signal 0, pid: 93951
[2026/09/25 17:50:40:3785] N: WS closed from (unix skt), clients: 5
[2026/09/25 17:50:40:3785] N: killing process, pid: 93956
[2026/09/25 17:50:40:3790] N: process killed with signal 0, pid: 93956
[2026/09/25 17:50:40:3912] N: WS closed from (unix skt), clients: 4
[2026/09/25 17:50:40:3913] N: killing process, pid: 93965
[2026/09/25 17:50:40:3918] N: process killed with signal 0, pid: 93965
[2026/09/25 17:50:40:8538] N: WS closed from (unix skt), clients: 3
[2026/09/25 17:50:40:8538] N: killing process, pid: 93970
[2026/09/25 17:50:40:8542] N: process killed with signal 0, pid: 93970
[2026/09/25 17:50:40:8689] N: WS closed from (unix skt), clients: 2
[2026/09/25 17:50:40:8689] N: killing process, pid: 93952
[2026/09/25 17:50:40:8693] N: process killed with signal 0, pid: 93952
[2026/09/25 17:50:42:0071] N: WS closed from (unix skt), clients: 1
[2026/09/25 17:50:42:0071] N: killing process, pid: 93954
[2026/09/25 17:50:42:0072] N: WS closed from (unix skt), clients: 0
[2026/09/25 17:50:42:0072] N: killing process, pid: 93950
[2026/09/25 17:50:42:0075] N: process killed with signal 0, pid: 93954
[2026/09/25 17:50:42:0084] N: process killed with signal 0, pid: 93950
[2026/09/25 17:50:42:0169] N: WS   /ws - (unix skt), clients: 1
[2026/09/25 17:50:42:0169] N: WS   /ws - (unix skt), clients: 2
[2026/09/25 17:50:42:0169] N: WS   /ws - (unix skt), clients: 3
[2026/09/25 17:50:42:0169] N: WS   /ws - (unix skt), clients: 4
[2026/09/25 17:50:42:0169] N: WS   /ws - (unix skt), clients: 5
[2026/09/25 17:50:42:0170] N: WS   /ws - (unix skt), clients: 6
[2026/09/25 17:50:42:0170] N: WS   /ws - (unix skt), clients: 7
[2026/09/25 17:50:42:0170] N: WS   /ws - (unix skt), clients: 8
[2026/09/25 17:50:42:0170] N: WS   /ws - (unix skt), clients: 9
[2026/09/25 17:50:42:0170] N: WS   /ws - (unix skt), clients: 10
[2026/09/25 17:50:42:0175] N: started process, pid: 94288
[2026/09/25 17:50:42:0180] N: started process, pid: 94289
[2026/09/25 17:50:42:0184] N: started process, pid: 94290
[2026/09/25 17:50:42:0189] N: started process, pid: 94291
[2026/09/25 17:50:42:0194] N: started process, pid: 94292
[2026/09/25 17:50:42:0200] N: started process, pid: 94293
[2026/09/25 17:50:42:0207] N: started process, pid: 94294
[2026/09/25 17:50:42:0215] N: started process, pid: 94295
[2026/09/25 17:50:42:0225] N: started process, pid: 94296
[2026/09/25 17:50:42:0237] N: started process, pid: 94301
[2026/09/25 17:50:42:0720] N: WS closed from (unix skt), clients: 9
[2026/09/25 17:50:42:0720] N: killing process, pid: 94291
[2026/09/25 17:50:42:0725] N: process killed with signal 1, pid: 94291
[2026/09/25 17:50:42:1874] N: WS closed from (unix skt), clients: 8
[2026/09/25 17:50:42:1874] N: killing process, pid: 94296
[2026/09/25 17:50:42:1877] N: process killed with signal 1, pid: 94296
[2026/09/25 17:50:42:3253] N: WS closed from (unix skt), clients: 7
[2026/09/25 17:50:42:3254] N: killing process, pid: 94289
[2026/09/25 17:50:42:3258] N: process killed with signal 0, pid: 94289
[2026/09/25 17:50:42:3625] N: WS closed from (unix skt), clients: 6
[2026/09/25 17:50:42:3625] N: killing process, pid: 94288
[2026/09/25 17:50:42:3629] N: process killed with signal 0, pid: 94288
[2026/09/25 17:50:42:3867] N: WS closed from (unix skt), clients: 5
[2026/09/25 17:50:42:3867] N: killing process, pid: 94293
[2026/09/25 17:50:42:3867] N: WS closed from (unix skt), clients: 4
[2026/09/25 17:50:42:3867] N: killing process, pid: 94294
[2026/09/25 17:50:42:3874] N: process killed with signal 0, pid: 94293
[2026/09/25 17:50:42:3875] N: process killed with signal 0, pid: 94294
[2026/09/25 17:50:42:8116] N: WS closed from (unix skt), clients: 3
[2026/09/25 17:50:42:8117] N: killing process, pid: 94290
[2026/09/25 17:50:42:8121] N: process killed with signal 0, pid: 94290
[2026/09/25 17:50:42:8749] N: WS closed from (unix skt), clients: 2
[2026/09/25 17:50:42:8749] N: killing process, pid: 94295
[2026/09/25 17:50:42:8758] N: process killed with signal 0, pid: 94295
[2026/09/25 17:50:44:0188] N: WS closed from (unix skt), clients: 1
[2026/09/25 17:50:44:0189] N: killing process, pid: 94292
[2026/09/25 17:50:44:0190] N: WS closed from (unix skt), clients: 0
[2026/09/25 17:50:44:0190] N: killing process, pid: 94301
[2026/09/25 17:50:44:0197] N: process killed with signal 0, pid: 94292
[2026/09/25 17:50:44:0206] N: process killed with signal 0, pid: 94301
[2026/09/25 17:50:44:0301] N: WS   /ws - (unix skt), clients: 1
[2026/09/25 17:50:44:0302] N: WS   /ws - (unix skt), clients: 2
[2026/09/25 17:50:44:0302] N: WS   /ws - (unix skt), clients: 3
[2026/09/25 17:50:44:0302] N: WS   /ws - (unix skt), clients: 4
[2026/09/25 17:50:44:0302] N: WS   /ws - (unix skt), clients: 5
[2026/09/25 17:50:44:0302] N: WS   /ws - (unix skt), clients: 6
[2026/09/25 17:50:44:0302] N: WS   /ws - (unix skt), clients: 7
[2026/09/25 17:50:44:0302] N: WS   /ws - (unix skt), clients: 8
[2026/09/25 17:50:44:0302] N: WS   /ws - (unix skt), clients: 9
[2026/09/25 17:50:44:0303] N: WS   /ws - (unix skt), clients: 10
[2026/09/25 17:50:44:0308] N: started process, pid: 94636
[2026/09/25 17:50:44:0313] N: started process, pid: 94637
[2026/09/25 17:50:44:0319] N: started process, pid: 94638
[2026/09/25 17:50:44:0326] N: started process, pid: 94639
[2026/09/25 17:50:44:0332] N: started process, pid: 94640
[2026/09/25 17:50:44:0339] N: started process, pid: 94641
[2026/09/25 17:50:44:0348] N: started process, pid: 94642
[2026/09/25 17:50:44:0356] N: started process, pid: 94643
[2026/09/25 17:50:44:0371] N: started process, pid: 94650
[2026/09/25 17:50:44:0379] N: started process, pid: 94658
[2026/09/25 17:50:44:1279] N: WS closed from (unix skt), clients: 9
[2026/09/25 17:50:44:1279] N: killing process, pid: 94637
[2026/09/25 17:50:44:1283] N: process killed with signal 1, pid: 94637
[2026/09/25 17:50:44:2100] N: WS closed from (unix skt), clients: 8
[2026/09/25 17:50:44:2100] N: killing process, pid: 94641
[2026/09/25 17:50:44:2105] N: process killed with signal 1, pid: 94641
[2026/09/25 17:50:44:3024] N: WS closed from (unix skt), clients: 7
[2026/09/25 17:50:44:3024] N: killing process, pid: 94636
[2026/09/25 17:50:44:3028] N: process killed with signal 0, pid: 94636
[2026/09/25 17:50:44:3586] N: WS closed from (unix skt), clients: 6
[2026/09/25 17:50:44:3586] N: killing process, pid: 94639
[2026/09/25 17:50:44:3590] N: process killed with signal 0, pid: 94639
[2026/09/25 17:50:44:3851] N: WS closed from (unix skt), clients: 5
[2026/09/25 17:50:44:3851] N: killing process, pid: 94643
[2026/09/25 17:50:44:3856] N: process killed with signal 0, pid: 94643
[2026/09/25 17:50:44:4105] N: WS closed from (unix skt), clients: 4
[2026/09/25 17:50:44:4105] N: killing process, pid: 94650
[2026/09/25 17:50:44:4111] N: process killed with signal 0, pid: 94650
[2026/09/25 17:50:44:8713] N: WS closed from (unix skt), clients: 3
[2026/09/25 17:50:44:8714] N: killing process, pid: 94640
[2026/09/25 17:50:44:8729] N: process killed with signal 0, pid: 94640
[2026/09/25 17:50:44:9055] N: WS closed from (unix skt), clients: 2
[2026/09/25 17:50:44:9057] N: killing process, pid: 94658
[2026/09/25 17:50:44:9111] N: process killed with signal 0, pid: 94658
[2026/09/25 17:50:46:0331] N: WS closed from (unix skt), clients: 1
[2026/09/25 17:50:46:0332] N: killing process, pid: 94642
[2026/09/25 17:50:46:0332] N: WS closed from (unix skt), clients: 0
[2026/09/25 17:50:46:0332] N: killing process, pid: 94638
[2026/09/25 17:50:46:0339] N: process killed with signal 0, pid: 94642
[2026/09/25 17:50:46:0350] N: process killed with signal 0, pid: 94638
[2026/09/25 17:50:46:0462] N: WS   /ws - (unix skt), clients: 1
[2026/09/25 17:50:46:0463] N: WS   /ws - (unix skt), clients: 2
[2026/09/25 17:50:46:0463] N: WS   /ws - (unix skt), clients: 3
[2026/09/25 17:50:46:0463] N: WS   /ws - (unix skt), clients: 4
[2026/09/25 17:50:46:0463] N: WS   /ws - (unix skt), clients: 5
[2026/09/25 17:50:46:0463] N: WS   /ws - (unix skt), clients: 6
[2026/09/25 17:50:46:0464] N: WS   /ws - (unix skt), clients: 7
[2026/09/25 17:50:46:0464] N: WS   /ws - (unix skt), clients: 8
[2026/09/25 17:50:46:0464] N: WS   /ws - (unix skt), clients: 9
[2026/09/25 17:50:46:0464] N: WS   /ws - (unix skt), clients: 10
[2026/09/25 17:50:46:0471] N: started process, pid: 94897
[2026/09/25 17:50:46:0478] N: started process, pid: 94898
[2026/09/25 17:50:46:0484] N: started process, pid: 94899
[2026/09/25 17:50:46:0489] N: started process, pid: 94900
[2026/09/25 17:50:46:0496] N: started process, pid: 94901
[2026/09/25 17:50:46:0502] N: started process, pid: 94902
[2026/09/25 17:50:46:0511] N: started process, pid: 94903
[2026/09/25 17:50:46:0518] N: started process, pid: 94904
[2026/09/25 17:50:46:0525] N: started process, pid: 94905
[2026/09/25 17:50:46:0541] N: started process, pid: 94907
[2026/09/25 17:50:46:2681] N: WS closed from (unix skt), clients: 9
[2026/09/25 17:50:46:2682] N: killing process, pid: 94900
[2026/09/25 17:50:46:2685] N: process killed with signal 1, pid: 94900
[2026/09/25 17:50:46:3326] N: WS closed from (unix skt), clients: 8
[2026/09/25 17:50:46:3326] N: killing process, pid: 94905
[2026/09/25 17:50:46:3333] N: process killed with signal 1, pid: 94905
[2026/09/25 17:50:46:4528] N: WS closed from (unix skt), clients: 7
[2026/09/25 17:50:46:4529] N: killing process, pid: 94897
[2026/09/25 17:50:46:4529] N: WS closed from (unix skt), clients: 6
[2026/09/25 17:50:46:4529] N: killing process, pid: 94898
[2026/09/25 17:50:46:4535] N: process killed with signal 0, pid: 94897
[2026/09/25 17:50:46:4535] N: process killed with signal 0, pid: 94898
[2026/09/25 17:50:46:5335] N: WS closed from (unix skt), clients: 5
[2026/09/25 17:50:46:5335] N: killing process, pid: 94902
[2026/09/25 17:50:46:5340] N: process killed with signal 0, pid: 94902
[2026/09/25 17:50:46:5361] N: WS closed from (unix skt), clients: 4
[2026/09/25 17:50:46:5361] N: killing process, pid: 94903
[2026/09/25 17:50:46:5365] N: process killed with signal 0, pid: 94903
[2026/09/25 17:50:46:9723] N: WS closed from (unix skt), clients: 3
[2026/09/25 17:50:46:9724] N: killing process, pid: 94899
[2026/09/25 17:50:46:9738] N: process killed with signal 0, pid: 94899
[2026/09/25 17:50:46:9870] N: WS closed from (unix skt), clients: 2
[2026/09/25 17:50:46:9871] N: killing process, pid: 94904
[2026/09/25 17:50:46:9880] N: process killed with signal 0, pid: 94904
[2026/09/25 17:50:48:0485] N: WS closed from (unix skt), clients: 1
[2026/09/25 17:50:48:0486] N: killing process, pid: 94901
[2026/09/25 17:50:48:0486] N: WS closed from (unix skt), clients: 0
[2026/09/25 17:50:48:0486] N: killing process, pid: 94907
[2026/09/25 17:50:48:0493] N: process killed with signal 0, pid: 94901
[2026/09/25 17:50:48:0500] N: process killed with signal 0, pid: 94907
[2026/09/25 17:50:48:0601] N: WS   /ws - (unix skt), clients: 1
[2026/09/25 17:50:48:0602] N: WS   /ws - (unix skt), clients: 2
[2026/09/25 17:50:48:0602] N: WS   /ws - (unix skt), clients: 3
[2026/09/25 17:50:48:0602] N: WS   /ws - (unix skt), clients: 4
[2026/09/25 17:50:48:0602] N: WS   /ws - (unix skt), clients: 5
[2026/09/25 17:50:48:0602] N: WS   /ws - (unix skt), clients: 6
[2026/09/25 17:50:48:0602] N: WS   /ws - (unix skt), clients: 7
[2026/09/25 17:50:48:0603] N: WS   /ws - (unix skt), clients: 8
[2026/09/25 17:50:48:0603] N: WS   /ws - (unix skt), clients: 9
[2026/09/25 17:50:48:0603] N: WS   /ws - (unix skt), clients: 10
[2026/09/25 17:50:48:0609] N: started process, pid: 95245
[2026/09/25 17:50:48:0614] N: started process, pid: 95246
[2026/09/25 17:50:48:0620] N: started process, pid: 95247
[2026/09/25 17:50:48:0624] N: started process, pid: 95248
[2026/09/25 17:50:48:0631] N: started process, pid: 95249
[2026/09/25 17:50:48:0637] N: started process, pid: 95250
[2026/09/25 17:50:48:0643] N: started process, pid: 95251
[2026/09/25 17:50:48:0650] N: started process, pid: 95252
[2026/09/25 17:50:48:0659] N: started process, pid: 95253
[2026/09/25 17:50:48:0667] N: started process, pid: 95257
[2026/09/25 17:50:48:1863] N: WS closed from (unix skt), clients: 9
[2026/09/25 17:50:48:1864] N: killing process, pid: 95248
[2026/09/25 17:50:48:1866] N: process killed with signal 1, pid: 95248
[2026/09/25 17:50:48:2411] N: WS closed from (unix skt), clients: 8
[2026/09/25 17:50:48:2411] N: killing process, pid: 95253
[2026/09/25 17:50:48:2413] N: process killed with signal 1, pid: 95253
[2026/09/25 17:50:48:3480] N: WS closed from (unix skt), clients: 7
[2026/09/25 17:50:48:3481] N: killing process, pid: 95246
[2026/09/25 17:50:48:3485] N: process killed with signal 0, pid: 95246
[2026/09/25 17:50:48:3750] N: WS closed from (unix skt), clients: 6
[2026/09/25 17:50:48:3750] N: killing process, pid: 95245
[2026/09/25 17:50:48:3754] N: process killed with signal 0, pid: 95245
[2026/09/25 17:50:48:4012] N: WS closed from (unix skt), clients: 5
[2026/09/25 17:50:48:4012] N: killing process, pid: 95251
[2026/09/25 17:50:48:4017] N: process killed with signal 0, pid: 95251
[2026/09/25 17:50:48:4294] N: WS closed from (unix skt), clients: 4
[2026/09/25 17:50:48:4294] N: killing process, pid: 95250
[2026/09/25 17:50:48:4299] N: process killed with signal 0, pid: 95250
[2026/09/25 17:50:48:8771] N: WS closed from (unix skt), clients: 3
[2026/09/25 17:50:48:8772] N: killing process, pid: 95247
[2026/09/25 17:50:48:8780] N: process killed with signal 0, pid: 95247
[2026/09/25 17:50:48:9423] N: WS closed from (unix skt), clients: 2
[2026/09/25 17:50:48:9423] N: killing process, pid: 95252
[2026/09/25 17:50:48:9432] N: process killed with signal 0, pid: 95252
[2026/09/25 17:50:50:0606] N: WS closed from (unix skt), clients: 1
[2026/09/25 17:50:50:0607] N: killing process, pid: 95249
[2026/09/25 17:50:50:0607] N: WS closed from (unix skt), clients: 0
[2026/09/25 17:50:50:0607] N: killing process, pid: 95257
[2026/09/25 17:50:50:0617] N: process killed with signal 0, pid: 95249
[2026/09/25 17:50:50:0625] N: process killed with signal 0, pid: 95257
[2026/09/25 17:50:50:0714] N: WS   /ws - (unix skt), clients: 1
[2026/09/25 17:50:50:0715] N: WS   /ws - (unix skt), clients: 2
[2026/09/25 17:50:50:0715] N: WS   /ws - (unix skt), clients: 3
[2026/09/25 17:50:50:0715] N: WS   /ws - (unix skt), clients: 4
[2026/09/25 17:50:50:0715] N: WS   /ws - (unix skt), clients: 5
[2026/09/25 17:50:50:0715] N: WS   /ws - (unix skt), clients: 6
[2026/09/25 17:50:50:0715] N: WS   /ws - (unix skt), clients: 7
[2026/09/25 17:50:50:0716] N: WS   /ws - (unix skt), clients: 8
[2026/09/25 17:50:50:0716] N: WS   /ws - (unix skt), clients: 9
[2026/09/25 17:50:50:0716] N: WS   /ws - (unix skt), clients: 10
[2026/09/25 17:50:50:0721] N: started process, pid: 95465
[2026/09/25 17:50:50:0725] N: started process, pid: 95466
[2026/09/25 17:50:50:0730] N: started process, pid: 95467
[2026/09/25 17:50:50:0734] N: started process, pid: 95468
[2026/09/25 17:50:50:0740] N: started process, pid: 95469
[2026/09/25 17:50:50:0745] N: started process, pid: 95470
[2026/09/25 17:50:50:0752] N: started process, pid: 95471
[2026/09/25 17:50:50:0758] N: started process, pid: 95472
[2026/09/25 17:50:50:0767] N: started process, pid: 95473
[2026/09/25 17:50:50:0781] N: started process, pid: 95479
[2026/09/25 17:50:50:1866] N: WS closed from (unix skt), clients: 9
[2026/09/25 17:50:50:1866] N: killing process, pid: 95467
[2026/09/25 17:50:50:1870] N: process killed with signal 1, pid: 95467
[2026/09/25 17:50:50:1998] N: WS closed from (unix skt), clients: 8
[2026/09/25 17:50:50:1999] N: killing process, pid: 95471
[2026/09/25 17:50:50:2002] N: process killed with signal 1, pid: 95471
[2026/09/25 17:50:50:3359] N: WS closed from (unix skt), clients: 7
[2026/09/25 17:50:50:3359] N: killing process, pid: 95465
[2026/09/25 17:50:50:3363] N: process killed with signal 0, pid: 95465
[2026/09/25 17:50:50:4269] N: WS closed from (unix skt), clients: 6
[2026/09/25 17:50:50:4269] N: killing process, pid: 95469
[2026/09/25 17:50:50:4273] N: process killed with signal 0, pid: 95469
[2026/09/25 17:50:50:4409] N: WS closed from (unix skt), clients: 5
[2026/09/25 17:50:50:4409] N: killing process, pid: 95479
[2026/09/25 17:50:50:4410] N: WS closed from (unix skt), clients: 4
[2026/09/25 17:50:50:4410] N: killing process, pid: 95473
[2026/09/25 17:50:50:4414] N: process killed with signal 0, pid: 95479
[2026/09/25 17:50:50:4415] N: process killed with signal 0, pid: 95473
[2026/09/25 17:50:50:8781] N: WS closed from (unix skt), clients: 3
[2026/09/25 17:50:50:8781] N: killing process, pid: 95466
[2026/09/25 17:50:50:8788] N: process killed with signal 0, pid: 95466
[2026/09/25 17:50:50:9433] N: WS closed from (unix skt), clients: 2
[2026/09/25 17:50:50:9434] N: killing process, pid: 95470
[2026/09/25 17:50:50:9444] N: process killed with signal 0, pid: 95470
[2026/09/25 17:50:52:0736] N: WS closed from (unix skt), clients: 1
[2026/09/25 17:50:52:0736] N: killing process, pid: 95472
[2026/09/25 17:50:52:0736] N: WS closed from (unix skt), clients: 0
[2026/09/25 17:50:52:0736] N: killing process, pid: 95468
[2026/09/25 17:50:52:0749] N: process killed with signal 0, pid: 95472
[2026/09/25 17:50:52:0749] N: process killed with signal 0, pid: 95468
[2026/09/25 17:50:52:0852] N: WS   /ws - (unix skt), clients: 1
[2026/09/25 17:50:52:0853] N: WS   /ws - (unix skt), clients: 2
[2026/09/25 17:50:52:0853] N: WS   /ws - (unix skt), clients: 3
[2026/09/25 17:50:52:0853] N: WS   /ws - (unix skt), clients: 4
[2026/09/25 17:50:52:0853] N: WS   /ws - (unix skt), clients: 5
[2026/09/25 17:50:52:0853] N: WS   /ws - (unix skt), clients: 6
[2026/09/25 17:50:52:0853] N: WS   /ws - (unix skt), clients: 7
[2026/09/25 17:50:52:0853] N: WS   /ws - (unix skt), clients: 8
[2026/09/25 17:50:52:0853] N: WS   /ws - (unix skt), clients: 9
[2026/09/25 17:50:52:0854] N: WS   /ws - (unix skt), clients: 10
[2026/09/25 17:50:52:0859] N: started process, pid: 95841
[2026/09/25 17:50:52:0863] N: started process, pid: 95842
[2026/09/25 17:50:52:0868] N: started process, pid: 95843
[2026/09/25 17:50:52:0874] N: started process, pid: 95844
[2026/09/25 17:50:52:0880] N: started process, pid: 95846
[2026/09/25 17:50:52:0887] N: started process, pid: 95847
[2026/09/25 17:50:52:0897] N: started process, pid: 95848
[2026/09/25 17:50:52:0905] N: started process, pid: 95849
[2026/09/25 17:50:52:0913] N: started process, pid: 95852
[2026/09/25 17:50:52:0930] N: started process, pid: 95856
[2026/09/25 17:50:52:1836] N: WS closed from (unix skt), clients: 9
[2026/09/25 17:50:52:1837] N: killing process, pid: 95844
[2026/09/25 17:50:52:1842] N: process killed with signal 1, pid: 95844
[2026/09/25 17:50:52:2514] N: WS closed from (unix skt), clients: 8
[2026/09/25 17:50:52:2515] N: killing process, pid: 95852
[2026/09/25 17:50:52:2516] N: process killed with signal 1, pid: 95852
[2026/09/25 17:50:52:3855] N: WS closed from (unix skt), clients: 7
[2026/09/25 17:50:52:3855] N: killing process, pid: 95842
[2026/09/25 17:50:52:3855] N: WS closed from (unix skt), clients: 6
[2026/09/25 17:50:52:3855] N: killing process, pid: 95841
[2026/09/25 17:50:52:3860] N: process killed with signal 0, pid: 95841
[2026/09/25 17:50:52:3860] N: process killed with signal 0, pid: 95842
[2026/09/25 17:50:52:4400] N: WS closed from (unix skt), clients: 5
[2026/09/25 17:50:52:4401] N: killing process, pid: 95848
[2026/09/25 17:50:52:4405] N: process killed with signal 0, pid: 95848
[2026/09/25 17:50:52:4654] N: WS closed from (unix skt), clients: 4
[2026/09/25 17:50:52:4654] N: killing process, pid: 95847
[2026/09/25 17:50:52:4657] N: process killed with signal 0, pid: 95847
[2026/09/25 17:50:52:8861] N: WS closed from (unix skt), clients: 3
[2026/09/25 17:50:52:8861] N: killing process, pid: 95843
[2026/09/25 17:50:52:8865] N: process killed with signal 0, pid: 95843
[2026/09/25 17:50:52:9668] N: WS closed from (unix skt), clients: 2
[2026/09/25 17:50:52:9668] N: killing process, pid: 95849
[2026/09/25 17:50:52:9677] N: process killed with signal 0, pid: 95849
[2026/09/25 17:50:54:0872] N: WS closed from (unix skt), clients: 1
[2026/09/25 17:50:54:0873] N: killing process, pid: 95846
[2026/09/25 17:50:54:0873] N: WS closed from (unix skt), clients: 0
[2026/09/25 17:50:54:0873] N: killing process, pid: 95856
[2026/09/25 17:50:54:0878] N: process killed with signal 0, pid: 95846
[2026/09/25 17:50:54:0889] N: process killed with signal 0, pid: 95856
[2026/09/25 17:50:54:0973] N: WS   /ws - (unix skt), clients: 1
[2026/09/25 17:50:54:0973] N: WS   /ws - (unix skt), clients: 2
[2026/09/25 17:50:54:0973] N: WS   /ws - (unix skt), clients: 3
[2026/09/25 17:50:54:0973] N: WS   /ws - (unix skt), clients: 4
[2026/09/25 17:50:54:0974] N: WS   /ws - (unix skt), clients: 5
[2026/09/25 17:50:54:0974] N: WS   /ws - (unix skt), clients: 6
[2026/09/25 17:50:54:0974] N: WS   /ws - (unix skt), clients: 7
[2026/09/25 17:50:54:0974] N: WS   /ws - (unix skt), clients: 8
[2026/09/25 17:50:54:0974] N: WS   /ws - (unix skt), clients: 9
[2026/09/25 17:50:54:0974] N: WS   /ws - (unix skt), clients: 10
[2026/09/25 17:50:54:0979] N: started process, pid: 96146
[2026/09/25 17:50:54:0983] N: started process, pid: 96147
[2026/09/25 17:50:54:0988] N: started process, pid: 96148
[2026/09/25 17:50:54:0992] N: started process, pid: 96149
[2026/09/25 17:50:54:0998] N: started process, pid: 96150
[2026/09/25 17:50:54:1005] N: started process, pid: 96151
[2026/09/25 17:50:54:1010] N: started process, pid: 96152
[2026/09/25 17:50:54:1022] N: started process, pid: 96153
[2026/09/25 17:50:54:1033] N: started process, pid: 96157
[2026/09/25 17:50:54:1042] N: started process, pid: 96164
[2026/09/25 17:50:54:1481] N: WS closed from (unix skt), clients: 9
[2026/09/25 17:50:54:1482] N: killing process, pid: 96149
[2026/09/25 17:50:54:1487] N: process killed with signal 1, pid: 96149
[2026/09/25 17:50:54:2697] N: WS closed from (unix skt), clients: 8
[2026/09/25 17:50:54:2698] N: killing process, pid: 96157
[2026/09/25 17:50:54:2702] N: process killed with signal 1, pid: 96157
[2026/09/25 17:50:54:4025] N: WS closed from (unix skt), clients: 7
[2026/09/25 17:50:54:4026] N: killing process, pid: 96147
[2026/09/25 17:50:54:4027] N: WS closed from (unix skt), clients: 6
[2026/09/25 17:50:54:4027] N: killing process, pid: 96151
[2026/09/25 17:50:54:4027] N: WS closed from (unix skt), clients: 5
[2026/09/25 17:50:54:4027] N: killing process, pid: 96146
[2026/09/25 17:50:54:4033] N: process killed with signal 0, pid: 96146
[2026/09/25 17:50:54:4033] N: process killed with signal 0, pid: 96147
[2026/09/25 17:50:54:4034] N: process killed with signal 0, pid: 96151
[2026/09/25 17:50:54:4571] N: WS closed from (unix skt), clients: 4
[2026/09/25 17:50:54:4571] N: killing process, pid: 96152
[2026/09/25 17:50:54:4575] N: process killed with signal 0, pid: 96152
[2026/09/25 17:50:54:9052] N: WS closed from (unix skt), clients: 3
[2026/09/25 17:50:54:9053] N: killing process, pid: 96148
[2026/09/25 17:50:54:9060] N: process killed with signal 0, pid: 96148
[2026/09/25 17:50:54:9724] N: WS closed from (unix skt), clients: 2
[2026/09/25 17:50:54:9725] N: killing process, pid: 96153
[2026/09/25 17:50:54:9735] N: process killed with signal 0, pid: 96153
[2026/09/25 17:50:56:1001] N: WS closed from (unix skt), clients: 1
[2026/09/25 17:50:56:1001] N: killing process, pid: 96150
[2026/09/25 17:50:56:1002] N: WS closed from (unix skt), clients: 0
[2026/09/25 17:50:56:1002] N: killing process, pid: 96164
[2026/09/25 17:50:56:1009] N: process killed with signal 0, pid: 96164
[2026/09/25 17:50:56:1014] N: process killed with signal 0, pid: 96150
[2026/09/25 17:50:56:1117] N: WS   /ws - (unix skt), clients: 1
[2026/09/25 17:50:56:1118] N: WS   /ws - (unix skt), clients: 2
[2026/09/25 17:50:56:1118] N: WS   /ws - (unix skt), clients: 3
[2026/09/25 17:50:56:1118] N: WS   /ws - (unix skt), clients: 4
[2026/09/25 17:50:56:1118] N: WS   /ws - (unix skt), clients: 5
[2026/09/25 17:50:56:1118] N: WS   /ws - (unix skt), clients: 6
[2026/09/25 17:50:56:1118] N: WS   /ws - (unix skt), clients: 7
[2026/09/25 17:50:56:1118] N: WS   /ws - (unix skt), clients: 8
[2026/09/25 17:50:56:1118] N: WS   /ws - (unix skt), clients: 9
[2026/09/25 17:50:56:1119] N: WS   /ws - (unix skt), clients: 10
[2026/09/25 17:50:56:1124] N: started process, pid: 96462
[2026/09/25 17:50:56:1128] N: started process, pid: 96463
[2026/09/25 17:50:56:1133] N: started process, pid: 96464
[2026/09/25 17:50:56:1139] N: started process, pid: 96466
[2026/09/25 17:50:56:1147] N: started process, pid: 96467
[2026/09/25 17:50:56:1156] N: started process, pid: 96468
[2026/09/25 17:50:56:1165] N: started process, pid: 96469
[2026/09/25 17:50:56:1175] N: started process, pid: 96471
[2026/09/25 17:50:56:1186] N: started process, pid: 96474
[2026/09/25 17:50:56:1193] N: started process, pid: 96479
[2026/09/25 17:50:56:2279] N: WS closed from (unix skt), clients: 9
[2026/09/25 17:50:56:2279] N: killing process, pid: 96466
[2026/09/25 17:50:56:2283] N: process killed with signal 1, pid: 96466
[2026/09/25 17:50:56:2864] N: WS closed from (unix skt), clients: 8
[2026/09/25 17:50:56:2865] N: killing process, pid: 96474
[2026/09/25 17:50:56:2867] N: process killed with signal 1, pid: 96474
[2026/09/25 17:50:56:3874] N: WS closed from (unix skt), clients: 7
[2026/09/25 17:50:56:3874] N: killing process, pid: 96462
[2026/09/25 17:50:56:3877] N: process killed with signal 0, pid: 96462
[2026/09/25 17:50:56:4165] N: WS closed from (unix skt), clients: 6
[2026/09/25 17:50:56:4165] N: killing process, pid: 96463
[2026/09/25 17:50:56:4170] N: process killed with signal 0, pid: 96463
[2026/09/25 17:50:56:4601] N: WS closed from (unix skt), clients: 5
[2026/09/25 17:50:56:4601] N: killing process, pid: 96468
[2026/09/25 17:50:56:4605] N: process killed with signal 0, pid: 96468
[2026/09/25 17:50:56:4870] N: WS closed from (unix skt), clients: 4
[2026/09/25 17:50:56:4870] N: killing process, pid: 96469
[2026/09/25 17:50:56:4874] N: process killed with signal 0, pid: 96469
[2026/09/25 17:50:56:9298] N: WS closed from (unix skt), clients: 3
[2026/09/25 17:50:56:9298] N: killing process, pid: 96464
[2026/09/25 17:50:56:9306] N: process killed with signal 0, pid: 96464
[2026/09/25 17:50:57:0177] N: WS closed from (unix skt), clients: 2
[2026/09/25 17:50:57:0177] N: killing process, pid: 96471
[2026/09/25 17:50:57:0186] N: process killed with signal 0, pid: 96471
[2026/09/25 17:50:58:1138] N: WS closed from (unix skt), clients: 1
[2026/09/25 17:50:58:1138] N: killing process, pid: 96467
[2026/09/25 17:50:58:1138] N: WS closed from (unix skt), clients: 0
[2026/09/25 17:50:58:1138] N: killing process, pid: 96479
[2026/09/25 17:50:58:1149] N: process killed with signal 0, pid: 96467
[2026/09/25 17:50:58:1149] N: process killed with signal 0, pid: 96479
[2026/09/25 17:50:58:1232] N: WS   /ws - (unix skt), clients: 1
[2026/09/25 17:50:58:1232] N: WS   /ws - (unix skt), clients: 2
[2026/09/25 17:50:58:1232] N: WS   /ws - (unix skt), clients: 3
[2026/09/25 17:50:58:1233] N: WS   /ws - (unix skt), clients: 4
[2026/09/25 17:50:58:1233] N: WS   /ws - (unix skt), clients: 5
[2026/09/25 17:50:58:1233] N: WS   /ws - (unix skt), clients: 6
[2026/09/25 17:50:58:1233] N: WS   /ws - (unix skt), clients: 7
[2026/09/25 17:50:58:1233] N: WS   /ws - (unix skt), clients: 8
[2026/09/25 17:50:58:1233] N: WS   /ws - (unix skt), clients: 9
[2026/09/25 17:50:58:1233] N: WS   /ws - (unix skt), clients: 10
[2026/09/25 17:50:58:1239] N: started process, pid: 96731
[2026/09/25 17:50:58:1243] N: started process, pid: 96732
[2026/09/25 17:50:58:1247] N: started process, pid: 96733
[2026/09/25 17:50:58:1252] N: started process, pid: 96734
[2026/09/25 17:50:58:1260] N: started process, pid: 96735
[2026/09/25 17:50:58:1267] N: started process, pid: 96736
[2026/09/25 17:50:58:1273] N: started process, pid: 96737
[2026/09/25 17:50:58:1288] N: started process, pid: 96739
[2026/09/25 17:50:58:1302] N: started process, pid: 96745
[2026/09/25 17:50:58:1312] N: started process, pid: 96757
[2026/09/25 17:50:58:2340] N: WS closed from (unix skt), clients: 9
[2026/09/25 17:50:58:2341] N: killing process, pid: 96734
[2026/09/25 17:50:58:2346] N: process killed with signal 1, pid: 96734
[2026/09/25 17:50:58:3080] N: WS closed from (unix skt), clients: 8
[2026/09/25 17:50:58:3080] N: killing process, pid: 96745
[2026/09/25 17:50:58:3082] N: process killed with signal 1, pid: 96745
[2026/09/25 17:50:58:4222] N: WS closed from (unix skt), clients: 7
[2026/09/25 17:50:58:4222] N: killing process, pid: 96732
[2026/09/25 17:50:58:4222] N: WS closed from (unix skt), clients: 6
[2026/09/25 17:50:58:4222] N: killing process, pid: 96731
[2026/09/25 17:50:58:4227] N: process killed with signal 0, pid: 96731
[2026/09/25 17:50:58:4227] N: process killed with signal 0, pid: 96732
[2026/09/25 17:50:58:4776] N: WS closed from (unix skt), clients: 5
[2026/09/25 17:50:58:4776] N: killing process, pid: 96737
[2026/09/25 17:50:58:4781] N: process killed with signal 0, pid: 96737
[2026/09/25 17:50:58:4908] N: WS closed from (unix skt), clients: 4
[2026/09/25 17:50:58:4908] N: killing process, pid: 96736
[2026/09/25 17:50:58:4911] N: process killed with signal 0, pid: 96736
[2026/09/25 17:50:58:9143] N: WS closed from (unix skt), clients: 3
[2026/09/25 17:50:58:9144] N: killing process, pid: 96733
[2026/09/25 17:50:58:9151] N: process killed with signal 0, pid: 96733
[2026/09/25 17:50:58:9937] N: WS closed from (unix skt), clients: 2
[2026/09/25 17:50:58:9937] N: killing process, pid: 96739
[2026/09/25 17:50:58:9944] N: process killed with signal 0, pid: 96739
[2026/09/25 17:51:00:1258] N: WS closed from (unix skt), clients: 1
[2026/09/25 17:51:00:1259] N: killing process, pid: 96735
[2026/09/25 17:51:00:1259] N: WS closed from (unix skt), clients: 0
[2026/09/25 17:51:00:1259] N: killing process, pid: 96757
[2026/09/25 17:51:00:1276] N: process killed with signal 0, pid: 96735
[2026/09/25 17:51:00:1277] N: process killed with signal 0, pid: 96757
[2026/09/25 17:51:00:1401] N: WS   /ws - (unix skt), clients: 1
[2026/09/25 17:51:00:1401] N: WS   /ws - (unix skt), clients: 2
[2026/09/25 17:51:00:1401] N: WS   /ws - (unix skt), clients: 3
[2026/09/25 17:51:00:1401] N: WS   /ws - (unix skt), clients: 4
[2026/09/25 17:51:00:1401] N: WS   /ws - (unix skt), clients: 5
[2026/09/25 17:51:00:1402] N: WS   /ws - (unix skt), clients: 6
[2026/09/25 17:51:00:1402] N: WS   /ws - (unix skt), clients: 7
[2026/09/25 17:51:00:1402] N: WS   /ws - (unix skt), clients: 8
[2026/09/25 17:51:00:1402] N: WS   /ws - (unix skt), clients: 9
[2026/09/25 17:51:00:1402] N: WS   /ws - (unix skt), clients: 10
[2026/09/25 17:51:00:1409] N: started process, pid: 97173
[2026/09/25 17:51:00:1414] N: started process, pid: 97174
[2026/09/25 17:51:00:1420] N: started process, pid: 97175
[2026/09/25 17:51:00:1425] N: started process, pid: 97176
[2026/09/25 17:51:00:1433] N: started process, pid: 97177
[2026/09/25 17:51:00:1441] N: started process, pid: 97178
[2026/09/25 17:51:00:1449] N: started process, pid: 97179
[2026/09/25 17:51:00:1460] N: started process, pid: 97180
[2026/09/25 17:51:00:1472] N: started process, pid: 97183
[2026/09/25 17:51:00:1485] N: started process, pid: 97190
[2026/09/25 17:51:00:2956] N: WS closed from (unix skt), clients: 9
[2026/09/25 17:51:00:2956] N: killing process, pid: 97183
[2026/09/25 17:51:00:2959] N: process killed with signal 1, pid: 97183
[2026/09/25 17:51:00:3101] N: WS closed from (unix skt), clients: 8
[2026/09/25 17:51:00:3101] N: killing process, pid: 97176
[2026/09/25 17:51:00:3103] N: process killed with signal 1, pid: 97176
[2026/09/25 17:51:00:4105] N: WS closed from (unix skt), clients: 7
[2026/09/25 17:51:00:4105] N: killing process, pid: 97174
[2026/09/25 17:51:00:4108] N: process killed with signal 0, pid: 97174
[2026/09/25 17:51:00:4237] N: WS closed from (unix skt), clients: 6
[2026/09/25 17:51:00:4237] N: killing process, pid: 97173
[2026/09/25 17:51:00:4240] N: process killed with signal 0, pid: 97173
[2026/09/25 17:51:00:4849] N: WS closed from (unix skt), clients: 5
[2026/09/25 17:51:00:4850] N: killing process, pid: 97178
[2026/09/25 17:51:00:4855] N: process killed with signal 0, pid: 97178
[2026/09/25 17:51:00:5257] N: WS closed from (unix skt), clients: 4
[2026/09/25 17:51:00:5257] N: killing process, pid: 97179
[2026/09/25 17:51:00:5262] N: process killed with signal 0, pid: 97179
[2026/09/25 17:51:00:9567] N: WS closed from (unix skt), clients: 3
[2026/09/25 17:51:00:9568] N: killing process, pid: 97175
[2026/09/25 17:51:00:9576] N: process killed with signal 0, pid: 97175
[2026/09/25 17:51:01:0277] N: WS closed from (unix skt), clients: 2
[2026/09/25 17:51:01:0278] N: killing process, pid: 97180
[2026/09/25 17:51:01:0292] N: process killed with signal 0, pid: 97180
[2026/09/25 17:51:02:1424] N: WS closed from (unix skt), clients: 1
[2026/09/25 17:51:02:1425] N: killing process, pid: 97177
[2026/09/25 17:51:02:1425] N: WS closed from (unix skt), clients: 0
[2026/09/25 17:51:02:1426] N: killing process, pid: 97190
[2026/09/25 17:51:02:1435] N: process killed with signal 0, pid: 97177
[2026/09/25 17:51:02:1442] N: process killed with signal 0, pid: 97190
[2026/09/25 17:51:02:1583] N: WS   /ws - (unix skt), clients: 1
[2026/09/25 17:51:02:1583] N: WS   /ws - (unix skt), clients: 2
[2026/09/25 17:51:02:1583] N: WS   /ws - (unix skt), clients: 3
[2026/09/25 17:51:02:1583] N: WS   /ws - (unix skt), clients: 4
[2026/09/25 17:51:02:1584] N: WS   /ws - (unix skt), clients: 5
[2026/09/25 17:51:02:1584] N: WS   /ws - (unix skt), clients: 6
[2026/09/25 17:51:02:1584] N: WS   /ws - (unix skt), clients: 7
[2026/09/25 17:51:02:1584] N: WS   /ws - (unix skt), clients: 8
[2026/09/25 17:51:02:1584] N: WS   /ws - (unix skt), clients: 9
[2026/09/25 17:51:02:1584] N: WS   /ws - (unix skt), clients: 10
[2026/09/25 17:51:02:1591] N: started process, pid: 97632
[2026/09/25 17:51:02:1597] N: started process, pid: 97633
[2026/09/25 17:51:02:1603] N: started process, pid: 97634
[2026/09/25 17:51:02:1609] N: started process, pid: 97635
[2026/09/25 17:51:02:1618] N: started process, pid: 97636
[2026/09/25 17:51:02:1626] N: started process, pid: 97637
[2026/09/25 17:51:02:1635] N: started process, pid: 97638
[2026/09/25 17:51:02:1643] N: started process, pid: 97639
[2026/09/25 17:51:02:1652] N: started process, pid: 97642
[2026/09/25 17:51:02:1666] N: started process, pid: 97648
[2026/09/25 17:51:02:2783] N: WS closed from (unix skt), clients: 9
[2026/09/25 17:51:02:2784] N: killing process, pid: 97635
[2026/09/25 17:51:02:2788] N: process killed with signal 1, pid: 97635
[2026/09/25 17:51:02:3145] N: WS closed from (unix skt), clients: 8
[2026/09/25 17:51:02:3145] N: killing process, pid: 97642
[2026/09/25 17:51:02:3148] N: process killed with signal 1, pid: 97642
[2026/09/25 17:51:02:4431] N: WS closed from (unix skt), clients: 7
[2026/09/25 17:51:02:4431] N: killing process, pid: 97633
[2026/09/25 17:51:02:4436] N: process killed with signal 0, pid: 97633
[2026/09/25 17:51:02:5043] N: WS closed from (unix skt), clients: 6
[2026/09/25 17:51:02:5043] N: killing process, pid: 97632
[2026/09/25 17:51:02:5048] N: process killed with signal 0, pid: 97632
[2026/09/25 17:51:02:5165] N: WS closed from (unix skt), clients: 5
[2026/09/25 17:51:02:5165] N: killing process, pid: 97637
[2026/09/25 17:51:02:5169] N: process killed with signal 0, pid: 97637
[2026/09/25 17:51:02:5282] N: WS closed from (unix skt), clients: 4
[2026/09/25 17:51:02:5283] N: killing process, pid: 97638
[2026/09/25 17:51:02:5287] N: process killed with signal 0, pid: 97638
[2026/09/25 17:51:03:0053] N: WS closed from (unix skt), clients: 3
[2026/09/25 17:51:03:0053] N: killing process, pid: 97634
[2026/09/25 17:51:03:0060] N: process killed with signal 0, pid: 97634
[2026/09/25 17:51:03:0474] N: WS closed from (unix skt), clients: 2
[2026/09/25 17:51:03:0475] N: killing process, pid: 97639
[2026/09/25 17:51:03:0483] N: process killed with signal 0, pid: 97639
[2026/09/25 17:51:04:1601] N: WS closed from (unix skt), clients: 1
[2026/09/25 17:51:04:1601] N: killing process, pid: 97636
[2026/09/25 17:51:04:1601] N: WS closed from (unix skt), clients: 0
[2026/09/25 17:51:04:1601] N: killing process, pid: 97648
[2026/09/25 17:51:04:1608] N: process killed with signal 0, pid: 97636
[2026/09/25 17:51:04:1608] N: process killed with signal 0, pid: 97648
[2026/09/25 17:51:04:1665] N: WS   /ws - (unix skt), clients: 1
[2026/09/25 17:51:04:1666] N: WS   /ws - (unix skt), clients: 2
[2026/09/25 17:51:04:1666] N: WS   /ws - (unix skt), clients: 3
[2026/09/25 17:51:04:1666] N: WS   /ws - (unix skt), clients: 4
[2026/09/25 17:51:04:1666] N: WS   /ws - (unix skt), clients: 5
[2026/09/25 17:51:04:1666] N: WS   /ws - (unix skt), clients: 6
[2026/09/25 17:51:04:1666] N: WS   /ws - (unix skt), clients: 7
[2026/09/25 17:51:04:1666] N: WS   /ws - (unix skt), clients: 8
[2026/09/25 17:51:04:1666] N: WS   /ws - (unix skt), clients: 9
[2026/09/25 17:51:04:1666] N: WS   /ws - (unix skt), clients: 10
[2026/09/25 17:51:04:1670] N: started process, pid: 98019
[2026/09/25 17:51:04:1676] N: started process, pid: 98020
[2026/09/25 17:51:04:1682] N: started process, pid: 98021
[2026/09/25 17:51:04:1689] N: started process, pid: 98022
[2026/09/25 17:51:04:1699] N: started process, pid: 98023
[2026/09/25 17:51:04:1703] N: started process, pid: 98024
[2026/09/25 17:51:04:1714] N: started process, pid: 98027
[2026/09/25 17:51:04:1732] N: started process, pid: 98030
[2026/09/25 17:51:04:1740] N: started process, pid: 98031
[2026/09/25 17:51:04:1746] N: started process, pid: 98034
[2026/09/25 17:51:04:3506] N: WS closed from (unix skt), clients: 9
[2026/09/25 17:51:04:3507] N: killing process, pid: 98022
[2026/09/25 17:51:04:3513] N: process killed with signal 1, pid: 98022
[2026/09/25 17:51:04:3690] N: WS closed from (unix skt), clients: 8
[2026/09/25 17:51:04:3690] N: killing process, pid: 98031
[2026/09/25 17:51:04:3693] N: process killed with signal 1, pid: 98031
[2026/09/25 17:51:04:4882] N: WS closed from (unix skt), clients: 7
[2026/09/25 17:51:04:4883] N: killing process, pid: 98019
[2026/09/25 17:51:04:4906] N: process killed with signal 0, pid: 98019
[2026/09/25 17:51:04:5144] N: WS closed from (unix skt), clients: 6
[2026/09/25 17:51:04:5145] N: killing process, pid: 98020
[2026/09/25 17:51:04:5145] N: WS closed from (unix skt), clients: 5
[2026/09/25 17:51:04:5146] N: killing process, pid: 98024
[2026/09/25 17:51:04:5192] N: process killed with signal 0, pid: 98020
[2026/09/25 17:51:04:5192] N: process killed with signal 0, pid: 98024
[2026/09/25 17:51:04:5677] N: WS closed from (unix skt), clients: 4
[2026/09/25 17:51:04:5677] N: killing process, pid: 98027
[2026/09/25 17:51:04:5682] N: process killed with signal 0, pid: 98027
[2026/09/25 17:51:05:0260] N: WS closed from (unix skt), clients: 3
[2026/09/25 17:51:05:0260] N: killing process, pid: 98021
[2026/09/25 17:51:05:0268] N: process killed with signal 0, pid: 98021
[2026/09/25 17:51:05:0397] N: WS closed from (unix skt), clients: 2
[2026/09/25 17:51:05:0398] N: killing process, pid: 98030
[2026/09/25 17:51:05:0401] N: process killed with signal 0, pid: 98030
[2026/09/25 17:51:06:1695] N: WS closed from (unix skt), clients: 1
[2026/09/25 17:51:06:1696] N: killing process, pid: 98023
[2026/09/25 17:51:06:1696] N: WS closed from (unix skt), clients: 0
[2026/09/25 17:51:06:1697] N: killing process, pid: 98034
[2026/09/25 17:51:06:1717] N: process killed with signal 0, pid: 98023
[2026/09/25 17:51:06:1717] N: process killed with signal 0, pid: 98034
[2026/09/25 17:51:06:1811] N: WS   /ws - (unix skt), clients: 1
[2026/09/25 17:51:06:1811] N: WS   /ws - (unix skt), clients: 2
[2026/09/25 17:51:06:1811] N: WS   /ws - (unix skt), clients: 3
[2026/09/25 17:51:06:1811] N: WS   /ws - (unix skt), clients: 4
[2026/09/25 17:51:06:1811] N: WS   /ws - (unix skt), clients: 5
[2026/09/25 17:51:06:1812] N: WS   /ws - (unix skt), clients: 6
[2026/09/25 17:51:06:1812] N: WS   /ws - (unix skt), clients: 7
[2026/09/25 17:51:06:1812] N: WS   /ws - (unix skt), clients: 8
[2026/09/25 17:51:06:1812] N: WS   /ws - (unix skt), clients: 9
[2026/09/25 17:51:06:1812] N: WS   /ws - (unix skt), clients: 10
[2026/09/25 17:51:06:1817] N: started process, pid: 98330
[2026/09/25 17:51:06:1821] N: started process, pid: 98331
[2026/09/25 17:51:06:1825] N: started process, pid: 98332
[2026/09/25 17:51:06:1829] N: started process, pid: 98333
[2026/09/25 17:51:06:1833] N: started process, pid: 98334
[2026/09/25 17:51:06:1839] N: started process, pid: 98335
[2026/09/25 17:51:06:1847] N: started process, pid: 98336
[2026/09/25 17:51:06:1858] N: started process, pid: 98337
[2026/09/25 17:51:06:1881] N: started process, pid: 98340
[2026/09/25 17:51:06:1903] N: started process, pid: 98355
[2026/09/25 17:51:06:2739] N: WS closed from (unix skt), clients: 9
[2026/09/25 17:51:06:2740] N: killing process, pid: 98332
[2026/09/25 17:51:06:2742] N: process killed with signal 1, pid: 98332
[2026/09/25 17:51:06:2879] N: WS closed from (unix skt), clients: 8
[2026/09/25 17:51:06:2880] N: killing process, pid: 98336
[2026/09/25 17:51:06:2883] N: process killed with signal 1, pid: 98336
[2026/09/25 17:51:06:4751] N: WS closed from (unix skt), clients: 7
[2026/09/25 17:51:06:4751] N: killing process, pid: 98334
[2026/09/25 17:51:06:4756] N: process killed with signal 0, pid: 98334
[2026/09/25 17:51:06:5553] N: WS closed from (unix skt), clients: 6
[2026/09/25 17:51:06:5553] N: killing process, pid: 98330
[2026/09/25 17:51:06:5559] N: process killed with signal 0, pid: 98330
[2026/09/25 17:51:06:5695] N: WS closed from (unix skt), clients: 5
[2026/09/25 17:51:06:5695] N: killing process, pid: 98340
[2026/09/25 17:51:06:5695] N: WS closed from (unix skt), clients: 4
[2026/09/25 17:51:06:5695] N: killing process, pid: 98355
[2026/09/25 17:51:06:5700] N: process killed with signal 0, pid: 98340
[2026/09/25 17:51:06:5701] N: process killed with signal 0, pid: 98355
[2026/09/25 17:51:06:9610] N: WS closed from (unix skt), clients: 3
[2026/09/25 17:51:06:9611] N: killing process, pid: 98331
[2026/09/25 17:51:06:9617] N: process killed with signal 0, pid: 98331
[2026/09/25 17:51:07:0317] N: WS closed from (unix skt), clients: 2
[2026/09/25 17:51:07:0318] N: killing process, pid: 98335
[2026/09/25 17:51:07:0326] N: process killed with signal 0, pid: 98335
[2026/09/25 17:51:08:1834] N: WS closed from (unix skt), clients: 1
[2026/09/25 17:51:08:1834] N: killing process, pid: 98337
[2026/09/25 17:51:08:1835] N: WS closed from (unix skt), clients: 0
[2026/09/25 17:51:08:1835] N: killing process, pid: 98333
[2026/09/25 17:51:08:1857] N: process killed with signal 0, pid: 98333
[2026/09/25 17:51:08:1858] N: process killed with signal 0, pid: 98337
[2026/09/25 17:51:08:2002] N: WS   /ws - (unix skt), clients: 1
[2026/09/25 17:51:08:2002] N: WS   /ws - (unix skt), clients: 2
[2026/09/25 17:51:08:2002] N: WS   /ws - (unix skt), clients: 3
[2026/09/25 17:51:08:2003] N: WS   /ws - (unix skt), clients: 4
[2026/09/25 17:51:08:2003] N: WS   /ws - (unix skt), clients: 5
[2026/09/25 17:51:08:2003] N: WS   /ws - (unix skt), clients: 6
[2026/09/25 17:51:08:2003] N: WS   /ws - (unix skt), clients: 7
[2026/09/25 17:51:08:2003] N: WS   /ws - (unix skt), clients: 8
[2026/09/25 17:51:08:2003] N: WS   /ws - (unix skt), clients: 9
[2026/09/25 17:51:08:2010] N: started process, pid: 98685
[2026/09/25 17:51:08:2011] N: WS   /ws - (unix skt), clients: 10
[2026/09/25 17:51:08:2017] N: started process, pid: 98686
[2026/09/25 17:51:08:2023] N: started process, pid: 98687
[2026/09/25 17:51:08:2032] N: started process, pid: 98688
[2026/09/25 17:51:08:2040] N: started process, pid: 98689
[2026/09/25 17:51:08:2049] N: started process, pid: 98690
[2026/09/25 17:51:08:2057] N: started process, pid: 98691
[2026/09/25 17:51:08:2065] N: started process, pid: 98692
[2026/09/25 17:51:08:2075] N: started process, pid: 98697
[2026/09/25 17:51:08:2082] N: started process, pid: 98702
[2026/09/25 17:51:08:3614] N: WS closed from (unix skt), clients: 9
[2026/09/25 17:51:08:3615] N: killing process, pid: 98689
[2026/09/25 17:51:08:3619] N: process killed with signal 1, pid: 98689
[2026/09/25 17:51:08:4037] N: WS closed from (unix skt), clients: 8
[2026/09/25 17:51:08:4038] N: killing process, pid: 98702
[2026/09/25 17:51:08:4041] N: process killed with signal 1, pid: 98702
[2026/09/25 17:51:08:4704] N: WS closed from (unix skt), clients: 7
[2026/09/25 17:51:08:4704] N: killing process, pid: 98685
[2026/09/25 17:51:08:4708] N: process killed with signal 0, pid: 98685
[2026/09/25 17:51:08:5098] N: WS closed from (unix skt), clients: 6
[2026/09/25 17:51:08:5098] N: killing process, pid: 98686
[2026/09/25 17:51:08:5101] N: process killed with signal 0, pid: 98686
[2026/09/25 17:51:08:6314] N: WS closed from (unix skt), clients: 5
[2026/09/25 17:51:08:6315] N: killing process, pid: 98692
[2026/09/25 17:51:08:6315] N: WS closed from (unix skt), clients: 4
[2026/09/25 17:51:08:6315] N: killing process, pid: 98691
[2026/09/25 17:51:08:6319] N: process killed with signal 0, pid: 98692
[2026/09/25 17:51:08:6319] N: process killed with signal 0, pid: 98691
[2026/09/25 17:51:09:0506] N: WS closed from (unix skt), clients: 3
[2026/09/25 17:51:09:0506] N: killing process, pid: 98688
[2026/09/25 17:51:09:0516] N: process killed with signal 0, pid: 98688
[2026/09/25 17:51:09:1333] N: WS closed from (unix skt), clients: 2
[2026/09/25 17:51:09:1334] N: killing process, pid: 98697
[2026/09/25 17:51:09:1349] N: process killed with signal 0, pid: 98697
[2026/09/25 17:51:10:2024] N: WS closed from (unix skt), clients: 1
[2026/09/25 17:51:10:2024] N: killing process, pid: 98690
[2026/09/25 17:51:10:2024] N: WS closed from (unix skt), clients: 0
[2026/09/25 17:51:10:2024] N: killing process, pid: 98687
[2026/09/25 17:51:10:2030] N: process killed with signal 0, pid: 98690
[2026/09/25 17:51:10:2034] N: process killed with signal 0, pid: 98687
[2026/09/25 17:51:10:2109] N: WS   /ws - (unix skt), clients: 1
[2026/09/25 17:51:10:2110] N: WS   /ws - (unix skt), clients: 2
[2026/09/25 17:51:10:2110] N: WS   /ws - (unix skt), clients: 3
[2026/09/25 17:51:10:2110] N: WS   /ws - (unix skt), clients: 4
[2026/09/25 17:51:10:2110] N: WS   /ws - (unix skt), clients: 5
[2026/09/25 17:51:10:2110] N: WS   /ws - (unix skt), clients: 6
[2026/09/25 17:51:10:2110] N: WS   /ws - (unix skt), clients: 7
[2026/09/25 17:51:10:2111] N: WS   /ws - (unix skt), clients: 8
[2026/09/25 17:51:10:2111] N: WS   /ws - (unix skt), clients: 9
[2026/09/25 17:51:10:2111] N: WS   /ws - (unix skt), clients: 10
[2026/09/25 17:51:10:2115] N: started process, pid: 99054
[2026/09/25 17:51:10:2122] N: started process, pid: 99055
[2026/09/25 17:51:10:2131] N: started process, pid: 99056
[2026/09/25 17:51:10:2136] N: started process, pid: 99058
[2026/09/25 17:51:10:2147] N: started process, pid: 99059
[2026/09/25 17:51:10:2157] N: started process, pid: 99060
[2026/09/25 17:51:10:2174] N: started process, pid: 99063
[2026/09/25 17:51:10:2203] N: started process, pid: 99071
[2026/09/25 17:51:10:2216] N: started process, pid: 99072
[2026/09/25 17:51:10:2222] N: started process, pid: 99076
[2026/09/25 17:51:10:3724] N: WS closed from (unix skt), clients: 9
[2026/09/25 17:51:10:3724] N: killing process, pid: 99056
[2026/09/25 17:51:10:3727] N: process killed with signal 1, pid: 99056
[2026/09/25 17:51:10:4520] N: WS closed from (unix skt), clients: 8
[2026/09/25 17:51:10:4520] N: killing process, pid: 99071
[2026/09/25 17:51:10:4522] N: process killed with signal 1, pid: 99071
[2026/09/25 17:51:10:5720] N: WS closed from (unix skt), clients: 7
[2026/09/25 17:51:10:5721] N: killing process, pid: 99054
[2026/09/25 17:51:10:5729] N: process killed with signal 0, pid: 99054
[2026/09/25 17:51:10:5833] N: WS closed from (unix skt), clients: 6
[2026/09/25 17:51:10:5833] N: killing process, pid: 99060
[2026/09/25 17:51:10:5841] N: process killed with signal 0, pid: 99060
[2026/09/25 17:51:10:5961] N: WS closed from (unix skt), clients: 5
[2026/09/25 17:51:10:5961] N: killing process, pid: 99059
[2026/09/25 17:51:10:5969] N: process killed with signal 0, pid: 99059
[2026/09/25 17:51:10:6497] N: WS closed from (unix skt), clients: 4
[2026/09/25 17:51:10:6497] N: killing process, pid: 99072
[2026/09/25 17:51:10:6501] N: process killed with signal 0, pid: 99072
[2026/09/25 17:51:10:9995] N: WS closed from (unix skt), clients: 3
[2026/09/25 17:51:10:9996] N: killing process, pid: 99055
[2026/09/25 17:51:11:0000] N: process killed with signal 0, pid: 99055
[2026/09/25 17:51:11:1307] N: WS closed from (unix skt), clients: 2
[2026/09/25 17:51:11:1308] N: killing process, pid: 99063
[2026/09/25 17:51:11:1315] N: process killed with signal 0, pid: 99063
[2026/09/25 17:51:12:2121] N: WS closed from (unix skt), clients: 1
[2026/09/25 17:51:12:2122] N: killing process, pid: 99058
[2026/09/25 17:51:12:2122] N: WS closed from (unix skt), clients: 0
[2026/09/25 17:51:12:2122] N: killing process, pid: 99076
[2026/09/25 17:51:12:2126] N: process killed with signal 0, pid: 99058
[2026/09/25 17:51:12:2180] N: process killed with signal 0, pid: 99076
[2026/09/25 17:51:12:2225] N: WS   /ws - (unix skt), clients: 1
[2026/09/25 17:51:12:2225] N: WS   /ws - (unix skt), clients: 2
[2026/09/25 17:51:12:2225] N: WS   /ws - (unix skt), clients: 3
[2026/09/25 17:51:12:2225] N: WS   /ws - (unix skt), clients: 4
[2026/09/25 17:51:12:2225] N: WS   /ws - (unix skt), clients: 5
[2026/09/25 17:51:12:2225] N: WS   /ws - (unix skt), clients: 6
[2026/09/25 17:51:12:2225] N: WS   /ws - (unix skt), clients: 7
[2026/09/25 17:51:12:2225] N: WS   /ws - (unix skt), clients: 8
[2026/09/25 17:51:12:2226] N: WS   /ws - (unix skt), clients: 9
[2026/09/25 17:51:12:2226] N: WS   /ws - (unix skt), clients: 10
[2026/09/25 17:51:12:2231] N: started process, pid: 99378
[2026/09/25 17:51:12:2234] N: started process, pid: 99379
[2026/09/25 17:51:12:2237] N: started process, pid: 99380
[2026/09/25 17:51:12:2243] N: started process, pid: 99381
[2026/09/25 17:51:12:2274] N: started process, pid: 99382
[2026/09/25 17:51:12:2292] N: started process, pid: 99383
[2026/09/25 17:51:12:2306] N: started process, pid: 99384
[2026/09/25 17:51:12:2321] N: started process, pid: 99385
[2026/09/25 17:51:12:2329] N: started process, pid: 99386
[2026/09/25 17:51:12:2363] N: started process, pid: 99390
[2026/09/25 17:51:12:3496] N: WS closed from (unix skt), clients: 9
[2026/09/25 17:51:12:3497] N: killing process, pid: 99379
[2026/09/25 17:51:12:3499] N: process killed with signal 1, pid: 99379
[2026/09/25 17:51:12:4370] N: WS closed from (unix skt), clients: 8
[2026/09/25 17:51:12:4371] N: killing process, pid: 99386
[2026/09/25 17:51:12:4375] N: process killed with signal 1, pid: 99386
[2026/09/25 17:51:12:5761] N: WS closed from (unix skt), clients: 7
[2026/09/25 17:51:12:5761] N: killing process, pid: 99381
[2026/09/25 17:51:12:5766] N: process killed with signal 0, pid: 99381
[2026/09/25 17:51:12:6172] N: WS closed from (unix skt), clients: 6
[2026/09/25 17:51:12:6173] N: killing process, pid: 99382
[2026/09/25 17:51:12:6177] N: process killed with signal 0, pid: 99382
[2026/09/25 17:51:12:6845] N: WS closed from (unix skt), clients: 5
[2026/09/25 17:51:12:6846] N: killing process, pid: 99384
[2026/09/25 17:51:12:6846] N: WS closed from (unix skt), clients: 4
[2026/09/25 17:51:12:6846] N: killing process, pid: 99383
[2026/09/25 17:51:12:6856] N: process killed with signal 0, pid: 99383
[2026/09/25 17:51:12:6856] N: process killed with signal 0, pid: 99384
[2026/09/25 17:51:12:9887] N: WS closed from (unix skt), clients: 3
[2026/09/25 17:51:12:9887] N: killing process, pid: 99378
[2026/09/25 17:51:12:9892] N: process killed with signal 0, pid: 99378
[2026/09/25 17:51:13:1873] N: WS closed from (unix skt), clients: 2
[2026/09/25 17:51:13:1874] N: killing process, pid: 99385
[2026/09/25 17:51:13:1877] N: process killed with signal 0, pid: 99385
[2026/09/25 17:51:14:2247] N: WS closed from (unix skt), clients: 1
[2026/09/25 17:51:14:2248] N: killing process, pid: 99380
[2026/09/25 17:51:14:2249] N: WS closed from (unix skt), clients: 0
[2026/09/25 17:51:14:2249] N: killing process, pid: 99390
[2026/09/25 17:51:14:2259] N: process killed with signal 0, pid: 99380
[2026/09/25 17:51:14:2263] N: process killed with signal 0, pid: 99390
[2026/09/25 17:51:14:2372] N: WS   /ws - (unix skt), clients: 1
[2026/09/25 17:51:14:2372] N: WS   /ws - (unix skt), clients: 2
[2026/09/25 17:51:14:2372] N: WS   /ws - (unix skt), clients: 3
[2026/09/25 17:51:14:2372] N: WS   /ws - (unix skt), clients: 4
[2026/09/25 17:51:14:2372] N: WS   /ws - (unix skt), clients: 5
[2026/09/25 17:51:14:2373] N: WS   /ws - (unix skt), clients: 6
[2026/09/25 17:51:14:2373] N: WS   /ws - (unix skt), clients: 7
[2026/09/25 17:51:14:2373] N: WS   /ws - (unix skt), clients: 8
[2026/09/25 17:51:14:2373] N: WS   /ws - (unix skt), clients: 9
[2026/09/25 17:51:14:2373] N: WS   /ws - (unix skt), clients: 10
[2026/09/25 17:51:14:2379] N: started process, pid: 99712
[2026/09/25 17:51:14:2384] N: started process, pid: 99713
[2026/09/25 17:51:14:2388] N: started process, pid: 99714
[2026/09/25 17:51:14:2395] N: started process, pid: 99715
[2026/09/25 17:51:14:2406] N: started process, pid: 99716
[2026/09/25 17:51:14:2418] N: started process, pid: 99717
[2026/09/25 17:51:14:2427] N: started process, pid: 99719
[2026/09/25 17:51:14:2436] N: started process, pid: 99725
[2026/09/25 17:51:14:2441] N: started process, pid: 99728
[2026/09/25 17:51:14:2455] N: started process, pid: 99730
[2026/09/25 17:51:14:3432] N: WS closed from (unix skt), clients: 9
[2026/09/25 17:51:14:3433] N: killing process, pid: 99715
[2026/09/25 17:51:14:3437] N: process killed with signal 1, pid: 99715
[2026/09/25 17:51:14:3800] N: WS closed from (unix skt), clients: 8
[2026/09/25 17:51:14:3801] N: killing process, pid: 99728
[2026/09/25 17:51:14:3808] N: process killed with signal 1, pid: 99728
[2026/09/25 17:51:14:4867] N: WS closed from (unix skt), clients: 7
[2026/09/25 17:51:14:4868] N: killing process, pid: 99712
[2026/09/25 17:51:14:4872] N: process killed with signal 0, pid: 99712
[2026/09/25 17:51:14:5455] N: WS closed from (unix skt), clients: 6
[2026/09/25 17:51:14:5455] N: killing process, pid: 99719
[2026/09/25 17:51:14:5459] N: process killed with signal 0, pid: 99719
[2026/09/25 17:51:14:5696] N: WS closed from (unix skt), clients: 5
[2026/09/25 17:51:14:5696] N: killing process, pid: 99714
[2026/09/25 17:51:14:5701] N: process killed with signal 0, pid: 99714
[2026/09/25 17:51:14:5958] N: WS closed from (unix skt), clients: 4
[2026/09/25 17:51:14:5959] N: killing process, pid: 99717
[2026/09/25 17:51:14:5964] N: process killed with signal 0, pid: 99717
[2026/09/25 17:51:15:0314] N: WS closed from (unix skt), clients: 3
[2026/09/25 17:51:15:0315] N: killing process, pid: 99713
[2026/09/25 17:51:15:0322] N: process killed with signal 0, pid: 99713
[2026/09/25 17:51:15:0969] N: WS closed from (unix skt), clients: 2
[2026/09/25 17:51:15:0970] N: killing process, pid: 99725
[2026/09/25 17:51:15:0979] N: process killed with signal 0, pid: 99725
[2026/09/25 17:51:16:2388] N: WS closed from (unix skt), clients: 1
[2026/09/25 17:51:16:2388] N: killing process, pid: 99716
[2026/09/25 17:51:16:2389] N: WS closed from (unix skt), clients: 0
[2026/09/25 17:51:16:2389] N: killing process, pid: 99730
[2026/09/25 17:51:16:2399] N: process killed with signal 0, pid: 99716
[2026/09/25 17:51:16:2399] N: process killed with signal 0, pid: 99730
[2026/09/25 17:51:16:2486] N: WS   /ws - (unix skt), clients: 1
[2026/09/25 17:51:16:2487] N: WS   /ws - (unix skt), clients: 2
[2026/09/25 17:51:16:2487] N: WS   /ws - (unix skt), clients: 3
[2026/09/25 17:51:16:2488] N: WS   /ws - (unix skt), clients: 4
[2026/09/25 17:51:16:2493] N: started process, pid: 234
[2026/09/25 17:51:16:2497] N: started process, pid: 235
[2026/09/25 17:51:16:2501] N: started process, pid: 236
[2026/09/25 17:51:16:2502] N: WS   /ws - (unix skt), clients: 5
[2026/09/25 17:51:16:2503] N: WS   /ws - (unix skt), clients: 6
[2026/09/25 17:51:16:2503] N: WS   /ws - (unix skt), clients: 7
[2026/09/25 17:51:16:2504] N: WS   /ws - (unix skt), clients: 8
[2026/09/25 17:51:16:2504] N: WS   /ws - (unix skt), clients: 9
[2026/09/25 17:51:16:2504] N: WS   /ws - (unix skt), clients: 10
[2026/09/25 17:51:16:2508] N: started process, pid: 237
[2026/09/25 17:51:16:2515] N: started process, pid: 238
[2026/09/25 17:51:16:2521] N: started process, pid: 239
[2026/09/25 17:51:16:2528] N: started process, pid: 240
[2026/09/25 17:51:16:2536] N: started process, pid: 241
[2026/09/25 17:51:16:2548] N: started process, pid: 245
[2026/09/25 17:51:16:2560] N: started process, pid: 254
[2026/09/25 17:51:16:4033] N: WS closed from (unix skt), clients: 9
[2026/09/25 17:51:16:4033] N: killing process, pid: 238
[2026/09/25 17:51:16:4037] N: process killed with signal 1, pid: 238
[2026/09/25 17:51:16:4172] N: WS closed from (unix skt), clients: 8
[2026/09/25 17:51:16:4172] N: killing process, pid: 245
[2026/09/25 17:51:16:4175] N: process killed with signal 1, pid: 245
[2026/09/25 17:51:16:5411] N: WS closed from (unix skt), clients: 7
[2026/09/25 17:51:16:5411] N: killing process, pid: 234
[2026/09/25 17:51:16:5415] N: process killed with signal 0, pid: 234
[2026/09/25 17:51:16:5682] N: WS closed from (unix skt), clients: 6
[2026/09/25 17:51:16:5683] N: killing process, pid: 235
[2026/09/25 17:51:16:5686] N: process killed with signal 0, pid: 235
[2026/09/25 17:51:16:5913] N: WS closed from (unix skt), clients: 5
[2026/09/25 17:51:16:5913] N: killing process, pid: 240
[2026/09/25 17:51:16:5918] N: process killed with signal 0, pid: 240
[2026/09/25 17:51:16:6195] N: WS closed from (unix skt), clients: 4
[2026/09/25 17:51:16:6195] N: killing process, pid: 239
[2026/09/25 17:51:16:6200] N: process killed with signal 0, pid: 239
[2026/09/25 17:51:17:0304] N: WS closed from (unix skt), clients: 3
[2026/09/25 17:51:17:0304] N: killing process, pid: 236
[2026/09/25 17:51:17:0308] N: process killed with signal 0, pid: 236
[2026/09/25 17:51:17:0815] N: WS closed from (unix skt), clients: 2
[2026/09/25 17:51:17:0815] N: killing process, pid: 241
[2026/09/25 17:51:17:0818] N: process killed with signal 0, pid: 241
[2026/09/25 17:51:18:2516] N: WS closed from (unix skt), clients: 1
[2026/09/25 17:51:18:2517] N: killing process, pid: 237
[2026/09/25 17:51:18:2518] N: WS closed from (unix skt), clients: 0
[2026/09/25 17:51:18:2518] N: killing process, pid: 254
[2026/09/25 17:51:18:2528] N: process killed with signal 0, pid: 237
[2026/09/25 17:51:18:2536] N: process killed with signal 0, pid: 254
[2026/09/25 17:51:18:2612] N: WS   /ws - (unix skt), clients: 1
[2026/09/25 17:51:18:2612] N: WS   /ws - (unix skt), clients: 2
[2026/09/25 17:51:18:2613] N: WS   /ws - (unix skt), clients: 3
[2026/09/25 17:51:18:2613] N: WS   /ws - (unix skt), clients: 4
[2026/09/25 17:51:18:2613] N: WS   /ws - (unix skt), clients: 5
[2026/09/25 17:51:18:2613] N: WS   /ws - (unix skt), clients: 6
[2026/09/25 17:51:18:2613] N: WS   /ws - (unix skt), clients: 7
[2026/09/25 17:51:18:2613] N: WS   /ws - (unix skt), clients: 8
[2026/09/25 17:51:18:2613] N: WS   /ws - (unix skt), clients: 9
[2026/09/25 17:51:18:2618] N: started process, pid: 635
[2026/09/25 17:51:18:2619] N: WS   /ws - (unix skt), clients: 10
[2026/09/25 17:51:18:2623] N: started process, pid: 636
[2026/09/25 17:51:18:2631] N: started process, pid: 637
[2026/09/25 17:51:18:2637] N: started process, pid: 638
[2026/09/25 17:51:18:2645] N: started process, pid: 639
[2026/09/25 17:51:18:2653] N: started process, pid: 640
[2026/09/25 17:51:18:2661] N: started process, pid: 641
[2026/09/25 17:51:18:2673] N: started process, pid: 644
[2026/09/25 17:51:18:2683] N: started process, pid: 651
[2026/09/25 17:51:18:2698] N: started process, pid: 655
[2026/09/25 17:51:18:4005] N: WS closed from (unix skt), clients: 9
[2026/09/25 17:51:18:4006] N: killing process, pid: 639
[2026/09/25 17:51:18:4010] N: process killed with signal 1, pid: 639
[2026/09/25 17:51:18:4428] N: WS closed from (unix skt), clients: 8
[2026/09/25 17:51:18:4429] N: killing process, pid: 655
[2026/09/25 17:51:18:4431] N: process killed with signal 1, pid: 655
[2026/09/25 17:51:18:5275] N: WS closed from (unix skt), clients: 7
[2026/09/25 17:51:18:5275] N: killing process, pid: 636
[2026/09/25 17:51:18:5279] N: process killed with signal 0, pid: 636
[2026/09/25 17:51:18:5546] N: WS closed from (unix skt), clients: 6
[2026/09/25 17:51:18:5547] N: killing process, pid: 635
[2026/09/25 17:51:18:5550] N: process killed with signal 0, pid: 635
[2026/09/25 17:51:18:6147] N: WS closed from (unix skt), clients: 5
[2026/09/25 17:51:18:6147] N: killing process, pid: 644
[2026/09/25 17:51:18:6147] N: WS closed from (unix skt), clients: 4
[2026/09/25 17:51:18:6147] N: killing process, pid: 641
[2026/09/25 17:51:18:6152] N: process killed with signal 0, pid: 641
[2026/09/25 17:51:18:6153] N: process killed with signal 0, pid: 644
[2026/09/25 17:51:19:0554] N: WS closed from (unix skt), clients: 3
[2026/09/25 17:51:19:0554] N: killing process, pid: 638
[2026/09/25 17:51:19:0558] N: process killed with signal 0, pid: 638
[2026/09/25 17:51:19:1481] N: WS closed from (unix skt), clients: 2
[2026/09/25 17:51:19:1481] N: killing process, pid: 651
[2026/09/25 17:51:19:1488] N: process killed with signal 0, pid: 651
[2026/09/25 17:51:20:2628] N: WS closed from (unix skt), clients: 1
[2026/09/25 17:51:20:2628] N: killing process, pid: 640
[2026/09/25 17:51:20:2628] N: WS closed from (unix skt), clients: 0
[2026/09/25 17:51:20:2628] N: killing process, pid: 637
[2026/09/25 17:51:20:2637] N: process killed with signal 0, pid: 637
[2026/09/25 17:51:20:2637] N: process killed with signal 0, pid: 640
[2026/09/25 17:51:20:2701] N: WS   /ws - (unix skt), clients: 1
[2026/09/25 17:51:20:2701] N: WS   /ws - (unix skt), clients: 2
[2026/09/25 17:51:20:2701] N: WS   /ws - (unix skt), clients: 3
[2026/09/25 17:51:20:2701] N: WS   /ws - (unix skt), clients: 4
[2026/09/25 17:51:20:2701] N: WS   /ws - (unix skt), clients: 5
[2026/09/25 17:51:20:2701] N: WS   /ws - (unix skt), clients: 6
[2026/09/25 17:51:20:2701] N: WS   /ws - (unix skt), clients: 7
[2026/09/25 17:51:20:2701] N: WS   /ws - (unix skt), clients: 8
[2026/09/25 17:51:20:2701] N: WS   /ws - (unix skt), clients: 9
[2026/09/25 17:51:20:2701] N: WS   /ws - (unix skt), clients: 10
[2026/09/25 17:51:20:2706] N: started process, pid: 1207
[2026/09/25 17:51:20:2710] N: started process, pid: 1208
[2026/09/25 17:51:20:2713] N: started process, pid: 1209
[2026/09/25 17:51:20:2719] N: started process, pid: 1210
[2026/09/25 17:51:20:2724] N: started process, pid: 1211
[2026/09/25 17:51:20:2730] N: started process, pid: 1212
[2026/09/25 17:51:20:2738] N: started process, pid: 1213
[2026/09/25 17:51:20:2749] N: started process, pid: 1215
[2026/09/25 17:51:20:2766] N: started process, pid: 1227
[2026/09/25 17:51:20:2781] N: started process, pid: 1233
[2026/09/25 17:51:20:3843] N: WS closed from (unix skt), clients: 9
[2026/09/25 17:51:20:3843] N: killing process, pid: 1210
[2026/09/25 17:51:20:3847] N: process killed with signal 1, pid: 1210
[2026/09/25 17:51:20:4282] N: WS closed from (unix skt), clients: 8
[2026/09/25 17:51:20:4283] N: killing process, pid: 1227
[2026/09/25 17:51:20:4285] N: process killed with signal 1, pid: 1227
[2026/09/25 17:51:20:5229] N: WS closed from (unix skt), clients: 7
[2026/09/25 17:51:20:5229] N: killing process, pid: 1208
[2026/09/25 17:51:20:5233] N: process killed with signal 0, pid: 1208
[2026/09/25 17:51:20:5858] N: WS closed from (unix skt), clients: 6
[2026/09/25 17:51:20:5858] N: killing process, pid: 1207
[2026/09/25 17:51:20:5861] N: process killed with signal 0, pid: 1207
[2026/09/25 17:51:20:5999] N: WS closed from (unix skt), clients: 5
[2026/09/25 17:51:20:5999] N: killing process, pid: 1212
[2026/09/25 17:51:20:6002] N: process killed with signal 0, pid: 1212
[2026/09/25 17:51:20:6101] N: WS closed from (unix skt), clients: 4
[2026/09/25 17:51:20:6101] N: killing process, pid: 1213
[2026/09/25 17:51:20:6106] N: process killed with signal 0, pid: 1213
[2026/09/25 17:51:21:0878] N: WS closed from (unix skt), clients: 3
[2026/09/25 17:51:21:0878] N: killing process, pid: 1209
[2026/09/25 17:51:21:0883] N: process killed with signal 0, pid: 1209
[2026/09/25 17:51:21:1429] N: WS closed from (unix skt), clients: 2
[2026/09/25 17:51:21:1429] N: killing process, pid: 1215
[2026/09/25 17:51:21:1436] N: process killed with signal 0, pid: 1215
[2026/09/25 17:51:22:2704] N: WS closed from (unix skt), clients: 1
[2026/09/25 17:51:22:2705] N: killing process, pid: 1211
[2026/09/25 17:51:22:2706] N: WS closed from (unix skt), clients: 0
[2026/09/25 17:51:22:2706] N: killing process, pid: 1233
[2026/09/25 17:51:22:2719] N: process killed with signal 0, pid: 1211
[2026/09/25 17:51:22:2729] N: process killed with signal 0, pid: 1233
[2026/09/25 17:51:22:2887] N: WS   /ws - (unix skt), clients: 1
[2026/09/25 17:51:22:2888] N: WS   /ws - (unix skt), clients: 2
[2026/09/25 17:51:22:2888] N: WS   /ws - (unix skt), clients: 3
[2026/09/25 17:51:22:2888] N: WS   /ws - (unix skt), clients: 4
[2026/09/25 17:51:22:2889] N: WS   /ws - (unix skt), clients: 5
[2026/09/25 17:51:22:2889] N: WS   /ws - (unix skt), clients: 6
[2026/09/25 17:51:22:2889] N: WS   /ws - (unix skt), clients: 7
[2026/09/25 17:51:22:2889] N: WS   /ws - (unix skt), clients: 8
[2026/09/25 17:51:22:2889] N: WS   /ws - (unix skt), clients: 9
[2026/09/25 17:51:22:2890] N: WS   /ws - (unix skt), clients: 10
[2026/09/25 17:51:22:2898] N: started process, pid: 1597
[2026/09/25 17:51:22:2906] N: started process, pid: 1599
[2026/09/25 17:51:22:2919] N: started process, pid: 1600
[2026/09/25 17:51:22:2931] N: started process, pid: 1602
[2026/09/25 17:51:22:2941] N: started process, pid: 1603
[2026/09/25 17:51:22:2947] N: started process, pid: 1604
[2026/09/25 17:51:22:2954] N: started process, pid: 1605
[2026/09/25 17:51:22:2966] N: started process, pid: 1607
[2026/09/25 17:51:22:2973] N: started process, pid: 1610
[2026/09/25 17:51:22:2978] N: started process, pid: 1612
[2026/09/25 17:51:22:4070] N: WS closed from (unix skt), clients: 9
[2026/09/25 17:51:22:4071] N: killing process, pid: 1602
[2026/09/25 17:51:22:4075] N: process killed with signal 1, pid: 1602
[2026/09/25 17:51:22:4676] N: WS closed from (unix skt), clients: 8
[2026/09/25 17:51:22:4676] N: killing process, pid: 1610
[2026/09/25 17:51:22:4682] N: process killed with signal 1, pid: 1610
[2026/09/25 17:51:22:5963] N: WS closed from (unix skt), clients: 7
[2026/09/25 17:51:22:5963] N: killing process, pid: 1599
[2026/09/25 17:51:22:5967] N: process killed with signal 0, pid: 1599
[2026/09/25 17:51:22:6094] N: WS closed from (unix skt), clients: 6
[2026/09/25 17:51:22:6094] N: killing process, pid: 1597
[2026/09/25 17:51:22:6098] N: process killed with signal 0, pid: 1597
[2026/09/25 17:51:22:6314] N: WS closed from (unix skt), clients: 5
[2026/09/25 17:51:22:6314] N: killing process, pid: 1604
[2026/09/25 17:51:22:6319] N: process killed with signal 0, pid: 1604
[2026/09/25 17:51:22:6436] N: WS closed from (unix skt), clients: 4
[2026/09/25 17:51:22:6436] N: killing process, pid: 1605
[2026/09/25 17:51:22:6440] N: process killed with signal 0, pid: 1605
[2026/09/25 17:51:23:1112] N: WS closed from (unix skt), clients: 3
[2026/09/25 17:51:23:1113] N: killing process, pid: 1600
[2026/09/25 17:51:23:1119] N: process killed with signal 0, pid: 1600
[2026/09/25 17:51:23:1754] N: WS closed from (unix skt), clients: 2
[2026/09/25 17:51:23:1755] N: killing process, pid: 1607
[2026/09/25 17:51:23:1768] N: process killed with signal 0, pid: 1607
[2026/09/25 17:51:24:2899] N: WS closed from (unix skt), clients: 1
[2026/09/25 17:51:24:2901] N: killing process, pid: 1603
[2026/09/25 17:51:24:2902] N: WS closed from (unix skt), clients: 0
[2026/09/25 17:51:24:2902] N: killing process, pid: 1612
[2026/09/25 17:51:24:2929] N: process killed with signal 0, pid: 1603
[2026/09/25 17:51:24:2930] N: process killed with signal 0, pid: 1612
[2026/09/25 17:51:24:3106] N: WS   /ws - (unix skt), clients: 1
[2026/09/25 17:51:24:3107] N: WS   /ws - (unix skt), clients: 2
[2026/09/25 17:51:24:3107] N: WS   /ws - (unix skt), clients: 3
[2026/09/25 17:51:24:3107] N: WS   /ws - (unix skt), clients: 4
[2026/09/25 17:51:24:3107] N: WS   /ws - (unix skt), clients: 5
[2026/09/25 17:51:24:3108] N: WS   /ws - (unix skt), clients: 6
[2026/09/25 17:51:24:3108] N: WS   /ws - (unix skt), clients: 7
[2026/09/25 17:51:24:3108] N: WS   /ws - (unix skt), clients: 8
[2026/09/25 17:51:24:3108] N: WS   /ws - (unix skt), clients: 9
[2026/09/25 17:51:24:3115] N: started process, pid: 1923
[2026/09/25 17:51:24:3116] N: WS   /ws - (unix skt), clients: 10
[2026/09/25 17:51:24:3122] N: started process, pid: 1924
[2026/09/25 17:51:24:3132] N: started process, pid: 1925
[2026/09/25 17:51:24:3140] N: started process, pid: 1926
[2026/09/25 17:51:24:3150] N: started process, pid: 1927
[2026/09/25 17:51:24:3158] N: started process, pid: 1928
[2026/09/25 17:51:24:3167] N: started process, pid: 1929
[2026/09/25 17:51:24:3182] N: started process, pid: 1932
[2026/09/25 17:51:24:3194] N: started process, pid: 1938
[2026/09/25 17:51:24:3207] N: started process, pid: 1942
[2026/09/25 17:51:24:4817] N: WS closed from (unix skt), clients: 9
[2026/09/25 17:51:24:4817] N: killing process, pid: 1927
[2026/09/25 17:51:24:4821] N: process killed with signal 1, pid: 1927
[2026/09/25 17:51:24:4949] N: WS closed from (unix skt), clients: 8
[2026/09/25 17:51:24:4949] N: killing process, pid: 1942
[2026/09/25 17:51:24:4953] N: process killed with signal 1, pid: 1942
[2026/09/25 17:51:24:5839] N: WS closed from (unix skt), clients: 7
[2026/09/25 17:51:24:5839] N: killing process, pid: 1923
[2026/09/25 17:51:24:5843] N: process killed with signal 0, pid: 1923
[2026/09/25 17:51:24:6092] N: WS closed from (unix skt), clients: 6
[2026/09/25 17:51:24:6092] N: killing process, pid: 1924
[2026/09/25 17:51:24:6096] N: process killed with signal 0, pid: 1924
[2026/09/25 17:51:24:6725] N: WS closed from (unix skt), clients: 5
[2026/09/25 17:51:24:6725] N: killing process, pid: 1932
[2026/09/25 17:51:24:6730] N: process killed with signal 0, pid: 1932
[2026/09/25 17:51:24:6981] N: WS closed from (unix skt), clients: 4
[2026/09/25 17:51:24:6981] N: killing process, pid: 1929
[2026/09/25 17:51:24:6986] N: process killed with signal 0, pid: 1929
[2026/09/25 17:51:25:1419] N: WS closed from (unix skt), clients: 3
[2026/09/25 17:51:25:1419] N: killing process, pid: 1926
[2026/09/25 17:51:25:1426] N: process killed with signal 0, pid: 1926
[2026/09/25 17:51:25:2003] N: WS closed from (unix skt), clients: 2
[2026/09/25 17:51:25:2003] N: killing process, pid: 1938
[2026/09/25 17:51:25:2022] N: process killed with signal 0, pid: 1938
[2026/09/25 17:51:26:3112] N: WS closed from (unix skt), clients: 1
[2026/09/25 17:51:26:3113] N: killing process, pid: 1928
[2026/09/25 17:51:26:3116] N: process killed with signal 0, pid: 1928
[2026/09/25 17:51:26:3125] N: WS closed from (unix skt), clients: 0
[2026/09/25 17:51:26:3125] N: killing process, pid: 1925
[2026/09/25 17:51:26:3130] N: process killed with signal 0, pid: 1925
[2026/09/25 17:51:26:3184] N: WS   /ws - (unix skt), clients: 1
[2026/09/25 17:51:26:3184] N: WS   /ws - (unix skt), clients: 2
[2026/09/25 17:51:26:3184] N: WS   /ws - (unix skt), clients: 3
[2026/09/25 17:51:26:3184] N: WS   /ws - (unix skt), clients: 4
[2026/09/25 17:51:26:3184] N: WS   /ws - (unix skt), clients: 5
[2026/09/25 17:51:26:3185] N: WS   /ws - (unix skt), clients: 6
[2026/09/25 17:51:26:3185] N: WS   /ws - (unix skt), clients: 7
[2026/09/25 17:51:26:3185] N: WS   /ws - (unix skt), clients: 8
[2026/09/25 17:51:26:3185] N: WS   /ws - (unix skt), clients: 9
[2026/09/25 17:51:26:3185] N: WS   /ws - (unix skt), clients: 10
[2026/09/25 17:51:26:3189] N: started process, pid: 2255
[2026/09/25 17:51:26:3192] N: started process, pid: 2256
[2026/09/25 17:51:26:3195] N: started process, pid: 2257
[2026/09/25 17:51:26:3200] N: started process, pid: 2258
[2026/09/25 17:51:26:3211] N: started process, pid: 2259
[2026/09/25 17:51:26:3216] N: started process, pid: 2260
[2026/09/25 17:51:26:3221] N: started process, pid: 2261
[2026/09/25 17:51:26:3232] N: started process, pid: 2262
[2026/09/25 17:51:26:3242] N: started process, pid: 2269
[2026/09/25 17:51:26:3254] N: started process, pid: 2277
[2026/09/25 17:51:26:4442] N: WS closed from (unix skt), clients: 9
[2026/09/25 17:51:26:4443] N: killing process, pid: 2258
[2026/09/25 17:51:26:4456] N: process killed with signal 1, pid: 2258
[2026/09/25 17:51:26:5050] N: WS closed from (unix skt), clients: 8
[2026/09/25 17:51:26:5051] N: killing process, pid: 2269
[2026/09/25 17:51:26:5054] N: process killed with signal 1, pid: 2269
[2026/09/25 17:51:26:6248] N: WS closed from (unix skt), clients: 7
[2026/09/25 17:51:26:6249] N: killing process, pid: 2255
[2026/09/25 17:51:26:6253] N: process killed with signal 0, pid: 2255
[2026/09/25 17:51:26:6684] N: WS closed from (unix skt), clients: 6
[2026/09/25 17:51:26:6684] N: killing process, pid: 2257
[2026/09/25 17:51:26:6688] N: process killed with signal 0, pid: 2257
[2026/09/25 17:51:26:6955] N: WS closed from (unix skt), clients: 5
[2026/09/25 17:51:26:6956] N: killing process, pid: 2261
[2026/09/25 17:51:26:6960] N: process killed with signal 0, pid: 2261
[2026/09/25 17:51:26:7181] N: WS closed from (unix skt), clients: 4
[2026/09/25 17:51:26:7181] N: killing process, pid: 2260
[2026/09/25 17:51:26:7187] N: process killed with signal 0, pid: 2260
[2026/09/25 17:51:27:1578] N: WS closed from (unix skt), clients: 3
[2026/09/25 17:51:27:1579] N: killing process, pid: 2256
[2026/09/25 17:51:27:1589] N: process killed with signal 0, pid: 2256
[2026/09/25 17:51:27:2200] N: WS closed from (unix skt), clients: 2
[2026/09/25 17:51:27:2201] N: killing process, pid: 2262
[2026/09/25 17:51:27:2216] N: process killed with signal 0, pid: 2262
[2026/09/25 17:51:28:3186] N: WS closed from (unix skt), clients: 1
[2026/09/25 17:51:28:3187] N: killing process, pid: 2259
[2026/09/25 17:51:28:3187] N: WS closed from (unix skt), clients: 0
[2026/09/25 17:51:28:3187] N: killing process, pid: 2277
[2026/09/25 17:51:28:3196] N: process killed with signal 0, pid: 2259
[2026/09/25 17:51:28:3197] N: process killed with signal 0, pid: 2277
[2026/09/25 17:51:28:3311] N: WS   /ws - (unix skt), clients: 1
[2026/09/25 17:51:28:3312] N: WS   /ws - (unix skt), clients: 2
[2026/09/25 17:51:28:3312] N: WS   /ws - (unix skt), clients: 3
[2026/09/25 17:51:28:3312] N: WS   /ws - (unix skt), clients: 4
[2026/09/25 17:51:28:3312] N: WS   /ws - (unix skt), clients: 5
[2026/09/25 17:51:28:3312] N: WS   /ws - (unix skt), clients: 6
[2026/09/25 17:51:28:3313] N: WS   /ws - (unix skt), clients: 7
[2026/09/25 17:51:28:3313] N: WS   /ws - (unix skt), clients: 8
[2026/09/25 17:51:28:3313] N: WS   /ws - (unix skt), clients: 9
[2026/09/25 17:51:28:3313] N: WS   /ws - (unix skt), clients: 10
[2026/09/25 17:51:28:3320] N: started process, pid: 2762
[2026/09/25 17:51:28:3329] N: started process, pid: 2763
[2026/09/25 17:51:28:3339] N: started process, pid: 2764
[2026/09/25 17:51:28:3360] N: started process, pid: 2765
[2026/09/25 17:51:28:3368] N: started process, pid: 2767
[2026/09/25 17:51:28:3387] N: started process, pid: 2771
[2026/09/25 17:51:28:3392] N: started process, pid: 2774
[2026/09/25 17:51:28:3401] N: started process, pid: 2777
[2026/09/25 17:51:28:3406] N: started process, pid: 2778
[2026/09/25 17:51:28:3413] N: started process, pid: 2780
[2026/09/25 17:51:28:4913] N: WS closed from (unix skt), clients: 9
[2026/09/25 17:51:28:4913] N: killing process, pid: 2778
[2026/09/25 17:51:28:4917] N: process killed with signal 1, pid: 2778
[2026/09/25 17:51:28:5041] N: WS closed from (unix skt), clients: 8
[2026/09/25 17:51:28:5041] N: killing process, pid: 2764
[2026/09/25 17:51:28:5046] N: process killed with signal 1, pid: 2764
[2026/09/25 17:51:28:6635] N: WS closed from (unix skt), clients: 7
[2026/09/25 17:51:28:6636] N: killing process, pid: 2762
[2026/09/25 17:51:28:6640] N: process killed with signal 0, pid: 2762
[2026/09/25 17:51:28:7223] N: WS closed from (unix skt), clients: 6
[2026/09/25 17:51:28:7223] N: killing process, pid: 2771
[2026/09/25 17:51:28:7228] N: process killed with signal 0, pid: 2771
[2026/09/25 17:51:28:7384] N: WS closed from (unix skt), clients: 5
[2026/09/25 17:51:28:7384] N: killing process, pid: 2767
[2026/09/25 17:51:28:7388] N: process killed with signal 0, pid: 2767
[2026/09/25 17:51:28:7764] N: WS closed from (unix skt), clients: 4
[2026/09/25 17:51:28:7765] N: killing process, pid: 2774
[2026/09/25 17:51:28:7769] N: process killed with signal 0, pid: 2774
[2026/09/25 17:51:29:2593] N: WS closed from (unix skt), clients: 3
[2026/09/25 17:51:29:2593] N: killing process, pid: 2763
[2026/09/25 17:51:29:2597] N: process killed with signal 0, pid: 2763
[2026/09/25 17:51:29:2802] N: WS closed from (unix skt), clients: 2
[2026/09/25 17:51:29:2803] N: killing process, pid: 2777
[2026/09/25 17:51:29:2806] N: process killed with signal 0, pid: 2777
[2026/09/25 17:51:30:3328] N: WS closed from (unix skt), clients: 1
[2026/09/25 17:51:30:3328] N: killing process, pid: 2765
[2026/09/25 17:51:30:3329] N: WS closed from (unix skt), clients: 0
[2026/09/25 17:51:30:3329] N: killing process, pid: 2780
[2026/09/25 17:51:30:3337] N: process killed with signal 0, pid: 2765
[2026/09/25 17:51:30:3349] N: process killed with signal 0, pid: 2780
[2026/09/25 17:51:30:3432] N: WS   /ws - (unix skt), clients: 1
[2026/09/25 17:51:30:3432] N: WS   /ws - (unix skt), clients: 2
[2026/09/25 17:51:30:3432] N: WS   /ws - (unix skt), clients: 3
[2026/09/25 17:51:30:3432] N: WS   /ws - (unix skt), clients: 4
[2026/09/25 17:51:30:3433] N: WS   /ws - (unix skt), clients: 5
[2026/09/25 17:51:30:3433] N: WS   /ws - (unix skt), clients: 6
[2026/09/25 17:51:30:3433] N: WS   /ws - (unix skt), clients: 7
[2026/09/25 17:51:30:3433] N: WS   /ws - (unix skt), clients: 8
[2026/09/25 17:51:30:3433] N: WS   /ws - (unix skt), clients: 9
[2026/09/25 17:51:30:3433] N: WS   /ws - (unix skt), clients: 10
[2026/09/25 17:51:30:3439] N: started process, pid: 3570
[2026/09/25 17:51:30:3443] N: started process, pid: 3571
[2026/09/25 17:51:30:3447] N: started process, pid: 3572
[2026/09/25 17:51:30:3455] N: started process, pid: 3574
[2026/09/25 17:51:30:3466] N: started process, pid: 3575
[2026/09/25 17:51:30:3477] N: started process, pid: 3576
[2026/09/25 17:51:30:3497] N: started process, pid: 3582
[2026/09/25 17:51:30:3520] N: started process, pid: 3590
[2026/09/25 17:51:30:3527] N: started process, pid: 3593
[2026/09/25 17:51:30:3535] N: started process, pid: 3595
[2026/09/25 17:51:30:4552] N: WS closed from (unix skt), clients: 9
[2026/09/25 17:51:30:4553] N: killing process, pid: 3574
[2026/09/25 17:51:30:4556] N: process killed with signal 1, pid: 3574
[2026/09/25 17:51:30:5324] N: WS closed from (unix skt), clients: 8
[2026/09/25 17:51:30:5325] N: killing process, pid: 3593
[2026/09/25 17:51:30:5327] N: process killed with signal 1, pid: 3593
[2026/09/25 17:51:30:6270] N: WS closed from (unix skt), clients: 7
[2026/09/25 17:51:30:6270] N: killing process, pid: 3571
[2026/09/25 17:51:30:6270] N: WS closed from (unix skt), clients: 6
[2026/09/25 17:51:30:6270] N: killing process, pid: 3570
[2026/09/25 17:51:30:6275] N: process killed with signal 0, pid: 3570
[2026/09/25 17:51:30:6275] N: process killed with signal 0, pid: 3571
[2026/09/25 17:51:30:6888] N: WS closed from (unix skt), clients: 5
[2026/09/25 17:51:30:6888] N: killing process, pid: 3582
[2026/09/25 17:51:30:6893] N: process killed with signal 0, pid: 3582
[2026/09/25 17:51:30:7040] N: WS closed from (unix skt), clients: 4
[2026/09/25 17:51:30:7040] N: killing process, pid: 3576
[2026/09/25 17:51:30:7045] N: process killed with signal 0, pid: 3576
[2026/09/25 17:51:31:1286] N: WS closed from (unix skt), clients: 3
[2026/09/25 17:51:31:1286] N: killing process, pid: 3572
[2026/09/25 17:51:31:1292] N: process killed with signal 0, pid: 3572
[2026/09/25 17:51:31:2056] N: WS closed from (unix skt), clients: 2
[2026/09/25 17:51:31:2056] N: killing process, pid: 3590
[2026/09/25 17:51:31:2064] N: process killed with signal 0, pid: 3590
[2026/09/25 17:51:32:3485] N: WS closed from (unix skt), clients: 1
[2026/09/25 17:51:32:3486] N: killing process, pid: 3575
[2026/09/25 17:51:32:3486] N: WS closed from (unix skt), clients: 0
[2026/09/25 17:51:32:3486] N: killing process, pid: 3595
[2026/09/25 17:51:32:3512] N: process killed with signal 0, pid: 3575
[2026/09/25 17:51:32:3512] N: process killed with signal 0, pid: 3595
[2026/09/25 17:51:32:3689] N: WS   /ws - (unix skt), clients: 1
[2026/09/25 17:51:32:3689] N: WS   /ws - (unix skt), clients: 2
[2026/09/25 17:51:32:3689] N: WS   /ws - (unix skt), clients: 3
[2026/09/25 17:51:32:3689] N: WS   /ws - (unix skt), clients: 4
[2026/09/25 17:51:32:3690] N: WS   /ws - (unix skt), clients: 5
[2026/09/25 17:51:32:3690] N: WS   /ws - (unix skt), clients: 6
[2026/09/25 17:51:32:3690] N: WS   /ws - (unix skt), clients: 7
[2026/09/25 17:51:32:3690] N: WS   /ws - (unix skt), clients: 8
[2026/09/25 17:51:32:3690] N: WS   /ws - (unix skt), clients: 9
[2026/09/25 17:51:32:3690] N: WS   /ws - (unix skt), clients: 10
[2026/09/25 17:51:32:3697] N: started process, pid: 4055
[2026/09/25 17:51:32:3704] N: started process, pid: 4056
[2026/09/25 17:51:32:3710] N: started process, pid: 4057
[2026/09/25 17:51:32:3715] N: started process, pid: 4058
[2026/09/25 17:51:32:3722] N: started process, pid: 4059
[2026/09/25 17:51:32:3730] N: started process, pid: 4060
[2026/09/25 17:51:32:3739] N: started process, pid: 4061
[2026/09/25 17:51:32:3748] N: started process, pid: 4062
[2026/09/25 17:51:32:3756] N: started process, pid: 4063
[2026/09/25 17:51:32:3767] N: started process, pid: 4068
[2026/09/25 17:51:32:4406] N: WS closed from (unix skt), clients: 9
[2026/09/25 17:51:32:4407] N: killing process, pid: 4058
[2026/09/25 17:51:32:4410] N: process killed with signal 1, pid: 4058
[2026/09/25 17:51:32:5390] N: WS closed from (unix skt), clients: 8
[2026/09/25 17:51:32:5390] N: killing process, pid: 4063
[2026/09/25 17:51:32:5393] N: process killed with signal 1, pid: 4063
[2026/09/25 17:51:32:7023] N: WS closed from (unix skt), clients: 7
[2026/09/25 17:51:32:7024] N: killing process, pid: 4056
[2026/09/25 17:51:32:7024] N: WS closed from (unix skt), clients: 6
[2026/09/25 17:51:32:7024] N: killing process, pid: 4055
[2026/09/25 17:51:32:7028] N: process killed with signal 0, pid: 4056
[2026/09/25 17:51:32:7029] N: process killed with signal 0, pid: 4055
[2026/09/25 17:51:32:7266] N: WS closed from (unix skt), clients: 5
[2026/09/25 17:51:32:7266] N: killing process, pid: 4061
[2026/09/25 17:51:32:7270] N: process killed with signal 0, pid: 4061
[2026/09/25 17:51:32:7388] N: WS closed from (unix skt), clients: 4
[2026/09/25 17:51:32:7388] N: killing process, pid: 4060
[2026/09/25 17:51:32:7393] N: process killed with signal 0, pid: 4060
[2026/09/25 17:51:33:1915] N: WS closed from (unix skt), clients: 3
[2026/09/25 17:51:33:1916] N: killing process, pid: 4057
[2026/09/25 17:51:33:1927] N: process killed with signal 0, pid: 4057
[2026/09/25 17:51:33:2150] N: WS closed from (unix skt), clients: 2
[2026/09/25 17:51:33:2151] N: killing process, pid: 4062
[2026/09/25 17:51:33:2162] N: process killed with signal 0, pid: 4062
[2026/09/25 17:51:34:3710] N: WS closed from (unix skt), clients: 1
[2026/09/25 17:51:34:3710] N: killing process, pid: 4059
[2026/09/25 17:51:34:3711] N: WS closed from (unix skt), clients: 0
[2026/09/25 17:51:34:3711] N: killing process, pid: 4068
[2026/09/25 17:51:34:3726] N: process killed with signal 0, pid: 4059
[2026/09/25 17:51:34:3727] N: process killed with signal 0, pid: 4068
[2026/09/25 17:51:34:3794] N: WS   /ws - (unix skt), clients: 1
[2026/09/25 17:51:34:3794] N: WS   /ws - (unix skt), clients: 2
[2026/09/25 17:51:34:3794] N: WS   /ws - (unix skt), clients: 3
[2026/09/25 17:51:34:3794] N: WS   /ws - (unix skt), clients: 4
[2026/09/25 17:51:34:3794] N: WS   /ws - (unix skt), clients: 5
[2026/09/25 17:51:34:3795] N: WS   /ws - (unix skt), clients: 6
[2026/09/25 17:51:34:3795] N: WS   /ws - (unix skt), clients: 7
[2026/09/25 17:51:34:3795] N: WS   /ws - (unix skt), clients: 8
[2026/09/25 17:51:34:3795] N: WS   /ws - (unix skt), clients: 9
[2026/09/25 17:51:34:3795] N: WS   /ws - (unix skt), clients: 10
[2026/09/25 17:51:34:3799] N: started process, pid: 4360
[2026/09/25 17:51:34:3803] N: started process, pid: 4361
[2026/09/25 17:51:34:3808] N: started process, pid: 4362
[2026/09/25 17:51:34:3815] N: started process, pid: 4364
[2026/09/25 17:51:34:3821] N: started process, pid: 4365
[2026/09/25 17:51:34:3826] N: started process, pid: 4366
[2026/09/25 17:51:34:3836] N: started process, pid: 4367
[2026/09/25 17:51:34:3849] N: started process, pid: 4372
[2026/09/25 17:51:34:3858] N: started process, pid: 4381
[2026/09/25 17:51:34:3869] N: started process, pid: 4383
[2026/09/25 17:51:34:5131] N: WS closed from (unix skt), clients: 9
[2026/09/25 17:51:34:5131] N: killing process, pid: 4364
[2026/09/25 17:51:34:5133] N: process killed with signal 1, pid: 4364
[2026/09/25 17:51:34:5536] N: WS closed from (unix skt), clients: 8
[2026/09/25 17:51:34:5536] N: killing process, pid: 4381
[2026/09/25 17:51:34:5539] N: process killed with signal 1, pid: 4381
[2026/09/25 17:51:34:6327] N: WS closed from (unix skt), clients: 7
[2026/09/25 17:51:34:6327] N: killing process, pid: 4361
[2026/09/25 17:51:34:6331] N: process killed with signal 0, pid: 4361
[2026/09/25 17:51:34:7006] N: WS closed from (unix skt), clients: 6
[2026/09/25 17:51:34:7006] N: killing process, pid: 4360
[2026/09/25 17:51:34:7010] N: process killed with signal 0, pid: 4360
[2026/09/25 17:51:34:7568] N: WS closed from (unix skt), clients: 5
[2026/09/25 17:51:34:7568] N: killing process, pid: 4367
[2026/09/25 17:51:34:7569] N: WS closed from (unix skt), clients: 4
[2026/09/25 17:51:34:7569] N: killing process, pid: 4366
[2026/09/25 17:51:34:7574] N: process killed with signal 0, pid: 4367
[2026/09/25 17:51:34:7575] N: process killed with signal 0, pid: 4366
[2026/09/25 17:51:35:1894] N: WS closed from (unix skt), clients: 3
[2026/09/25 17:51:35:1894] N: killing process, pid: 4362
[2026/09/25 17:51:35:1900] N: process killed with signal 0, pid: 4362
[2026/09/25 17:51:35:2435] N: WS closed from (unix skt), clients: 2
[2026/09/25 17:51:35:2435] N: killing process, pid: 4372
[2026/09/25 17:51:35:2439] N: process killed with signal 0, pid: 4372
[2026/09/25 17:51:36:3809] N: WS closed from (unix skt), clients: 1
[2026/09/25 17:51:36:3810] N: killing process, pid: 4365
[2026/09/25 17:51:36:3810] N: WS closed from (unix skt), clients: 0
[2026/09/25 17:51:36:3810] N: killing process, pid: 4383
[2026/09/25 17:51:36:3816] N: process killed with signal 0, pid: 4365
[2026/09/25 17:51:36:3824] N: process killed with signal 0, pid: 4383
[2026/09/25 17:51:36:3917] N: WS   /ws - (unix skt), clients: 1
[2026/09/25 17:51:36:3917] N: WS   /ws - (unix skt), clients: 2
[2026/09/25 17:51:36:3917] N: WS   /ws - (unix skt), clients: 3
[2026/09/25 17:51:36:3917] N: WS   /ws - (unix skt), clients: 4
[2026/09/25 17:51:36:3917] N: WS   /ws - (unix skt), clients: 5
[2026/09/25 17:51:36:3917] N: WS   /ws - (unix skt), clients: 6
[2026/09/25 17:51:36:3918] N: WS   /ws - (unix skt), clients: 7
[2026/09/25 17:51:36:3918] N: WS   /ws - (unix skt), clients: 8
[2026/09/25 17:51:36:3918] N: WS   /ws - (unix skt), clients: 9
[2026/09/25 17:51:36:3918] N: WS   /ws - (unix skt), clients: 10
[2026/09/25 17:51:36:3923] N: started process, pid: 4686
[2026/09/25 17:51:36:3927] N: started process, pid: 4687
[2026/09/25 17:51:36:3932] N: started process, pid: 4688
[2026/09/25 17:51:36:3936] N: started process, pid: 4689
[2026/09/25 17:51:36:3944] N: started process, pid: 4690
[2026/09/25 17:51:36:3951] N: started process, pid: 4691
[2026/09/25 17:51:36:3961] N: started process, pid: 4692
[2026/09/25 17:51:36:3977] N: started process, pid: 4694
[2026/09/25 17:51:36:4000] N: started process, pid: 4703
[2026/09/25 17:51:36:4019] N: started process, pid: 4711
[2026/09/25 17:51:36:5229] N: WS closed from (unix skt), clients: 9
[2026/09/25 17:51:36:5230] N: killing process, pid: 4689
[2026/09/25 17:51:36:5233] N: process killed with signal 1, pid: 4689
[2026/09/25 17:51:36:5759] N: WS closed from (unix skt), clients: 8
[2026/09/25 17:51:36:5759] N: killing process, pid: 4703
[2026/09/25 17:51:36:5762] N: process killed with signal 1, pid: 4703
[2026/09/25 17:51:36:6957] N: WS closed from (unix skt), clients: 7
[2026/09/25 17:51:36:6957] N: killing process, pid: 4686
[2026/09/25 17:51:36:6963] N: process killed with signal 0, pid: 4686
[2026/09/25 17:51:36:7046] N: WS closed from (unix skt), clients: 6
[2026/09/25 17:51:36:7046] N: killing process, pid: 4687
[2026/09/25 17:51:36:7050] N: process killed with signal 0, pid: 4687
[2026/09/25 17:51:36:7360] N: WS closed from (unix skt), clients: 5
[2026/09/25 17:51:36:7360] N: killing process, pid: 4691
[2026/09/25 17:51:36:7364] N: process killed with signal 0, pid: 4691
[2026/09/25 17:51:36:7481] N: WS closed from (unix skt), clients: 4
[2026/09/25 17:51:36:7481] N: killing process, pid: 4692
[2026/09/25 17:51:36:7485] N: process killed with signal 0, pid: 4692
[2026/09/25 17:51:37:2065] N: WS closed from (unix skt), clients: 3
[2026/09/25 17:51:37:2066] N: killing process, pid: 4688
[2026/09/25 17:51:37:2082] N: process killed with signal 0, pid: 4688
[2026/09/25 17:51:37:2817] N: WS closed from (unix skt), clients: 2
[2026/09/25 17:51:37:2818] N: killing process, pid: 4694
[2026/09/25 17:51:37:2834] N: process killed with signal 0, pid: 4694
[2026/09/25 17:51:38:3935] N: WS closed from (unix skt), clients: 1
[2026/09/25 17:51:38:3935] N: killing process, pid: 4690
[2026/09/25 17:51:38:3935] N: WS closed from (unix skt), clients: 0
[2026/09/25 17:51:38:3935] N: killing process, pid: 4711
[2026/09/25 17:51:38:3942] N: process killed with signal 0, pid: 4690
[2026/09/25 17:51:38:3942] N: process killed with signal 0, pid: 4711
[2026/09/25 17:51:38:3993] N: WS   /ws - (unix skt), clients: 1
[2026/09/25 17:51:38:3993] N: WS   /ws - (unix skt), clients: 2
[2026/09/25 17:51:38:3993] N: WS   /ws - (unix skt), clients: 3
[2026/09/25 17:51:38:3994] N: WS   /ws - (unix skt), clients: 4
[2026/09/25 17:51:38:3994] N: WS   /ws - (unix skt), clients: 5
[2026/09/25 17:51:38:3994] N: WS   /ws - (unix skt), clients: 6
[2026/09/25 17:51:38:3994] N: WS   /ws - (unix skt), clients: 7
[2026/09/25 17:51:38:3994] N: WS   /ws - (unix skt), clients: 8
[2026/09/25 17:51:38:3994] N: WS   /ws - (unix skt), clients: 9
[2026/09/25 17:51:38:3994] N: WS   /ws - (unix skt), clients: 10
[2026/09/25 17:51:38:3998] N: started process, pid: 5067
[2026/09/25 17:51:38:4001] N: started process, pid: 5068
[2026/09/25 17:51:38:4005] N: started process, pid: 5069
[2026/09/25 17:51:38:4008] N: started process, pid: 5070
[2026/09/25 17:51:38:4013] N: started process, pid: 5071
[2026/09/25 17:51:38:4017] N: started process, pid: 5072
[2026/09/25 17:51:38:4021] N: started process, pid: 5073
[2026/09/25 17:51:38:4030] N: started process, pid: 5074
[2026/09/25 17:51:38:4041] N: started process, pid: 5080
[2026/09/25 17:51:38:4049] N: started process, pid: 5087
[2026/09/25 17:51:38:5270] N: WS closed from (unix skt), clients: 9
[2026/09/25 17:51:38:5270] N: killing process, pid: 5070
[2026/09/25 17:51:38:5272] N: process killed with signal 1, pid: 5070
[2026/09/25 17:51:38:5668] N: WS closed from (unix skt), clients: 8
[2026/09/25 17:51:38:5668] N: killing process, pid: 5080
[2026/09/25 17:51:38:5670] N: process killed with signal 1, pid: 5080
[2026/09/25 17:51:38:6889] N: WS closed from (unix skt), clients: 7
[2026/09/25 17:51:38:6889] N: killing process, pid: 5068
[2026/09/25 17:51:38:6889] N: WS closed from (unix skt), clients: 6
[2026/09/25 17:51:38:6889] N: killing process, pid: 5067
[2026/09/25 17:51:38:6893] N: process killed with signal 0, pid: 5068
[2026/09/25 17:51:38:6893] N: process killed with signal 0, pid: 5067
[2026/09/25 17:51:38:7432] N: WS closed from (unix skt), clients: 5
[2026/09/25 17:51:38:7432] N: killing process, pid: 5072
[2026/09/25 17:51:38:7436] N: process killed with signal 0, pid: 5072
[2026/09/25 17:51:38:7683] N: WS closed from (unix skt), clients: 4
[2026/09/25 17:51:38:7683] N: killing process, pid: 5073
[2026/09/25 17:51:38:7687] N: process killed with signal 0, pid: 5073
[2026/09/25 17:51:39:1912] N: WS closed from (unix skt), clients: 3
[2026/09/25 17:51:39:1912] N: killing process, pid: 5069
[2026/09/25 17:51:39:1919] N: process killed with signal 0, pid: 5069
[2026/09/25 17:51:39:2454] N: WS closed from (unix skt), clients: 2
[2026/09/25 17:51:39:2454] N: killing process, pid: 5074
[2026/09/25 17:51:39:2462] N: process killed with signal 0, pid: 5074
[2026/09/25 17:51:40:3990] N: WS closed from (unix skt), clients: 1
[2026/09/25 17:51:40:3991] N: killing process, pid: 5071
[2026/09/25 17:51:40:3991] N: WS closed from (unix skt), clients: 0
[2026/09/25 17:51:40:3991] N: killing process, pid: 5087
[2026/09/25 17:51:40:3995] N: process killed with signal 0, pid: 5071
[2026/09/25 17:51:40:4000] N: process killed with signal 0, pid: 5087
[2026/09/25 17:51:40:4059] N: WS   /ws - (unix skt), clients: 1
[2026/09/25 17:51:40:4059] N: WS   /ws - (unix skt), clients: 2
[2026/09/25 17:51:40:4059] N: WS   /ws - (unix skt), clients: 3
[2026/09/25 17:51:40:4060] N: WS   /ws - (unix skt), clients: 4
[2026/09/25 17:51:40:4060] N: WS   /ws - (unix skt), clients: 5
[2026/09/25 17:51:40:4060] N: WS   /ws - (unix skt), clients: 6
[2026/09/25 17:51:40:4060] N: WS   /ws - (unix skt), clients: 7
[2026/09/25 17:51:40:4060] N: WS   /ws - (unix skt), clients: 8
[2026/09/25 17:51:40:4060] N: WS   /ws - (unix skt), clients: 9
[2026/09/25 17:51:40:4060] N: WS   /ws - (unix skt), clients: 10
[2026/09/25 17:51:40:4065] N: started process, pid: 5426
[2026/09/25 17:51:40:4068] N: started process, pid: 5427
[2026/09/25 17:51:40:4072] N: started process, pid: 5428
[2026/09/25 17:51:40:4075] N: started process, pid: 5429
[2026/09/25 17:51:40:4078] N: started process, pid: 5430
[2026/09/25 17:51:40:4086] N: started process, pid: 5431
[2026/09/25 17:51:40:4090] N: started process, pid: 5432
[2026/09/25 17:51:40:4096] N: started process, pid: 5433
[2026/09/25 17:51:40:4107] N: started process, pid: 5436
[2026/09/25 17:51:40:4118] N: started process, pid: 5444
[2026/09/25 17:51:40:5033] N: WS closed from (unix skt), clients: 9
[2026/09/25 17:51:40:5034] N: killing process, pid: 5429
[2026/09/25 17:51:40:5061] N: process killed with signal 1, pid: 5429
[2026/09/25 17:51:40:5718] N: WS closed from (unix skt), clients: 8
[2026/09/25 17:51:40:5719] N: killing process, pid: 5436
[2026/09/25 17:51:40:5721] N: process killed with signal 1, pid: 5436
[2026/09/25 17:51:40:6769] N: WS closed from (unix skt), clients: 7
[2026/09/25 17:51:40:6769] N: killing process, pid: 5427
[2026/09/25 17:51:40:6773] N: process killed with signal 0, pid: 5427
[2026/09/25 17:51:40:7315] N: WS closed from (unix skt), clients: 6
[2026/09/25 17:51:40:7316] N: killing process, pid: 5426
[2026/09/25 17:51:40:7319] N: process killed with signal 0, pid: 5426
[2026/09/25 17:51:40:7447] N: WS closed from (unix skt), clients: 5
[2026/09/25 17:51:40:7447] N: killing process, pid: 5432
[2026/09/25 17:51:40:7451] N: process killed with signal 0, pid: 5432
[2026/09/25 17:51:40:7589] N: WS closed from (unix skt), clients: 4
[2026/09/25 17:51:40:7589] N: killing process, pid: 5431
[2026/09/25 17:51:40:7592] N: process killed with signal 0, pid: 5431
[2026/09/25 17:51:41:2056] N: WS closed from (unix skt), clients: 3
[2026/09/25 17:51:41:2057] N: killing process, pid: 5428
[2026/09/25 17:51:41:2064] N: process killed with signal 0, pid: 5428
[2026/09/25 17:51:41:2748] N: WS closed from (unix skt), clients: 2
[2026/09/25 17:51:41:2749] N: killing process, pid: 5433
[2026/09/25 17:51:41:2762] N: process killed with signal 0, pid: 5433
[2026/09/25 17:51:42:4058] N: WS closed from (unix skt), clients: 1
[2026/09/25 17:51:42:4058] N: killing process, pid: 5430
[2026/09/25 17:51:42:4059] N: WS closed from (unix skt), clients: 0
[2026/09/25 17:51:42:4060] N: killing process, pid: 5444
[2026/09/25 17:51:42:4072] N: process killed with signal 0, pid: 5430
[2026/09/25 17:51:42:4091] N: process killed with signal 0, pid: 5444
[2026/09/25 17:51:42:4373] N: WS   /ws - (unix skt), clients: 1
[2026/09/25 17:51:42:4373] N: WS   /ws - (unix skt), clients: 2
[2026/09/25 17:51:42:4373] N: WS   /ws - (unix skt), clients: 3
[2026/09/25 17:51:42:4374] N: WS   /ws - (unix skt), clients: 4
[2026/09/25 17:51:42:4374] N: WS   /ws - (unix skt), clients: 5
[2026/09/25 17:51:42:4374] N: WS   /ws - (unix skt), clients: 6
[2026/09/25 17:51:42:4374] N: WS   /ws - (unix skt), clients: 7
[2026/09/25 17:51:42:4374] N: WS   /ws - (unix skt), clients: 8
[2026/09/25 17:51:42:4375] N: WS   /ws - (unix skt), clients: 9
[2026/09/25 17:51:42:4375] N: WS   /ws - (unix skt), clients: 10
[2026/09/25 17:51:42:4383] N: started process, pid: 5749
[2026/09/25 17:51:42:4389] N: started process, pid: 5750
[2026/09/25 17:51:42:4395] N: started process, pid: 5751
[2026/09/25 17:51:42:4401] N: started process, pid: 5752
[2026/09/25 17:51:42:4410] N: started process, pid: 5753
[2026/09/25 17:51:42:4423] N: started process, pid: 5754
[2026/09/25 17:51:42:4435] N: started process, pid: 5755
[2026/09/25 17:51:42:4451] N: started process, pid: 5756
[2026/09/25 17:51:42:4462] N: started process, pid: 5767
[2026/09/25 17:51:42:4491] N: started process, pid: 5772
[2026/09/25 17:51:42:5045] N: WS closed from (unix skt), clients: 9
[2026/09/25 17:51:42:5056] N: killing process, pid: 5751
[2026/09/25 17:51:42:5059] N: process killed with signal 1, pid: 5751
[2026/09/25 17:51:42:6024] N: WS closed from (unix skt), clients: 8
[2026/09/25 17:51:42:6024] N: killing process, pid: 5755
[2026/09/25 17:51:42:6027] N: process killed with signal 1, pid: 5755
[2026/09/25 17:51:42:7433] N: WS closed from (unix skt), clients: 7
[2026/09/25 17:51:42:7434] N: killing process, pid: 5749
[2026/09/25 17:51:42:7438] N: process killed with signal 0, pid: 5749
[2026/09/25 17:51:42:7544] N: WS closed from (unix skt), clients: 6
[2026/09/25 17:51:42:7545] N: killing process, pid: 5753
[2026/09/25 17:51:42:7548] N: process killed with signal 0, pid: 5753
[2026/09/25 17:51:42:7785] N: WS closed from (unix skt), clients: 5
[2026/09/25 17:51:42:7785] N: killing process, pid: 5767
[2026/09/25 17:51:42:7789] N: process killed with signal 0, pid: 5767
[2026/09/25 17:51:42:8020] N: WS closed from (unix skt), clients: 4
[2026/09/25 17:51:42:8021] N: killing process, pid: 5772
[2026/09/25 17:51:42:8026] N: process killed with signal 0, pid: 5772
[2026/09/25 17:51:43:2206] N: WS closed from (unix skt), clients: 3
[2026/09/25 17:51:43:2207] N: killing process, pid: 5750
[2026/09/25 17:51:43:2212] N: process killed with signal 0, pid: 5750
[2026/09/25 17:51:43:2928] N: WS closed from (unix skt), clients: 2
[2026/09/25 17:51:43:2929] N: killing process, pid: 5754
[2026/09/25 17:51:43:2938] N: process killed with signal 0, pid: 5754
[2026/09/25 17:51:44:4390] N: WS closed from (unix skt), clients: 1
[2026/09/25 17:51:44:4390] N: killing process, pid: 5756
[2026/09/25 17:51:44:4391] N: WS closed from (unix skt), clients: 0
[2026/09/25 17:51:44:4391] N: killing process, pid: 5752
[2026/09/25 17:51:44:4403] N: process killed with signal 0, pid: 5752
[2026/09/25 17:51:44:4403] N: process killed with signal 0, pid: 5756
[2026/09/25 17:51:44:4500] N: WS   /ws - (unix skt), clients: 1
[2026/09/25 17:51:44:4500] N: WS   /ws - (unix skt), clients: 2
[2026/09/25 17:51:44:4500] N: WS   /ws - (unix skt), clients: 3
[2026/09/25 17:51:44:4501] N: WS   /ws - (unix skt), clients: 4
[2026/09/25 17:51:44:4501] N: WS   /ws - (unix skt), clients: 5
[2026/09/25 17:51:44:4501] N: WS   /ws - (unix skt), clients: 6
[2026/09/25 17:51:44:4501] N: WS   /ws - (unix skt), clients: 7
[2026/09/25 17:51:44:4501] N: WS   /ws - (unix skt), clients: 8
[2026/09/25 17:51:44:4501] N: WS   /ws - (unix skt), clients: 9
[2026/09/25 17:51:44:4501] N: WS   /ws - (unix skt), clients: 10
[2026/09/25 17:51:44:4506] N: started process, pid: 6004
[2026/09/25 17:51:44:4510] N: started process, pid: 6005
[2026/09/25 17:51:44:4514] N: started process, pid: 6006
[2026/09/25 17:51:44:4520] N: started process, pid: 6007
[2026/09/25 17:51:44:4528] N: started process, pid: 6008
[2026/09/25 17:51:44:4535] N: started process, pid: 6009
[2026/09/25 17:51:44:4540] N: started process, pid: 6010
[2026/09/25 17:51:44:4548] N: started process, pid: 6011
[2026/09/25 17:51:44:4559] N: started process, pid: 6015
[2026/09/25 17:51:44:4568] N: started process, pid: 6021
[2026/09/25 17:51:44:5607] N: WS closed from (unix skt), clients: 9
[2026/09/25 17:51:44:5608] N: killing process, pid: 6007
[2026/09/25 17:51:44:5611] N: process killed with signal 1, pid: 6007
[2026/09/25 17:51:44:6262] N: WS closed from (unix skt), clients: 8
[2026/09/25 17:51:44:6263] N: killing process, pid: 6011
[2026/09/25 17:51:44:6266] N: process killed with signal 1, pid: 6011
[2026/09/25 17:51:44:7624] N: WS closed from (unix skt), clients: 7
[2026/09/25 17:51:44:7624] N: killing process, pid: 6004
[2026/09/25 17:51:44:7628] N: process killed with signal 0, pid: 6004
[2026/09/25 17:51:44:7765] N: WS closed from (unix skt), clients: 6
[2026/09/25 17:51:44:7765] N: killing process, pid: 6005
[2026/09/25 17:51:44:7769] N: process killed with signal 0, pid: 6005
[2026/09/25 17:51:44:8017] N: WS closed from (unix skt), clients: 5
[2026/09/25 17:51:44:8017] N: killing process, pid: 6009
[2026/09/25 17:51:44:8021] N: process killed with signal 0, pid: 6009
[2026/09/25 17:51:44:8148] N: WS closed from (unix skt), clients: 4
[2026/09/25 17:51:44:8149] N: killing process, pid: 6021
[2026/09/25 17:51:44:8152] N: process killed with signal 0, pid: 6021
[2026/09/25 17:51:45:2526] N: WS closed from (unix skt), clients: 3
[2026/09/25 17:51:45:2527] N: killing process, pid: 6006
[2026/09/25 17:51:45:2533] N: process killed with signal 0, pid: 6006
[2026/09/25 17:51:45:3293] N: WS closed from (unix skt), clients: 2
[2026/09/25 17:51:45:3293] N: killing process, pid: 6010
[2026/09/25 17:51:45:3299] N: process killed with signal 0, pid: 6010
[2026/09/25 17:51:46:4516] N: WS closed from (unix skt), clients: 1
[2026/09/25 17:51:46:4516] N: killing process, pid: 6015
[2026/09/25 17:51:46:4517] N: WS closed from (unix skt), clients: 0
[2026/09/25 17:51:46:4517] N: killing process, pid: 6008
[2026/09/25 17:51:46:4523] N: process killed with signal 0, pid: 6008
[2026/09/25 17:51:46:4523] N: process killed with signal 0, pid: 6015
[2026/09/25 17:51:46:4584] N: WS   /ws - (unix skt), clients: 1
[2026/09/25 17:51:46:4584] N: WS   /ws - (unix skt), clients: 2
[2026/09/25 17:51:46:4584] N: WS   /ws - (unix skt), clients: 3
[2026/09/25 17:51:46:4584] N: WS   /ws - (unix skt), clients: 4
[2026/09/25 17:51:46:4584] N: WS   /ws - (unix skt), clients: 5
[2026/09/25 17:51:46:4584] N: WS   /ws - (unix skt), clients: 6
[2026/09/25 17:51:46:4584] N: WS   /ws - (unix skt), clients: 7
[2026/09/25 17:51:46:4584] N: WS   /ws - (unix skt), clients: 8
[2026/09/25 17:51:46:4585] N: WS   /ws - (unix skt), clients: 9
[2026/09/25 17:51:46:4589] N: started process, pid: 6397
[2026/09/25 17:51:46:4590] N: WS   /ws - (unix skt), clients: 10
[2026/09/25 17:51:46:4594] N: started process, pid: 6400
[2026/09/25 17:51:46:4598] N: started process, pid: 6401
[2026/09/25 17:51:46:4602] N: started process, pid: 6402
[2026/09/25 17:51:46:4606] N: started process, pid: 6403
[2026/09/25 17:51:46:4611] N: started process, pid: 6404
[2026/09/25 17:51:46:4617] N: started process, pid: 6405
[2026/09/25 17:51:46:4622] N: started process, pid: 6406
[2026/09/25 17:51:46:4635] N: started process, pid: 6410
[2026/09/25 17:51:46:4643] N: started process, pid: 6419
[2026/09/25 17:51:46:5724] N: WS closed from (unix skt), clients: 9
[2026/09/25 17:51:46:5725] N: killing process, pid: 6403
[2026/09/25 17:51:46:5731] N: process killed with signal 1, pid: 6403
[2026/09/25 17:51:46:6246] N: WS closed from (unix skt), clients: 8
[2026/09/25 17:51:46:6246] N: killing process, pid: 6419
[2026/09/25 17:51:46:6248] N: process killed with signal 1, pid: 6419
[2026/09/25 17:51:46:7508] N: WS closed from (unix skt), clients: 7
[2026/09/25 17:51:46:7508] N: killing process, pid: 6400
[2026/09/25 17:51:46:7513] N: process killed with signal 0, pid: 6400
[2026/09/25 17:51:46:7861] N: WS closed from (unix skt), clients: 6
[2026/09/25 17:51:46:7861] N: killing process, pid: 6397
[2026/09/25 17:51:46:7866] N: process killed with signal 0, pid: 6397
[2026/09/25 17:51:46:7983] N: WS closed from (unix skt), clients: 5
[2026/09/25 17:51:46:7983] N: killing process, pid: 6406
[2026/09/25 17:51:46:7988] N: process killed with signal 0, pid: 6406
[2026/09/25 17:51:46:8228] N: WS closed from (unix skt), clients: 4
[2026/09/25 17:51:46:8228] N: killing process, pid: 6405
[2026/09/25 17:51:46:8233] N: process killed with signal 0, pid: 6405
[2026/09/25 17:51:47:2651] N: WS closed from (unix skt), clients: 3
[2026/09/25 17:51:47:2651] N: killing process, pid: 6402
[2026/09/25 17:51:47:2656] N: process killed with signal 0, pid: 6402
[2026/09/25 17:51:47:3141] N: WS closed from (unix skt), clients: 2
[2026/09/25 17:51:47:3142] N: killing process, pid: 6410
[2026/09/25 17:51:47:3149] N: process killed with signal 0, pid: 6410
[2026/09/25 17:51:48:4579] N: WS closed from (unix skt), clients: 1
[2026/09/25 17:51:48:4580] N: killing process, pid: 6404
[2026/09/25 17:51:48:4584] N: process killed with signal 0, pid: 6404
[2026/09/25 17:51:48:4594] N: WS closed from (unix skt), clients: 0
[2026/09/25 17:51:48:4595] N: killing process, pid: 6401
[2026/09/25 17:51:48:4600] N: process killed with signal 0, pid: 6401
[2026/09/25 17:51:48:4660] N: WS   /ws - (unix skt), clients: 1
[2026/09/25 17:51:48:4661] N: WS   /ws - (unix skt), clients: 2
[2026/09/25 17:51:48:4661] N: WS   /ws - (unix skt), clients: 3
[2026/09/25 17:51:48:4661] N: WS   /ws - (unix skt), clients: 4
[2026/09/25 17:51:48:4661] N: WS   /ws - (unix skt), clients: 5
[2026/09/25 17:51:48:4661] N: WS   /ws - (unix skt), clients: 6
[2026/09/25 17:51:48:4666] N: started process, pid: 6768
[2026/09/25 17:51:48:4669] N: started process, pid: 6769
[2026/09/25 17:51:48:4670] N: WS   /ws - (unix skt), clients: 7
[2026/09/25 17:51:48:4670] N: WS   /ws - (unix skt), clients: 8
[2026/09/25 17:51:48:4670] N: WS   /ws - (unix skt), clients: 9
[2026/09/25 17:51:48:4670] N: WS   /ws - (unix skt), clients: 10
[2026/09/25 17:51:48:4673] N: started process, pid: 6770
[2026/09/25 17:51:48:4676] N: started process, pid: 6771
[2026/09/25 17:51:48:4681] N: started process, pid: 6772
[2026/09/25 17:51:48:4690] N: started process, pid: 6773
[2026/09/25 17:51:48:4695] N: started process, pid: 6774
[2026/09/25 17:51:48:4707] N: started process, pid: 6776
[2026/09/25 17:51:48:4715] N: started process, pid: 6786
[2026/09/25 17:51:48:4724] N: started process, pid: 6793
[2026/09/25 17:51:48:5949] N: WS closed from (unix skt), clients: 9
[2026/09/25 17:51:48:5950] N: killing process, pid: 6771
[2026/09/25 17:51:48:5953] N: process killed with signal 1, pid: 6771
[2026/09/25 17:51:48:6197] N: WS closed from (unix skt), clients: 8
[2026/09/25 17:51:48:6197] N: killing process, pid: 6786
[2026/09/25 17:51:48:6201] N: process killed with signal 1, pid: 6786
[2026/09/25 17:51:48:7312] N: WS closed from (unix skt), clients: 7
[2026/09/25 17:51:48:7312] N: killing process, pid: 6769
[2026/09/25 17:51:48:7316] N: process killed with signal 0, pid: 6769
[2026/09/25 17:51:48:7583] N: WS closed from (unix skt), clients: 6
[2026/09/25 17:51:48:7584] N: killing process, pid: 6768
[2026/09/25 17:51:48:7587] N: process killed with signal 0, pid: 6768
[2026/09/25 17:51:48:8091] N: WS closed from (unix skt), clients: 5
[2026/09/25 17:51:48:8091] N: killing process, pid: 6773
[2026/09/25 17:51:48:8096] N: process killed with signal 0, pid: 6773
[2026/09/25 17:51:48:8333] N: WS closed from (unix skt), clients: 4
[2026/09/25 17:51:48:8333] N: killing process, pid: 6774
[2026/09/25 17:51:48:8336] N: process killed with signal 0, pid: 6774
[2026/09/25 17:51:49:2729] N: WS closed from (unix skt), clients: 3
[2026/09/25 17:51:49:2729] N: killing process, pid: 6770
[2026/09/25 17:51:49:2734] N: process killed with signal 0, pid: 6770
[2026/09/25 17:51:49:3351] N: WS closed from (unix skt), clients: 2
[2026/09/25 17:51:49:3351] N: killing process, pid: 6776
[2026/09/25 17:51:49:3357] N: process killed with signal 0, pid: 6776
[2026/09/25 17:51:50:4690] N: WS closed from (unix skt), clients: 1
[2026/09/25 17:51:50:4691] N: killing process, pid: 6772
[2026/09/25 17:51:50:4691] N: WS closed from (unix skt), clients: 0
[2026/09/25 17:51:50:4691] N: killing process, pid: 6793
[2026/09/25 17:51:50:4707] N: process killed with signal 0, pid: 6772
[2026/09/25 17:51:50:4716] N: process killed with signal 0, pid: 6793
[2026/09/25 17:51:50:4848] N: WS   /ws - (unix skt), clients: 1
[2026/09/25 17:51:50:4848] N: WS   /ws - (unix skt), clients: 2
[2026/09/25 17:51:50:4848] N: WS   /ws - (unix skt), clients: 3
[2026/09/25 17:51:50:4849] N: WS   /ws - (unix skt), clients: 4
[2026/09/25 17:51:50:4849] N: WS   /ws - (unix skt), clients: 5
[2026/09/25 17:51:50:4849] N: WS   /ws - (unix skt), clients: 6
[2026/09/25 17:51:50:4850] N: WS   /ws - (unix skt), clients: 7
[2026/09/25 17:51:50:4850] N: WS   /ws - (unix skt), clients: 8
[2026/09/25 17:51:50:4850] N: WS   /ws - (unix skt), clients: 9
[2026/09/25 17:51:50:4850] N: WS   /ws - (unix skt), clients: 10
[2026/09/25 17:51:50:4856] N: started process, pid: 7175
[2026/09/25 17:51:50:4864] N: started process, pid: 7176
[2026/09/25 17:51:50:4870] N: started process, pid: 7177
[2026/09/25 17:51:50:4879] N: started process, pid: 7178
[2026/09/25 17:51:50:4885] N: started process, pid: 7179
[2026/09/25 17:51:50:4891] N: started process, pid: 7180
[2026/09/25 17:51:50:4901] N: started process, pid: 7183
[2026/09/25 17:51:50:4911] N: started process, pid: 7186
[2026/09/25 17:51:50:4918] N: started process, pid: 7193
[2026/09/25 17:51:50:4936] N: started process, pid: 7196
[2026/09/25 17:51:50:6052] N: WS closed from (unix skt), clients: 9
[2026/09/25 17:51:50:6053] N: killing process, pid: 7177
[2026/09/25 17:51:50:6056] N: process killed with signal 1, pid: 7177
[2026/09/25 17:51:50:6585] N: WS closed from (unix skt), clients: 8
[2026/09/25 17:51:50:6585] N: killing process, pid: 7193
[2026/09/25 17:51:50:6589] N: process killed with signal 1, pid: 7193
[2026/09/25 17:51:50:7467] N: WS closed from (unix skt), clients: 7
[2026/09/25 17:51:50:7467] N: killing process, pid: 7175
[2026/09/25 17:51:50:7471] N: process killed with signal 0, pid: 7175
[2026/09/25 17:51:50:8476] N: WS closed from (unix skt), clients: 6
[2026/09/25 17:51:50:8476] N: killing process, pid: 7183
[2026/09/25 17:51:50:8479] N: process killed with signal 0, pid: 7183
[2026/09/25 17:51:50:8597] N: WS closed from (unix skt), clients: 5
[2026/09/25 17:51:50:8597] N: killing process, pid: 7179
[2026/09/25 17:51:50:8600] N: process killed with signal 0, pid: 7179
[2026/09/25 17:51:50:8739] N: WS closed from (unix skt), clients: 4
[2026/09/25 17:51:50:8739] N: killing process, pid: 7180
[2026/09/25 17:51:50:8742] N: process killed with signal 0, pid: 7180
[2026/09/25 17:51:51:2783] N: WS closed from (unix skt), clients: 3
[2026/09/25 17:51:51:2784] N: killing process, pid: 7176
[2026/09/25 17:51:51:2792] N: process killed with signal 0, pid: 7176
[2026/09/25 17:51:51:3354] N: WS closed from (unix skt), clients: 2
[2026/09/25 17:51:51:3354] N: killing process, pid: 7186
[2026/09/25 17:51:51:3360] N: process killed with signal 0, pid: 7186
[2026/09/25 17:51:52:4870] N: WS closed from (unix skt), clients: 1
[2026/09/25 17:51:52:4871] N: killing process, pid: 7178
[2026/09/25 17:51:52:4872] N: WS closed from (unix skt), clients: 0
[2026/09/25 17:51:52:4872] N: killing process, pid: 7196
[2026/09/25 17:51:52:4902] N: process killed with signal 0, pid: 7178
[2026/09/25 17:51:52:4904] N: process killed with signal 0, pid: 7196
[2026/09/25 17:51:52:5017] N: WS   /ws - (unix skt), clients: 1
[2026/09/25 17:51:52:5017] N: WS   /ws - (unix skt), clients: 2
[2026/09/25 17:51:52:5017] N: WS   /ws - (unix skt), clients: 3
[2026/09/25 17:51:52:5017] N: WS   /ws - (unix skt), clients: 4
[2026/09/25 17:51:52:5018] N: WS   /ws - (unix skt), clients: 5
[2026/09/25 17:51:52:5018] N: WS   /ws - (unix skt), clients: 6
[2026/09/25 17:51:52:5018] N: WS   /ws - (unix skt), clients: 7
[2026/09/25 17:51:52:5018] N: WS   /ws - (unix skt), clients: 8
[2026/09/25 17:51:52:5018] N: WS   /ws - (unix skt), clients: 9
[2026/09/25 17:51:52:5025] N: started process, pid: 7513
[2026/09/25 17:51:52:5031] N: started process, pid: 7514
[2026/09/25 17:51:52:5032] N: WS   /ws - (unix skt), clients: 10
[2026/09/25 17:51:52:5037] N: started process, pid: 7515
[2026/09/25 17:51:52:5046] N: started process, pid: 7516
[2026/09/25 17:51:52:5056] N: started process, pid: 7517
[2026/09/25 17:51:52:5071] N: started process, pid: 7518
[2026/09/25 17:51:52:5083] N: started process, pid: 7519
[2026/09/25 17:51:52:5093] N: started process, pid: 7521
[2026/09/25 17:51:52:5105] N: started process, pid: 7527
[2026/09/25 17:51:52:5120] N: started process, pid: 7531
[2026/09/25 17:51:52:6646] N: WS closed from (unix skt), clients: 9
[2026/09/25 17:51:52:6646] N: killing process, pid: 7517
[2026/09/25 17:51:52:6649] N: process killed with signal 1, pid: 7517
[2026/09/25 17:51:52:6958] N: WS closed from (unix skt), clients: 8
[2026/09/25 17:51:52:6958] N: killing process, pid: 7531
[2026/09/25 17:51:52:6960] N: process killed with signal 1, pid: 7531
[2026/09/25 17:51:52:8149] N: WS closed from (unix skt), clients: 7
[2026/09/25 17:51:52:8150] N: killing process, pid: 7515
[2026/09/25 17:51:52:8155] N: process killed with signal 0, pid: 7515
[2026/09/25 17:51:52:8271] N: WS closed from (unix skt), clients: 6
[2026/09/25 17:51:52:8272] N: killing process, pid: 7513
[2026/09/25 17:51:52:8277] N: process killed with signal 0, pid: 7513
[2026/09/25 17:51:52:8962] N: WS closed from (unix skt), clients: 5
[2026/09/25 17:51:52:8962] N: killing process, pid: 7519
[2026/09/25 17:51:52:8963] N: WS closed from (unix skt), clients: 4
[2026/09/25 17:51:52:8963] N: killing process, pid: 7521
[2026/09/25 17:51:52:8969] N: process killed with signal 0, pid: 7519
[2026/09/25 17:51:52:8969] N: process killed with signal 0, pid: 7521
[2026/09/25 17:51:53:3176] N: WS closed from (unix skt), clients: 3
[2026/09/25 17:51:53:3177] N: killing process, pid: 7514
[2026/09/25 17:51:53:3185] N: process killed with signal 0, pid: 7514
[2026/09/25 17:51:53:3837] N: WS closed from (unix skt), clients: 2
[2026/09/25 17:51:53:3839] N: killing process, pid: 7527
[2026/09/25 17:51:53:3853] N: process killed with signal 0, pid: 7527
[2026/09/25 17:51:54:5041] N: WS closed from (unix skt), clients: 1
[2026/09/25 17:51:54:5042] N: killing process, pid: 7518
[2026/09/25 17:51:54:5042] N: WS closed from (unix skt), clients: 0
[2026/09/25 17:51:54:5042] N: killing process, pid: 7516
[2026/09/25 17:51:54:5055] N: process killed with signal 0, pid: 7516
[2026/09/25 17:51:54:5055] N: process killed with signal 0, pid: 7518
[2026/09/25 17:51:54:5151] N: WS   /ws - (unix skt), clients: 1
[2026/09/25 17:51:54:5151] N: WS   /ws - (unix skt), clients: 2
[2026/09/25 17:51:54:5152] N: WS   /ws - (unix skt), clients: 3
[2026/09/25 17:51:54:5152] N: WS   /ws - (unix skt), clients: 4
[2026/09/25 17:51:54:5152] N: WS   /ws - (unix skt), clients: 5
[2026/09/25 17:51:54:5152] N: WS   /ws - (unix skt), clients: 6
[2026/09/25 17:51:54:5152] N: WS   /ws - (unix skt), clients: 7
[2026/09/25 17:51:54:5152] N: WS   /ws - (unix skt), clients: 8
[2026/09/25 17:51:54:5159] N: started process, pid: 7829
[2026/09/25 17:51:54:5160] N: WS   /ws - (unix skt), clients: 9
[2026/09/25 17:51:54:5160] N: WS   /ws - (unix skt), clients: 10
[2026/09/25 17:51:54:5165] N: started process, pid: 7830
[2026/09/25 17:51:54:5172] N: started process, pid: 7831
[2026/09/25 17:51:54:5181] N: started process, pid: 7832
[2026/09/25 17:51:54:5190] N: started process, pid: 7833
[2026/09/25 17:51:54:5196] N: started process, pid: 7834
[2026/09/25 17:51:54:5204] N: started process, pid: 7835
[2026/09/25 17:51:54:5214] N: started process, pid: 7837
[2026/09/25 17:51:54:5226] N: started process, pid: 7845
[2026/09/25 17:51:54:5246] N: started process, pid: 7850
[2026/09/25 17:51:54:5723] N: WS closed from (unix skt), clients: 9
[2026/09/25 17:51:54:5724] N: killing process, pid: 7831
[2026/09/25 17:51:54:5727] N: process killed with signal 1, pid: 7831
[2026/09/25 17:51:54:6719] N: WS closed from (unix skt), clients: 8
[2026/09/25 17:51:54:6719] N: killing process, pid: 7834
[2026/09/25 17:51:54:6722] N: process killed with signal 1, pid: 7834
[2026/09/25 17:51:54:8224] N: WS closed from (unix skt), clients: 7
[2026/09/25 17:51:54:8225] N: killing process, pid: 7830
[2026/09/25 17:51:54:8233] N: process killed with signal 0, pid: 7830
[2026/09/25 17:51:54:8348] N: WS closed from (unix skt), clients: 6
[2026/09/25 17:51:54:8348] N: killing process, pid: 7829
[2026/09/25 17:51:54:8351] N: process killed with signal 0, pid: 7829
[2026/09/25 17:51:54:8598] N: WS closed from (unix skt), clients: 5
[2026/09/25 17:51:54:8599] N: killing process, pid: 7845
[2026/09/25 17:51:54:8602] N: process killed with signal 0, pid: 7845
[2026/09/25 17:51:54:8860] N: WS closed from (unix skt), clients: 4
[2026/09/25 17:51:54:8860] N: killing process, pid: 7837
[2026/09/25 17:51:54:8864] N: process killed with signal 0, pid: 7837
[2026/09/25 17:51:55:3224] N: WS closed from (unix skt), clients: 3
[2026/09/25 17:51:55:3224] N: killing process, pid: 7833
[2026/09/25 17:51:55:3230] N: process killed with signal 0, pid: 7833
[2026/09/25 17:51:55:3879] N: WS closed from (unix skt), clients: 2
[2026/09/25 17:51:55:3880] N: killing process, pid: 7850
[2026/09/25 17:51:55:3885] N: process killed with signal 0, pid: 7850
[2026/09/25 17:51:56:5176] N: WS closed from (unix skt), clients: 1
[2026/09/25 17:51:56:5177] N: killing process, pid: 7835
[2026/09/25 17:51:56:5177] N: WS closed from (unix skt), clients: 0
[2026/09/25 17:51:56:5177] N: killing process, pid: 7832
[2026/09/25 17:51:56:5192] N: process killed with signal 0, pid: 7832
[2026/09/25 17:51:56:5192] N: process killed with signal 0, pid: 7835
[2026/09/25 17:51:56:5299] N: WS   /ws - (unix skt), clients: 1
[2026/09/25 17:51:56:5299] N: WS   /ws - (unix skt), clients: 2
[2026/09/25 17:51:56:5299] N: WS   /ws - (unix skt), clients: 3
[2026/09/25 17:51:56:5299] N: WS   /ws - (unix skt), clients: 4
[2026/09/25 17:51:56:5299] N: WS   /ws - (unix skt), clients: 5
[2026/09/25 17:51:56:5300] N: WS   /ws - (unix skt), clients: 6
[2026/09/25 17:51:56:5300] N: WS   /ws - (unix skt), clients: 7
[2026/09/25 17:51:56:5300] N: WS   /ws - (unix skt), clients: 8
[2026/09/25 17:51:56:5305] N: started process, pid: 8141
[2026/09/25 17:51:56:5307] N: WS   /ws - (unix skt), clients: 9
[2026/09/25 17:51:56:5307] N: WS   /ws - (unix skt), clients: 10
[2026/09/25 17:51:56:5311] N: started process, pid: 8142
[2026/09/25 17:51:56:5316] N: started process, pid: 8143
[2026/09/25 17:51:56:5322] N: started process, pid: 8144
[2026/09/25 17:51:56:5330] N: started process, pid: 8146
[2026/09/25 17:51:56:5335] N: started process, pid: 8147
[2026/09/25 17:51:56:5342] N: started process, pid: 8148
[2026/09/25 17:51:56:5354] N: started process, pid: 8149
[2026/09/25 17:51:56:5360] N: started process, pid: 8155
[2026/09/25 17:51:56:5376] N: started process, pid: 8162
[2026/09/25 17:51:56:6269] N: WS closed from (unix skt), clients: 9
[2026/09/25 17:51:56:6269] N: killing process, pid: 8143
[2026/09/25 17:51:56:6275] N: process killed with signal 1, pid: 8143
[2026/09/25 17:51:56:6537] N: WS closed from (unix skt), clients: 8
[2026/09/25 17:51:56:6537] N: killing process, pid: 8147
[2026/09/25 17:51:56:6541] N: process killed with signal 1, pid: 8147
[2026/09/25 17:51:56:8009] N: WS closed from (unix skt), clients: 7
[2026/09/25 17:51:56:8009] N: killing process, pid: 8142
[2026/09/25 17:51:56:8013] N: process killed with signal 0, pid: 8142
[2026/09/25 17:51:56:8418] N: WS closed from (unix skt), clients: 6
[2026/09/25 17:51:56:8418] N: killing process, pid: 8141
[2026/09/25 17:51:56:8423] N: process killed with signal 0, pid: 8141
[2026/09/25 17:51:56:8819] N: WS closed from (unix skt), clients: 5
[2026/09/25 17:51:56:8819] N: killing process, pid: 8155
[2026/09/25 17:51:56:8823] N: process killed with signal 0, pid: 8155
[2026/09/25 17:51:56:9100] N: WS closed from (unix skt), clients: 4
[2026/09/25 17:51:56:9101] N: killing process, pid: 8149
[2026/09/25 17:51:56:9106] N: process killed with signal 0, pid: 8149
[2026/09/25 17:51:57:4124] N: WS closed from (unix skt), clients: 3
[2026/09/25 17:51:57:4125] N: killing process, pid: 8146
[2026/09/25 17:51:57:4127] N: WS closed from (unix skt), clients: 2
[2026/09/25 17:51:57:4128] N: killing process, pid: 8162
[2026/09/25 17:51:57:4145] N: process killed with signal 0, pid: 8146
[2026/09/25 17:51:57:4146] N: process killed with signal 0, pid: 8162
[2026/09/25 17:51:58:5308] N: WS closed from (unix skt), clients: 1
[2026/09/25 17:51:58:5308] N: killing process, pid: 8148
[2026/09/25 17:51:58:5308] N: WS closed from (unix skt), clients: 0
[2026/09/25 17:51:58:5308] N: killing process, pid: 8144
[2026/09/25 17:51:58:5314] N: process killed with signal 0, pid: 8148
[2026/09/25 17:51:58:5319] N: process killed with signal 0, pid: 8144
[2026/09/25 17:51:58:5382] N: WS   /ws - (unix skt), clients: 1
[2026/09/25 17:51:58:5382] N: WS   /ws - (unix skt), clients: 2
[2026/09/25 17:51:58:5382] N: WS   /ws - (unix skt), clients: 3
[2026/09/25 17:51:58:5382] N: WS   /ws - (unix skt), clients: 4
[2026/09/25 17:51:58:5383] N: WS   /ws - (unix skt), clients: 5
[2026/09/25 17:51:58:5383] N: WS   /ws - (unix skt), clients: 6
[2026/09/25 17:51:58:5383] N: WS   /ws - (unix skt), clients: 7
[2026/09/25 17:51:58:5383] N: WS   /ws - (unix skt), clients: 8
[2026/09/25 17:51:58:5383] N: WS   /ws - (unix skt), clients: 9
[2026/09/25 17:51:58:5383] N: WS   /ws - (unix skt), clients: 10
[2026/09/25 17:51:58:5387] N: started process, pid: 8573
[2026/09/25 17:51:58:5390] N: started process, pid: 8574
[2026/09/25 17:51:58:5393] N: started process, pid: 8575
[2026/09/25 17:51:58:5397] N: started process, pid: 8576
[2026/09/25 17:51:58:5404] N: started process, pid: 8577
[2026/09/25 17:51:58:5411] N: started process, pid: 8578
[2026/09/25 17:51:58:5419] N: started process, pid: 8579
[2026/09/25 17:51:58:5426] N: started process, pid: 8580
[2026/09/25 17:51:58:5441] N: started process, pid: 8584
[2026/09/25 17:51:58:5471] N: started process, pid: 8594
[2026/09/25 17:51:58:6192] N: WS closed from (unix skt), clients: 9
[2026/09/25 17:51:58:6192] N: killing process, pid: 8575
[2026/09/25 17:51:58:6195] N: process killed with signal 1, pid: 8575
[2026/09/25 17:51:58:7028] N: WS closed from (unix skt), clients: 8
[2026/09/25 17:51:58:7029] N: killing process, pid: 8584
[2026/09/25 17:51:58:7033] N: process killed with signal 1, pid: 8584
[2026/09/25 17:51:58:8323] N: WS closed from (unix skt), clients: 7
[2026/09/25 17:51:58:8324] N: killing process, pid: 8573
[2026/09/25 17:51:58:8332] N: process killed with signal 0, pid: 8573
[2026/09/25 17:51:58:8452] N: WS closed from (unix skt), clients: 6
[2026/09/25 17:51:58:8452] N: killing process, pid: 8576
[2026/09/25 17:51:58:8461] N: process killed with signal 0, pid: 8576
[2026/09/25 17:51:58:8565] N: WS closed from (unix skt), clients: 5
[2026/09/25 17:51:58:8566] N: killing process, pid: 8578
[2026/09/25 17:51:58:8572] N: process killed with signal 0, pid: 8578
[2026/09/25 17:51:58:8914] N: WS closed from (unix skt), clients: 4
[2026/09/25 17:51:58:8915] N: killing process, pid: 8579
[2026/09/25 17:51:58:8920] N: process killed with signal 0, pid: 8579
[2026/09/25 17:51:59:3474] N: WS closed from (unix skt), clients: 3
[2026/09/25 17:51:59:3474] N: killing process, pid: 8574
[2026/09/25 17:51:59:3479] N: process killed with signal 0, pid: 8574
[2026/09/25 17:51:59:4210] N: WS closed from (unix skt), clients: 2
[2026/09/25 17:51:59:4211] N: killing process, pid: 8580
[2026/09/25 17:51:59:4216] N: process killed with signal 0, pid: 8580
[2026/09/25 17:52:00:5715] N: WS closed from (unix skt), clients: 1
[2026/09/25 17:52:00:5715] N: killing process, pid: 8577
[2026/09/25 17:52:00:5715] N: WS closed from (unix skt), clients: 0
[2026/09/25 17:52:00:5715] N: killing process, pid: 8594
[2026/09/25 17:52:00:6006] N: process killed with signal 0, pid: 8577
[2026/09/25 17:52:00:6007] N: process killed with signal 0, pid: 8594
[2026/09/25 17:52:00:6602] N: WS   /ws - (unix skt), clients: 1
[2026/09/25 17:52:00:6603] N: WS   /ws - (unix skt), clients: 2
[2026/09/25 17:52:00:6603] N: WS   /ws - (unix skt), clients: 3
[2026/09/25 17:52:00:6603] N: WS   /ws - (unix skt), clients: 4
[2026/09/25 17:52:00:6603] N: WS   /ws - (unix skt), clients: 5
[2026/09/25 17:52:00:6604] N: WS   /ws - (unix skt), clients: 6
[2026/09/25 17:52:00:6604] N: WS   /ws - (unix skt), clients: 7
[2026/09/25 17:52:00:6604] N: WS   /ws - (unix skt), clients: 8
[2026/09/25 17:52:00:6604] N: WS   /ws - (unix skt), clients: 9
[2026/09/25 17:52:00:6604] N: WS   /ws - (unix skt), clients: 10
[2026/09/25 17:52:00:6625] N: started process, pid: 9069
[2026/09/25 17:52:00:6635] N: started process, pid: 9070
[2026/09/25 17:52:00:6641] N: started process, pid: 9071
[2026/09/25 17:52:00:6653] N: started process, pid: 9072
[2026/09/25 17:52:00:6680] N: started process, pid: 9073
[2026/09/25 17:52:00:6688] N: started process, pid: 9074
[2026/09/25 17:52:00:6707] N: started process, pid: 9075
[2026/09/25 17:52:00:6732] N: started process, pid: 9084
[2026/09/25 17:52:00:6755] N: started process, pid: 9089
[2026/09/25 17:52:00:6776] N: started process, pid: 9098
[2026/09/25 17:52:00:8341] N: WS closed from (unix skt), clients: 9
[2026/09/25 17:52:00:8341] N: killing process, pid: 9072
[2026/09/25 17:52:00:8345] N: process killed with signal 1, pid: 9072
[2026/09/25 17:52:00:9277] N: WS closed from (unix skt), clients: 8
[2026/09/25 17:52:00:9278] N: killing process, pid: 9069
[2026/09/25 17:52:00:9451] N: process killed with signal 0, pid: 9069
[2026/09/25 17:52:01:0888] N: WS closed from (unix skt), clients: 7
[2026/09/25 17:52:01:0889] N: killing process, pid: 9089
[2026/09/25 17:52:01:0892] N: process killed with signal 1, pid: 9089
[2026/09/25 17:52:01:1221] N: WS closed from (unix skt), clients: 6
[2026/09/25 17:52:01:1222] N: killing process, pid: 9070
[2026/09/25 17:52:01:1373] N: process killed with signal 0, pid: 9070
[2026/09/25 17:52:01:1479] N: WS closed from (unix skt), clients: 5
[2026/09/25 17:52:01:1479] N: killing process, pid: 9075
[2026/09/25 17:52:01:1495] N: process killed with signal 0, pid: 9075
[2026/09/25 17:52:01:2099] N: WS closed from (unix skt), clients: 4
[2026/09/25 17:52:01:2100] N: killing process, pid: 9074
[2026/09/25 17:52:01:2107] N: process killed with signal 0, pid: 9074
[2026/09/25 17:52:01:5803] N: WS closed from (unix skt), clients: 3
[2026/09/25 17:52:01:5803] N: killing process, pid: 9071
[2026/09/25 17:52:01:5813] N: process killed with signal 0, pid: 9071
[2026/09/25 17:52:01:7342] N: WS closed from (unix skt), clients: 2
[2026/09/25 17:52:01:7343] N: killing process, pid: 9084
[2026/09/25 17:52:01:7391] N: process killed with signal 0, pid: 9084
[2026/09/25 17:52:02:6629] N: WS closed from (unix skt), clients: 1
[2026/09/25 17:52:02:6630] N: killing process, pid: 9073
[2026/09/25 17:52:02:6630] N: WS closed from (unix skt), clients: 0
[2026/09/25 17:52:02:6630] N: killing process, pid: 9098
[2026/09/25 17:52:02:6637] N: process killed with signal 0, pid: 9073
[2026/09/25 17:52:02:6643] N: process killed with signal 0, pid: 9098
[2026/09/25 17:52:02:6895] N: WS   /ws - (unix skt), clients: 1
[2026/09/25 17:52:02:6896] N: WS   /ws - (unix skt), clients: 2
[2026/09/25 17:52:02:6896] N: WS   /ws - (unix skt), clients: 3
[2026/09/25 17:52:02:6896] N: WS   /ws - (unix skt), clients: 4
[2026/09/25 17:52:02:6896] N: WS   /ws - (unix skt), clients: 5
[2026/09/25 17:52:02:6896] N: WS   /ws - (unix skt), clients: 6
[2026/09/25 17:52:02:6896] N: WS   /ws - (unix skt), clients: 7
[2026/09/25 17:52:02:6896] N: WS   /ws - (unix skt), clients: 8
[2026/09/25 17:52:02:6896] N: WS   /ws - (unix skt), clients: 9
[2026/09/25 17:52:02:6896] N: WS   /ws - (unix skt), clients: 10
[2026/09/25 17:52:02:6902] N: started process, pid: 9422
[2026/09/25 17:52:02:6921] N: started process, pid: 9423
[2026/09/25 17:52:02:6938] N: started process, pid: 9424
[2026/09/25 17:52:02:6944] N: started process, pid: 9425
[2026/09/25 17:52:02:6952] N: started process, pid: 9427
[2026/09/25 17:52:02:6966] N: started process, pid: 9428
[2026/09/25 17:52:02:6973] N: started process, pid: 9429
[2026/09/25 17:52:02:6991] N: started process, pid: 9431
[2026/09/25 17:52:02:7002] N: started process, pid: 9439
[2026/09/25 17:52:02:7024] N: started process, pid: 9446
[2026/09/25 17:52:02:9561] N: WS closed from (unix skt), clients: 9
[2026/09/25 17:52:02:9562] N: killing process, pid: 9423
[2026/09/25 17:52:02:9693] N: WS closed from (unix skt), clients: 8
[2026/09/25 17:52:02:9693] N: killing process, pid: 9425
[2026/09/25 17:52:02:9696] N: process killed with signal 1, pid: 9425
[2026/09/25 17:52:03:0017] N: process killed with signal 0, pid: 9423
[2026/09/25 17:52:03:0238] N: WS closed from (unix skt), clients: 7
[2026/09/25 17:52:03:0239] N: killing process, pid: 9422
[2026/09/25 17:52:03:0333] N: process killed with signal 0, pid: 9422
[2026/09/25 17:52:03:0887] N: WS closed from (unix skt), clients: 6
[2026/09/25 17:52:03:0888] N: killing process, pid: 9439
[2026/09/25 17:52:03:0892] N: process killed with signal 1, pid: 9439
[2026/09/25 17:52:03:2001] N: WS closed from (unix skt), clients: 5
[2026/09/25 17:52:03:2002] N: killing process, pid: 9428
[2026/09/25 17:52:03:2009] N: process killed with signal 0, pid: 9428
[2026/09/25 17:52:03:2923] N: WS closed from (unix skt), clients: 4
[2026/09/25 17:52:03:2923] N: killing process, pid: 9429
[2026/09/25 17:52:03:2932] N: process killed with signal 0, pid: 9429
[2026/09/25 17:52:03:5494] N: WS closed from (unix skt), clients: 3
[2026/09/25 17:52:03:5495] N: killing process, pid: 9424
[2026/09/25 17:52:03:5709] N: process killed with signal 0, pid: 9424
[2026/09/25 17:52:03:7433] N: WS closed from (unix skt), clients: 2
[2026/09/25 17:52:03:7433] N: killing process, pid: 9431
[2026/09/25 17:52:03:7450] N: process killed with signal 0, pid: 9431
[2026/09/25 17:52:04:6914] N: WS closed from (unix skt), clients: 1
[2026/09/25 17:52:04:6914] N: killing process, pid: 9427
[2026/09/25 17:52:04:6915] N: WS closed from (unix skt), clients: 0
[2026/09/25 17:52:04:6915] N: killing process, pid: 9446
[2026/09/25 17:52:04:6927] N: process killed with signal 0, pid: 9427
[2026/09/25 17:52:04:6928] N: process killed with signal 0, pid: 9446
[2026/09/25 17:52:04:7066] N: WS   /ws - (unix skt), clients: 1
[2026/09/25 17:52:04:7066] N: WS   /ws - (unix skt), clients: 2
[2026/09/25 17:52:04:7066] N: WS   /ws - (unix skt), clients: 3
[2026/09/25 17:52:04:7067] N: WS   /ws - (unix skt), clients: 4
[2026/09/25 17:52:04:7067] N: WS   /ws - (unix skt), clients: 5
[2026/09/25 17:52:04:7067] N: WS   /ws - (unix skt), clients: 6
[2026/09/25 17:52:04:7067] N: WS   /ws - (unix skt), clients: 7
[2026/09/25 17:52:04:7067] N: WS   /ws - (unix skt), clients: 8
[2026/09/25 17:52:04:7067] N: WS   /ws - (unix skt), clients: 9
[2026/09/25 17:52:04:7078] N: started process, pid: 9870
[2026/09/25 17:52:04:7080] N: WS   /ws - (unix skt), clients: 10
[2026/09/25 17:52:04:7095] N: started process, pid: 9871
[2026/09/25 17:52:04:7103] N: started process, pid: 9872
[2026/09/25 17:52:04:7110] N: started process, pid: 9873
[2026/09/25 17:52:04:7119] N: started process, pid: 9875
[2026/09/25 17:52:04:7128] N: started process, pid: 9876
[2026/09/25 17:52:04:7138] N: started process, pid: 9881
[2026/09/25 17:52:04:7147] N: started process, pid: 9885
[2026/09/25 17:52:04:7155] N: started process, pid: 9888
[2026/09/25 17:52:04:7170] N: started process, pid: 9891
[2026/09/25 17:52:04:9296] N: WS closed from (unix skt), clients: 9
[2026/09/25 17:52:04:9297] N: killing process, pid: 9875
[2026/09/25 17:52:04:9300] N: process killed with signal 1, pid: 9875
[2026/09/25 17:52:04:9630] N: WS closed from (unix skt), clients: 8
[2026/09/25 17:52:04:9631] N: killing process, pid: 9870
[2026/09/25 17:52:04:9643] N: process killed with signal 0, pid: 9870
[2026/09/25 17:52:05:0198] N: WS closed from (unix skt), clients: 7
[2026/09/25 17:52:05:0199] N: killing process, pid: 9891
[2026/09/25 17:52:05:0202] N: process killed with signal 1, pid: 9891
[2026/09/25 17:52:05:0709] N: WS closed from (unix skt), clients: 6
[2026/09/25 17:52:05:0709] N: killing process, pid: 9871
[2026/09/25 17:52:05:0759] N: process killed with signal 0, pid: 9871
[2026/09/25 17:52:05:0944] N: WS closed from (unix skt), clients: 5
[2026/09/25 17:52:05:0945] N: killing process, pid: 9885
[2026/09/25 17:52:05:0955] N: process killed with signal 0, pid: 9885
[2026/09/25 17:52:05:2060] N: WS closed from (unix skt), clients: 4
[2026/09/25 17:52:05:2061] N: killing process, pid: 9881
[2026/09/25 17:52:05:2180] N: process killed with signal 0, pid: 9881
[2026/09/25 17:52:05:5715] N: WS closed from (unix skt), clients: 3
[2026/09/25 17:52:05:5716] N: killing process, pid: 9873
[2026/09/25 17:52:05:5731] N: process killed with signal 0, pid: 9873
[2026/09/25 17:52:05:7053] N: WS closed from (unix skt), clients: 2
[2026/09/25 17:52:05:7054] N: killing process, pid: 9888
[2026/09/25 17:52:05:7063] N: process killed with signal 0, pid: 9888
[2026/09/25 17:52:06:7073] N: WS closed from (unix skt), clients: 1
[2026/09/25 17:52:06:7073] N: killing process, pid: 9876
[2026/09/25 17:52:06:7087] N: process killed with signal 0, pid: 9876
[2026/09/25 17:52:06:7088] N: WS closed from (unix skt), clients: 0
[2026/09/25 17:52:06:7088] N: killing process, pid: 9872
[2026/09/25 17:52:06:7099] N: process killed with signal 0, pid: 9872
[2026/09/25 17:52:06:7314] N: WS   /ws - (unix skt), clients: 1
[2026/09/25 17:52:06:7315] N: WS   /ws - (unix skt), clients: 2
[2026/09/25 17:52:06:7315] N: WS   /ws - (unix skt), clients: 3
[2026/09/25 17:52:06:7315] N: WS   /ws - (unix skt), clients: 4
[2026/09/25 17:52:06:7315] N: WS   /ws - (unix skt), clients: 5
[2026/09/25 17:52:06:7316] N: WS   /ws - (unix skt), clients: 6
[2026/09/25 17:52:06:7316] N: WS   /ws - (unix skt), clients: 7
[2026/09/25 17:52:06:7316] N: WS   /ws - (unix skt), clients: 8
[2026/09/25 17:52:06:7333] N: started process, pid: 10239
[2026/09/25 17:52:06:7335] N: WS   /ws - (unix skt), clients: 9
[2026/09/25 17:52:06:7336] N: WS   /ws - (unix skt), clients: 10
[2026/09/25 17:52:06:7352] N: started process, pid: 10240
[2026/09/25 17:52:06:7370] N: started process, pid: 10241
[2026/09/25 17:52:06:7397] N: started process, pid: 10242
[2026/09/25 17:52:06:7414] N: started process, pid: 10243
[2026/09/25 17:52:06:7432] N: started process, pid: 10244
[2026/09/25 17:52:06:7439] N: started process, pid: 10245
[2026/09/25 17:52:06:7451] N: started process, pid: 10246
[2026/09/25 17:52:06:7459] N: started process, pid: 10250
[2026/09/25 17:52:06:7477] N: started process, pid: 10259
[2026/09/25 17:52:06:9152] N: WS closed from (unix skt), clients: 9
[2026/09/25 17:52:06:9152] N: killing process, pid: 10244
[2026/09/25 17:52:06:9153] N: WS closed from (unix skt), clients: 8
[2026/09/25 17:52:06:9153] N: killing process, pid: 10241
[2026/09/25 17:52:06:9194] N: process killed with signal 1, pid: 10241
[2026/09/25 17:52:06:9195] N: process killed with signal 1, pid: 10244
[2026/09/25 17:52:07:1168] N: WS closed from (unix skt), clients: 7
[2026/09/25 17:52:07:1172] N: killing process, pid: 10250
[2026/09/25 17:52:07:1174] N: WS closed from (unix skt), clients: 6
[2026/09/25 17:52:07:1175] N: killing process, pid: 10240
[2026/09/25 17:52:07:1195] N: process killed with signal 0, pid: 10240
[2026/09/25 17:52:07:1196] N: process killed with signal 0, pid: 10250
[2026/09/25 17:52:07:1340] N: WS closed from (unix skt), clients: 5
[2026/09/25 17:52:07:1340] N: killing process, pid: 10239
[2026/09/25 17:52:07:1348] N: process killed with signal 0, pid: 10239
[2026/09/25 17:52:07:1571] N: WS closed from (unix skt), clients: 4
[2026/09/25 17:52:07:1572] N: killing process, pid: 10246
[2026/09/25 17:52:07:1579] N: process killed with signal 0, pid: 10246
[2026/09/25 17:52:07:5199] N: WS closed from (unix skt), clients: 3
[2026/09/25 17:52:07:5200] N: killing process, pid: 10243
[2026/09/25 17:52:07:5207] N: process killed with signal 0, pid: 10243
[2026/09/25 17:52:07:6592] N: WS closed from (unix skt), clients: 2
[2026/09/25 17:52:07:6593] N: killing process, pid: 10259
[2026/09/25 17:52:07:6606] N: process killed with signal 0, pid: 10259
[2026/09/25 17:52:08:7329] N: WS closed from (unix skt), clients: 1
[2026/09/25 17:52:08:7330] N: killing process, pid: 10245
[2026/09/25 17:52:08:7333] N: WS closed from (unix skt), clients: 0
[2026/09/25 17:52:08:7333] N: killing process, pid: 10242
[2026/09/25 17:52:08:7358] N: process killed with signal 0, pid: 10245
[2026/09/25 17:52:08:7359] N: process killed with signal 0, pid: 10242
[2026/09/25 17:52:08:7547] N: WS   /ws - (unix skt), clients: 1
[2026/09/25 17:52:08:7548] N: WS   /ws - (unix skt), clients: 2
[2026/09/25 17:52:08:7548] N: WS   /ws - (unix skt), clients: 3
[2026/09/25 17:52:08:7548] N: WS   /ws - (unix skt), clients: 4
[2026/09/25 17:52:08:7548] N: WS   /ws - (unix skt), clients: 5
[2026/09/25 17:52:08:7549] N: WS   /ws - (unix skt), clients: 6
[2026/09/25 17:52:08:7549] N: WS   /ws - (unix skt), clients: 7
[2026/09/25 17:52:08:7549] N: WS   /ws - (unix skt), clients: 8
[2026/09/25 17:52:08:7567] N: started process, pid: 10573
[2026/09/25 17:52:08:7568] N: WS   /ws - (unix skt), clients: 9
[2026/09/25 17:52:08:7568] N: WS   /ws - (unix skt), clients: 10
[2026/09/25 17:52:08:7587] N: started process, pid: 10574
[2026/09/25 17:52:08:7595] N: started process, pid: 10575
[2026/09/25 17:52:08:7602] N: started process, pid: 10576
[2026/09/25 17:52:08:7617] N: started process, pid: 10577
[2026/09/25 17:52:08:7625] N: started process, pid: 10578
[2026/09/25 17:52:08:7630] N: started process, pid: 10579
[2026/09/25 17:52:08:7639] N: started process, pid: 10580
[2026/09/25 17:52:08:7654] N: started process, pid: 10582
[2026/09/25 17:52:08:7678] N: started process, pid: 10594
[2026/09/25 17:52:08:8921] N: WS closed from (unix skt), clients: 9
[2026/09/25 17:52:08:8922] N: killing process, pid: 10578
[2026/09/25 17:52:08:8922] N: WS closed from (unix skt), clients: 8
[2026/09/25 17:52:08:8923] N: killing process, pid: 10575
[2026/09/25 17:52:08:8926] N: process killed with signal 1, pid: 10578
[2026/09/25 17:52:08:8928] N: process killed with signal 1, pid: 10575
[2026/09/25 17:52:09:0284] N: WS closed from (unix skt), clients: 7
[2026/09/25 17:52:09:0285] N: killing process, pid: 10574
[2026/09/25 17:52:09:0310] N: process killed with signal 0, pid: 10574
[2026/09/25 17:52:09:1594] N: WS closed from (unix skt), clients: 6
[2026/09/25 17:52:09:1595] N: killing process, pid: 10582
[2026/09/25 17:52:09:1602] N: process killed with signal 0, pid: 10582
[2026/09/25 17:52:09:1903] N: WS closed from (unix skt), clients: 5
[2026/09/25 17:52:09:1904] N: killing process, pid: 10580
[2026/09/25 17:52:09:1910] N: process killed with signal 0, pid: 10580
[2026/09/25 17:52:09:2751] N: WS closed from (unix skt), clients: 4
[2026/09/25 17:52:09:2751] N: killing process, pid: 10573
[2026/09/25 17:52:09:2761] N: process killed with signal 0, pid: 10573
[2026/09/25 17:52:09:6187] N: WS closed from (unix skt), clients: 3
[2026/09/25 17:52:09:6188] N: killing process, pid: 10594
[2026/09/25 17:52:09:6270] N: process killed with signal 0, pid: 10594
[2026/09/25 17:52:09:7780] N: WS closed from (unix skt), clients: 2
[2026/09/25 17:52:09:7780] N: killing process, pid: 10577
[2026/09/25 17:52:09:7790] N: process killed with signal 0, pid: 10577
[2026/09/25 17:52:10:7555] N: WS closed from (unix skt), clients: 1
[2026/09/25 17:52:10:7555] N: killing process, pid: 10579
[2026/09/25 17:52:10:7564] N: process killed with signal 0, pid: 10579
[2026/09/25 17:52:10:7580] N: WS closed from (unix skt), clients: 0
[2026/09/25 17:52:10:7580] N: killing process, pid: 10576
[2026/09/25 17:52:10:7594] N: process killed with signal 0, pid: 10576
[2026/09/25 17:52:10:7819] N: WS   /ws - (unix skt), clients: 1
[2026/09/25 17:52:10:7819] N: WS   /ws - (unix skt), clients: 2
[2026/09/25 17:52:10:7819] N: WS   /ws - (unix skt), clients: 3
[2026/09/25 17:52:10:7819] N: WS   /ws - (unix skt), clients: 4
[2026/09/25 17:52:10:7819] N: WS   /ws - (unix skt), clients: 5
[2026/09/25 17:52:10:7819] N: WS   /ws - (unix skt), clients: 6
[2026/09/25 17:52:10:7819] N: WS   /ws - (unix skt), clients: 7
[2026/09/25 17:52:10:7820] N: WS   /ws - (unix skt), clients: 8
[2026/09/25 17:52:10:7820] N: WS   /ws - (unix skt), clients: 9
[2026/09/25 17:52:10:7820] N: WS   /ws - (unix skt), clients: 10
[2026/09/25 17:52:10:7832] N: started process, pid: 10930
[2026/09/25 17:52:10:7841] N: started process, pid: 10932
[2026/09/25 17:52:10:7862] N: started process, pid: 10933
[2026/09/25 17:52:10:7873] N: started process, pid: 10934
[2026/09/25 17:52:10:7879] N: started process, pid: 10936
[2026/09/25 17:52:10:7883] N: started process, pid: 10937
[2026/09/25 17:52:10:7898] N: started process, pid: 10938
[2026/09/25 17:52:10:7912] N: started process, pid: 10944
[2026/09/25 17:52:10:7933] N: started process, pid: 10949
[2026/09/25 17:52:10:7951] N: started process, pid: 10956
[2026/09/25 17:52:11:0520] N: WS closed from (unix skt), clients: 9
[2026/09/25 17:52:11:0521] N: killing process, pid: 10930
[2026/09/25 17:52:11:1319] N: WS closed from (unix skt), clients: 8
[2026/09/25 17:52:11:1319] N: killing process, pid: 10949
[2026/09/25 17:52:11:1322] N: process killed with signal 1, pid: 10949
[2026/09/25 17:52:11:1406] N: process killed with signal 0, pid: 10930
[2026/09/25 17:52:11:1643] N: WS closed from (unix skt), clients: 7
[2026/09/25 17:52:11:1643] N: killing process, pid: 10934
[2026/09/25 17:52:11:1650] N: process killed with signal 1, pid: 10934
[2026/09/25 17:52:11:2044] N: WS closed from (unix skt), clients: 6
[2026/09/25 17:52:11:2045] N: killing process, pid: 10932
[2026/09/25 17:52:11:2157] N: process killed with signal 0, pid: 10932
[2026/09/25 17:52:11:2531] N: WS closed from (unix skt), clients: 5
[2026/09/25 17:52:11:2531] N: killing process, pid: 10937
[2026/09/25 17:52:11:2543] N: process killed with signal 0, pid: 10937
[2026/09/25 17:52:11:4179] N: WS closed from (unix skt), clients: 4
[2026/09/25 17:52:11:4181] N: killing process, pid: 10938
[2026/09/25 17:52:11:4196] N: process killed with signal 0, pid: 10938
[2026/09/25 17:52:11:6521] N: WS closed from (unix skt), clients: 3
[2026/09/25 17:52:11:6521] N: killing process, pid: 10933
[2026/09/25 17:52:11:6530] N: process killed with signal 0, pid: 10933
[2026/09/25 17:52:11:9186] N: WS closed from (unix skt), clients: 2
[2026/09/25 17:52:11:9186] N: killing process, pid: 10944
[2026/09/25 17:52:11:9198] N: process killed with signal 0, pid: 10944
[2026/09/25 17:52:12:7837] N: WS closed from (unix skt), clients: 1
[2026/09/25 17:52:12:7838] N: killing process, pid: 10936
[2026/09/25 17:52:12:7838] N: WS closed from (unix skt), clients: 0
[2026/09/25 17:52:12:7838] N: killing process, pid: 10956
[2026/09/25 17:52:12:7862] N: process killed with signal 0, pid: 10936
[2026/09/25 17:52:12:7862] N: process killed with signal 0, pid: 10956
[2026/09/25 17:52:12:8153] N: WS   /ws - (unix skt), clients: 1
[2026/09/25 17:52:12:8154] N: WS   /ws - (unix skt), clients: 2
[2026/09/25 17:52:12:8154] N: WS   /ws - (unix skt), clients: 3
[2026/09/25 17:52:12:8154] N: WS   /ws - (unix skt), clients: 4
[2026/09/25 17:52:12:8154] N: WS   /ws - (unix skt), clients: 5
[2026/09/25 17:52:12:8154] N: WS   /ws - (unix skt), clients: 6
[2026/09/25 17:52:12:8154] N: WS   /ws - (unix skt), clients: 7
[2026/09/25 17:52:12:8154] N: WS   /ws - (unix skt), clients: 8
[2026/09/25 17:52:12:8155] N: WS   /ws - (unix skt), clients: 9
[2026/09/25 17:52:12:8155] N: WS   /ws - (unix skt), clients: 10
[2026/09/25 17:52:12:8191] N: started process, pid: 11275
[2026/09/25 17:52:12:8214] N: started process, pid: 11276
[2026/09/25 17:52:12:8223] N: started process, pid: 11277
[2026/09/25 17:52:12:8247] N: started process, pid: 11278
[2026/09/25 17:52:12:8260] N: started process, pid: 11279
[2026/09/25 17:52:12:8291] N: started process, pid: 11283
[2026/09/25 17:52:12:8326] N: started process, pid: 11294
[2026/09/25 17:52:12:8382] N: started process, pid: 11301
[2026/09/25 17:52:12:8431] N: started process, pid: 11310
[2026/09/25 17:52:12:8475] N: started process, pid: 11320
[2026/09/25 17:52:13:1926] N: WS closed from (unix skt), clients: 9
[2026/09/25 17:52:13:1927] N: killing process, pid: 11278
[2026/09/25 17:52:13:1931] N: process killed with signal 1, pid: 11278
[2026/09/25 17:52:13:3490] N: WS closed from (unix skt), clients: 8
[2026/09/25 17:52:13:3490] N: killing process, pid: 11310
[2026/09/25 17:52:13:3492] N: process killed with signal 1, pid: 11310
[2026/09/25 17:52:13:3955] N: WS closed from (unix skt), clients: 7
[2026/09/25 17:52:13:3956] N: killing process, pid: 11276
[2026/09/25 17:52:13:3959] N: WS closed from (unix skt), clients: 6
[2026/09/25 17:52:13:3960] N: killing process, pid: 11275
[2026/09/25 17:52:13:3960] N: WS closed from (unix skt), clients: 5
[2026/09/25 17:52:13:3960] N: killing process, pid: 11283
[2026/09/25 17:52:13:4028] N: process killed with signal 0, pid: 11276
[2026/09/25 17:52:13:4040] N: process killed with signal 0, pid: 11283
[2026/09/25 17:52:13:4047] N: process killed with signal 0, pid: 11275
[2026/09/25 17:52:13:5468] N: WS closed from (unix skt), clients: 4
[2026/09/25 17:52:13:5468] N: killing process, pid: 11294
[2026/09/25 17:52:13:5477] N: process killed with signal 0, pid: 11294
[2026/09/25 17:52:13:6204] N: WS closed from (unix skt), clients: 3
[2026/09/25 17:52:13:6205] N: killing process, pid: 11277
[2026/09/25 17:52:13:6250] N: process killed with signal 0, pid: 11277
[2026/09/25 17:52:14:0252] N: WS closed from (unix skt), clients: 2
[2026/09/25 17:52:14:0253] N: killing process, pid: 11301
[2026/09/25 17:52:14:0273] N: process killed with signal 0, pid: 11301
[2026/09/25 17:52:14:8172] N: WS closed from (unix skt), clients: 1
[2026/09/25 17:52:14:8172] N: killing process, pid: 11279
[2026/09/25 17:52:14:8172] N: WS closed from (unix skt), clients: 0
[2026/09/25 17:52:14:8173] N: killing process, pid: 11320
[2026/09/25 17:52:14:8240] N: process killed with signal 0, pid: 11279
[2026/09/25 17:52:14:8254] N: process killed with signal 0, pid: 11320
[2026/09/25 17:52:14:8665] N: WS   /ws - (unix skt), clients: 1
[2026/09/25 17:52:14:8666] N: WS   /ws - (unix skt), clients: 2
[2026/09/25 17:52:14:8666] N: WS   /ws - (unix skt), clients: 3
[2026/09/25 17:52:14:8666] N: WS   /ws - (unix skt), clients: 4
[2026/09/25 17:52:14:8667] N: WS   /ws - (unix skt), clients: 5
[2026/09/25 17:52:14:8667] N: WS   /ws - (unix skt), clients: 6
[2026/09/25 17:52:14:8667] N: WS   /ws - (unix skt), clients: 7
[2026/09/25 17:52:14:8667] N: WS   /ws - (unix skt), clients: 8
[2026/09/25 17:52:14:8667] N: WS   /ws - (unix skt), clients: 9
[2026/09/25 17:52:14:8667] N: WS   /ws - (unix skt), clients: 10
[2026/09/25 17:52:14:8686] N: started process, pid: 11695
[2026/09/25 17:52:14:8711] N: started process, pid: 11696
[2026/09/25 17:52:14:8727] N: started process, pid: 11697
[2026/09/25 17:52:14:8751] N: started process, pid: 11698
[2026/09/25 17:52:14:8796] N: started process, pid: 11699
[2026/09/25 17:52:14:8867] N: started process, pid: 11702
[2026/09/25 17:52:14:8912] N: started process, pid: 11714
[2026/09/25 17:52:14:8929] N: started process, pid: 11720
[2026/09/25 17:52:14:8943] N: started process, pid: 11729
[2026/09/25 17:52:14:8958] N: started process, pid: 11740
[2026/09/25 17:52:14:9486] N: WS closed from (unix skt), clients: 9
[2026/09/25 17:52:14:9487] N: killing process, pid: 11698
[2026/09/25 17:52:14:9490] N: process killed with signal 1, pid: 11698
[2026/09/25 17:52:15:2214] N: WS closed from (unix skt), clients: 8
[2026/09/25 17:52:15:2215] N: killing process, pid: 11729
[2026/09/25 17:52:15:2234] N: process killed with signal 1, pid: 11729
[2026/09/25 17:52:15:3213] N: WS closed from (unix skt), clients: 7
[2026/09/25 17:52:15:3214] N: killing process, pid: 11695
[2026/09/25 17:52:15:3214] N: WS closed from (unix skt), clients: 6
[2026/09/25 17:52:15:3215] N: killing process, pid: 11702
[2026/09/25 17:52:15:3227] N: process killed with signal 0, pid: 11695
[2026/09/25 17:52:15:3228] N: process killed with signal 0, pid: 11702
[2026/09/25 17:52:15:3688] N: WS closed from (unix skt), clients: 5
[2026/09/25 17:52:15:3689] N: killing process, pid: 11696
[2026/09/25 17:52:15:3710] N: process killed with signal 0, pid: 11696
[2026/09/25 17:52:15:3912] N: WS closed from (unix skt), clients: 4
[2026/09/25 17:52:15:3913] N: killing process, pid: 11714
[2026/09/25 17:52:15:3927] N: process killed with signal 0, pid: 11714
[2026/09/25 17:52:15:8226] N: WS closed from (unix skt), clients: 3
[2026/09/25 17:52:15:8227] N: killing process, pid: 11697
[2026/09/25 17:52:15:8237] N: process killed with signal 0, pid: 11697
[2026/09/25 17:52:15:9139] N: WS closed from (unix skt), clients: 2
[2026/09/25 17:52:15:9140] N: killing process, pid: 11720
[2026/09/25 17:52:15:9149] N: process killed with signal 0, pid: 11720
[2026/09/25 17:52:16:8698] N: WS closed from (unix skt), clients: 1
[2026/09/25 17:52:16:8699] N: killing process, pid: 11699
[2026/09/25 17:52:16:8699] N: WS closed from (unix skt), clients: 0
[2026/09/25 17:52:16:8699] N: killing process, pid: 11740
[2026/09/25 17:52:16:8772] N: process killed with signal 0, pid: 11699
[2026/09/25 17:52:16:8775] N: process killed with signal 0, pid: 11740
[2026/09/25 17:52:16:8977] N: WS   /ws - (unix skt), clients: 1
[2026/09/25 17:52:16:8977] N: WS   /ws - (unix skt), clients: 2
[2026/09/25 17:52:16:8978] N: WS   /ws - (unix skt), clients: 3
[2026/09/25 17:52:16:8978] N: WS   /ws - (unix skt), clients: 4
[2026/09/25 17:52:16:8978] N: WS   /ws - (unix skt), clients: 5
[2026/09/25 17:52:16:8978] N: WS   /ws - (unix skt), clients: 6
[2026/09/25 17:52:16:8978] N: WS   /ws - (unix skt), clients: 7
[2026/09/25 17:52:16:8978] N: WS   /ws - (unix skt), clients: 8
[2026/09/25 17:52:16:8979] N: WS   /ws - (unix skt), clients: 9
[2026/09/25 17:52:16:8989] N: started process, pid: 12276
[2026/09/25 17:52:16:8997] N: started process, pid: 12277
[2026/09/25 17:52:16:8998] N: WS   /ws - (unix skt), clients: 10
[2026/09/25 17:52:16:9006] N: started process, pid: 12278
[2026/09/25 17:52:16:9018] N: started process, pid: 12280
[2026/09/25 17:52:16:9034] N: started process, pid: 12282
[2026/09/25 17:52:16:9050] N: started process, pid: 12284
[2026/09/25 17:52:16:9063] N: started process, pid: 12285
[2026/09/25 17:52:16:9071] N: started process, pid: 12287
[2026/09/25 17:52:16:9087] N: started process, pid: 12295
[2026/09/25 17:52:16:9109] N: started process, pid: 12302
[2026/09/25 17:52:17:3212] N: WS closed from (unix skt), clients: 9
[2026/09/25 17:52:17:3212] N: killing process, pid: 12302
[2026/09/25 17:52:17:3216] N: process killed with signal 1, pid: 12302
[2026/09/25 17:52:17:3577] N: WS closed from (unix skt), clients: 8
[2026/09/25 17:52:17:3578] N: killing process, pid: 12278
[2026/09/25 17:52:17:3885] N: WS closed from (unix skt), clients: 7
[2026/09/25 17:52:17:3886] N: killing process, pid: 12282
[2026/09/25 17:52:17:3889] N: process killed with signal 1, pid: 12282
[2026/09/25 17:52:17:4329] N: process killed with signal 0, pid: 12278
[2026/09/25 17:52:17:4648] N: WS closed from (unix skt), clients: 6
[2026/09/25 17:52:17:4649] N: killing process, pid: 12276
[2026/09/25 17:52:17:4914] N: process killed with signal 0, pid: 12276
[2026/09/25 17:52:17:6402] N: WS closed from (unix skt), clients: 5
[2026/09/25 17:52:17:6402] N: killing process, pid: 12285
[2026/09/25 17:52:17:6413] N: process killed with signal 0, pid: 12285
[2026/09/25 17:52:17:6779] N: WS closed from (unix skt), clients: 4
[2026/09/25 17:52:17:6779] N: killing process, pid: 12287
[2026/09/25 17:52:17:6787] N: process killed with signal 0, pid: 12287
[2026/09/25 17:52:17:6806] N: WS closed from (unix skt), clients: 3
[2026/09/25 17:52:17:6806] N: killing process, pid: 12277
[2026/09/25 17:52:17:6823] N: process killed with signal 0, pid: 12277
[2026/09/25 17:52:17:9133] N: WS closed from (unix skt), clients: 2
[2026/09/25 17:52:17:9133] N: killing process, pid: 12295
[2026/09/25 17:52:17:9182] N: process killed with signal 0, pid: 12295
[2026/09/25 17:52:18:9125] N: WS closed from (unix skt), clients: 1
[2026/09/25 17:52:18:9126] N: killing process, pid: 12284
[2026/09/25 17:52:18:9126] N: WS closed from (unix skt), clients: 0
[2026/09/25 17:52:18:9126] N: killing process, pid: 12280
[2026/09/25 17:52:18:9179] N: process killed with signal 0, pid: 12280
[2026/09/25 17:52:18:9179] N: process killed with signal 0, pid: 12284
[2026/09/25 17:52:18:9554] N: WS   /ws - (unix skt), clients: 1
[2026/09/25 17:52:18:9555] N: WS   /ws - (unix skt), clients: 2
[2026/09/25 17:52:18:9555] N: WS   /ws - (unix skt), clients: 3
[2026/09/25 17:52:18:9555] N: WS   /ws - (unix skt), clients: 4
[2026/09/25 17:52:18:9555] N: WS   /ws - (unix skt), clients: 5
[2026/09/25 17:52:18:9555] N: WS   /ws - (unix skt), clients: 6
[2026/09/25 17:52:18:9556] N: WS   /ws - (unix skt), clients: 7
[2026/09/25 17:52:18:9556] N: WS   /ws - (unix skt), clients: 8
[2026/09/25 17:52:18:9556] N: WS   /ws - (unix skt), clients: 9
[2026/09/25 17:52:18:9556] N: WS   /ws - (unix skt), clients: 10
[2026/09/25 17:52:18:9575] N: started process, pid: 12883
[2026/09/25 17:52:18:9603] N: started process, pid: 12884
[2026/09/25 17:52:18:9622] N: started process, pid: 12885
[2026/09/25 17:52:18:9654] N: started process, pid: 12886
[2026/09/25 17:52:18:9672] N: started process, pid: 12888
[2026/09/25 17:52:18:9706] N: started process, pid: 12889
[2026/09/25 17:52:18:9730] N: started process, pid: 12891
[2026/09/25 17:52:18:9778] N: started process, pid: 12892
[2026/09/25 17:52:18:9830] N: started process, pid: 12896
[2026/09/25 17:52:18:9885] N: started process, pid: 12904
[2026/09/25 17:52:19:2999] N: WS closed from (unix skt), clients: 9
[2026/09/25 17:52:19:3000] N: killing process, pid: 12886
[2026/09/25 17:52:19:3005] N: process killed with signal 1, pid: 12886
[2026/09/25 17:52:19:4016] N: WS closed from (unix skt), clients: 8
[2026/09/25 17:52:19:4016] N: killing process, pid: 12896
[2026/09/25 17:52:19:4020] N: process killed with signal 1, pid: 12896
[2026/09/25 17:52:19:4390] N: WS closed from (unix skt), clients: 7
[2026/09/25 17:52:19:4391] N: killing process, pid: 12889
[2026/09/25 17:52:19:4396] N: process killed with signal 0, pid: 12889
[2026/09/25 17:52:19:4631] N: WS closed from (unix skt), clients: 6
[2026/09/25 17:52:19:4632] N: killing process, pid: 12883
[2026/09/25 17:52:19:4765] N: process killed with signal 0, pid: 12883
[2026/09/25 17:52:19:6204] N: WS closed from (unix skt), clients: 5
[2026/09/25 17:52:19:6205] N: killing process, pid: 12884
[2026/09/25 17:52:19:6338] N: process killed with signal 0, pid: 12884
[2026/09/25 17:52:19:6408] N: WS closed from (unix skt), clients: 4
[2026/09/25 17:52:19:6412] N: killing process, pid: 12891
[2026/09/25 17:52:19:6457] N: process killed with signal 0, pid: 12891
[2026/09/25 17:52:19:7890] N: WS closed from (unix skt), clients: 3
[2026/09/25 17:52:19:7890] N: killing process, pid: 12885
[2026/09/25 17:52:19:7957] N: process killed with signal 0, pid: 12885
[2026/09/25 17:52:19:9641] N: WS closed from (unix skt), clients: 2
[2026/09/25 17:52:19:9642] N: killing process, pid: 12892
[2026/09/25 17:52:19:9659] N: process killed with signal 0, pid: 12892
[2026/09/25 17:52:20:9556] N: WS closed from (unix skt), clients: 1
[2026/09/25 17:52:20:9559] N: killing process, pid: 12888
[2026/09/25 17:52:20:9559] N: WS closed from (unix skt), clients: 0
[2026/09/25 17:52:20:9559] N: killing process, pid: 12904
[2026/09/25 17:52:20:9571] N: process killed with signal 0, pid: 12888
[2026/09/25 17:52:20:9572] N: process killed with signal 0, pid: 12904
[2026/09/25 17:52:20:9752] N: WS   /ws - (unix skt), clients: 1
[2026/09/25 17:52:20:9752] N: WS   /ws - (unix skt), clients: 2
[2026/09/25 17:52:20:9752] N: WS   /ws - (unix skt), clients: 3
[2026/09/25 17:52:20:9753] N: WS   /ws - (unix skt), clients: 4
[2026/09/25 17:52:20:9753] N: WS   /ws - (unix skt), clients: 5
[2026/09/25 17:52:20:9753] N: WS   /ws - (unix skt), clients: 6
[2026/09/25 17:52:20:9754] N: WS   /ws - (unix skt), clients: 7
[2026/09/25 17:52:20:9754] N: WS   /ws - (unix skt), clients: 8
[2026/09/25 17:52:20:9754] N: WS   /ws - (unix skt), clients: 9
[2026/09/25 17:52:20:9754] N: WS   /ws - (unix skt), clients: 10
[2026/09/25 17:52:20:9760] N: started process, pid: 13209
[2026/09/25 17:52:20:9770] N: started process, pid: 13210
[2026/09/25 17:52:20:9790] N: started process, pid: 13211
[2026/09/25 17:52:20:9815] N: started process, pid: 13212
[2026/09/25 17:52:20:9835] N: started process, pid: 13216
[2026/09/25 17:52:20:9857] N: started process, pid: 13220
[2026/09/25 17:52:20:9874] N: started process, pid: 13228
[2026/09/25 17:52:20:9885] N: started process, pid: 13232
[2026/09/25 17:52:20:9897] N: started process, pid: 13234
[2026/09/25 17:52:20:9932] N: started process, pid: 13239
[2026/09/25 17:52:21:0876] N: WS closed from (unix skt), clients: 9
[2026/09/25 17:52:21:0877] N: killing process, pid: 13212
[2026/09/25 17:52:21:0879] N: process killed with signal 1, pid: 13212
[2026/09/25 17:52:21:3150] N: WS closed from (unix skt), clients: 8
[2026/09/25 17:52:21:3150] N: killing process, pid: 13210
[2026/09/25 17:52:21:3395] N: process killed with signal 0, pid: 13210
[2026/09/25 17:52:21:3665] N: WS closed from (unix skt), clients: 7
[2026/09/25 17:52:21:3665] N: killing process, pid: 13234
[2026/09/25 17:52:21:3673] N: process killed with signal 1, pid: 13234
[2026/09/25 17:52:21:4190] N: WS closed from (unix skt), clients: 6
[2026/09/25 17:52:21:4190] N: killing process, pid: 13228
[2026/09/25 17:52:21:4452] N: process killed with signal 0, pid: 13228
[2026/09/25 17:52:21:4942] N: WS closed from (unix skt), clients: 5
[2026/09/25 17:52:21:4943] N: killing process, pid: 13220
[2026/09/25 17:52:21:4979] N: process killed with signal 0, pid: 13220
[2026/09/25 17:52:21:6456] N: WS closed from (unix skt), clients: 4
[2026/09/25 17:52:21:6457] N: killing process, pid: 13209
[2026/09/25 17:52:21:6464] N: process killed with signal 0, pid: 13209
[2026/09/25 17:52:21:8175] N: WS closed from (unix skt), clients: 3
[2026/09/25 17:52:21:8175] N: killing process, pid: 13211
[2026/09/25 17:52:21:8230] N: process killed with signal 0, pid: 13211
[2026/09/25 17:52:22:1478] N: WS closed from (unix skt), clients: 2
[2026/09/25 17:52:22:1478] N: killing process, pid: 13232
[2026/09/25 17:52:22:1555] N: process killed with signal 0, pid: 13232
[2026/09/25 17:52:22:9766] N: WS closed from (unix skt), clients: 1
[2026/09/25 17:52:22:9767] N: killing process, pid: 13216
[2026/09/25 17:52:22:9767] N: WS closed from (unix skt), clients: 0
[2026/09/25 17:52:22:9767] N: killing process, pid: 13239
[2026/09/25 17:52:22:9775] N: process killed with signal 0, pid: 13216
[2026/09/25 17:52:22:9777] N: process killed with signal 0, pid: 13239
[2026/09/25 17:52:22:9968] N: WS   /ws - (unix skt), clients: 1
[2026/09/25 17:52:22:9969] N: WS   /ws - (unix skt), clients: 2
[2026/09/25 17:52:22:9969] N: WS   /ws - (unix skt), clients: 3
[2026/09/25 17:52:22:9969] N: WS   /ws - (unix skt), clients: 4
[2026/09/25 17:52:22:9970] N: WS   /ws - (unix skt), clients: 5
[2026/09/25 17:52:22:9970] N: WS   /ws - (unix skt), clients: 6
[2026/09/25 17:52:22:9971] N: WS   /ws - (unix skt), clients: 7
[2026/09/25 17:52:22:9971] N: WS   /ws - (unix skt), clients: 8
[2026/09/25 17:52:22:9971] N: WS   /ws - (unix skt), clients: 9
[2026/09/25 17:52:22:9971] N: WS   /ws - (unix skt), clients: 10
[2026/09/25 17:52:22:9980] N: started process, pid: 13767
[2026/09/25 17:52:22:9990] N: started process, pid: 13768
[2026/09/25 17:52:23:0028] N: started process, pid: 13769
[2026/09/25 17:52:23:0038] N: started process, pid: 13770
[2026/09/25 17:52:23:0044] N: started process, pid: 13771
[2026/09/25 17:52:23:0055] N: started process, pid: 13772
[2026/09/25 17:52:23:0064] N: started process, pid: 13774
[2026/09/25 17:52:23:0084] N: started process, pid: 13779
[2026/09/25 17:52:23:0097] N: started process, pid: 13787
[2026/09/25 17:52:23:0112] N: started process, pid: 13796
[2026/09/25 17:52:23:1940] N: WS closed from (unix skt), clients: 9
[2026/09/25 17:52:23:1940] N: killing process, pid: 13770
[2026/09/25 17:52:23:1943] N: process killed with signal 1, pid: 13770
[2026/09/25 17:52:23:2541] N: WS closed from (unix skt), clients: 8
[2026/09/25 17:52:23:2541] N: killing process, pid: 13767
[2026/09/25 17:52:23:2699] N: process killed with signal 0, pid: 13767
[2026/09/25 17:52:23:3956] N: WS closed from (unix skt), clients: 7
[2026/09/25 17:52:23:3957] N: killing process, pid: 13772
[2026/09/25 17:52:23:3958] N: WS closed from (unix skt), clients: 6
[2026/09/25 17:52:23:3958] N: killing process, pid: 13768
[2026/09/25 17:52:23:3966] N: process killed with signal 0, pid: 13768
[2026/09/25 17:52:23:4836] N: WS closed from (unix skt), clients: 5
[2026/09/25 17:52:23:4836] N: killing process, pid: 13787
[2026/09/25 17:52:23:4839] N: process killed with signal 1, pid: 13787
[2026/09/25 17:52:23:4849] N: process killed with signal 0, pid: 13772
[2026/09/25 17:52:23:6855] N: WS closed from (unix skt), clients: 4
[2026/09/25 17:52:23:6856] N: killing process, pid: 13774
[2026/09/25 17:52:23:6864] N: process killed with signal 0, pid: 13774
[2026/09/25 17:52:23:9347] N: WS closed from (unix skt), clients: 3
[2026/09/25 17:52:23:9348] N: killing process, pid: 13769
[2026/09/25 17:52:23:9374] N: process killed with signal 0, pid: 13769
[2026/09/25 17:52:24:0308] N: WS closed from (unix skt), clients: 2
[2026/09/25 17:52:24:0309] N: killing process, pid: 13779
[2026/09/25 17:52:24:0320] N: process killed with signal 0, pid: 13779
[2026/09/25 17:52:25:0030] N: WS closed from (unix skt), clients: 1
[2026/09/25 17:52:25:0030] N: killing process, pid: 13771
[2026/09/25 17:52:25:0031] N: WS closed from (unix skt), clients: 0
[2026/09/25 17:52:25:0031] N: killing process, pid: 13796
[2026/09/25 17:52:25:0101] N: process killed with signal 0, pid: 13796
[2026/09/25 17:52:25:0102] N: process killed with signal 0, pid: 13771
[2026/09/25 17:52:25:0431] N: WS   /ws - (unix skt), clients: 1
[2026/09/25 17:52:25:0432] N: WS   /ws - (unix skt), clients: 2
[2026/09/25 17:52:25:0432] N: WS   /ws - (unix skt), clients: 3
[2026/09/25 17:52:25:0432] N: WS   /ws - (unix skt), clients: 4
[2026/09/25 17:52:25:0432] N: WS   /ws - (unix skt), clients: 5
[2026/09/25 17:52:25:0432] N: WS   /ws - (unix skt), clients: 6
[2026/09/25 17:52:25:0433] N: WS   /ws - (unix skt), clients: 7
[2026/09/25 17:52:25:0433] N: WS   /ws - (unix skt), clients: 8
[2026/09/25 17:52:25:0433] N: WS   /ws - (unix skt), clients: 9
[2026/09/25 17:52:25:0442] N: started process, pid: 14325
[2026/09/25 17:52:25:0451] N: started process, pid: 14326
[2026/09/25 17:52:25:0453] N: WS   /ws - (unix skt), clients: 10
[2026/09/25 17:52:25:0459] N: started process, pid: 14327
[2026/09/25 17:52:25:0477] N: started process, pid: 14328
[2026/09/25 17:52:25:0493] N: started process, pid: 14329
[2026/09/25 17:52:25:0514] N: started process, pid: 14330
[2026/09/25 17:52:25:0522] N: started process, pid: 14333
[2026/09/25 17:52:25:0538] N: started process, pid: 14340
[2026/09/25 17:52:25:0559] N: started process, pid: 14345
[2026/09/25 17:52:25:0572] N: started process, pid: 14354
[2026/09/25 17:52:25:3020] N: WS closed from (unix skt), clients: 9
[2026/09/25 17:52:25:3021] N: killing process, pid: 14325
[2026/09/25 17:52:25:3027] N: process killed with signal 0, pid: 14325
[2026/09/25 17:52:25:3080] N: WS closed from (unix skt), clients: 8
[2026/09/25 17:52:25:3080] N: killing process, pid: 14329
[2026/09/25 17:52:25:3087] N: process killed with signal 1, pid: 14329
[2026/09/25 17:52:25:3258] N: WS closed from (unix skt), clients: 7
[2026/09/25 17:52:25:3258] N: killing process, pid: 14354
[2026/09/25 17:52:25:3262] N: process killed with signal 1, pid: 14354
[2026/09/25 17:52:25:5116] N: WS closed from (unix skt), clients: 6
[2026/09/25 17:52:25:5117] N: killing process, pid: 14340
[2026/09/25 17:52:25:5117] N: WS closed from (unix skt), clients: 5
[2026/09/25 17:52:25:5117] N: killing process, pid: 14327
[2026/09/25 17:52:25:5118] N: WS closed from (unix skt), clients: 4
[2026/09/25 17:52:25:5119] N: killing process, pid: 14333
[2026/09/25 17:52:25:5165] N: process killed with signal 0, pid: 14327
[2026/09/25 17:52:25:5166] N: process killed with signal 0, pid: 14333
[2026/09/25 17:52:25:5167] N: process killed with signal 0, pid: 14340
[2026/09/25 17:52:26:0132] N: WS closed from (unix skt), clients: 3
[2026/09/25 17:52:26:0133] N: killing process, pid: 14326
[2026/09/25 17:52:26:0145] N: process killed with signal 0, pid: 14326
[2026/09/25 17:52:26:0290] N: WS closed from (unix skt), clients: 2
[2026/09/25 17:52:26:0300] N: killing process, pid: 14345
[2026/09/25 17:52:26:0311] N: process killed with signal 0, pid: 14345
[2026/09/25 17:52:27:0456] N: WS closed from (unix skt), clients: 1
[2026/09/25 17:52:27:0457] N: killing process, pid: 14330
[2026/09/25 17:52:27:0457] N: WS closed from (unix skt), clients: 0
[2026/09/25 17:52:27:0457] N: killing process, pid: 14328
[2026/09/25 17:52:27:0470] N: process killed with signal 0, pid: 14328
[2026/09/25 17:52:27:0470] N: process killed with signal 0, pid: 14330
[2026/09/25 17:52:27:0771] N: WS   /ws - (unix skt), clients: 1
[2026/09/25 17:52:27:0771] N: WS   /ws - (unix skt), clients: 2
[2026/09/25 17:52:27:0771] N: WS   /ws - (unix skt), clients: 3
[2026/09/25 17:52:27:0772] N: WS   /ws - (unix skt), clients: 4
[2026/09/25 17:52:27:0772] N: WS   /ws - (unix skt), clients: 5
[2026/09/25 17:52:27:0772] N: WS   /ws - (unix skt), clients: 6
[2026/09/25 17:52:27:0772] N: WS   /ws - (unix skt), clients: 7
[2026/09/25 17:52:27:0772] N: WS   /ws - (unix skt), clients: 8
[2026/09/25 17:52:27:0772] N: WS   /ws - (unix skt), clients: 9
[2026/09/25 17:52:27:0790] N: started process, pid: 14702
[2026/09/25 17:52:27:0807] N: started process, pid: 14703
[2026/09/25 17:52:27:0808] N: WS   /ws - (unix skt), clients: 10
[2026/09/25 17:52:27:0824] N: started process, pid: 14704
[2026/09/25 17:52:27:0843] N: started process, pid: 14705
[2026/09/25 17:52:27:0849] N: started process, pid: 14706
[2026/09/25 17:52:27:0857] N: started process, pid: 14707
[2026/09/25 17:52:27:0869] N: started process, pid: 14708
[2026/09/25 17:52:27:0877] N: started process, pid: 14717
[2026/09/25 17:52:27:0887] N: started process, pid: 14721
[2026/09/25 17:52:27:0895] N: started process, pid: 14723
[2026/09/25 17:52:27:3144] N: WS closed from (unix skt), clients: 9
[2026/09/25 17:52:27:3144] N: killing process, pid: 14706
[2026/09/25 17:52:27:3148] N: process killed with signal 1, pid: 14706
[2026/09/25 17:52:27:4067] N: WS closed from (unix skt), clients: 8
[2026/09/25 17:52:27:4067] N: killing process, pid: 14702
[2026/09/25 17:52:27:4506] N: WS closed from (unix skt), clients: 7
[2026/09/25 17:52:27:4507] N: killing process, pid: 14708
[2026/09/25 17:52:27:4839] N: process killed with signal 0, pid: 14702
[2026/09/25 17:52:27:5066] N: process killed with signal 0, pid: 14708
[2026/09/25 17:52:27:5689] N: WS closed from (unix skt), clients: 6
[2026/09/25 17:52:27:5689] N: killing process, pid: 14723
[2026/09/25 17:52:27:5692] N: process killed with signal 1, pid: 14723
[2026/09/25 17:52:27:5823] N: WS closed from (unix skt), clients: 5
[2026/09/25 17:52:27:5823] N: killing process, pid: 14704
[2026/09/25 17:52:27:5861] N: process killed with signal 0, pid: 14704
[2026/09/25 17:52:27:6708] N: WS closed from (unix skt), clients: 4
[2026/09/25 17:52:27:6708] N: killing process, pid: 14717
[2026/09/25 17:52:27:6763] N: process killed with signal 0, pid: 14717
[2026/09/25 17:52:27:8362] N: WS closed from (unix skt), clients: 3
[2026/09/25 17:52:27:8363] N: killing process, pid: 14703
[2026/09/25 17:52:27:8369] N: process killed with signal 0, pid: 14703
[2026/09/25 17:52:28:1247] N: WS closed from (unix skt), clients: 2
[2026/09/25 17:52:28:1248] N: killing process, pid: 14721
[2026/09/25 17:52:28:1267] N: process killed with signal 0, pid: 14721
[2026/09/25 17:52:29:0813] N: WS closed from (unix skt), clients: 1
[2026/09/25 17:52:29:0814] N: killing process, pid: 14707
[2026/09/25 17:52:29:0815] N: WS closed from (unix skt), clients: 0
[2026/09/25 17:52:29:0815] N: killing process, pid: 14705
[2026/09/25 17:52:29:0831] N: process killed with signal 0, pid: 14705
[2026/09/25 17:52:29:0832] N: process killed with signal 0, pid: 14707
[2026/09/25 17:52:29:1017] N: WS   /ws - (unix skt), clients: 1
[2026/09/25 17:52:29:1017] N: WS   /ws - (unix skt), clients: 2
[2026/09/25 17:52:29:1017] N: WS   /ws - (unix skt), clients: 3
[2026/09/25 17:52:29:1017] N: WS   /ws - (unix skt), clients: 4
[2026/09/25 17:52:29:1017] N: WS   /ws - (unix skt), clients: 5
[2026/09/25 17:52:29:1017] N: WS   /ws - (unix skt), clients: 6
[2026/09/25 17:52:29:1017] N: WS   /ws - (unix skt), clients: 7
[2026/09/25 17:52:29:1017] N: WS   /ws - (unix skt), clients: 8
[2026/09/25 17:52:29:1018] N: WS   /ws - (unix skt), clients: 9
[2026/09/25 17:52:29:1018] N: WS   /ws - (unix skt), clients: 10
[2026/09/25 17:52:29:1026] N: started process, pid: 15043
[2026/09/25 17:52:29:1031] N: started process, pid: 15044
[2026/09/25 17:52:29:1037] N: started process, pid: 15045
[2026/09/25 17:52:29:1050] N: started process, pid: 15046
[2026/09/25 17:52:29:1066] N: started process, pid: 15047
[2026/09/25 17:52:29:1078] N: started process, pid: 15051
[2026/09/25 17:52:29:1087] N: started process, pid: 15057
[2026/09/25 17:52:29:1100] N: started process, pid: 15059
[2026/09/25 17:52:29:1110] N: started process, pid: 15068
[2026/09/25 17:52:29:1125] N: started process, pid: 15069
[2026/09/25 17:52:29:2708] N: WS closed from (unix skt), clients: 9
[2026/09/25 17:52:29:2708] N: killing process, pid: 15046
[2026/09/25 17:52:29:2711] N: process killed with signal 1, pid: 15046
[2026/09/25 17:52:29:3920] N: WS closed from (unix skt), clients: 8
[2026/09/25 17:52:29:3920] N: killing process, pid: 15043
[2026/09/25 17:52:29:4385] N: process killed with signal 0, pid: 15043
[2026/09/25 17:52:29:5598] N: WS closed from (unix skt), clients: 7
[2026/09/25 17:52:29:5599] N: killing process, pid: 15068
[2026/09/25 17:52:29:5602] N: process killed with signal 1, pid: 15068
[2026/09/25 17:52:29:5875] N: WS closed from (unix skt), clients: 6
[2026/09/25 17:52:29:5875] N: killing process, pid: 15044
[2026/09/25 17:52:29:5884] N: process killed with signal 0, pid: 15044
[2026/09/25 17:52:29:6883] N: WS closed from (unix skt), clients: 5
[2026/09/25 17:52:29:6883] N: killing process, pid: 15057
[2026/09/25 17:52:29:6895] N: process killed with signal 0, pid: 15057
[2026/09/25 17:52:29:7302] N: WS closed from (unix skt), clients: 4
[2026/09/25 17:52:29:7303] N: killing process, pid: 15051
[2026/09/25 17:52:29:7310] N: process killed with signal 0, pid: 15051
[2026/09/25 17:52:30:0463] N: WS closed from (unix skt), clients: 3
[2026/09/25 17:52:30:0464] N: killing process, pid: 15045
[2026/09/25 17:52:30:0472] N: process killed with signal 0, pid: 15045
[2026/09/25 17:52:30:2127] N: WS closed from (unix skt), clients: 2
[2026/09/25 17:52:30:2127] N: killing process, pid: 15059
[2026/09/25 17:52:30:2135] N: process killed with signal 0, pid: 15059
[2026/09/25 17:52:31:1030] N: WS closed from (unix skt), clients: 1
[2026/09/25 17:52:31:1031] N: killing process, pid: 15047
[2026/09/25 17:52:31:1032] N: WS closed from (unix skt), clients: 0
[2026/09/25 17:52:31:1033] N: killing process, pid: 15069
[2026/09/25 17:52:31:1045] N: process killed with signal 0, pid: 15047
[2026/09/25 17:52:31:1046] N: process killed with signal 0, pid: 15069
[2026/09/25 17:52:31:1149] N: WS   /ws - (unix skt), clients: 1
[2026/09/25 17:52:31:1149] N: WS   /ws - (unix skt), clients: 2
[2026/09/25 17:52:31:1150] N: WS   /ws - (unix skt), clients: 3
[2026/09/25 17:52:31:1150] N: WS   /ws - (unix skt), clients: 4
[2026/09/25 17:52:31:1150] N: WS   /ws - (unix skt), clients: 5
[2026/09/25 17:52:31:1150] N: WS   /ws - (unix skt), clients: 6
[2026/09/25 17:52:31:1150] N: WS   /ws - (unix skt), clients: 7
[2026/09/25 17:52:31:1151] N: WS   /ws - (unix skt), clients: 8
[2026/09/25 17:52:31:1151] N: WS   /ws - (unix skt), clients: 9
[2026/09/25 17:52:31:1151] N: WS   /ws - (unix skt), clients: 10
[2026/09/25 17:52:31:1166] N: started process, pid: 15423
[2026/09/25 17:52:31:1175] N: started process, pid: 15424
[2026/09/25 17:52:31:1184] N: started process, pid: 15425
[2026/09/25 17:52:31:1192] N: started process, pid: 15426
[2026/09/25 17:52:31:1205] N: started process, pid: 15427
[2026/09/25 17:52:31:1219] N: started process, pid: 15429
[2026/09/25 17:52:31:1232] N: started process, pid: 15431
[2026/09/25 17:52:31:1243] N: started process, pid: 15438
[2026/09/25 17:52:31:1269] N: started process, pid: 15441
[2026/09/25 17:52:31:1294] N: started process, pid: 15449
[2026/09/25 17:52:31:2744] N: WS closed from (unix skt), clients: 9
[2026/09/25 17:52:31:2745] N: killing process, pid: 15426
[2026/09/25 17:52:31:2749] N: process killed with signal 1, pid: 15426
[2026/09/25 17:52:31:4765] N: WS closed from (unix skt), clients: 8
[2026/09/25 17:52:31:4765] N: killing process, pid: 15424
[2026/09/25 17:52:31:4766] N: WS closed from (unix skt), clients: 7
[2026/09/25 17:52:31:4766] N: killing process, pid: 15423
[2026/09/25 17:52:31:4789] N: process killed with signal 0, pid: 15424
[2026/09/25 17:52:31:5259] N: WS closed from (unix skt), clients: 6
[2026/09/25 17:52:31:5259] N: killing process, pid: 15441
[2026/09/25 17:52:31:5264] N: process killed with signal 1, pid: 15441
[2026/09/25 17:52:31:5350] N: process killed with signal 0, pid: 15423
[2026/09/25 17:52:31:6308] N: WS closed from (unix skt), clients: 5
[2026/09/25 17:52:31:6309] N: killing process, pid: 15431
[2026/09/25 17:52:31:6316] N: process killed with signal 0, pid: 15431
[2026/09/25 17:52:31:6817] N: WS closed from (unix skt), clients: 4
[2026/09/25 17:52:31:6817] N: killing process, pid: 15429
[2026/09/25 17:52:31:6883] N: process killed with signal 0, pid: 15429
[2026/09/25 17:52:31:9770] N: WS closed from (unix skt), clients: 3
[2026/09/25 17:52:31:9771] N: killing process, pid: 15425
[2026/09/25 17:52:31:9777] N: process killed with signal 0, pid: 15425
[2026/09/25 17:52:32:2287] N: WS closed from (unix skt), clients: 2
[2026/09/25 17:52:32:2288] N: killing process, pid: 15438
[2026/09/25 17:52:32:2302] N: process killed with signal 0, pid: 15438
[2026/09/25 17:52:33:1169] N: WS closed from (unix skt), clients: 1
[2026/09/25 17:52:33:1169] N: killing process, pid: 15427
[2026/09/25 17:52:33:1169] N: WS closed from (unix skt), clients: 0
[2026/09/25 17:52:33:1170] N: killing process, pid: 15449
[2026/09/25 17:52:33:1184] N: process killed with signal 0, pid: 15449
[2026/09/25 17:52:33:1184] N: process killed with signal 0, pid: 15427
[2026/09/25 17:52:33:1311] N: WS   /ws - (unix skt), clients: 1
[2026/09/25 17:52:33:1312] N: WS   /ws - (unix skt), clients: 2
[2026/09/25 17:52:33:1312] N: WS   /ws - (unix skt), clients: 3
[2026/09/25 17:52:33:1312] N: WS   /ws - (unix skt), clients: 4
[2026/09/25 17:52:33:1312] N: WS   /ws - (unix skt), clients: 5
[2026/09/25 17:52:33:1312] N: WS   /ws - (unix skt), clients: 6
[2026/09/25 17:52:33:1312] N: WS   /ws - (unix skt), clients: 7
[2026/09/25 17:52:33:1312] N: WS   /ws - (unix skt), clients: 8
[2026/09/25 17:52:33:1312] N: WS   /ws - (unix skt), clients: 9
[2026/09/25 17:52:33:1312] N: WS   /ws - (unix skt), clients: 10
[2026/09/25 17:52:33:1323] N: started process, pid: 15975
[2026/09/25 17:52:33:1329] N: started process, pid: 15976
[2026/09/25 17:52:33:1339] N: started process, pid: 15977
[2026/09/25 17:52:33:1344] N: started process, pid: 15978
[2026/09/25 17:52:33:1358] N: started process, pid: 15980
[2026/09/25 17:52:33:1371] N: started process, pid: 15981
[2026/09/25 17:52:33:1392] N: started process, pid: 15982
[2026/09/25 17:52:33:1405] N: started process, pid: 15995
[2026/09/25 17:52:33:1425] N: started process, pid: 15997
[2026/09/25 17:52:33:1447] N: started process, pid: 15998
[2026/09/25 17:52:33:4149] N: WS closed from (unix skt), clients: 9
[2026/09/25 17:52:33:4149] N: killing process, pid: 15976
[2026/09/25 17:52:33:4628] N: WS closed from (unix skt), clients: 8
[2026/09/25 17:52:33:4628] N: killing process, pid: 15978
[2026/09/25 17:52:33:4632] N: process killed with signal 1, pid: 15978
[2026/09/25 17:52:33:5343] N: process killed with signal 0, pid: 15976
[2026/09/25 17:52:33:6190] N: WS closed from (unix skt), clients: 7
[2026/09/25 17:52:33:6191] N: killing process, pid: 15997
[2026/09/25 17:52:33:6195] N: process killed with signal 1, pid: 15997
[2026/09/25 17:52:33:6302] N: WS closed from (unix skt), clients: 6
[2026/09/25 17:52:33:6302] N: killing process, pid: 15981
[2026/09/25 17:52:33:6314] N: process killed with signal 0, pid: 15981
[2026/09/25 17:52:33:6644] N: WS closed from (unix skt), clients: 5
[2026/09/25 17:52:33:6644] N: killing process, pid: 15982
[2026/09/25 17:52:33:6645] N: WS closed from (unix skt), clients: 4
[2026/09/25 17:52:33:6645] N: killing process, pid: 15975
[2026/09/25 17:52:33:6743] N: process killed with signal 0, pid: 15975
[2026/09/25 17:52:33:6776] N: process killed with signal 0, pid: 15982
[2026/09/25 17:52:34:1695] N: WS closed from (unix skt), clients: 3
[2026/09/25 17:52:34:1695] N: killing process, pid: 15995
[2026/09/25 17:52:34:1724] N: process killed with signal 0, pid: 15995
[2026/09/25 17:52:34:3744] N: WS closed from (unix skt), clients: 2
[2026/09/25 17:52:34:3745] N: killing process, pid: 15977
[2026/09/25 17:52:34:3752] N: process killed with signal 0, pid: 15977
[2026/09/25 17:52:35:1337] N: WS closed from (unix skt), clients: 1
[2026/09/25 17:52:35:1337] N: killing process, pid: 15980
[2026/09/25 17:52:35:1339] N: WS closed from (unix skt), clients: 0
[2026/09/25 17:52:35:1339] N: killing process, pid: 15998
[2026/09/25 17:52:35:1347] N: process killed with signal 0, pid: 15980
[2026/09/25 17:52:35:1353] N: process killed with signal 0, pid: 15998
[2026/09/25 17:52:35:1686] N: WS   /ws - (unix skt), clients: 1
[2026/09/25 17:52:35:1686] N: WS   /ws - (unix skt), clients: 2
[2026/09/25 17:52:35:1687] N: WS   /ws - (unix skt), clients: 3
[2026/09/25 17:52:35:1687] N: WS   /ws - (unix skt), clients: 4
[2026/09/25 17:52:35:1687] N: WS   /ws - (unix skt), clients: 5
[2026/09/25 17:52:35:1687] N: WS   /ws - (unix skt), clients: 6
[2026/09/25 17:52:35:1688] N: WS   /ws - (unix skt), clients: 7
[2026/09/25 17:52:35:1688] N: WS   /ws - (unix skt), clients: 8
[2026/09/25 17:52:35:1688] N: WS   /ws - (unix skt), clients: 9
[2026/09/25 17:52:35:1689] N: WS   /ws - (unix skt), clients: 10
[2026/09/25 17:52:35:1697] N: started process, pid: 16395
[2026/09/25 17:52:35:1705] N: started process, pid: 16396
[2026/09/25 17:52:35:1717] N: started process, pid: 16397
[2026/09/25 17:52:35:1728] N: started process, pid: 16398
[2026/09/25 17:52:35:1740] N: started process, pid: 16399
[2026/09/25 17:52:35:1756] N: started process, pid: 16400
[2026/09/25 17:52:35:1769] N: started process, pid: 16402
[2026/09/25 17:52:35:1783] N: started process, pid: 16409
[2026/09/25 17:52:35:1808] N: started process, pid: 16413
[2026/09/25 17:52:35:1822] N: started process, pid: 16421
[2026/09/25 17:52:35:4525] N: WS closed from (unix skt), clients: 9
[2026/09/25 17:52:35:4526] N: killing process, pid: 16396
[2026/09/25 17:52:35:4526] N: WS closed from (unix skt), clients: 8
[2026/09/25 17:52:35:4526] N: killing process, pid: 16398
[2026/09/25 17:52:35:4530] N: process killed with signal 1, pid: 16398
[2026/09/25 17:52:35:5579] N: process killed with signal 0, pid: 16396
[2026/09/25 17:52:35:5915] N: WS closed from (unix skt), clients: 7
[2026/09/25 17:52:35:5915] N: killing process, pid: 16395
[2026/09/25 17:52:35:6092] N: process killed with signal 0, pid: 16395
[2026/09/25 17:52:35:6348] N: WS closed from (unix skt), clients: 6
[2026/09/25 17:52:35:6348] N: killing process, pid: 16413
[2026/09/25 17:52:35:6352] N: process killed with signal 1, pid: 16413
[2026/09/25 17:52:35:7583] N: WS closed from (unix skt), clients: 5
[2026/09/25 17:52:35:7585] N: killing process, pid: 16400
[2026/09/25 17:52:35:7594] N: process killed with signal 0, pid: 16400
[2026/09/25 17:52:35:8089] N: WS closed from (unix skt), clients: 4
[2026/09/25 17:52:35:8090] N: killing process, pid: 16402
[2026/09/25 17:52:35:8101] N: process killed with signal 0, pid: 16402
[2026/09/25 17:52:36:1553] N: WS closed from (unix skt), clients: 3
[2026/09/25 17:52:36:1553] N: killing process, pid: 16397
[2026/09/25 17:52:36:1559] N: process killed with signal 0, pid: 16397
[2026/09/25 17:52:36:3947] N: WS closed from (unix skt), clients: 2
[2026/09/25 17:52:36:3947] N: killing process, pid: 16409
[2026/09/25 17:52:36:3959] N: process killed with signal 0, pid: 16409
[2026/09/25 17:52:37:1693] N: WS closed from (unix skt), clients: 1
[2026/09/25 17:52:37:1693] N: killing process, pid: 16399
[2026/09/25 17:52:37:1694] N: WS closed from (unix skt), clients: 0
[2026/09/25 17:52:37:1694] N: killing process, pid: 16421
[2026/09/25 17:52:37:1707] N: process killed with signal 0, pid: 16399
[2026/09/25 17:52:37:1708] N: process killed with signal 0, pid: 16421
[2026/09/25 17:52:37:1962] N: WS   /ws - (unix skt), clients: 1
[2026/09/25 17:52:37:1962] N: WS   /ws - (unix skt), clients: 2
[2026/09/25 17:52:37:1962] N: WS   /ws - (unix skt), clients: 3
[2026/09/25 17:52:37:1963] N: WS   /ws - (unix skt), clients: 4
[2026/09/25 17:52:37:1963] N: WS   /ws - (unix skt), clients: 5
[2026/09/25 17:52:37:1963] N: WS   /ws - (unix skt), clients: 6
[2026/09/25 17:52:37:1963] N: WS   /ws - (unix skt), clients: 7
[2026/09/25 17:52:37:1963] N: WS   /ws - (unix skt), clients: 8
[2026/09/25 17:52:37:1963] N: WS   /ws - (unix skt), clients: 9
[2026/09/25 17:52:37:1964] N: WS   /ws - (unix skt), clients: 10
[2026/09/25 17:52:37:1979] N: started process, pid: 17031
[2026/09/25 17:52:37:1991] N: started process, pid: 17032
[2026/09/25 17:52:37:2001] N: started process, pid: 17034
[2026/09/25 17:52:37:2010] N: started process, pid: 17035
[2026/09/25 17:52:37:2017] N: started process, pid: 17036
[2026/09/25 17:52:37:2022] N: started process, pid: 17037
[2026/09/25 17:52:37:2035] N: started process, pid: 17038
[2026/09/25 17:52:37:2045] N: started process, pid: 17041
[2026/09/25 17:52:37:2080] N: started process, pid: 17048
[2026/09/25 17:52:37:2106] N: started process, pid: 17054
[2026/09/25 17:52:37:4705] N: WS closed from (unix skt), clients: 9
[2026/09/25 17:52:37:4706] N: killing process, pid: 17032
[2026/09/25 17:52:37:4707] N: WS closed from (unix skt), clients: 8
[2026/09/25 17:52:37:4707] N: killing process, pid: 17048
[2026/09/25 17:52:37:4710] N: process killed with signal 1, pid: 17048
[2026/09/25 17:52:37:5935] N: process killed with signal 0, pid: 17032
[2026/09/25 17:52:37:6112] N: WS closed from (unix skt), clients: 7
[2026/09/25 17:52:37:6112] N: killing process, pid: 17031
[2026/09/25 17:52:37:6141] N: WS closed from (unix skt), clients: 6
[2026/09/25 17:52:37:6141] N: killing process, pid: 17037
[2026/09/25 17:52:37:6146] N: WS closed from (unix skt), clients: 5
[2026/09/25 17:52:37:6146] N: killing process, pid: 17035
[2026/09/25 17:52:37:6150] N: process killed with signal 1, pid: 17035
[2026/09/25 17:52:37:6450] N: process killed with signal 0, pid: 17031
[2026/09/25 17:52:37:6450] N: process killed with signal 0, pid: 17037
[2026/09/25 17:52:37:8169] N: WS closed from (unix skt), clients: 4
[2026/09/25 17:52:37:8169] N: killing process, pid: 17038
[2026/09/25 17:52:37:8255] N: process killed with signal 0, pid: 17038
[2026/09/25 17:52:38:0945] N: WS closed from (unix skt), clients: 3
[2026/09/25 17:52:38:0945] N: killing process, pid: 17034
[2026/09/25 17:52:38:0993] N: process killed with signal 0, pid: 17034
[2026/09/25 17:52:38:3846] N: WS closed from (unix skt), clients: 2
[2026/09/25 17:52:38:3851] N: killing process, pid: 17041
[2026/09/25 17:52:38:3861] N: process killed with signal 0, pid: 17041
[2026/09/25 17:52:39:1993] N: WS closed from (unix skt), clients: 1
[2026/09/25 17:52:39:1994] N: killing process, pid: 17036
[2026/09/25 17:52:39:1994] N: WS closed from (unix skt), clients: 0
[2026/09/25 17:52:39:1994] N: killing process, pid: 17054
[2026/09/25 17:52:39:2021] N: process killed with signal 0, pid: 17036
[2026/09/25 17:52:39:2022] N: process killed with signal 0, pid: 17054
[2026/09/25 17:52:39:2125] N: WS   /ws - (unix skt), clients: 1
[2026/09/25 17:52:39:2126] N: WS   /ws - (unix skt), clients: 2
[2026/09/25 17:52:39:2126] N: WS   /ws - (unix skt), clients: 3
[2026/09/25 17:52:39:2126] N: WS   /ws - (unix skt), clients: 4
[2026/09/25 17:52:39:2126] N: WS   /ws - (unix skt), clients: 5
[2026/09/25 17:52:39:2126] N: WS   /ws - (unix skt), clients: 6
[2026/09/25 17:52:39:2126] N: WS   /ws - (unix skt), clients: 7
[2026/09/25 17:52:39:2133] N: started process, pid: 17457
[2026/09/25 17:52:39:2137] N: started process, pid: 17458
[2026/09/25 17:52:39:2141] N: started process, pid: 17459
[2026/09/25 17:52:39:2146] N: started process, pid: 17460
[2026/09/25 17:52:39:2150] N: started process, pid: 17461
[2026/09/25 17:52:39:2153] N: WS   /ws - (unix skt), clients: 8
[2026/09/25 17:52:39:2153] N: WS   /ws - (unix skt), clients: 9
[2026/09/25 17:52:39:2153] N: WS   /ws - (unix skt), clients: 10
[2026/09/25 17:52:39:2158] N: started process, pid: 17462
[2026/09/25 17:52:39:2167] N: started process, pid: 17463
[2026/09/25 17:52:39:2179] N: started process, pid: 17464
[2026/09/25 17:52:39:2197] N: started process, pid: 17470
[2026/09/25 17:52:39:2220] N: started process, pid: 17474
[2026/09/25 17:52:39:4757] N: WS closed from (unix skt), clients: 9
[2026/09/25 17:52:39:4758] N: killing process, pid: 17457
[2026/09/25 17:52:39:5983] N: WS closed from (unix skt), clients: 8
[2026/09/25 17:52:39:5983] N: killing process, pid: 17458
[2026/09/25 17:52:39:6345] N: WS closed from (unix skt), clients: 7
[2026/09/25 17:52:39:6345] N: killing process, pid: 17462
[2026/09/25 17:52:39:6347] N: process killed with signal 0, pid: 17457
[2026/09/25 17:52:39:6349] N: process killed with signal 0, pid: 17458
[2026/09/25 17:52:39:6894] N: WS closed from (unix skt), clients: 6
[2026/09/25 17:52:39:6894] N: killing process, pid: 17470
[2026/09/25 17:52:39:6898] N: process killed with signal 1, pid: 17470
[2026/09/25 17:52:39:6913] N: WS closed from (unix skt), clients: 5
[2026/09/25 17:52:39:6913] N: killing process, pid: 17460
[2026/09/25 17:52:39:6913] N: WS closed from (unix skt), clients: 4
[2026/09/25 17:52:39:6913] N: killing process, pid: 17463
[2026/09/25 17:52:39:6915] N: process killed with signal 1, pid: 17460
[2026/09/25 17:52:39:6949] N: process killed with signal 0, pid: 17462
[2026/09/25 17:52:39:7042] N: process killed with signal 0, pid: 17463
[2026/09/25 17:52:40:3045] N: WS closed from (unix skt), clients: 3
[2026/09/25 17:52:40:3046] N: killing process, pid: 17459
[2026/09/25 17:52:40:3054] N: process killed with signal 0, pid: 17459
[2026/09/25 17:52:40:3909] N: WS closed from (unix skt), clients: 2
[2026/09/25 17:52:40:3909] N: killing process, pid: 17464
[2026/09/25 17:52:40:3916] N: process killed with signal 0, pid: 17464
[2026/09/25 17:52:41:2140] N: WS closed from (unix skt), clients: 1
[2026/09/25 17:52:41:2141] N: killing process, pid: 17461
[2026/09/25 17:52:41:2160] N: WS closed from (unix skt), clients: 0
[2026/09/25 17:52:41:2161] N: killing process, pid: 17474
[2026/09/25 17:52:41:2166] N: process killed with signal 0, pid: 17461
[2026/09/25 17:52:41:2172] N: process killed with signal 0, pid: 17474
[2026/09/25 17:52:41:2614] N: WS   /ws - (unix skt), clients: 1
[2026/09/25 17:52:41:2614] N: WS   /ws - (unix skt), clients: 2
[2026/09/25 17:52:41:2615] N: WS   /ws - (unix skt), clients: 3
[2026/09/25 17:52:41:2631] N: started process, pid: 18093
[2026/09/25 17:52:41:2651] N: started process, pid: 18094
[2026/09/25 17:52:41:2653] N: WS   /ws - (unix skt), clients: 4
[2026/09/25 17:52:41:2654] N: WS   /ws - (unix skt), clients: 5
[2026/09/25 17:52:41:2654] N: WS   /ws - (unix skt), clients: 6
[2026/09/25 17:52:41:2658] N: WS   /ws - (unix skt), clients: 7
[2026/09/25 17:52:41:2658] N: WS   /ws - (unix skt), clients: 8
[2026/09/25 17:52:41:2658] N: WS   /ws - (unix skt), clients: 9
[2026/09/25 17:52:41:2658] N: WS   /ws - (unix skt), clients: 10
[2026/09/25 17:52:41:2674] N: started process, pid: 18096
[2026/09/25 17:52:41:2692] N: started process, pid: 18097
[2026/09/25 17:52:41:2707] N: started process, pid: 18098
[2026/09/25 17:52:41:2722] N: started process, pid: 18099
[2026/09/25 17:52:41:2741] N: started process, pid: 18100
[2026/09/25 17:52:41:2755] N: started process, pid: 18101
[2026/09/25 17:52:41:2772] N: started process, pid: 18102
[2026/09/25 17:52:41:2792] N: started process, pid: 18103
[2026/09/25 17:52:41:6719] N: WS closed from (unix skt), clients: 9
[2026/09/25 17:52:41:6719] N: killing process, pid: 18097
[2026/09/25 17:52:41:6724] N: process killed with signal 1, pid: 18097
[2026/09/25 17:52:41:8048] N: WS closed from (unix skt), clients: 8
[2026/09/25 17:52:41:8049] N: killing process, pid: 18093
[2026/09/25 17:52:41:8506] N: WS closed from (unix skt), clients: 7
[2026/09/25 17:52:41:8506] N: killing process, pid: 18102
[2026/09/25 17:52:41:8509] N: process killed with signal 1, pid: 18102
[2026/09/25 17:52:41:8716] N: process killed with signal 0, pid: 18093
[2026/09/25 17:52:41:9189] N: WS closed from (unix skt), clients: 6
[2026/09/25 17:52:41:9189] N: killing process, pid: 18100
[2026/09/25 17:52:41:9189] N: WS closed from (unix skt), clients: 5
[2026/09/25 17:52:41:9189] N: killing process, pid: 18094
[2026/09/25 17:52:41:9562] N: WS closed from (unix skt), clients: 4
[2026/09/25 17:52:41:9562] N: killing process, pid: 18099
[2026/09/25 17:52:41:9891] N: process killed with signal 0, pid: 18099
[2026/09/25 17:52:41:9898] N: process killed with signal 0, pid: 18094
[2026/09/25 17:52:41:9903] N: process killed with signal 0, pid: 18100
[2026/09/25 17:52:42:4192] N: WS closed from (unix skt), clients: 3
[2026/09/25 17:52:42:4193] N: killing process, pid: 18096
[2026/09/25 17:52:42:4200] N: process killed with signal 0, pid: 18096
[2026/09/25 17:52:42:6918] N: WS closed from (unix skt), clients: 2
[2026/09/25 17:52:42:6919] N: killing process, pid: 18101
[2026/09/25 17:52:42:6925] N: process killed with signal 0, pid: 18101
[2026/09/25 17:52:43:2661] N: WS closed from (unix skt), clients: 1
[2026/09/25 17:52:43:2662] N: killing process, pid: 18098
[2026/09/25 17:52:43:2662] N: WS closed from (unix skt), clients: 0
[2026/09/25 17:52:43:2662] N: killing process, pid: 18103
[2026/09/25 17:52:43:2675] N: process killed with signal 0, pid: 18098
[2026/09/25 17:52:43:2675] N: process killed with signal 0, pid: 18103
[2026/09/25 17:52:43:2771] N: WS   /ws - (unix skt), clients: 1
[2026/09/25 17:52:43:2771] N: WS   /ws - (unix skt), clients: 2
[2026/09/25 17:52:43:2771] N: WS   /ws - (unix skt), clients: 3
[2026/09/25 17:52:43:2772] N: WS   /ws - (unix skt), clients: 4
[2026/09/25 17:52:43:2772] N: WS   /ws - (unix skt), clients: 5
[2026/09/25 17:52:43:2780] N: started process, pid: 18635
[2026/09/25 17:52:43:2782] N: WS   /ws - (unix skt), clients: 6
[2026/09/25 17:52:43:2782] N: WS   /ws - (unix skt), clients: 7
[2026/09/25 17:52:43:2782] N: WS   /ws - (unix skt), clients: 8
[2026/09/25 17:52:43:2783] N: WS   /ws - (unix skt), clients: 9
[2026/09/25 17:52:43:2783] N: WS   /ws - (unix skt), clients: 10
[2026/09/25 17:52:43:2789] N: started process, pid: 18636
[2026/09/25 17:52:43:2795] N: started process, pid: 18637
[2026/09/25 17:52:43:2802] N: started process, pid: 18638
[2026/09/25 17:52:43:2809] N: started process, pid: 18639
[2026/09/25 17:52:43:2819] N: started process, pid: 18640
[2026/09/25 17:52:43:2829] N: started process, pid: 18644
[2026/09/25 17:52:43:2847] N: started process, pid: 18648
[2026/09/25 17:52:43:2873] N: started process, pid: 18654
[2026/09/25 17:52:43:2880] N: started process, pid: 18656
[2026/09/25 17:52:43:4312] N: WS closed from (unix skt), clients: 9
[2026/09/25 17:52:43:4312] N: killing process, pid: 18648
[2026/09/25 17:52:43:4316] N: process killed with signal 1, pid: 18648
[2026/09/25 17:52:43:4645] N: WS closed from (unix skt), clients: 8
[2026/09/25 17:52:43:4646] N: killing process, pid: 18639
[2026/09/25 17:52:43:4650] N: process killed with signal 1, pid: 18639
[2026/09/25 17:52:43:5532] N: WS closed from (unix skt), clients: 7
[2026/09/25 17:52:43:5533] N: killing process, pid: 18635
[2026/09/25 17:52:43:5540] N: process killed with signal 0, pid: 18635
[2026/09/25 17:52:43:5674] N: WS closed from (unix skt), clients: 6
[2026/09/25 17:52:43:5674] N: killing process, pid: 18636
[2026/09/25 17:52:43:5678] N: process killed with signal 0, pid: 18636
[2026/09/25 17:52:43:5829] N: WS closed from (unix skt), clients: 5
[2026/09/25 17:52:43:5829] N: killing process, pid: 18637
[2026/09/25 17:52:43:5835] N: process killed with signal 0, pid: 18637
[2026/09/25 17:52:43:6677] N: WS closed from (unix skt), clients: 4
[2026/09/25 17:52:43:6677] N: killing process, pid: 18640
[2026/09/25 17:52:43:6681] N: process killed with signal 0, pid: 18640
[2026/09/25 17:52:44:1174] N: WS closed from (unix skt), clients: 3
[2026/09/25 17:52:44:1174] N: killing process, pid: 18638
[2026/09/25 17:52:44:1177] N: process killed with signal 0, pid: 18638
[2026/09/25 17:52:44:1489] N: WS closed from (unix skt), clients: 2
[2026/09/25 17:52:44:1489] N: killing process, pid: 18644
[2026/09/25 17:52:44:1493] N: process killed with signal 0, pid: 18644
[2026/09/25 17:52:45:2792] N: WS closed from (unix skt), clients: 1
[2026/09/25 17:52:45:2793] N: killing process, pid: 18654
[2026/09/25 17:52:45:2793] N: WS closed from (unix skt), clients: 0
[2026/09/25 17:52:45:2793] N: killing process, pid: 18656
[2026/09/25 17:52:45:2797] N: process killed with signal 0, pid: 18654
[2026/09/25 17:52:45:2800] N: process killed with signal 0, pid: 18656
[2026/09/25 17:52:45:2851] N: WS   /ws - (unix skt), clients: 1
[2026/09/25 17:52:45:2851] N: WS   /ws - (unix skt), clients: 2
[2026/09/25 17:52:45:2851] N: WS   /ws - (unix skt), clients: 3
[2026/09/25 17:52:45:2851] N: WS   /ws - (unix skt), clients: 4
[2026/09/25 17:52:45:2851] N: WS   /ws - (unix skt), clients: 5
[2026/09/25 17:52:45:2851] N: WS   /ws - (unix skt), clients: 6
[2026/09/25 17:52:45:2851] N: WS   /ws - (unix skt), clients: 7
[2026/09/25 17:52:45:2852] N: WS   /ws - (unix skt), clients: 8
[2026/09/25 17:52:45:2855] N: started process, pid: 19083
[2026/09/25 17:52:45:2856] N: WS   /ws - (unix skt), clients: 9
[2026/09/25 17:52:45:2856] N: WS   /ws - (unix skt), clients: 10
[2026/09/25 17:52:45:2860] N: started process, pid: 19084
[2026/09/25 17:52:45:2863] N: started process, pid: 19085
[2026/09/25 17:52:45:2871] N: started process, pid: 19086
[2026/09/25 17:52:45:2875] N: started process, pid: 19087
[2026/09/25 17:52:45:2882] N: started process, pid: 19088
[2026/09/25 17:52:45:2889] N: started process, pid: 19089
[2026/09/25 17:52:45:2897] N: started process, pid: 19091
[2026/09/25 17:52:45:2906] N: started process, pid: 19101
[2026/09/25 17:52:45:2924] N: started process, pid: 19104
[2026/09/25 17:52:45:3846] N: WS closed from (unix skt), clients: 9
[2026/09/25 17:52:45:3847] N: killing process, pid: 19085
[2026/09/25 17:52:45:3851] N: process killed with signal 1, pid: 19085
[2026/09/25 17:52:45:4467] N: WS closed from (unix skt), clients: 8
[2026/09/25 17:52:45:4467] N: killing process, pid: 19088
[2026/09/25 17:52:45:4472] N: process killed with signal 1, pid: 19088
[2026/09/25 17:52:45:5707] N: WS closed from (unix skt), clients: 7
[2026/09/25 17:52:45:5707] N: killing process, pid: 19083
[2026/09/25 17:52:45:5711] N: process killed with signal 0, pid: 19083
[2026/09/25 17:52:45:5981] N: WS closed from (unix skt), clients: 6
[2026/09/25 17:52:45:5981] N: killing process, pid: 19084
[2026/09/25 17:52:45:5985] N: process killed with signal 0, pid: 19084
[2026/09/25 17:52:45:6363] N: WS closed from (unix skt), clients: 5
[2026/09/25 17:52:45:6363] N: killing process, pid: 19091
[2026/09/25 17:52:45:6367] N: process killed with signal 0, pid: 19091
[2026/09/25 17:52:45:6684] N: WS closed from (unix skt), clients: 4
[2026/09/25 17:52:45:6684] N: killing process, pid: 19101
[2026/09/25 17:52:45:6688] N: process killed with signal 0, pid: 19101
[2026/09/25 17:52:46:1147] N: WS closed from (unix skt), clients: 3
[2026/09/25 17:52:46:1147] N: killing process, pid: 19087
[2026/09/25 17:52:46:1162] N: process killed with signal 0, pid: 19087
[2026/09/25 17:52:46:1693] N: WS closed from (unix skt), clients: 2
[2026/09/25 17:52:46:1693] N: killing process, pid: 19104
[2026/09/25 17:52:46:1697] N: process killed with signal 0, pid: 19104
[2026/09/25 17:52:47:2877] N: WS closed from (unix skt), clients: 1
[2026/09/25 17:52:47:2877] N: killing process, pid: 19089
[2026/09/25 17:52:47:2877] N: WS closed from (unix skt), clients: 0
[2026/09/25 17:52:47:2877] N: killing process, pid: 19086
[2026/09/25 17:52:47:2881] N: process killed with signal 0, pid: 19089
[2026/09/25 17:52:47:2883] N: process killed with signal 0, pid: 19086
[2026/09/25 17:52:47:2935] N: WS   /ws - (unix skt), clients: 1
[2026/09/25 17:52:47:2936] N: WS   /ws - (unix skt), clients: 2
[2026/09/25 17:52:47:2936] N: WS   /ws - (unix skt), clients: 3
[2026/09/25 17:52:47:2936] N: WS   /ws - (unix skt), clients: 4
[2026/09/25 17:52:47:2936] N: WS   /ws - (unix skt), clients: 5
[2026/09/25 17:52:47:2936] N: WS   /ws - (unix skt), clients: 6
[2026/09/25 17:52:47:2936] N: WS   /ws - (unix skt), clients: 7
[2026/09/25 17:52:47:2936] N: WS   /ws - (unix skt), clients: 8
[2026/09/25 17:52:47:2940] N: started process, pid: 19535
[2026/09/25 17:52:47:2940] N: WS   /ws - (unix skt), clients: 9
[2026/09/25 17:52:47:2940] N: WS   /ws - (unix skt), clients: 10
[2026/09/25 17:52:47:2943] N: started process, pid: 19536
[2026/09/25 17:52:47:2948] N: started process, pid: 19537
[2026/09/25 17:52:47:2955] N: started process, pid: 19538
[2026/09/25 17:52:47:2961] N: started process, pid: 19539
[2026/09/25 17:52:47:2966] N: started process, pid: 19540
[2026/09/25 17:52:47:2975] N: started process, pid: 19541
[2026/09/25 17:52:47:2986] N: started process, pid: 19545
[2026/09/25 17:52:47:2998] N: started process, pid: 19554
[2026/09/25 17:52:47:3018] N: started process, pid: 19557
[2026/09/25 17:52:47:4291] N: WS closed from (unix skt), clients: 9
[2026/09/25 17:52:47:4291] N: killing process, pid: 19537
[2026/09/25 17:52:47:4294] N: process killed with signal 1, pid: 19537
[2026/09/25 17:52:47:4414] N: WS closed from (unix skt), clients: 8
[2026/09/25 17:52:47:4415] N: killing process, pid: 19540
[2026/09/25 17:52:47:4417] N: process killed with signal 1, pid: 19540
[2026/09/25 17:52:47:6154] N: WS closed from (unix skt), clients: 7
[2026/09/25 17:52:47:6154] N: killing process, pid: 19536
[2026/09/25 17:52:47:6158] N: process killed with signal 0, pid: 19536
[2026/09/25 17:52:47:6305] N: WS closed from (unix skt), clients: 6
[2026/09/25 17:52:47:6305] N: killing process, pid: 19535
[2026/09/25 17:52:47:6309] N: process killed with signal 0, pid: 19535
[2026/09/25 17:52:47:6603] N: WS closed from (unix skt), clients: 5
[2026/09/25 17:52:47:6604] N: killing process, pid: 19554
[2026/09/25 17:52:47:6607] N: process killed with signal 0, pid: 19554
[2026/09/25 17:52:47:6742] N: WS closed from (unix skt), clients: 4
[2026/09/25 17:52:47:6743] N: killing process, pid: 19545
[2026/09/25 17:52:47:6747] N: process killed with signal 0, pid: 19545
[2026/09/25 17:52:48:1321] N: WS closed from (unix skt), clients: 3
[2026/09/25 17:52:48:1321] N: killing process, pid: 19539
[2026/09/25 17:52:48:1325] N: process killed with signal 0, pid: 19539
[2026/09/25 17:52:48:1772] N: WS closed from (unix skt), clients: 2
[2026/09/25 17:52:48:1772] N: killing process, pid: 19557
[2026/09/25 17:52:48:1776] N: process killed with signal 0, pid: 19557
[2026/09/25 17:52:49:2956] N: WS closed from (unix skt), clients: 1
[2026/09/25 17:52:49:2956] N: killing process, pid: 19541
[2026/09/25 17:52:49:2957] N: WS closed from (unix skt), clients: 0
[2026/09/25 17:52:49:2957] N: killing process, pid: 19538
[2026/09/25 17:52:49:2962] N: process killed with signal 0, pid: 19541
[2026/09/25 17:52:49:2966] N: process killed with signal 0, pid: 19538
[2026/09/25 17:52:49:3021] N: WS   /ws - (unix skt), clients: 1
[2026/09/25 17:52:49:3021] N: WS   /ws - (unix skt), clients: 2
[2026/09/25 17:52:49:3021] N: WS   /ws - (unix skt), clients: 3
[2026/09/25 17:52:49:3021] N: WS   /ws - (unix skt), clients: 4
[2026/09/25 17:52:49:3022] N: WS   /ws - (unix skt), clients: 5
[2026/09/25 17:52:49:3022] N: WS   /ws - (unix skt), clients: 6
[2026/09/25 17:52:49:3022] N: WS   /ws - (unix skt), clients: 7
[2026/09/25 17:52:49:3022] N: WS   /ws - (unix skt), clients: 8
[2026/09/25 17:52:49:3022] N: WS   /ws - (unix skt), clients: 9
[2026/09/25 17:52:49:3022] N: WS   /ws - (unix skt), clients: 10
[2026/09/25 17:52:49:3026] N: started process, pid: 20069
[2026/09/25 17:52:49:3029] N: started process, pid: 20070
[2026/09/25 17:52:49:3033] N: started process, pid: 20071
[2026/09/25 17:52:49:3042] N: started process, pid: 20072
[2026/09/25 17:52:49:3048] N: started process, pid: 20073
[2026/09/25 17:52:49:3057] N: started process, pid: 20074
[2026/09/25 17:52:49:3065] N: started process, pid: 20075
[2026/09/25 17:52:49:3074] N: started process, pid: 20079
[2026/09/25 17:52:49:3090] N: started process, pid: 20086
[2026/09/25 17:52:49:3100] N: started process, pid: 20092
[2026/09/25 17:52:49:3788] N: WS closed from (unix skt), clients: 9
[2026/09/25 17:52:49:3788] N: killing process, pid: 20071
[2026/09/25 17:52:49:3792] N: process killed with signal 1, pid: 20071
[2026/09/25 17:52:49:4844] N: WS closed from (unix skt), clients: 8
[2026/09/25 17:52:49:4844] N: killing process, pid: 20086
[2026/09/25 17:52:49:4847] N: process killed with signal 1, pid: 20086
[2026/09/25 17:52:49:6190] N: WS closed from (unix skt), clients: 7
[2026/09/25 17:52:49:6191] N: killing process, pid: 20069
[2026/09/25 17:52:49:6195] N: process killed with signal 0, pid: 20069
[2026/09/25 17:52:49:6463] N: WS closed from (unix skt), clients: 6
[2026/09/25 17:52:49:6464] N: killing process, pid: 20074
[2026/09/25 17:52:49:6467] N: process killed with signal 0, pid: 20074
[2026/09/25 17:52:49:6595] N: WS closed from (unix skt), clients: 5
[2026/09/25 17:52:49:6595] N: killing process, pid: 20073
[2026/09/25 17:52:49:6598] N: process killed with signal 0, pid: 20073
[2026/09/25 17:52:49:6887] N: WS closed from (unix skt), clients: 4
[2026/09/25 17:52:49:6887] N: killing process, pid: 20075
[2026/09/25 17:52:49:6890] N: process killed with signal 0, pid: 20075
[2026/09/25 17:52:50:0952] N: WS closed from (unix skt), clients: 3
[2026/09/25 17:52:50:0952] N: killing process, pid: 20070
[2026/09/25 17:52:50:0956] N: process killed with signal 0, pid: 20070
[2026/09/25 17:52:50:1746] N: WS closed from (unix skt), clients: 2
[2026/09/25 17:52:50:1747] N: killing process, pid: 20079
[2026/09/25 17:52:50:1750] N: process killed with signal 0, pid: 20079
[2026/09/25 17:52:51:3038] N: WS closed from (unix skt), clients: 1
[2026/09/25 17:52:51:3038] N: killing process, pid: 20072
[2026/09/25 17:52:51:3038] N: WS closed from (unix skt), clients: 0
[2026/09/25 17:52:51:3039] N: killing process, pid: 20092
[2026/09/25 17:52:51:3043] N: process killed with signal 0, pid: 20092
[2026/09/25 17:52:51:3047] N: process killed with signal 0, pid: 20072
[2026/09/25 17:52:51:3102] N: WS   /ws - (unix skt), clients: 1
[2026/09/25 17:52:51:3102] N: WS   /ws - (unix skt), clients: 2
[2026/09/25 17:52:51:3102] N: WS   /ws - (unix skt), clients: 3
[2026/09/25 17:52:51:3102] N: WS   /ws - (unix skt), clients: 4
[2026/09/25 17:52:51:3102] N: WS   /ws - (unix skt), clients: 5
[2026/09/25 17:52:51:3102] N: WS   /ws - (unix skt), clients: 6
[2026/09/25 17:52:51:3103] N: WS   /ws - (unix skt), clients: 7
[2026/09/25 17:52:51:3103] N: WS   /ws - (unix skt), clients: 8
[2026/09/25 17:52:51:3103] N: WS   /ws - (unix skt), clients: 9
[2026/09/25 17:52:51:3107] N: started process, pid: 20616
[2026/09/25 17:52:51:3107] N: WS   /ws - (unix skt), clients: 10
[2026/09/25 17:52:51:3111] N: started process, pid: 20617
[2026/09/25 17:52:51:3115] N: started process, pid: 20618
[2026/09/25 17:52:51:3126] N: started process, pid: 20619
[2026/09/25 17:52:51:3132] N: started process, pid: 20620
[2026/09/25 17:52:51:3137] N: started process, pid: 20621
[2026/09/25 17:52:51:3143] N: started process, pid: 20622
[2026/09/25 17:52:51:3152] N: started process, pid: 20624
[2026/09/25 17:52:51:3164] N: started process, pid: 20628
[2026/09/25 17:52:51:3177] N: started process, pid: 20633
[2026/09/25 17:52:51:4487] N: WS closed from (unix skt), clients: 9
[2026/09/25 17:52:51:4487] N: killing process, pid: 20620
[2026/09/25 17:52:51:4492] N: process killed with signal 1, pid: 20620
[2026/09/25 17:52:51:5263] N: WS closed from (unix skt), clients: 8
[2026/09/25 17:52:51:5264] N: killing process, pid: 20633
[2026/09/25 17:52:51:5266] N: process killed with signal 1, pid: 20633
[2026/09/25 17:52:51:6512] N: WS closed from (unix skt), clients: 7
[2026/09/25 17:52:51:6513] N: killing process, pid: 20617
[2026/09/25 17:52:51:6517] N: process killed with signal 0, pid: 20617
[2026/09/25 17:52:51:6774] N: WS closed from (unix skt), clients: 6
[2026/09/25 17:52:51:6774] N: killing process, pid: 20616
[2026/09/25 17:52:51:6777] N: process killed with signal 0, pid: 20616
[2026/09/25 17:52:51:7025] N: WS closed from (unix skt), clients: 5
[2026/09/25 17:52:51:7026] N: killing process, pid: 20624
[2026/09/25 17:52:51:7030] N: process killed with signal 0, pid: 20624
[2026/09/25 17:52:51:7276] N: WS closed from (unix skt), clients: 4
[2026/09/25 17:52:51:7277] N: killing process, pid: 20622
[2026/09/25 17:52:51:7279] N: process killed with signal 0, pid: 20622
[2026/09/25 17:52:52:1914] N: WS closed from (unix skt), clients: 3
[2026/09/25 17:52:52:1915] N: killing process, pid: 20619
[2026/09/25 17:52:52:1920] N: process killed with signal 0, pid: 20619
[2026/09/25 17:52:52:2295] N: WS closed from (unix skt), clients: 2
[2026/09/25 17:52:52:2296] N: killing process, pid: 20628
[2026/09/25 17:52:52:2300] N: process killed with signal 0, pid: 20628
[2026/09/25 17:52:53:3132] N: WS closed from (unix skt), clients: 1
[2026/09/25 17:52:53:3132] N: killing process, pid: 20621
[2026/09/25 17:52:53:3132] N: WS closed from (unix skt), clients: 0
[2026/09/25 17:52:53:3132] N: killing process, pid: 20618
[2026/09/25 17:52:53:3139] N: process killed with signal 0, pid: 20618
[2026/09/25 17:52:53:3139] N: process killed with signal 0, pid: 20621
[2026/09/25 17:52:53:3193] N: WS   /ws - (unix skt), clients: 1
[2026/09/25 17:52:53:3194] N: WS   /ws - (unix skt), clients: 2
[2026/09/25 17:52:53:3194] N: WS   /ws - (unix skt), clients: 3
[2026/09/25 17:52:53:3194] N: WS   /ws - (unix skt), clients: 4
[2026/09/25 17:52:53:3194] N: WS   /ws - (unix skt), clients: 5
[2026/09/25 17:52:53:3194] N: WS   /ws - (unix skt), clients: 6
[2026/09/25 17:52:53:3194] N: WS   /ws - (unix skt), clients: 7
[2026/09/25 17:52:53:3194] N: WS   /ws - (unix skt), clients: 8
[2026/09/25 17:52:53:3194] N: WS   /ws - (unix skt), clients: 9
[2026/09/25 17:52:53:3194] N: WS   /ws - (unix skt), clients: 10
[2026/09/25 17:52:53:3198] N: started process, pid: 21106
[2026/09/25 17:52:53:3202] N: started process, pid: 21107
[2026/09/25 17:52:53:3206] N: started process, pid: 21108
[2026/09/25 17:52:53:3213] N: started process, pid: 21109
[2026/09/25 17:52:53:3219] N: started process, pid: 21110
[2026/09/25 17:52:53:3224] N: started process, pid: 21111
[2026/09/25 17:52:53:3230] N: started process, pid: 21112
[2026/09/25 17:52:53:3246] N: started process, pid: 21115
[2026/09/25 17:52:53:3250] N: started process, pid: 21126
[2026/09/25 17:52:53:3258] N: started process, pid: 21127
[2026/09/25 17:52:53:4510] N: WS closed from (unix skt), clients: 9
[2026/09/25 17:52:53:4510] N: killing process, pid: 21108
[2026/09/25 17:52:53:4513] N: process killed with signal 1, pid: 21108
[2026/09/25 17:52:53:4757] N: WS closed from (unix skt), clients: 8
[2026/09/25 17:52:53:4757] N: killing process, pid: 21111
[2026/09/25 17:52:53:4762] N: process killed with signal 1, pid: 21111
[2026/09/25 17:52:53:5916] N: WS closed from (unix skt), clients: 7
[2026/09/25 17:52:53:5916] N: killing process, pid: 21107
[2026/09/25 17:52:53:5920] N: process killed with signal 0, pid: 21107
[2026/09/25 17:52:53:6378] N: WS closed from (unix skt), clients: 6
[2026/09/25 17:52:53:6379] N: killing process, pid: 21106
[2026/09/25 17:52:53:6382] N: process killed with signal 0, pid: 21106
[2026/09/25 17:52:53:6529] N: WS closed from (unix skt), clients: 5
[2026/09/25 17:52:53:6529] N: killing process, pid: 21126
[2026/09/25 17:52:53:6533] N: process killed with signal 0, pid: 21126
[2026/09/25 17:52:53:6661] N: WS closed from (unix skt), clients: 4
[2026/09/25 17:52:53:6661] N: killing process, pid: 21115
[2026/09/25 17:52:53:6664] N: process killed with signal 0, pid: 21115
[2026/09/25 17:52:54:1916] N: WS closed from (unix skt), clients: 3
[2026/09/25 17:52:54:1916] N: killing process, pid: 21127
[2026/09/25 17:52:54:1920] N: process killed with signal 0, pid: 21127
[2026/09/25 17:52:54:2060] N: WS closed from (unix skt), clients: 2
[2026/09/25 17:52:54:2060] N: killing process, pid: 21110
[2026/09/25 17:52:54:2065] N: process killed with signal 0, pid: 21110
[2026/09/25 17:52:55:3219] N: WS closed from (unix skt), clients: 1
[2026/09/25 17:52:55:3219] N: killing process, pid: 21112
[2026/09/25 17:52:55:3220] N: WS closed from (unix skt), clients: 0
[2026/09/25 17:52:55:3220] N: killing process, pid: 21109
[2026/09/25 17:52:55:3230] N: process killed with signal 0, pid: 21109
[2026/09/25 17:52:55:3231] N: process killed with signal 0, pid: 21112
[2026/09/25 17:52:55:3301] N: WS   /ws - (unix skt), clients: 1
[2026/09/25 17:52:55:3301] N: WS   /ws - (unix skt), clients: 2
[2026/09/25 17:52:55:3301] N: WS   /ws - (unix skt), clients: 3
[2026/09/25 17:52:55:3301] N: WS   /ws - (unix skt), clients: 4
[2026/09/25 17:52:55:3301] N: WS   /ws - (unix skt), clients: 5
[2026/09/25 17:52:55:3302] N: WS   /ws - (unix skt), clients: 6
[2026/09/25 17:52:55:3302] N: WS   /ws - (unix skt), clients: 7
[2026/09/25 17:52:55:3302] N: WS   /ws - (unix skt), clients: 8
[2026/09/25 17:52:55:3302] N: WS   /ws - (unix skt), clients: 9
[2026/09/25 17:52:55:3302] N: WS   /ws - (unix skt), clients: 10
[2026/09/25 17:52:55:3307] N: started process, pid: 21754
[2026/09/25 17:52:55:3311] N: started process, pid: 21757
[2026/09/25 17:52:55:3316] N: started process, pid: 21758
[2026/09/25 17:52:55:3322] N: started process, pid: 21759
[2026/09/25 17:52:55:3329] N: started process, pid: 21760
[2026/09/25 17:52:55:3335] N: started process, pid: 21761
[2026/09/25 17:52:55:3347] N: started process, pid: 21763
[2026/09/25 17:52:55:3359] N: started process, pid: 21770
[2026/09/25 17:52:55:3372] N: started process, pid: 21780
[2026/09/25 17:52:55:3380] N: started process, pid: 21782
[2026/09/25 17:52:55:4256] N: WS closed from (unix skt), clients: 9
[2026/09/25 17:52:55:4257] N: killing process, pid: 21759
[2026/09/25 17:52:55:4260] N: process killed with signal 1, pid: 21759
[2026/09/25 17:52:55:5014] N: WS closed from (unix skt), clients: 8
[2026/09/25 17:52:55:5015] N: killing process, pid: 21780
[2026/09/25 17:52:55:5016] N: process killed with signal 1, pid: 21780
[2026/09/25 17:52:55:6008] N: WS closed from (unix skt), clients: 7
[2026/09/25 17:52:55:6008] N: killing process, pid: 21757
[2026/09/25 17:52:55:6013] N: process killed with signal 0, pid: 21757
[2026/09/25 17:52:55:6412] N: WS closed from (unix skt), clients: 6
[2026/09/25 17:52:55:6412] N: killing process, pid: 21754
[2026/09/25 17:52:55:6418] N: process killed with signal 0, pid: 21754
[2026/09/25 17:52:55:6797] N: WS closed from (unix skt), clients: 5
[2026/09/25 17:52:55:6797] N: killing process, pid: 21761
[2026/09/25 17:52:55:6803] N: process killed with signal 0, pid: 21761
[2026/09/25 17:52:55:7028] N: WS closed from (unix skt), clients: 4
[2026/09/25 17:52:55:7028] N: killing process, pid: 21763
[2026/09/25 17:52:55:7033] N: process killed with signal 0, pid: 21763
[2026/09/25 17:52:56:1563] N: WS closed from (unix skt), clients: 3
[2026/09/25 17:52:56:1564] N: killing process, pid: 21758
[2026/09/25 17:52:56:1578] N: process killed with signal 0, pid: 21758
[2026/09/25 17:52:56:2049] N: WS closed from (unix skt), clients: 2
[2026/09/25 17:52:56:2049] N: killing process, pid: 21770
[2026/09/25 17:52:56:2053] N: process killed with signal 0, pid: 21770
[2026/09/25 17:52:57:3303] N: WS closed from (unix skt), clients: 1
[2026/09/25 17:52:57:3303] N: killing process, pid: 21760
[2026/09/25 17:52:57:3303] N: WS closed from (unix skt), clients: 0
[2026/09/25 17:52:57:3303] N: killing process, pid: 21782
[2026/09/25 17:52:57:3310] N: process killed with signal 0, pid: 21760
[2026/09/25 17:52:57:3310] N: process killed with signal 0, pid: 21782
[2026/09/25 17:52:57:3367] N: WS   /ws - (unix skt), clients: 1
[2026/09/25 17:52:57:3367] N: WS   /ws - (unix skt), clients: 2
[2026/09/25 17:52:57:3367] N: WS   /ws - (unix skt), clients: 3
[2026/09/25 17:52:57:3367] N: WS   /ws - (unix skt), clients: 4
[2026/09/25 17:52:57:3367] N: WS   /ws - (unix skt), clients: 5
[2026/09/25 17:52:57:3367] N: WS   /ws - (unix skt), clients: 6
[2026/09/25 17:52:57:3367] N: WS   /ws - (unix skt), clients: 7
[2026/09/25 17:52:57:3367] N: WS   /ws - (unix skt), clients: 8
[2026/09/25 17:52:57:3367] N: WS   /ws - (unix skt), clients: 9
[2026/09/25 17:52:57:3371] N: started process, pid: 22201
[2026/09/25 17:52:57:3372] N: WS   /ws - (unix skt), clients: 10
[2026/09/25 17:52:57:3374] N: started process, pid: 22202
[2026/09/25 17:52:57:3378] N: started process, pid: 22203
[2026/09/25 17:52:57:3384] N: started process, pid: 22204
[2026/09/25 17:52:57:3389] N: started process, pid: 22205
[2026/09/25 17:52:57:3394] N: started process, pid: 22206
[2026/09/25 17:52:57:3401] N: started process, pid: 22207
[2026/09/25 17:52:57:3409] N: started process, pid: 22210
[2026/09/25 17:52:57:3417] N: started process, pid: 22214
[2026/09/25 17:52:57:3428] N: started process, pid: 22219
[2026/09/25 17:52:57:5191] N: WS closed from (unix skt), clients: 9
[2026/09/25 17:52:57:5192] N: killing process, pid: 22205
[2026/09/25 17:52:57:5204] N: process killed with signal 1, pid: 22205
[2026/09/25 17:52:57:5362] N: WS closed from (unix skt), clients: 8
[2026/09/25 17:52:57:5362] N: killing process, pid: 22219
[2026/09/25 17:52:57:5369] N: process killed with signal 1, pid: 22219
[2026/09/25 17:52:57:6314] N: WS closed from (unix skt), clients: 7
[2026/09/25 17:52:57:6314] N: killing process, pid: 22202
[2026/09/25 17:52:57:6319] N: process killed with signal 0, pid: 22202
[2026/09/25 17:52:57:6490] N: WS closed from (unix skt), clients: 6
[2026/09/25 17:52:57:6490] N: killing process, pid: 22201
[2026/09/25 17:52:57:6505] N: process killed with signal 0, pid: 22201
[2026/09/25 17:52:57:7370] N: WS closed from (unix skt), clients: 5
[2026/09/25 17:52:57:7370] N: killing process, pid: 22210
[2026/09/25 17:52:57:7380] N: process killed with signal 0, pid: 22210
[2026/09/25 17:52:57:7431] N: WS closed from (unix skt), clients: 4
[2026/09/25 17:52:57:7432] N: killing process, pid: 22207
[2026/09/25 17:52:57:7444] N: process killed with signal 0, pid: 22207
[2026/09/25 17:52:58:1984] N: WS closed from (unix skt), clients: 3
[2026/09/25 17:52:58:1984] N: killing process, pid: 22204
[2026/09/25 17:52:58:2025] N: process killed with signal 0, pid: 22204
[2026/09/25 17:52:58:2130] N: WS closed from (unix skt), clients: 2
[2026/09/25 17:52:58:2132] N: killing process, pid: 22214
[2026/09/25 17:52:58:2168] N: process killed with signal 0, pid: 22214
[2026/09/25 17:52:59:3416] N: WS closed from (unix skt), clients: 1
[2026/09/25 17:52:59:3417] N: killing process, pid: 22206
[2026/09/25 17:52:59:3417] N: WS closed from (unix skt), clients: 0
[2026/09/25 17:52:59:3417] N: killing process, pid: 22203
[2026/09/25 17:52:59:3546] N: process killed with signal 0, pid: 22203
[2026/09/25 17:52:59:3547] N: process killed with signal 0, pid: 22206
[2026/09/25 17:52:59:4431] N: WS   /ws - (unix skt), clients: 1
[2026/09/25 17:52:59:4431] N: WS   /ws - (unix skt), clients: 2
[2026/09/25 17:52:59:4432] N: WS   /ws - (unix skt), clients: 3
[2026/09/25 17:52:59:4432] N: WS   /ws - (unix skt), clients: 4
[2026/09/25 17:52:59:4432] N: WS   /ws - (unix skt), clients: 5
[2026/09/25 17:52:59:4432] N: WS   /ws - (unix skt), clients: 6
[2026/09/25 17:52:59:4432] N: WS   /ws - (unix skt), clients: 7
[2026/09/25 17:52:59:4432] N: WS   /ws - (unix skt), clients: 8
[2026/09/25 17:52:59:4454] N: started process, pid: 22569
[2026/09/25 17:52:59:4456] N: WS   /ws - (unix skt), clients: 9
[2026/09/25 17:52:59:4456] N: WS   /ws - (unix skt), clients: 10
[2026/09/25 17:52:59:4463] N: started process, pid: 22570
[2026/09/25 17:52:59:4469] N: started process, pid: 22571
[2026/09/25 17:52:59:4480] N: started process, pid: 22572
[2026/09/25 17:52:59:4488] N: started process, pid: 22573
[2026/09/25 17:52:59:4517] N: started process, pid: 22575
[2026/09/25 17:52:59:4557] N: started process, pid: 22589
[2026/09/25 17:52:59:4587] N: started process, pid: 22600
[2026/09/25 17:52:59:4599] N: started process, pid: 22603
[2026/09/25 17:52:59:4628] N: started process, pid: 22606
[2026/09/25 17:52:59:7123] N: WS closed from (unix skt), clients: 9
[2026/09/25 17:52:59:7123] N: killing process, pid: 22569
[2026/09/25 17:52:59:7128] N: process killed with signal 0, pid: 22569
[2026/09/25 17:52:59:7422] N: WS closed from (unix skt), clients: 8
[2026/09/25 17:52:59:7422] N: killing process, pid: 22571
[2026/09/25 17:52:59:7426] N: process killed with signal 1, pid: 22571
[2026/09/25 17:52:59:7781] N: WS closed from (unix skt), clients: 7
[2026/09/25 17:52:59:7781] N: killing process, pid: 22575
[2026/09/25 17:52:59:7784] N: process killed with signal 1, pid: 22575
[2026/09/25 17:52:59:8414] N: WS closed from (unix skt), clients: 6
[2026/09/25 17:52:59:8415] N: killing process, pid: 22570
[2026/09/25 17:52:59:8568] N: process killed with signal 0, pid: 22570
[2026/09/25 17:52:59:9799] N: WS closed from (unix skt), clients: 5
[2026/09/25 17:52:59:9800] N: killing process, pid: 22600
[2026/09/25 17:52:59:9813] N: process killed with signal 0, pid: 22600
[2026/09/25 17:53:00:0355] N: WS closed from (unix skt), clients: 4
[2026/09/25 17:53:00:0356] N: killing process, pid: 22603
[2026/09/25 17:53:00:0371] N: process killed with signal 0, pid: 22603
[2026/09/25 17:53:00:3152] N: WS closed from (unix skt), clients: 3
[2026/09/25 17:53:00:3153] N: killing process, pid: 22573
[2026/09/25 17:53:00:3163] N: process killed with signal 0, pid: 22573
[2026/09/25 17:53:00:5385] N: WS closed from (unix skt), clients: 2
[2026/09/25 17:53:00:5386] N: killing process, pid: 22606
[2026/09/25 17:53:00:5394] N: process killed with signal 0, pid: 22606
[2026/09/25 17:53:01:4501] N: WS closed from (unix skt), clients: 1
[2026/09/25 17:53:01:4501] N: killing process, pid: 22589
[2026/09/25 17:53:01:4502] N: WS closed from (unix skt), clients: 0
[2026/09/25 17:53:01:4502] N: killing process, pid: 22572
[2026/09/25 17:53:01:4515] N: process killed with signal 0, pid: 22572
[2026/09/25 17:53:01:4515] N: process killed with signal 0, pid: 22589
[2026/09/25 17:53:01:4789] N: WS   /ws - (unix skt), clients: 1
[2026/09/25 17:53:01:4789] N: WS   /ws - (unix skt), clients: 2
[2026/09/25 17:53:01:4790] N: WS   /ws - (unix skt), clients: 3
[2026/09/25 17:53:01:4790] N: WS   /ws - (unix skt), clients: 4
[2026/09/25 17:53:01:4790] N: WS   /ws - (unix skt), clients: 5
[2026/09/25 17:53:01:4790] N: WS   /ws - (unix skt), clients: 6
[2026/09/25 17:53:01:4790] N: WS   /ws - (unix skt), clients: 7
[2026/09/25 17:53:01:4790] N: WS   /ws - (unix skt), clients: 8
[2026/09/25 17:53:01:4790] N: WS   /ws - (unix skt), clients: 9
[2026/09/25 17:53:01:4791] N: WS   /ws - (unix skt), clients: 10
[2026/09/25 17:53:01:4809] N: started process, pid: 22914
[2026/09/25 17:53:01:4827] N: started process, pid: 22915
[2026/09/25 17:53:01:4839] N: started process, pid: 22916
[2026/09/25 17:53:01:4846] N: started process, pid: 22917
[2026/09/25 17:53:01:4854] N: started process, pid: 22918
[2026/09/25 17:53:01:4864] N: started process, pid: 22919
[2026/09/25 17:53:01:4874] N: started process, pid: 22921
[2026/09/25 17:53:01:4885] N: started process, pid: 22927
[2026/09/25 17:53:01:4897] N: started process, pid: 22930
[2026/09/25 17:53:01:4911] N: started process, pid: 22933
[2026/09/25 17:53:01:6507] N: WS closed from (unix skt), clients: 9
[2026/09/25 17:53:01:6508] N: killing process, pid: 22917
[2026/09/25 17:53:01:6512] N: process killed with signal 1, pid: 22917
[2026/09/25 17:53:01:7538] N: WS closed from (unix skt), clients: 8
[2026/09/25 17:53:01:7538] N: killing process, pid: 22914
[2026/09/25 17:53:01:7563] N: process killed with signal 0, pid: 22914
[2026/09/25 17:53:01:7753] N: WS closed from (unix skt), clients: 7
[2026/09/25 17:53:01:7754] N: killing process, pid: 22930
[2026/09/25 17:53:01:7758] N: process killed with signal 1, pid: 22930
[2026/09/25 17:53:01:8983] N: WS closed from (unix skt), clients: 6
[2026/09/25 17:53:01:8983] N: killing process, pid: 22915
[2026/09/25 17:53:01:8993] N: process killed with signal 0, pid: 22915
[2026/09/25 17:53:01:9421] N: WS closed from (unix skt), clients: 5
[2026/09/25 17:53:01:9422] N: killing process, pid: 22921
[2026/09/25 17:53:01:9559] N: process killed with signal 0, pid: 22921
[2026/09/25 17:53:02:0295] N: WS closed from (unix skt), clients: 4
[2026/09/25 17:53:02:0295] N: killing process, pid: 22919
[2026/09/25 17:53:02:0344] N: process killed with signal 0, pid: 22919
[2026/09/25 17:53:02:4252] N: WS closed from (unix skt), clients: 3
[2026/09/25 17:53:02:4252] N: killing process, pid: 22916
[2026/09/25 17:53:02:4261] N: process killed with signal 0, pid: 22916
[2026/09/25 17:53:02:5272] N: WS closed from (unix skt), clients: 2
[2026/09/25 17:53:02:5272] N: killing process, pid: 22927
[2026/09/25 17:53:02:5283] N: process killed with signal 0, pid: 22927
[2026/09/25 17:53:03:4791] N: WS closed from (unix skt), clients: 1
[2026/09/25 17:53:03:4791] N: killing process, pid: 22918
[2026/09/25 17:53:03:4792] N: WS closed from (unix skt), clients: 0
[2026/09/25 17:53:03:4792] N: killing process, pid: 22933
[2026/09/25 17:53:03:4803] N: process killed with signal 0, pid: 22918
[2026/09/25 17:53:03:4804] N: process killed with signal 0, pid: 22933
[2026/09/25 17:53:03:4939] N: WS   /ws - (unix skt), clients: 1
[2026/09/25 17:53:03:4939] N: WS   /ws - (unix skt), clients: 2
[2026/09/25 17:53:03:4940] N: WS   /ws - (unix skt), clients: 3
[2026/09/25 17:53:03:4940] N: WS   /ws - (unix skt), clients: 4
[2026/09/25 17:53:03:4940] N: WS   /ws - (unix skt), clients: 5
[2026/09/25 17:53:03:4940] N: WS   /ws - (unix skt), clients: 6
[2026/09/25 17:53:03:4940] N: WS   /ws - (unix skt), clients: 7
[2026/09/25 17:53:03:4940] N: WS   /ws - (unix skt), clients: 8
[2026/09/25 17:53:03:4941] N: WS   /ws - (unix skt), clients: 9
[2026/09/25 17:53:03:4941] N: WS   /ws - (unix skt), clients: 10
[2026/09/25 17:53:03:4955] N: started process, pid: 23226
[2026/09/25 17:53:03:4966] N: started process, pid: 23227
[2026/09/25 17:53:03:4976] N: started process, pid: 23228
[2026/09/25 17:53:03:4984] N: started process, pid: 23230
[2026/09/25 17:53:03:4993] N: started process, pid: 23231
[2026/09/25 17:53:03:5000] N: started process, pid: 23233
[2026/09/25 17:53:03:5009] N: started process, pid: 23234
[2026/09/25 17:53:03:5016] N: started process, pid: 23236
[2026/09/25 17:53:03:5027] N: started process, pid: 23242
[2026/09/25 17:53:03:5040] N: started process, pid: 23249
[2026/09/25 17:53:03:6643] N: WS closed from (unix skt), clients: 9
[2026/09/25 17:53:03:6643] N: killing process, pid: 23230
[2026/09/25 17:53:03:6648] N: process killed with signal 1, pid: 23230
[2026/09/25 17:53:03:7801] N: WS closed from (unix skt), clients: 8
[2026/09/25 17:53:03:7801] N: killing process, pid: 23227
[2026/09/25 17:53:03:7809] N: process killed with signal 0, pid: 23227
[2026/09/25 17:53:03:8227] N: WS closed from (unix skt), clients: 7
[2026/09/25 17:53:03:8227] N: killing process, pid: 23226
[2026/09/25 17:53:03:8259] N: process killed with signal 0, pid: 23226
[2026/09/25 17:53:03:8454] N: WS closed from (unix skt), clients: 6
[2026/09/25 17:53:03:8455] N: killing process, pid: 23242
[2026/09/25 17:53:03:8458] N: process killed with signal 1, pid: 23242
[2026/09/25 17:53:03:9226] N: WS closed from (unix skt), clients: 5
[2026/09/25 17:53:03:9227] N: killing process, pid: 23233
[2026/09/25 17:53:03:9237] N: process killed with signal 0, pid: 23233
[2026/09/25 17:53:04:0500] N: WS closed from (unix skt), clients: 4
[2026/09/25 17:53:04:0500] N: killing process, pid: 23234
[2026/09/25 17:53:04:0507] N: process killed with signal 0, pid: 23234
[2026/09/25 17:53:04:3456] N: WS closed from (unix skt), clients: 3
[2026/09/25 17:53:04:3457] N: killing process, pid: 23228
[2026/09/25 17:53:04:3507] N: process killed with signal 0, pid: 23228
[2026/09/25 17:53:04:5166] N: WS closed from (unix skt), clients: 2
[2026/09/25 17:53:04:5167] N: killing process, pid: 23236
[2026/09/25 17:53:04:5188] N: process killed with signal 0, pid: 23236
[2026/09/25 17:53:05:4949] N: WS closed from (unix skt), clients: 1
[2026/09/25 17:53:05:4950] N: killing process, pid: 23231
[2026/09/25 17:53:05:4951] N: WS closed from (unix skt), clients: 0
[2026/09/25 17:53:05:4951] N: killing process, pid: 23249
[2026/09/25 17:53:05:4963] N: process killed with signal 0, pid: 23231
[2026/09/25 17:53:05:4964] N: process killed with signal 0, pid: 23249
[2026/09/25 17:53:05:5179] N: WS   /ws - (unix skt), clients: 1
[2026/09/25 17:53:05:5180] N: WS   /ws - (unix skt), clients: 2
[2026/09/25 17:53:05:5180] N: WS   /ws - (unix skt), clients: 3
[2026/09/25 17:53:05:5181] N: WS   /ws - (unix skt), clients: 4
[2026/09/25 17:53:05:5181] N: WS   /ws - (unix skt), clients: 5
[2026/09/25 17:53:05:5181] N: WS   /ws - (unix skt), clients: 6
[2026/09/25 17:53:05:5181] N: WS   /ws - (unix skt), clients: 7
[2026/09/25 17:53:05:5181] N: WS   /ws - (unix skt), clients: 8
[2026/09/25 17:53:05:5182] N: WS   /ws - (unix skt), clients: 9
[2026/09/25 17:53:05:5182] N: WS   /ws - (unix skt), clients: 10
[2026/09/25 17:53:05:5211] N: started process, pid: 23678
[2026/09/25 17:53:05:5225] N: started process, pid: 23679
[2026/09/25 17:53:05:5240] N: started process, pid: 23680
[2026/09/25 17:53:05:5247] N: started process, pid: 23681
[2026/09/25 17:53:05:5259] N: started process, pid: 23682
[2026/09/25 17:53:05:5265] N: started process, pid: 23683
[2026/09/25 17:53:05:5272] N: started process, pid: 23685
[2026/09/25 17:53:05:5286] N: started process, pid: 23689
[2026/09/25 17:53:05:5297] N: started process, pid: 23699
[2026/09/25 17:53:05:5312] N: started process, pid: 23704
[2026/09/25 17:53:05:7836] N: WS closed from (unix skt), clients: 9
[2026/09/25 17:53:05:7837] N: killing process, pid: 23681
[2026/09/25 17:53:05:7839] N: process killed with signal 1, pid: 23681
[2026/09/25 17:53:05:7939] N: WS closed from (unix skt), clients: 8
[2026/09/25 17:53:05:7939] N: killing process, pid: 23678
[2026/09/25 17:53:05:8436] N: process killed with signal 0, pid: 23678
[2026/09/25 17:53:05:8924] N: WS closed from (unix skt), clients: 7
[2026/09/25 17:53:05:8924] N: killing process, pid: 23679
[2026/09/25 17:53:05:9229] N: process killed with signal 0, pid: 23679
[2026/09/25 17:53:05:9262] N: WS closed from (unix skt), clients: 6
[2026/09/25 17:53:05:9262] N: killing process, pid: 23699
[2026/09/25 17:53:05:9267] N: process killed with signal 1, pid: 23699
[2026/09/25 17:53:05:9305] N: WS closed from (unix skt), clients: 5
[2026/09/25 17:53:05:9305] N: killing process, pid: 23683
[2026/09/25 17:53:05:9354] N: process killed with signal 0, pid: 23683
[2026/09/25 17:53:06:1028] N: WS closed from (unix skt), clients: 4
[2026/09/25 17:53:06:1029] N: killing process, pid: 23685
[2026/09/25 17:53:06:1040] N: process killed with signal 0, pid: 23685
[2026/09/25 17:53:06:3638] N: WS closed from (unix skt), clients: 3
[2026/09/25 17:53:06:3638] N: killing process, pid: 23680
[2026/09/25 17:53:06:3649] N: process killed with signal 0, pid: 23680
[2026/09/25 17:53:06:6282] N: WS closed from (unix skt), clients: 2
[2026/09/25 17:53:06:6283] N: killing process, pid: 23689
[2026/09/25 17:53:06:6294] N: process killed with signal 0, pid: 23689
[2026/09/25 17:53:07:5202] N: WS closed from (unix skt), clients: 1
[2026/09/25 17:53:07:5203] N: killing process, pid: 23682
[2026/09/25 17:53:07:5203] N: WS closed from (unix skt), clients: 0
[2026/09/25 17:53:07:5203] N: killing process, pid: 23704
[2026/09/25 17:53:07:5248] N: process killed with signal 0, pid: 23704
[2026/09/25 17:53:07:5248] N: process killed with signal 0, pid: 23682
[2026/09/25 17:53:07:5387] N: WS   /ws - (unix skt), clients: 1
[2026/09/25 17:53:07:5388] N: WS   /ws - (unix skt), clients: 2
[2026/09/25 17:53:07:5388] N: WS   /ws - (unix skt), clients: 3
[2026/09/25 17:53:07:5388] N: WS   /ws - (unix skt), clients: 4
[2026/09/25 17:53:07:5388] N: WS   /ws - (unix skt), clients: 5
[2026/09/25 17:53:07:5388] N: WS   /ws - (unix skt), clients: 6
[2026/09/25 17:53:07:5388] N: WS   /ws - (unix skt), clients: 7
[2026/09/25 17:53:07:5388] N: WS   /ws - (unix skt), clients: 8
[2026/09/25 17:53:07:5389] N: WS   /ws - (unix skt), clients: 9
[2026/09/25 17:53:07:5389] N: WS   /ws - (unix skt), clients: 10
[2026/09/25 17:53:07:5398] N: started process, pid: 23999
[2026/09/25 17:53:07:5407] N: started process, pid: 24000
[2026/09/25 17:53:07:5437] N: started process, pid: 24001
[2026/09/25 17:53:07:5458] N: started process, pid: 24002
[2026/09/25 17:53:07:5472] N: started process, pid: 24003
[2026/09/25 17:53:07:5479] N: started process, pid: 24004
[2026/09/25 17:53:07:5489] N: started process, pid: 24005
[2026/09/25 17:53:07:5502] N: started process, pid: 24006
[2026/09/25 17:53:07:5512] N: started process, pid: 24010
[2026/09/25 17:53:07:5522] N: started process, pid: 24020
[2026/09/25 17:53:07:7087] N: WS closed from (unix skt), clients: 9
[2026/09/25 17:53:07:7088] N: killing process, pid: 24001
[2026/09/25 17:53:07:7092] N: process killed with signal 1, pid: 24001
[2026/09/25 17:53:07:9084] N: WS closed from (unix skt), clients: 8
[2026/09/25 17:53:07:9085] N: killing process, pid: 24003
[2026/09/25 17:53:07:9085] N: WS closed from (unix skt), clients: 7
[2026/09/25 17:53:07:9085] N: killing process, pid: 23999
[2026/09/25 17:53:07:9094] N: process killed with signal 0, pid: 24003
[2026/09/25 17:53:07:9556] N: WS closed from (unix skt), clients: 6
[2026/09/25 17:53:07:9561] N: killing process, pid: 24010
[2026/09/25 17:53:07:9565] N: process killed with signal 1, pid: 24010
[2026/09/25 17:53:07:9580] N: process killed with signal 0, pid: 23999
[2026/09/25 17:53:08:1601] N: WS closed from (unix skt), clients: 5
[2026/09/25 17:53:08:1602] N: killing process, pid: 24006
[2026/09/25 17:53:08:1614] N: process killed with signal 0, pid: 24006
[2026/09/25 17:53:08:1618] N: WS closed from (unix skt), clients: 4
[2026/09/25 17:53:08:1618] N: killing process, pid: 24004
[2026/09/25 17:53:08:1675] N: process killed with signal 0, pid: 24004
[2026/09/25 17:53:08:4109] N: WS closed from (unix skt), clients: 3
[2026/09/25 17:53:08:4109] N: killing process, pid: 24000
[2026/09/25 17:53:08:4117] N: process killed with signal 0, pid: 24000
[2026/09/25 17:53:08:5733] N: WS closed from (unix skt), clients: 2
[2026/09/25 17:53:08:5734] N: killing process, pid: 24005
[2026/09/25 17:53:08:5747] N: process killed with signal 0, pid: 24005
[2026/09/25 17:53:09:5396] N: WS closed from (unix skt), clients: 1
[2026/09/25 17:53:09:5397] N: killing process, pid: 24002
[2026/09/25 17:53:09:5399] N: WS closed from (unix skt), clients: 0
[2026/09/25 17:53:09:5399] N: killing process, pid: 24020
[2026/09/25 17:53:09:5410] N: process killed with signal 0, pid: 24002
[2026/09/25 17:53:09:5411] N: process killed with signal 0, pid: 24020
[2026/09/25 17:53:09:5564] N: WS   /ws - (unix skt), clients: 1
[2026/09/25 17:53:09:5564] N: WS   /ws - (unix skt), clients: 2
[2026/09/25 17:53:09:5565] N: WS   /ws - (unix skt), clients: 3
[2026/09/25 17:53:09:5565] N: WS   /ws - (unix skt), clients: 4
[2026/09/25 17:53:09:5565] N: WS   /ws - (unix skt), clients: 5
[2026/09/25 17:53:09:5565] N: WS   /ws - (unix skt), clients: 6
[2026/09/25 17:53:09:5565] N: WS   /ws - (unix skt), clients: 7
[2026/09/25 17:53:09:5567] N: WS   /ws - (unix skt), clients: 8
[2026/09/25 17:53:09:5586] N: started process, pid: 24317
[2026/09/25 17:53:09:5595] N: started process, pid: 24318
[2026/09/25 17:53:09:5605] N: started process, pid: 24319
[2026/09/25 17:53:09:5614] N: started process, pid: 24320
[2026/09/25 17:53:09:5621] N: started process, pid: 24321
[2026/09/25 17:53:09:5622] N: WS   /ws - (unix skt), clients: 9
[2026/09/25 17:53:09:5622] N: WS   /ws - (unix skt), clients: 10
[2026/09/25 17:53:09:5629] N: started process, pid: 24322
[2026/09/25 17:53:09:5636] N: started process, pid: 24323
[2026/09/25 17:53:09:5651] N: started process, pid: 24325
[2026/09/25 17:53:09:5675] N: started process, pid: 24330
[2026/09/25 17:53:09:5704] N: started process, pid: 24341
[2026/09/25 17:53:09:6599] N: WS closed from (unix skt), clients: 9
[2026/09/25 17:53:09:6599] N: killing process, pid: 24320
[2026/09/25 17:53:09:6603] N: process killed with signal 1, pid: 24320
[2026/09/25 17:53:09:9241] N: WS closed from (unix skt), clients: 8
[2026/09/25 17:53:09:9242] N: killing process, pid: 24330
[2026/09/25 17:53:09:9246] N: process killed with signal 1, pid: 24330
[2026/09/25 17:53:09:9980] N: WS closed from (unix skt), clients: 7
[2026/09/25 17:53:09:9980] N: killing process, pid: 24318
[2026/09/25 17:53:09:9995] N: process killed with signal 0, pid: 24318
[2026/09/25 17:53:10:0277] N: WS closed from (unix skt), clients: 6
[2026/09/25 17:53:10:0278] N: killing process, pid: 24323
[2026/09/25 17:53:10:0287] N: process killed with signal 0, pid: 24323
[2026/09/25 17:53:10:0824] N: WS closed from (unix skt), clients: 5
[2026/09/25 17:53:10:0824] N: killing process, pid: 24317
[2026/09/25 17:53:10:0918] N: process killed with signal 0, pid: 24317
[2026/09/25 17:53:10:1663] N: WS closed from (unix skt), clients: 4
[2026/09/25 17:53:10:1664] N: killing process, pid: 24322
[2026/09/25 17:53:10:1691] N: process killed with signal 0, pid: 24322
[2026/09/25 17:53:10:6972] N: WS closed from (unix skt), clients: 3
[2026/09/25 17:53:10:6973] N: killing process, pid: 24319
[2026/09/25 17:53:10:6980] N: process killed with signal 0, pid: 24319
[2026/09/25 17:53:10:7115] N: WS closed from (unix skt), clients: 2
[2026/09/25 17:53:10:7115] N: killing process, pid: 24325
[2026/09/25 17:53:10:7123] N: process killed with signal 0, pid: 24325
[2026/09/25 17:53:11:5575] N: WS closed from (unix skt), clients: 1
[2026/09/25 17:53:11:5576] N: killing process, pid: 24321
[2026/09/25 17:53:11:5584] N: process killed with signal 0, pid: 24321
[2026/09/25 17:53:11:5630] N: WS closed from (unix skt), clients: 0
[2026/09/25 17:53:11:5630] N: killing process, pid: 24341
[2026/09/25 17:53:11:5643] N: process killed with signal 0, pid: 24341
[2026/09/25 17:53:11:5826] N: WS   /ws - (unix skt), clients: 1
[2026/09/25 17:53:11:5826] N: WS   /ws - (unix skt), clients: 2
[2026/09/25 17:53:11:5826] N: WS   /ws - (unix skt), clients: 3
[2026/09/25 17:53:11:5826] N: WS   /ws - (unix skt), clients: 4
[2026/09/25 17:53:11:5827] N: WS   /ws - (unix skt), clients: 5
[2026/09/25 17:53:11:5828] N: WS   /ws - (unix skt), clients: 6
[2026/09/25 17:53:11:5828] N: WS   /ws - (unix skt), clients: 7
[2026/09/25 17:53:11:5829] N: WS   /ws - (unix skt), clients: 8
[2026/09/25 17:53:11:5830] N: WS   /ws - (unix skt), clients: 9
[2026/09/25 17:53:11:5851] N: started process, pid: 24917
[2026/09/25 17:53:11:5860] N: started process, pid: 24919
[2026/09/25 17:53:11:5868] N: started process, pid: 24920
[2026/09/25 17:53:11:5891] N: started process, pid: 24921
[2026/09/25 17:53:11:5911] N: started process, pid: 24923
[2026/09/25 17:53:11:5932] N: started process, pid: 24924
[2026/09/25 17:53:11:5944] N: started process, pid: 24925
[2026/09/25 17:53:11:5956] N: started process, pid: 24927
[2026/09/25 17:53:11:5957] N: WS   /ws - (unix skt), clients: 10
[2026/09/25 17:53:11:5977] N: started process, pid: 24934
[2026/09/25 17:53:11:5995] N: started process, pid: 24943
[2026/09/25 17:53:11:6607] N: WS closed from (unix skt), clients: 9
[2026/09/25 17:53:11:6607] N: killing process, pid: 24921
[2026/09/25 17:53:11:6611] N: process killed with signal 1, pid: 24921
[2026/09/25 17:53:11:9678] N: WS closed from (unix skt), clients: 8
[2026/09/25 17:53:11:9678] N: killing process, pid: 24919
[2026/09/25 17:53:11:9688] N: process killed with signal 0, pid: 24919
[2026/09/25 17:53:11:9832] N: WS closed from (unix skt), clients: 7
[2026/09/25 17:53:11:9833] N: killing process, pid: 24917
[2026/09/25 17:53:12:0246] N: process killed with signal 0, pid: 24917
[2026/09/25 17:53:12:0453] N: WS closed from (unix skt), clients: 6
[2026/09/25 17:53:12:0454] N: killing process, pid: 24924
[2026/09/25 17:53:12:0471] N: process killed with signal 0, pid: 24924
[2026/09/25 17:53:12:0517] N: WS closed from (unix skt), clients: 5
[2026/09/25 17:53:12:0517] N: killing process, pid: 24934
[2026/09/25 17:53:12:0520] N: process killed with signal 1, pid: 24934
[2026/09/25 17:53:12:2274] N: WS closed from (unix skt), clients: 4
[2026/09/25 17:53:12:2275] N: killing process, pid: 24925
[2026/09/25 17:53:12:2285] N: process killed with signal 0, pid: 24925
[2026/09/25 17:53:12:6287] N: WS closed from (unix skt), clients: 3
[2026/09/25 17:53:12:6287] N: killing process, pid: 24920
[2026/09/25 17:53:12:6331] N: process killed with signal 0, pid: 24920
[2026/09/25 17:53:12:6396] N: WS closed from (unix skt), clients: 2
[2026/09/25 17:53:12:6397] N: killing process, pid: 24927
[2026/09/25 17:53:12:6501] N: process killed with signal 0, pid: 24927
[2026/09/25 17:53:13:5851] N: WS closed from (unix skt), clients: 1
[2026/09/25 17:53:13:5851] N: killing process, pid: 24923
[2026/09/25 17:53:13:5859] N: process killed with signal 0, pid: 24923
[2026/09/25 17:53:13:5980] N: WS closed from (unix skt), clients: 0
[2026/09/25 17:53:13:5980] N: killing process, pid: 24943
[2026/09/25 17:53:13:5995] N: process killed with signal 0, pid: 24943
[2026/09/25 17:53:13:6176] N: WS   /ws - (unix skt), clients: 1
[2026/09/25 17:53:13:6176] N: WS   /ws - (unix skt), clients: 2
[2026/09/25 17:53:13:6176] N: WS   /ws - (unix skt), clients: 3
[2026/09/25 17:53:13:6177] N: WS   /ws - (unix skt), clients: 4
[2026/09/25 17:53:13:6177] N: WS   /ws - (unix skt), clients: 5
[2026/09/25 17:53:13:6177] N: WS   /ws - (unix skt), clients: 6
[2026/09/25 17:53:13:6177] N: WS   /ws - (unix skt), clients: 7
[2026/09/25 17:53:13:6177] N: WS   /ws - (unix skt), clients: 8
[2026/09/25 17:53:13:6187] N: started process, pid: 25235
[2026/09/25 17:53:13:6188] N: WS   /ws - (unix skt), clients: 9
[2026/09/25 17:53:13:6189] N: WS   /ws - (unix skt), clients: 10
[2026/09/25 17:53:13:6207] N: started process, pid: 25237
[2026/09/25 17:53:13:6224] N: started process, pid: 25238
[2026/09/25 17:53:13:6232] N: started process, pid: 25239
[2026/09/25 17:53:13:6249] N: started process, pid: 25240
[2026/09/25 17:53:13:6256] N: started process, pid: 25241
[2026/09/25 17:53:13:6262] N: started process, pid: 25242
[2026/09/25 17:53:13:6277] N: started process, pid: 25243
[2026/09/25 17:53:13:6288] N: started process, pid: 25246
[2026/09/25 17:53:13:6307] N: started process, pid: 25250
[2026/09/25 17:53:13:8656] N: WS closed from (unix skt), clients: 9
[2026/09/25 17:53:13:8656] N: killing process, pid: 25238
[2026/09/25 17:53:13:8660] N: process killed with signal 1, pid: 25238
[2026/09/25 17:53:13:8972] N: WS closed from (unix skt), clients: 8
[2026/09/25 17:53:13:8973] N: killing process, pid: 25235
[2026/09/25 17:53:13:9405] N: process killed with signal 0, pid: 25235
[2026/09/25 17:53:14:0641] N: WS closed from (unix skt), clients: 7
[2026/09/25 17:53:14:0641] N: killing process, pid: 25241
[2026/09/25 17:53:14:0645] N: process killed with signal 1, pid: 25241
[2026/09/25 17:53:14:1131] N: WS closed from (unix skt), clients: 6
[2026/09/25 17:53:14:1131] N: killing process, pid: 25237
[2026/09/25 17:53:14:1351] N: process killed with signal 0, pid: 25237
[2026/09/25 17:53:14:1360] N: WS closed from (unix skt), clients: 5
[2026/09/25 17:53:14:1361] N: killing process, pid: 25243
[2026/09/25 17:53:14:1398] N: process killed with signal 0, pid: 25243
[2026/09/25 17:53:14:2451] N: WS closed from (unix skt), clients: 4
[2026/09/25 17:53:14:2452] N: killing process, pid: 25246
[2026/09/25 17:53:14:2466] N: process killed with signal 0, pid: 25246
[2026/09/25 17:53:14:6132] N: WS closed from (unix skt), clients: 3
[2026/09/25 17:53:14:6133] N: killing process, pid: 25240
[2026/09/25 17:53:14:6152] N: process killed with signal 0, pid: 25240
[2026/09/25 17:53:14:8377] N: WS closed from (unix skt), clients: 2
[2026/09/25 17:53:14:8378] N: killing process, pid: 25250
[2026/09/25 17:53:14:8389] N: process killed with signal 0, pid: 25250
[2026/09/25 17:53:15:6194] N: WS closed from (unix skt), clients: 1
[2026/09/25 17:53:15:6195] N: killing process, pid: 25242
[2026/09/25 17:53:15:6195] N: WS closed from (unix skt), clients: 0
[2026/09/25 17:53:15:6195] N: killing process, pid: 25239
[2026/09/25 17:53:15:6233] N: process killed with signal 0, pid: 25239
[2026/09/25 17:53:15:6234] N: process killed with signal 0, pid: 25242
[2026/09/25 17:53:15:6326] N: WS   /ws - (unix skt), clients: 1
[2026/09/25 17:53:15:6327] N: WS   /ws - (unix skt), clients: 2
[2026/09/25 17:53:15:6327] N: WS   /ws - (unix skt), clients: 3
[2026/09/25 17:53:15:6327] N: WS   /ws - (unix skt), clients: 4
[2026/09/25 17:53:15:6327] N: WS   /ws - (unix skt), clients: 5
[2026/09/25 17:53:15:6327] N: WS   /ws - (unix skt), clients: 6
[2026/09/25 17:53:15:6327] N: WS   /ws - (unix skt), clients: 7
[2026/09/25 17:53:15:6327] N: WS   /ws - (unix skt), clients: 8
[2026/09/25 17:53:15:6327] N: WS   /ws - (unix skt), clients: 9
[2026/09/25 17:53:15:6327] N: WS   /ws - (unix skt), clients: 10
[2026/09/25 17:53:15:6339] N: started process, pid: 25911
[2026/09/25 17:53:15:6347] N: started process, pid: 25912
[2026/09/25 17:53:15:6352] N: started process, pid: 25913
[2026/09/25 17:53:15:6359] N: started process, pid: 25914
[2026/09/25 17:53:15:6366] N: started process, pid: 25915
[2026/09/25 17:53:15:6380] N: started process, pid: 25916
[2026/09/25 17:53:15:6392] N: started process, pid: 25919
[2026/09/25 17:53:15:6409] N: started process, pid: 25926
[2026/09/25 17:53:15:6424] N: started process, pid: 25938
[2026/09/25 17:53:15:6442] N: started process, pid: 25940
[2026/09/25 17:53:15:9086] N: WS closed from (unix skt), clients: 9
[2026/09/25 17:53:15:9088] N: killing process, pid: 25912
[2026/09/25 17:53:15:9258] N: WS closed from (unix skt), clients: 8
[2026/09/25 17:53:15:9258] N: killing process, pid: 25914
[2026/09/25 17:53:15:9262] N: process killed with signal 1, pid: 25914
[2026/09/25 17:53:16:0365] N: WS closed from (unix skt), clients: 7
[2026/09/25 17:53:16:0366] N: killing process, pid: 25911
[2026/09/25 17:53:16:0540] N: process killed with signal 0, pid: 25912
[2026/09/25 17:53:16:1372] N: process killed with signal 0, pid: 25911
[2026/09/25 17:53:16:2003] N: WS closed from (unix skt), clients: 6
[2026/09/25 17:53:16:2003] N: killing process, pid: 25938
[2026/09/25 17:53:16:2007] N: process killed with signal 1, pid: 25938
[2026/09/25 17:53:16:3239] N: WS closed from (unix skt), clients: 5
[2026/09/25 17:53:16:3240] N: killing process, pid: 25916
[2026/09/25 17:53:16:3256] N: process killed with signal 0, pid: 25916
[2026/09/25 17:53:16:3752] N: WS closed from (unix skt), clients: 4
[2026/09/25 17:53:16:3752] N: killing process, pid: 25919
[2026/09/25 17:53:16:3806] N: process killed with signal 0, pid: 25919
[2026/09/25 17:53:16:5898] N: WS closed from (unix skt), clients: 3
[2026/09/25 17:53:16:5898] N: killing process, pid: 25913
[2026/09/25 17:53:16:5904] N: process killed with signal 0, pid: 25913
[2026/09/25 17:53:16:7602] N: WS closed from (unix skt), clients: 2
[2026/09/25 17:53:16:7602] N: killing process, pid: 25926
[2026/09/25 17:53:16:7630] N: process killed with signal 0, pid: 25926
[2026/09/25 17:53:17:6356] N: WS closed from (unix skt), clients: 1
[2026/09/25 17:53:17:6357] N: killing process, pid: 25915
[2026/09/25 17:53:17:6357] N: WS closed from (unix skt), clients: 0
[2026/09/25 17:53:17:6357] N: killing process, pid: 25940
[2026/09/25 17:53:17:6400] N: process killed with signal 0, pid: 25915
[2026/09/25 17:53:17:6400] N: process killed with signal 0, pid: 25940
[2026/09/25 17:53:17:6588] N: WS   /ws - (unix skt), clients: 1
[2026/09/25 17:53:17:6588] N: WS   /ws - (unix skt), clients: 2
[2026/09/25 17:53:17:6589] N: WS   /ws - (unix skt), clients: 3
[2026/09/25 17:53:17:6589] N: WS   /ws - (unix skt), clients: 4
[2026/09/25 17:53:17:6589] N: WS   /ws - (unix skt), clients: 5
[2026/09/25 17:53:17:6589] N: WS   /ws - (unix skt), clients: 6
[2026/09/25 17:53:17:6589] N: WS   /ws - (unix skt), clients: 7
[2026/09/25 17:53:17:6590] N: WS   /ws - (unix skt), clients: 8
[2026/09/25 17:53:17:6590] N: WS   /ws - (unix skt), clients: 9
[2026/09/25 17:53:17:6590] N: WS   /ws - (unix skt), clients: 10
[2026/09/25 17:53:17:6619] N: started process, pid: 26334
[2026/09/25 17:53:17:6627] N: started process, pid: 26335
[2026/09/25 17:53:17:6633] N: started process, pid: 26337
[2026/09/25 17:53:17:6641] N: started process, pid: 26338
[2026/09/25 17:53:17:6652] N: started process, pid: 26339
[2026/09/25 17:53:17:6670] N: started process, pid: 26341
[2026/09/25 17:53:17:6688] N: started process, pid: 26349
[2026/09/25 17:53:17:6699] N: started process, pid: 26352
[2026/09/25 17:53:17:6722] N: started process, pid: 26357
[2026/09/25 17:53:17:6758] N: started process, pid: 26363
[2026/09/25 17:53:17:7948] N: WS closed from (unix skt), clients: 9
[2026/09/25 17:53:17:7949] N: killing process, pid: 26338
[2026/09/25 17:53:17:7954] N: process killed with signal 1, pid: 26338
[2026/09/25 17:53:17:9973] N: WS closed from (unix skt), clients: 8
[2026/09/25 17:53:17:9973] N: killing process, pid: 26335
[2026/09/25 17:53:18:0418] N: WS closed from (unix skt), clients: 7
[2026/09/25 17:53:18:0418] N: killing process, pid: 26357
[2026/09/25 17:53:18:0420] N: process killed with signal 0, pid: 26335
[2026/09/25 17:53:18:0422] N: process killed with signal 1, pid: 26357
[2026/09/25 17:53:18:1405] N: WS closed from (unix skt), clients: 6
[2026/09/25 17:53:18:1407] N: killing process, pid: 26341
[2026/09/25 17:53:18:1407] N: WS closed from (unix skt), clients: 5
[2026/09/25 17:53:18:1407] N: killing process, pid: 26349
[2026/09/25 17:53:18:1417] N: process killed with signal 0, pid: 26341
[2026/09/25 17:53:18:1418] N: process killed with signal 0, pid: 26349
[2026/09/25 17:53:18:3303] N: WS closed from (unix skt), clients: 4
[2026/09/25 17:53:18:3304] N: killing process, pid: 26334
[2026/09/25 17:53:18:3315] N: process killed with signal 0, pid: 26334
[2026/09/25 17:53:18:6930] N: WS closed from (unix skt), clients: 3
[2026/09/25 17:53:18:6931] N: killing process, pid: 26337
[2026/09/25 17:53:18:6948] N: process killed with signal 0, pid: 26337
[2026/09/25 17:53:18:8124] N: WS closed from (unix skt), clients: 2
[2026/09/25 17:53:18:8124] N: killing process, pid: 26352
[2026/09/25 17:53:18:8134] N: process killed with signal 0, pid: 26352
[2026/09/25 17:53:19:6616] N: WS closed from (unix skt), clients: 1
[2026/09/25 17:53:19:6617] N: killing process, pid: 26339
[2026/09/25 17:53:19:6617] N: WS closed from (unix skt), clients: 0
[2026/09/25 17:53:19:6617] N: killing process, pid: 26363
[2026/09/25 17:53:19:6638] N: process killed with signal 0, pid: 26339
[2026/09/25 17:53:19:6639] N: process killed with signal 0, pid: 26363
[2026/09/25 17:53:19:6808] N: WS   /ws - (unix skt), clients: 1
[2026/09/25 17:53:19:6809] N: WS   /ws - (unix skt), clients: 2
[2026/09/25 17:53:19:6811] N: WS   /ws - (unix skt), clients: 3
[2026/09/25 17:53:19:6811] N: WS   /ws - (unix skt), clients: 4
[2026/09/25 17:53:19:6811] N: WS   /ws - (unix skt), clients: 5
[2026/09/25 17:53:19:6812] N: WS   /ws - (unix skt), clients: 6
[2026/09/25 17:53:19:6812] N: WS   /ws - (unix skt), clients: 7
[2026/09/25 17:53:19:6812] N: WS   /ws - (unix skt), clients: 8
[2026/09/25 17:53:19:6812] N: WS   /ws - (unix skt), clients: 9
[2026/09/25 17:53:19:6812] N: WS   /ws - (unix skt), clients: 10
[2026/09/25 17:53:19:6818] N: started process, pid: 26933
[2026/09/25 17:53:19:6830] N: started process, pid: 26934
[2026/09/25 17:53:19:6842] N: started process, pid: 26935
[2026/09/25 17:53:19:6848] N: started process, pid: 26936
[2026/09/25 17:53:19:6856] N: started process, pid: 26937
[2026/09/25 17:53:19:6863] N: started process, pid: 26939
[2026/09/25 17:53:19:6886] N: started process, pid: 26947
[2026/09/25 17:53:19:6910] N: started process, pid: 26949
[2026/09/25 17:53:19:6925] N: started process, pid: 26957
[2026/09/25 17:53:19:6941] N: started process, pid: 26960
[2026/09/25 17:53:19:7523] N: WS closed from (unix skt), clients: 9
[2026/09/25 17:53:19:7523] N: killing process, pid: 26936
[2026/09/25 17:53:19:7527] N: process killed with signal 1, pid: 26936
[2026/09/25 17:53:20:0422] N: WS closed from (unix skt), clients: 8
[2026/09/25 17:53:20:0423] N: killing process, pid: 26933
[2026/09/25 17:53:20:0790] N: process killed with signal 0, pid: 26933
[2026/09/25 17:53:20:1035] N: WS closed from (unix skt), clients: 7
[2026/09/25 17:53:20:1035] N: killing process, pid: 26934
[2026/09/25 17:53:20:1379] N: process killed with signal 0, pid: 26934
[2026/09/25 17:53:20:2398] N: WS closed from (unix skt), clients: 6
[2026/09/25 17:53:20:2398] N: killing process, pid: 26957
[2026/09/25 17:53:20:2402] N: process killed with signal 1, pid: 26957
[2026/09/25 17:53:20:2667] N: WS closed from (unix skt), clients: 5
[2026/09/25 17:53:20:2667] N: killing process, pid: 26939
[2026/09/25 17:53:20:2685] N: process killed with signal 0, pid: 26939
[2026/09/25 17:53:20:3957] N: WS closed from (unix skt), clients: 4
[2026/09/25 17:53:20:3958] N: killing process, pid: 26947
[2026/09/25 17:53:20:3975] N: process killed with signal 0, pid: 26947
[2026/09/25 17:53:20:6439] N: WS closed from (unix skt), clients: 3
[2026/09/25 17:53:20:6440] N: killing process, pid: 26935
[2026/09/25 17:53:20:6448] N: process killed with signal 0, pid: 26935
[2026/09/25 17:53:20:8575] N: WS closed from (unix skt), clients: 2
[2026/09/25 17:53:20:8578] N: killing process, pid: 26949
[2026/09/25 17:53:20:8709] N: process killed with signal 0, pid: 26949
[2026/09/25 17:53:21:6830] N: WS closed from (unix skt), clients: 1
[2026/09/25 17:53:21:6832] N: killing process, pid: 26937
[2026/09/25 17:53:21:6833] N: WS closed from (unix skt), clients: 0
[2026/09/25 17:53:21:6833] N: killing process, pid: 26960
[2026/09/25 17:53:21:6840] N: process killed with signal 0, pid: 26937
[2026/09/25 17:53:21:6848] N: process killed with signal 0, pid: 26960
[2026/09/25 17:53:21:7452] N: WS   /ws - (unix skt), clients: 1
[2026/09/25 17:53:21:7452] N: WS   /ws - (unix skt), clients: 2
[2026/09/25 17:53:21:7453] N: WS   /ws - (unix skt), clients: 3
[2026/09/25 17:53:21:7453] N: WS   /ws - (unix skt), clients: 4
[2026/09/25 17:53:21:7453] N: WS   /ws - (unix skt), clients: 5
[2026/09/25 17:53:21:7453] N: WS   /ws - (unix skt), clients: 6
[2026/09/25 17:53:21:7453] N: WS   /ws - (unix skt), clients: 7
[2026/09/25 17:53:21:7454] N: WS   /ws - (unix skt), clients: 8
[2026/09/25 17:53:21:7454] N: WS   /ws - (unix skt), clients: 9
[2026/09/25 17:53:21:7454] N: WS   /ws - (unix skt), clients: 10
[2026/09/25 17:53:21:7486] N: started process, pid: 27285
[2026/09/25 17:53:21:7504] N: started process, pid: 27287
[2026/09/25 17:53:21:7529] N: started process, pid: 27288
[2026/09/25 17:53:21:7548] N: started process, pid: 27290
[2026/09/25 17:53:21:7602] N: started process, pid: 27291
[2026/09/25 17:53:21:7639] N: started process, pid: 27296
[2026/09/25 17:53:21:7678] N: started process, pid: 27301
[2026/09/25 17:53:21:7719] N: started process, pid: 27310
[2026/09/25 17:53:21:7785] N: started process, pid: 27315
[2026/09/25 17:53:21:7862] N: started process, pid: 27328
[2026/09/25 17:53:22:0038] N: WS closed from (unix skt), clients: 9
[2026/09/25 17:53:22:0039] N: killing process, pid: 27290
[2026/09/25 17:53:22:0043] N: process killed with signal 1, pid: 27290
[2026/09/25 17:53:22:2935] N: WS closed from (unix skt), clients: 8
[2026/09/25 17:53:22:2936] N: killing process, pid: 27285
[2026/09/25 17:53:22:2940] N: process killed with signal 0, pid: 27285
[2026/09/25 17:53:22:3225] N: WS closed from (unix skt), clients: 7
[2026/09/25 17:53:22:3226] N: killing process, pid: 27301
[2026/09/25 17:53:22:3333] N: process killed with signal 0, pid: 27301
[2026/09/25 17:53:22:4602] N: WS closed from (unix skt), clients: 6
[2026/09/25 17:53:22:4602] N: killing process, pid: 27287
[2026/09/25 17:53:22:4607] N: process killed with signal 0, pid: 27287
[2026/09/25 17:53:22:4653] N: WS closed from (unix skt), clients: 5
[2026/09/25 17:53:22:4654] N: killing process, pid: 27315
[2026/09/25 17:53:22:4657] N: process killed with signal 1, pid: 27315
[2026/09/25 17:53:22:4945] N: WS closed from (unix skt), clients: 4
[2026/09/25 17:53:22:4945] N: killing process, pid: 27296
[2026/09/25 17:53:22:4975] N: process killed with signal 0, pid: 27296
[2026/09/25 17:53:22:9118] N: WS closed from (unix skt), clients: 3
[2026/09/25 17:53:22:9118] N: killing process, pid: 27288
[2026/09/25 17:53:22:9128] N: process killed with signal 0, pid: 27288
[2026/09/25 17:53:23:1158] N: WS closed from (unix skt), clients: 2
[2026/09/25 17:53:23:1159] N: killing process, pid: 27310
[2026/09/25 17:53:23:1166] N: process killed with signal 0, pid: 27310
[2026/09/25 17:53:23:7478] N: WS closed from (unix skt), clients: 1
[2026/09/25 17:53:23:7478] N: killing process, pid: 27291
[2026/09/25 17:53:23:7478] N: WS closed from (unix skt), clients: 0
[2026/09/25 17:53:23:7479] N: killing process, pid: 27328
[2026/09/25 17:53:23:7491] N: process killed with signal 0, pid: 27291
[2026/09/25 17:53:23:7492] N: process killed with signal 0, pid: 27328
[2026/09/25 17:53:23:7618] N: WS   /ws - (unix skt), clients: 1
[2026/09/25 17:53:23:7619] N: WS   /ws - (unix skt), clients: 2
[2026/09/25 17:53:23:7619] N: WS   /ws - (unix skt), clients: 3
[2026/09/25 17:53:23:7619] N: WS   /ws - (unix skt), clients: 4
[2026/09/25 17:53:23:7619] N: WS   /ws - (unix skt), clients: 5
[2026/09/25 17:53:23:7619] N: WS   /ws - (unix skt), clients: 6
[2026/09/25 17:53:23:7619] N: WS   /ws - (unix skt), clients: 7
[2026/09/25 17:53:23:7620] N: WS   /ws - (unix skt), clients: 8
[2026/09/25 17:53:23:7620] N: WS   /ws - (unix skt), clients: 9
[2026/09/25 17:53:23:7620] N: WS   /ws - (unix skt), clients: 10
[2026/09/25 17:53:23:7645] N: started process, pid: 27913
[2026/09/25 17:53:23:7653] N: started process, pid: 27914
[2026/09/25 17:53:23:7672] N: started process, pid: 27915
[2026/09/25 17:53:23:7686] N: started process, pid: 27916
[2026/09/25 17:53:23:7696] N: started process, pid: 27917
[2026/09/25 17:53:23:7708] N: started process, pid: 27919
[2026/09/25 17:53:23:7721] N: started process, pid: 27923
[2026/09/25 17:53:23:7747] N: started process, pid: 27932
[2026/09/25 17:53:23:7768] N: started process, pid: 27936
[2026/09/25 17:53:23:7785] N: started process, pid: 27945
[2026/09/25 17:53:24:0351] N: WS closed from (unix skt), clients: 9
[2026/09/25 17:53:24:0352] N: killing process, pid: 27913
[2026/09/25 17:53:24:1017] N: WS closed from (unix skt), clients: 8
[2026/09/25 17:53:24:1018] N: killing process, pid: 27916
[2026/09/25 17:53:24:1024] N: process killed with signal 1, pid: 27916
[2026/09/25 17:53:24:1142] N: process killed with signal 0, pid: 27913
[2026/09/25 17:53:24:1791] N: WS closed from (unix skt), clients: 7
[2026/09/25 17:53:24:1792] N: killing process, pid: 27914
[2026/09/25 17:53:24:2670] N: process killed with signal 0, pid: 27914
[2026/09/25 17:53:24:3015] N: WS closed from (unix skt), clients: 6
[2026/09/25 17:53:24:3016] N: killing process, pid: 27919
[2026/09/25 17:53:24:3611] N: WS closed from (unix skt), clients: 5
[2026/09/25 17:53:24:3613] N: killing process, pid: 27936
[2026/09/25 17:53:24:3617] N: process killed with signal 1, pid: 27936
[2026/09/25 17:53:24:3740] N: process killed with signal 0, pid: 27919
[2026/09/25 17:53:24:4222] N: WS closed from (unix skt), clients: 4
[2026/09/25 17:53:24:4223] N: killing process, pid: 27923
[2026/09/25 17:53:24:4234] N: process killed with signal 0, pid: 27923
[2026/09/25 17:53:24:8889] N: WS closed from (unix skt), clients: 3
[2026/09/25 17:53:24:8889] N: killing process, pid: 27915
[2026/09/25 17:53:24:8897] N: process killed with signal 0, pid: 27915
[2026/09/25 17:53:24:9696] N: WS closed from (unix skt), clients: 2
[2026/09/25 17:53:24:9697] N: killing process, pid: 27932
[2026/09/25 17:53:24:9778] N: process killed with signal 0, pid: 27932
[2026/09/25 17:53:25:7655] N: WS closed from (unix skt), clients: 1
[2026/09/25 17:53:25:7656] N: killing process, pid: 27917
[2026/09/25 17:53:25:7657] N: WS closed from (unix skt), clients: 0
[2026/09/25 17:53:25:7657] N: killing process, pid: 27945
[2026/09/25 17:53:25:7681] N: process killed with signal 0, pid: 27917
[2026/09/25 17:53:25:7681] N: process killed with signal 0, pid: 27945
[2026/09/25 17:53:25:7871] N: WS   /ws - (unix skt), clients: 1
[2026/09/25 17:53:25:7872] N: WS   /ws - (unix skt), clients: 2
[2026/09/25 17:53:25:7873] N: WS   /ws - (unix skt), clients: 3
[2026/09/25 17:53:25:7873] N: WS   /ws - (unix skt), clients: 4
[2026/09/25 17:53:25:7873] N: WS   /ws - (unix skt), clients: 5
[2026/09/25 17:53:25:7873] N: WS   /ws - (unix skt), clients: 6
[2026/09/25 17:53:25:7874] N: WS   /ws - (unix skt), clients: 7
[2026/09/25 17:53:25:7879] N: started process, pid: 28448
[2026/09/25 17:53:25:7886] N: started process, pid: 28449
[2026/09/25 17:53:25:7890] N: started process, pid: 28450
[2026/09/25 17:53:25:7892] N: WS   /ws - (unix skt), clients: 8
[2026/09/25 17:53:25:7893] N: WS   /ws - (unix skt), clients: 9
[2026/09/25 17:53:25:7893] N: WS   /ws - (unix skt), clients: 10
[2026/09/25 17:53:25:7907] N: started process, pid: 28451
[2026/09/25 17:53:25:7915] N: started process, pid: 28452
[2026/09/25 17:53:25:7938] N: started process, pid: 28453
[2026/09/25 17:53:25:7969] N: started process, pid: 28462
[2026/09/25 17:53:25:8005] N: started process, pid: 28472
[2026/09/25 17:53:25:8045] N: started process, pid: 28483
[2026/09/25 17:53:25:8072] N: started process, pid: 28488
[2026/09/25 17:53:26:0730] N: WS closed from (unix skt), clients: 9
[2026/09/25 17:53:26:0732] N: killing process, pid: 28449
[2026/09/25 17:53:26:0732] N: WS closed from (unix skt), clients: 8
[2026/09/25 17:53:26:0732] N: killing process, pid: 28448
[2026/09/25 17:53:26:0772] N: WS closed from (unix skt), clients: 7
[2026/09/25 17:53:26:0773] N: killing process, pid: 28451
[2026/09/25 17:53:26:0774] N: process killed with signal 0, pid: 28449
[2026/09/25 17:53:26:0776] N: process killed with signal 1, pid: 28451
[2026/09/25 17:53:26:1182] N: process killed with signal 0, pid: 28448
[2026/09/25 17:53:26:2782] N: WS closed from (unix skt), clients: 6
[2026/09/25 17:53:26:2782] N: killing process, pid: 28453
[2026/09/25 17:53:26:2787] N: process killed with signal 0, pid: 28453
[2026/09/25 17:53:26:2957] N: WS closed from (unix skt), clients: 5
[2026/09/25 17:53:26:2958] N: killing process, pid: 28483
[2026/09/25 17:53:26:2961] N: process killed with signal 1, pid: 28483
[2026/09/25 17:53:26:3268] N: WS closed from (unix skt), clients: 4
[2026/09/25 17:53:26:3268] N: killing process, pid: 28462
[2026/09/25 17:53:26:3275] N: process killed with signal 0, pid: 28462
[2026/09/25 17:53:26:7378] N: WS closed from (unix skt), clients: 3
[2026/09/25 17:53:26:7379] N: killing process, pid: 28450
[2026/09/25 17:53:26:7388] N: process killed with signal 0, pid: 28450
[2026/09/25 17:53:26:8860] N: WS closed from (unix skt), clients: 2
[2026/09/25 17:53:26:8863] N: killing process, pid: 28472
[2026/09/25 17:53:26:8877] N: process killed with signal 0, pid: 28472
[2026/09/25 17:53:27:7874] N: WS closed from (unix skt), clients: 1
[2026/09/25 17:53:27:7875] N: killing process, pid: 28452
[2026/09/25 17:53:27:7883] N: process killed with signal 0, pid: 28452
[2026/09/25 17:53:27:7909] N: WS closed from (unix skt), clients: 0
[2026/09/25 17:53:27:7910] N: killing process, pid: 28488
[2026/09/25 17:53:27:7921] N: process killed with signal 0, pid: 28488
[2026/09/25 17:53:27:8056] N: WS   /ws - (unix skt), clients: 1
[2026/09/25 17:53:27:8057] N: WS   /ws - (unix skt), clients: 2
[2026/09/25 17:53:27:8057] N: WS   /ws - (unix skt), clients: 3
[2026/09/25 17:53:27:8057] N: WS   /ws - (unix skt), clients: 4
[2026/09/25 17:53:27:8058] N: WS   /ws - (unix skt), clients: 5
[2026/09/25 17:53:27:8058] N: WS   /ws - (unix skt), clients: 6
[2026/09/25 17:53:27:8058] N: WS   /ws - (unix skt), clients: 7
[2026/09/25 17:53:27:8058] N: WS   /ws - (unix skt), clients: 8
[2026/09/25 17:53:27:8058] N: WS   /ws - (unix skt), clients: 9
[2026/09/25 17:53:27:8058] N: WS   /ws - (unix skt), clients: 10
[2026/09/25 17:53:27:8071] N: started process, pid: 28851
[2026/09/25 17:53:27:8081] N: started process, pid: 28852
[2026/09/25 17:53:27:8088] N: started process, pid: 28853
[2026/09/25 17:53:27:8109] N: started process, pid: 28854
[2026/09/25 17:53:27:8118] N: started process, pid: 28855
[2026/09/25 17:53:27:8132] N: started process, pid: 28856
[2026/09/25 17:53:27:8144] N: started process, pid: 28865
[2026/09/25 17:53:27:8156] N: started process, pid: 28866
[2026/09/25 17:53:27:8175] N: started process, pid: 28871
[2026/09/25 17:53:27:8186] N: started process, pid: 28881
[2026/09/25 17:53:28:0734] N: WS closed from (unix skt), clients: 9
[2026/09/25 17:53:28:0735] N: killing process, pid: 28853
[2026/09/25 17:53:28:0738] N: process killed with signal 1, pid: 28853
[2026/09/25 17:53:28:1719] N: WS closed from (unix skt), clients: 8
[2026/09/25 17:53:28:1720] N: killing process, pid: 28866
[2026/09/25 17:53:28:1723] N: process killed with signal 1, pid: 28866
[2026/09/25 17:53:28:2453] N: WS closed from (unix skt), clients: 7
[2026/09/25 17:53:28:2453] N: killing process, pid: 28855
[2026/09/25 17:53:28:2489] N: process killed with signal 0, pid: 28855
[2026/09/25 17:53:28:3033] N: WS closed from (unix skt), clients: 6
[2026/09/25 17:53:28:3034] N: killing process, pid: 28851
[2026/09/25 17:53:28:3043] N: process killed with signal 0, pid: 28851
[2026/09/25 17:53:28:4407] N: WS closed from (unix skt), clients: 5
[2026/09/25 17:53:28:4407] N: killing process, pid: 28856
[2026/09/25 17:53:28:4408] N: WS closed from (unix skt), clients: 4
[2026/09/25 17:53:28:4408] N: killing process, pid: 28871
[2026/09/25 17:53:28:4433] N: process killed with signal 0, pid: 28856
[2026/09/25 17:53:28:4435] N: process killed with signal 0, pid: 28871
[2026/09/25 17:53:28:5860] N: WS closed from (unix skt), clients: 3
[2026/09/25 17:53:28:5862] N: killing process, pid: 28852
[2026/09/25 17:53:28:5909] N: process killed with signal 0, pid: 28852
[2026/09/25 17:53:28:7770] N: WS closed from (unix skt), clients: 2
[2026/09/25 17:53:28:7771] N: killing process, pid: 28865
[2026/09/25 17:53:28:7802] N: process killed with signal 0, pid: 28865
[2026/09/25 17:53:29:8077] N: WS closed from (unix skt), clients: 1
[2026/09/25 17:53:29:8077] N: killing process, pid: 28854
[2026/09/25 17:53:29:8077] N: WS closed from (unix skt), clients: 0
[2026/09/25 17:53:29:8078] N: killing process, pid: 28881
[2026/09/25 17:53:29:8089] N: process killed with signal 0, pid: 28854
[2026/09/25 17:53:29:8090] N: process killed with signal 0, pid: 28881
[2026/09/25 17:53:29:8351] N: WS   /ws - (unix skt), clients: 1
[2026/09/25 17:53:29:8352] N: WS   /ws - (unix skt), clients: 2
[2026/09/25 17:53:29:8352] N: WS   /ws - (unix skt), clients: 3
[2026/09/25 17:53:29:8352] N: WS   /ws - (unix skt), clients: 4
[2026/09/25 17:53:29:8353] N: WS   /ws - (unix skt), clients: 5
[2026/09/25 17:53:29:8353] N: WS   /ws - (unix skt), clients: 6
[2026/09/25 17:53:29:8353] N: WS   /ws - (unix skt), clients: 7
[2026/09/25 17:53:29:8353] N: WS   /ws - (unix skt), clients: 8
[2026/09/25 17:53:29:8353] N: WS   /ws - (unix skt), clients: 9
[2026/09/25 17:53:29:8353] N: WS   /ws - (unix skt), clients: 10
[2026/09/25 17:53:29:8377] N: started process, pid: 29131
[2026/09/25 17:53:29:8400] N: started process, pid: 29132
[2026/09/25 17:53:29:8424] N: started process, pid: 29133
[2026/09/25 17:53:29:8433] N: started process, pid: 29134
[2026/09/25 17:53:29:8446] N: started process, pid: 29136
[2026/09/25 17:53:29:8460] N: started process, pid: 29137
[2026/09/25 17:53:29:8471] N: started process, pid: 29138
[2026/09/25 17:53:29:8487] N: started process, pid: 29145
[2026/09/25 17:53:29:8494] N: started process, pid: 29148
[2026/09/25 17:53:29:8511] N: started process, pid: 29153
[2026/09/25 17:53:30:1122] N: WS closed from (unix skt), clients: 9
[2026/09/25 17:53:30:1123] N: killing process, pid: 29131
[2026/09/25 17:53:30:1302] N: WS closed from (unix skt), clients: 8
[2026/09/25 17:53:30:1302] N: killing process, pid: 29133
[2026/09/25 17:53:30:1306] N: process killed with signal 1, pid: 29133
[2026/09/25 17:53:30:2331] N: process killed with signal 0, pid: 29131
[2026/09/25 17:53:30:2726] N: WS closed from (unix skt), clients: 7
[2026/09/25 17:53:30:2727] N: killing process, pid: 29136
[2026/09/25 17:53:30:3244] N: process killed with signal 0, pid: 29136
[2026/09/25 17:53:30:3326] N: WS closed from (unix skt), clients: 6
[2026/09/25 17:53:30:3327] N: killing process, pid: 29137
[2026/09/25 17:53:30:3572] N: WS closed from (unix skt), clients: 5
[2026/09/25 17:53:30:3573] N: killing process, pid: 29148
[2026/09/25 17:53:30:3576] N: process killed with signal 1, pid: 29148
[2026/09/25 17:53:30:3590] N: process killed with signal 0, pid: 29137
[2026/09/25 17:53:30:5115] N: WS closed from (unix skt), clients: 4
[2026/09/25 17:53:30:5116] N: killing process, pid: 29138
[2026/09/25 17:53:30:5158] N: process killed with signal 0, pid: 29138
[2026/09/25 17:53:30:8350] N: WS closed from (unix skt), clients: 3
[2026/09/25 17:53:30:8351] N: killing process, pid: 29132
[2026/09/25 17:53:30:8391] N: process killed with signal 0, pid: 29132
[2026/09/25 17:53:31:0725] N: WS closed from (unix skt), clients: 2
[2026/09/25 17:53:31:0726] N: killing process, pid: 29145
[2026/09/25 17:53:31:0737] N: process killed with signal 0, pid: 29145
[2026/09/25 17:53:31:8361] N: WS closed from (unix skt), clients: 1
[2026/09/25 17:53:31:8362] N: killing process, pid: 29134
[2026/09/25 17:53:31:8364] N: WS closed from (unix skt), clients: 0
[2026/09/25 17:53:31:8364] N: killing process, pid: 29153
[2026/09/25 17:53:31:8381] N: process killed with signal 0, pid: 29134
[2026/09/25 17:53:31:8382] N: process killed with signal 0, pid: 29153
[2026/09/25 17:53:31:8596] N: WS   /ws - (unix skt), clients: 1
[2026/09/25 17:53:31:8597] N: WS   /ws - (unix skt), clients: 2
[2026/09/25 17:53:31:8597] N: WS   /ws - (unix skt), clients: 3
[2026/09/25 17:53:31:8597] N: WS   /ws - (unix skt), clients: 4
[2026/09/25 17:53:31:8598] N: WS   /ws - (unix skt), clients: 5
[2026/09/25 17:53:31:8598] N: WS   /ws - (unix skt), clients: 6
[2026/09/25 17:53:31:8598] N: WS   /ws - (unix skt), clients: 7
[2026/09/25 17:53:31:8598] N: WS   /ws - (unix skt), clients: 8
[2026/09/25 17:53:31:8598] N: WS   /ws - (unix skt), clients: 9
[2026/09/25 17:53:31:8599] N: WS   /ws - (unix skt), clients: 10
[2026/09/25 17:53:31:8606] N: started process, pid: 29556
[2026/09/25 17:53:31:8622] N: started process, pid: 29557
[2026/09/25 17:53:31:8630] N: started process, pid: 29558
[2026/09/25 17:53:31:8634] N: started process, pid: 29559
[2026/09/25 17:53:31:8656] N: started process, pid: 29560
[2026/09/25 17:53:31:8668] N: started process, pid: 29561
[2026/09/25 17:53:31:8676] N: started process, pid: 29562
[2026/09/25 17:53:31:8682] N: started process, pid: 29564
[2026/09/25 17:53:31:8696] N: started process, pid: 29568
[2026/09/25 17:53:31:8708] N: started process, pid: 29574
[2026/09/25 17:53:32:1601] N: WS closed from (unix skt), clients: 9
[2026/09/25 17:53:32:1602] N: killing process, pid: 29558
[2026/09/25 17:53:32:1606] N: process killed with signal 1, pid: 29558
[2026/09/25 17:53:32:1694] N: WS closed from (unix skt), clients: 8
[2026/09/25 17:53:32:1694] N: killing process, pid: 29568
[2026/09/25 17:53:32:1698] N: process killed with signal 1, pid: 29568
[2026/09/25 17:53:32:2829] N: WS closed from (unix skt), clients: 7
[2026/09/25 17:53:32:2829] N: killing process, pid: 29564
[2026/09/25 17:53:32:2872] N: process killed with signal 0, pid: 29564
[2026/09/25 17:53:32:3622] N: WS closed from (unix skt), clients: 6
[2026/09/25 17:53:32:3622] N: killing process, pid: 29556
[2026/09/25 17:53:32:3654] N: process killed with signal 0, pid: 29556
[2026/09/25 17:53:32:4738] N: WS closed from (unix skt), clients: 5
[2026/09/25 17:53:32:4738] N: killing process, pid: 29560
[2026/09/25 17:53:32:4746] N: process killed with signal 0, pid: 29560
[2026/09/25 17:53:32:5530] N: WS closed from (unix skt), clients: 4
[2026/09/25 17:53:32:5530] N: killing process, pid: 29561
[2026/09/25 17:53:32:5538] N: process killed with signal 0, pid: 29561
[2026/09/25 17:53:32:7398] N: WS closed from (unix skt), clients: 3
[2026/09/25 17:53:32:7398] N: killing process, pid: 29557
[2026/09/25 17:53:32:7431] N: process killed with signal 0, pid: 29557
[2026/09/25 17:53:33:0435] N: WS closed from (unix skt), clients: 2
[2026/09/25 17:53:33:0435] N: killing process, pid: 29562
[2026/09/25 17:53:33:0446] N: process killed with signal 0, pid: 29562
[2026/09/25 17:53:33:8618] N: WS closed from (unix skt), clients: 1
[2026/09/25 17:53:33:8619] N: killing process, pid: 29559
[2026/09/25 17:53:33:8619] N: WS closed from (unix skt), clients: 0
[2026/09/25 17:53:33:8619] N: killing process, pid: 29574
[2026/09/25 17:53:33:8640] N: process killed with signal 0, pid: 29559
[2026/09/25 17:53:33:8640] N: process killed with signal 0, pid: 29574
[2026/09/25 17:53:33:9018] N: WS   /ws - (unix skt), clients: 1
[2026/09/25 17:53:33:9018] N: WS   /ws - (unix skt), clients: 2
[2026/09/25 17:53:33:9019] N: WS   /ws - (unix skt), clients: 3
[2026/09/25 17:53:33:9026] N: started process, pid: 29892
[2026/09/25 17:53:33:9039] N: started process, pid: 29893
[2026/09/25 17:53:33:9041] N: WS   /ws - (unix skt), clients: 4
[2026/09/25 17:53:33:9041] N: WS   /ws - (unix skt), clients: 5
[2026/09/25 17:53:33:9042] N: WS   /ws - (unix skt), clients: 6
[2026/09/25 17:53:33:9042] N: WS   /ws - (unix skt), clients: 7
[2026/09/25 17:53:33:9042] N: WS   /ws - (unix skt), clients: 8
[2026/09/25 17:53:33:9042] N: WS   /ws - (unix skt), clients: 9
[2026/09/25 17:53:33:9043] N: WS   /ws - (unix skt), clients: 10
[2026/09/25 17:53:33:9058] N: started process, pid: 29894
[2026/09/25 17:53:33:9067] N: started process, pid: 29895
[2026/09/25 17:53:33:9075] N: started process, pid: 29896
[2026/09/25 17:53:33:9098] N: started process, pid: 29897
[2026/09/25 17:53:33:9120] N: started process, pid: 29905
[2026/09/25 17:53:33:9150] N: started process, pid: 29914
[2026/09/25 17:53:33:9187] N: started process, pid: 29921
[2026/09/25 17:53:33:9233] N: started process, pid: 29924
[2026/09/25 17:53:34:1302] N: WS closed from (unix skt), clients: 9
[2026/09/25 17:53:34:1303] N: killing process, pid: 29894
[2026/09/25 17:53:34:1306] N: process killed with signal 1, pid: 29894
[2026/09/25 17:53:34:3322] N: WS closed from (unix skt), clients: 8
[2026/09/25 17:53:34:3323] N: killing process, pid: 29892
[2026/09/25 17:53:34:3887] N: process killed with signal 0, pid: 29892
[2026/09/25 17:53:34:4590] N: WS closed from (unix skt), clients: 7
[2026/09/25 17:53:34:4591] N: killing process, pid: 29921
[2026/09/25 17:53:34:4594] N: process killed with signal 1, pid: 29921
[2026/09/25 17:53:34:4703] N: WS closed from (unix skt), clients: 6
[2026/09/25 17:53:34:4704] N: killing process, pid: 29893
[2026/09/25 17:53:34:4722] N: process killed with signal 0, pid: 29893
[2026/09/25 17:53:34:6733] N: WS closed from (unix skt), clients: 5
[2026/09/25 17:53:34:6734] N: killing process, pid: 29897
[2026/09/25 17:53:34:6746] N: process killed with signal 0, pid: 29897
[2026/09/25 17:53:34:6762] N: WS closed from (unix skt), clients: 4
[2026/09/25 17:53:34:6762] N: killing process, pid: 29905
[2026/09/25 17:53:34:6769] N: process killed with signal 0, pid: 29905
[2026/09/25 17:53:34:8765] N: WS closed from (unix skt), clients: 3
[2026/09/25 17:53:34:8766] N: killing process, pid: 29896
[2026/09/25 17:53:34:8836] N: process killed with signal 0, pid: 29896
[2026/09/25 17:53:35:0452] N: WS closed from (unix skt), clients: 2
[2026/09/25 17:53:35:0452] N: killing process, pid: 29914
[2026/09/25 17:53:35:0462] N: process killed with signal 0, pid: 29914
[2026/09/25 17:53:35:9047] N: WS closed from (unix skt), clients: 1
[2026/09/25 17:53:35:9048] N: killing process, pid: 29895
[2026/09/25 17:53:35:9048] N: WS closed from (unix skt), clients: 0
[2026/09/25 17:53:35:9048] N: killing process, pid: 29924
[2026/09/25 17:53:35:9062] N: process killed with signal 0, pid: 29895
[2026/09/25 17:53:35:9063] N: process killed with signal 0, pid: 29924
[2026/09/25 17:53:35:9187] N: WS   /ws - (unix skt), clients: 1
[2026/09/25 17:53:35:9187] N: WS   /ws - (unix skt), clients: 2
[2026/09/25 17:53:35:9188] N: WS   /ws - (unix skt), clients: 3
[2026/09/25 17:53:35:9188] N: WS   /ws - (unix skt), clients: 4
[2026/09/25 17:53:35:9188] N: WS   /ws - (unix skt), clients: 5
[2026/09/25 17:53:35:9188] N: WS   /ws - (unix skt), clients: 6
[2026/09/25 17:53:35:9188] N: WS   /ws - (unix skt), clients: 7
[2026/09/25 17:53:35:9188] N: WS   /ws - (unix skt), clients: 8
[2026/09/25 17:53:35:9188] N: WS   /ws - (unix skt), clients: 9
[2026/09/25 17:53:35:9189] N: WS   /ws - (unix skt), clients: 10
[2026/09/25 17:53:35:9194] N: started process, pid: 30432
[2026/09/25 17:53:35:9203] N: started process, pid: 30433
[2026/09/25 17:53:35:9215] N: started process, pid: 30434
[2026/09/25 17:53:35:9224] N: started process, pid: 30436
[2026/09/25 17:53:35:9231] N: started process, pid: 30439
[2026/09/25 17:53:35:9241] N: started process, pid: 30440
[2026/09/25 17:53:35:9260] N: started process, pid: 30447
[2026/09/25 17:53:35:9278] N: started process, pid: 30450
[2026/09/25 17:53:35:9298] N: started process, pid: 30455
[2026/09/25 17:53:35:9336] N: started process, pid: 30459
[2026/09/25 17:53:36:2182] N: WS closed from (unix skt), clients: 9
[2026/09/25 17:53:36:2183] N: killing process, pid: 30436
[2026/09/25 17:53:36:2187] N: process killed with signal 1, pid: 30436
[2026/09/25 17:53:36:2230] N: WS closed from (unix skt), clients: 8
[2026/09/25 17:53:36:2230] N: killing process, pid: 30432
[2026/09/25 17:53:36:2735] N: WS closed from (unix skt), clients: 7
[2026/09/25 17:53:36:2735] N: killing process, pid: 30433
[2026/09/25 17:53:36:4345] N: process killed with signal 0, pid: 30432
[2026/09/25 17:53:36:4773] N: WS closed from (unix skt), clients: 6
[2026/09/25 17:53:36:4774] N: killing process, pid: 30440
[2026/09/25 17:53:36:5085] N: process killed with signal 0, pid: 30433
[2026/09/25 17:53:36:5145] N: process killed with signal 0, pid: 30440
[2026/09/25 17:53:36:5156] N: WS closed from (unix skt), clients: 5
[2026/09/25 17:53:36:5156] N: killing process, pid: 30455
[2026/09/25 17:53:36:5158] N: process killed with signal 1, pid: 30455
[2026/09/25 17:53:36:5667] N: WS closed from (unix skt), clients: 4
[2026/09/25 17:53:36:5667] N: killing process, pid: 30447
[2026/09/25 17:53:36:6270] N: process killed with signal 0, pid: 30447
[2026/09/25 17:53:37:0111] N: WS closed from (unix skt), clients: 3
[2026/09/25 17:53:37:0112] N: killing process, pid: 30434
[2026/09/25 17:53:37:0121] N: process killed with signal 0, pid: 30434
[2026/09/25 17:53:37:2109] N: WS closed from (unix skt), clients: 2
[2026/09/25 17:53:37:2110] N: killing process, pid: 30450
[2026/09/25 17:53:37:2151] N: process killed with signal 0, pid: 30450
[2026/09/25 17:53:37:9220] N: WS closed from (unix skt), clients: 1
[2026/09/25 17:53:37:9220] N: killing process, pid: 30439
[2026/09/25 17:53:37:9221] N: WS closed from (unix skt), clients: 0
[2026/09/25 17:53:37:9221] N: killing process, pid: 30459
[2026/09/25 17:53:37:9230] N: process killed with signal 0, pid: 30439
[2026/09/25 17:53:37:9230] N: process killed with signal 0, pid: 30459
[2026/09/25 17:53:37:9533] N: WS   /ws - (unix skt), clients: 1
[2026/09/25 17:53:37:9533] N: WS   /ws - (unix skt), clients: 2
[2026/09/25 17:53:37:9534] N: WS   /ws - (unix skt), clients: 3
[2026/09/25 17:53:37:9534] N: WS   /ws - (unix skt), clients: 4
[2026/09/25 17:53:37:9534] N: WS   /ws - (unix skt), clients: 5
[2026/09/25 17:53:37:9534] N: WS   /ws - (unix skt), clients: 6
[2026/09/25 17:53:37:9534] N: WS   /ws - (unix skt), clients: 7
[2026/09/25 17:53:37:9535] N: WS   /ws - (unix skt), clients: 8
[2026/09/25 17:53:37:9535] N: WS   /ws - (unix skt), clients: 9
[2026/09/25 17:53:37:9535] N: WS   /ws - (unix skt), clients: 10
[2026/09/25 17:53:37:9556] N: started process, pid: 31026
[2026/09/25 17:53:37:9581] N: started process, pid: 31027
[2026/09/25 17:53:37:9629] N: started process, pid: 31028
[2026/09/25 17:53:37:9653] N: started process, pid: 31029
[2026/09/25 17:53:37:9671] N: started process, pid: 31030
[2026/09/25 17:53:37:9677] N: started process, pid: 31031
[2026/09/25 17:53:37:9686] N: started process, pid: 31032
[2026/09/25 17:53:37:9697] N: started process, pid: 31033
[2026/09/25 17:53:37:9708] N: started process, pid: 31039
[2026/09/25 17:53:37:9716] N: started process, pid: 31047
[2026/09/25 17:53:38:2101] N: WS closed from (unix skt), clients: 9
[2026/09/25 17:53:38:2102] N: killing process, pid: 31029
[2026/09/25 17:53:38:2106] N: process killed with signal 1, pid: 31029
[2026/09/25 17:53:38:4431] N: WS closed from (unix skt), clients: 8
[2026/09/25 17:53:38:4436] N: killing process, pid: 31027
[2026/09/25 17:53:38:4436] N: WS closed from (unix skt), clients: 7
[2026/09/25 17:53:38:4436] N: killing process, pid: 31026
[2026/09/25 17:53:38:4644] N: process killed with signal 0, pid: 31027
[2026/09/25 17:53:38:4898] N: WS closed from (unix skt), clients: 6
[2026/09/25 17:53:38:4898] N: killing process, pid: 31039
[2026/09/25 17:53:38:4901] N: process killed with signal 1, pid: 31039
[2026/09/25 17:53:38:5014] N: process killed with signal 0, pid: 31026
[2026/09/25 17:53:38:5996] N: WS closed from (unix skt), clients: 5
[2026/09/25 17:53:38:5997] N: killing process, pid: 31032
[2026/09/25 17:53:38:6008] N: process killed with signal 0, pid: 31032
[2026/09/25 17:53:38:6605] N: WS closed from (unix skt), clients: 4
[2026/09/25 17:53:38:6606] N: killing process, pid: 31031
[2026/09/25 17:53:38:6614] N: process killed with signal 0, pid: 31031
[2026/09/25 17:53:38:7412] N: WS closed from (unix skt), clients: 3
[2026/09/25 17:53:38:7413] N: killing process, pid: 31028
[2026/09/25 17:53:38:7419] N: process killed with signal 0, pid: 31028
[2026/09/25 17:53:38:9970] N: WS closed from (unix skt), clients: 2
[2026/09/25 17:53:38:9970] N: killing process, pid: 31033
[2026/09/25 17:53:38:9979] N: process killed with signal 0, pid: 31033
[2026/09/25 17:53:39:9605] N: WS closed from (unix skt), clients: 1
[2026/09/25 17:53:39:9606] N: killing process, pid: 31030
[2026/09/25 17:53:39:9606] N: WS closed from (unix skt), clients: 0
[2026/09/25 17:53:39:9606] N: killing process, pid: 31047
[2026/09/25 17:53:39:9634] N: process killed with signal 0, pid: 31030
[2026/09/25 17:53:39:9635] N: process killed with signal 0, pid: 31047
[2026/09/25 17:53:39:9833] N: WS   /ws - (unix skt), clients: 1
[2026/09/25 17:53:39:9833] N: WS   /ws - (unix skt), clients: 2
[2026/09/25 17:53:39:9833] N: WS   /ws - (unix skt), clients: 3
[2026/09/25 17:53:39:9834] N: WS   /ws - (unix skt), clients: 4
[2026/09/25 17:53:39:9834] N: WS   /ws - (unix skt), clients: 5
[2026/09/25 17:53:39:9834] N: WS   /ws - (unix skt), clients: 6
[2026/09/25 17:53:39:9834] N: WS   /ws - (unix skt), clients: 7
[2026/09/25 17:53:39:9834] N: WS   /ws - (unix skt), clients: 8
[2026/09/25 17:53:39:9834] N: WS   /ws - (unix skt), clients: 9
[2026/09/25 17:53:39:9846] N: started process, pid: 31376
[2026/09/25 17:53:39:9857] N: started process, pid: 31377
[2026/09/25 17:53:39:9859] N: WS   /ws - (unix skt), clients: 10
[2026/09/25 17:53:39:9865] N: started process, pid: 31379
[2026/09/25 17:53:39:9875] N: started process, pid: 31380
[2026/09/25 17:53:39:9882] N: started process, pid: 31381
[2026/09/25 17:53:39:9916] N: started process, pid: 31382
[2026/09/25 17:53:39:9956] N: started process, pid: 31384
[2026/09/25 17:53:39:9971] N: started process, pid: 31401
[2026/09/25 17:53:39:9982] N: started process, pid: 31402
[2026/09/25 17:53:39:9999] N: started process, pid: 31405
[2026/09/25 17:53:40:2599] N: WS closed from (unix skt), clients: 9
[2026/09/25 17:53:40:2599] N: killing process, pid: 31381
[2026/09/25 17:53:40:2604] N: process killed with signal 1, pid: 31381
[2026/09/25 17:53:40:2875] N: WS closed from (unix skt), clients: 8
[2026/09/25 17:53:40:2876] N: killing process, pid: 31379
[2026/09/25 17:53:40:4114] N: WS closed from (unix skt), clients: 7
[2026/09/25 17:53:40:4115] N: killing process, pid: 31376
[2026/09/25 17:53:40:4495] N: process killed with signal 0, pid: 31379
[2026/09/25 17:53:40:5410] N: process killed with signal 0, pid: 31376
[2026/09/25 17:53:40:5444] N: WS closed from (unix skt), clients: 6
[2026/09/25 17:53:40:5445] N: killing process, pid: 31405
[2026/09/25 17:53:40:5447] N: process killed with signal 1, pid: 31405
[2026/09/25 17:53:40:6051] N: WS closed from (unix skt), clients: 5
[2026/09/25 17:53:40:6051] N: killing process, pid: 31401
[2026/09/25 17:53:40:6059] N: process killed with signal 0, pid: 31401
[2026/09/25 17:53:40:7459] N: WS closed from (unix skt), clients: 4
[2026/09/25 17:53:40:7460] N: killing process, pid: 31384
[2026/09/25 17:53:40:7506] N: process killed with signal 0, pid: 31384
[2026/09/25 17:53:41:1455] N: WS closed from (unix skt), clients: 3
[2026/09/25 17:53:41:1455] N: killing process, pid: 31377
[2026/09/25 17:53:41:1651] N: process killed with signal 0, pid: 31377
[2026/09/25 17:53:41:2452] N: WS closed from (unix skt), clients: 2
[2026/09/25 17:53:41:2452] N: killing process, pid: 31402
[2026/09/25 17:53:41:2461] N: process killed with signal 0, pid: 31402
[2026/09/25 17:53:41:9840] N: WS closed from (unix skt), clients: 1
[2026/09/25 17:53:41:9840] N: killing process, pid: 31382
[2026/09/25 17:53:41:9904] N: process killed with signal 0, pid: 31382
[2026/09/25 17:53:42:0089] N: WS closed from (unix skt), clients: 0
[2026/09/25 17:53:42:0092] N: killing process, pid: 31380
[2026/09/25 17:53:42:0122] N: process killed with signal 0, pid: 31380
[2026/09/25 17:53:42:0423] N: WS   /ws - (unix skt), clients: 1
[2026/09/25 17:53:42:0424] N: WS   /ws - (unix skt), clients: 2
[2026/09/25 17:53:42:0425] N: WS   /ws - (unix skt), clients: 3
[2026/09/25 17:53:42:0425] N: WS   /ws - (unix skt), clients: 4
[2026/09/25 17:53:42:0425] N: WS   /ws - (unix skt), clients: 5
[2026/09/25 17:53:42:0425] N: WS   /ws - (unix skt), clients: 6
[2026/09/25 17:53:42:0426] N: WS   /ws - (unix skt), clients: 7
[2026/09/25 17:53:42:0426] N: WS   /ws - (unix skt), clients: 8
[2026/09/25 17:53:42:0426] N: WS   /ws - (unix skt), clients: 9
[2026/09/25 17:53:42:0426] N: WS   /ws - (unix skt), clients: 10
[2026/09/25 17:53:42:0439] N: started process, pid: 31969
[2026/09/25 17:53:42:0462] N: started process, pid: 31970
[2026/09/25 17:53:42:0503] N: started process, pid: 31971
[2026/09/25 17:53:42:0557] N: started process, pid: 31973
[2026/09/25 17:53:42:0671] N: started process, pid: 31974
[2026/09/25 17:53:42:0748] N: started process, pid: 31976
[2026/09/25 17:53:42:0759] N: started process, pid: 31977
[2026/09/25 17:53:42:0782] N: started process, pid: 31978
[2026/09/25 17:53:42:0802] N: started process, pid: 31979
[2026/09/25 17:53:42:0840] N: started process, pid: 31983
[2026/09/25 17:53:42:4887] N: WS closed from (unix skt), clients: 9
[2026/09/25 17:53:42:4888] N: killing process, pid: 31973
[2026/09/25 17:53:42:4891] N: process killed with signal 1, pid: 31973
[2026/09/25 17:53:42:6409] N: WS closed from (unix skt), clients: 8
[2026/09/25 17:53:42:6409] N: killing process, pid: 31970
[2026/09/25 17:53:42:6436] N: process killed with signal 0, pid: 31970
[2026/09/25 17:53:42:6912] N: WS closed from (unix skt), clients: 7
[2026/09/25 17:53:42:6913] N: killing process, pid: 31977
[2026/09/25 17:53:42:6913] N: WS closed from (unix skt), clients: 6
[2026/09/25 17:53:42:6914] N: killing process, pid: 31976
[2026/09/25 17:53:42:6921] N: WS closed from (unix skt), clients: 5
[2026/09/25 17:53:42:6921] N: killing process, pid: 31979
[2026/09/25 17:53:42:6925] N: process killed with signal 1, pid: 31979
[2026/09/25 17:53:42:7015] N: process killed with signal 0, pid: 31976
[2026/09/25 17:53:42:7224] N: process killed with signal 0, pid: 31977
[2026/09/25 17:53:42:8547] N: WS closed from (unix skt), clients: 4
[2026/09/25 17:53:42:8548] N: killing process, pid: 31978
[2026/09/25 17:53:42:8558] N: process killed with signal 0, pid: 31978
[2026/09/25 17:53:42:9218] N: WS closed from (unix skt), clients: 3
[2026/09/25 17:53:42:9218] N: killing process, pid: 31969
[2026/09/25 17:53:42:9223] N: process killed with signal 0, pid: 31969
[2026/09/25 17:53:43:3283] N: WS closed from (unix skt), clients: 2
[2026/09/25 17:53:43:3283] N: killing process, pid: 31971
[2026/09/25 17:53:43:3347] N: process killed with signal 0, pid: 31971
[2026/09/25 17:53:44:0467] N: WS closed from (unix skt), clients: 1
[2026/09/25 17:53:44:0468] N: killing process, pid: 31974
[2026/09/25 17:53:44:0468] N: WS closed from (unix skt), clients: 0
[2026/09/25 17:53:44:0468] N: killing process, pid: 31983
[2026/09/25 17:53:44:0477] N: process killed with signal 0, pid: 31974
[2026/09/25 17:53:44:0485] N: process killed with signal 0, pid: 31983
[2026/09/25 17:53:44:0850] N: WS   /ws - (unix skt), clients: 1
[2026/09/25 17:53:44:0851] N: WS   /ws - (unix skt), clients: 2
[2026/09/25 17:53:44:0851] N: WS   /ws - (unix skt), clients: 3
[2026/09/25 17:53:44:0851] N: WS   /ws - (unix skt), clients: 4
[2026/09/25 17:53:44:0851] N: WS   /ws - (unix skt), clients: 5
[2026/09/25 17:53:44:0852] N: WS   /ws - (unix skt), clients: 6
[2026/09/25 17:53:44:0852] N: WS   /ws - (unix skt), clients: 7
[2026/09/25 17:53:44:0852] N: WS   /ws - (unix skt), clients: 8
[2026/09/25 17:53:44:0852] N: WS   /ws - (unix skt), clients: 9
[2026/09/25 17:53:44:0852] N: WS   /ws - (unix skt), clients: 10
[2026/09/25 17:53:44:0863] N: started process, pid: 32439
[2026/09/25 17:53:44:0870] N: started process, pid: 32440
[2026/09/25 17:53:44:0878] N: started process, pid: 32441
[2026/09/25 17:53:44:0885] N: started process, pid: 32442
[2026/09/25 17:53:44:0896] N: started process, pid: 32443
[2026/09/25 17:53:44:0921] N: started process, pid: 32445
[2026/09/25 17:53:44:0931] N: started process, pid: 32447
[2026/09/25 17:53:44:0961] N: started process, pid: 32450
[2026/09/25 17:53:44:0982] N: started process, pid: 32451
[2026/09/25 17:53:44:1017] N: started process, pid: 32464
[2026/09/25 17:53:44:3664] N: WS closed from (unix skt), clients: 9
[2026/09/25 17:53:44:3665] N: killing process, pid: 32439
[2026/09/25 17:53:44:3802] N: WS closed from (unix skt), clients: 8
[2026/09/25 17:53:44:3803] N: killing process, pid: 32442
[2026/09/25 17:53:44:3807] N: process killed with signal 1, pid: 32442
[2026/09/25 17:53:44:4391] N: process killed with signal 0, pid: 32439
[2026/09/25 17:53:44:4858] N: WS closed from (unix skt), clients: 7
[2026/09/25 17:53:44:4858] N: killing process, pid: 32445
[2026/09/25 17:53:44:5874] N: process killed with signal 0, pid: 32445
[2026/09/25 17:53:44:6382] N: WS closed from (unix skt), clients: 6
[2026/09/25 17:53:44:6383] N: killing process, pid: 32440
[2026/09/25 17:53:44:6408] N: WS closed from (unix skt), clients: 5
[2026/09/25 17:53:44:6408] N: killing process, pid: 32451
[2026/09/25 17:53:44:6412] N: process killed with signal 1, pid: 32451
[2026/09/25 17:53:44:6420] N: process killed with signal 0, pid: 32440
[2026/09/25 17:53:44:7962] N: WS closed from (unix skt), clients: 4
[2026/09/25 17:53:44:7963] N: killing process, pid: 32447
[2026/09/25 17:53:44:8241] N: process killed with signal 0, pid: 32447
[2026/09/25 17:53:45:2110] N: WS closed from (unix skt), clients: 3
[2026/09/25 17:53:45:2111] N: killing process, pid: 32441
[2026/09/25 17:53:45:2119] N: process killed with signal 0, pid: 32441
[2026/09/25 17:53:45:2968] N: WS closed from (unix skt), clients: 2
[2026/09/25 17:53:45:2968] N: killing process, pid: 32450
[2026/09/25 17:53:45:2976] N: process killed with signal 0, pid: 32450
[2026/09/25 17:53:46:0878] N: WS closed from (unix skt), clients: 1
[2026/09/25 17:53:46:0879] N: killing process, pid: 32443
[2026/09/25 17:53:46:0880] N: WS closed from (unix skt), clients: 0
[2026/09/25 17:53:46:0883] N: killing process, pid: 32464
[2026/09/25 17:53:46:0893] N: process killed with signal 0, pid: 32443
[2026/09/25 17:53:46:0893] N: process killed with signal 0, pid: 32464
[2026/09/25 17:53:46:1248] N: WS   /ws - (unix skt), clients: 1
[2026/09/25 17:53:46:1249] N: WS   /ws - (unix skt), clients: 2
[2026/09/25 17:53:46:1249] N: WS   /ws - (unix skt), clients: 3
[2026/09/25 17:53:46:1249] N: WS   /ws - (unix skt), clients: 4
[2026/09/25 17:53:46:1249] N: WS   /ws - (unix skt), clients: 5
[2026/09/25 17:53:46:1249] N: WS   /ws - (unix skt), clients: 6
[2026/09/25 17:53:46:1250] N: WS   /ws - (unix skt), clients: 7
[2026/09/25 17:53:46:1250] N: WS   /ws - (unix skt), clients: 8
[2026/09/25 17:53:46:1250] N: WS   /ws - (unix skt), clients: 9
[2026/09/25 17:53:46:1250] N: WS   /ws - (unix skt), clients: 10
[2026/09/25 17:53:46:1273] N: started process, pid: 32776
[2026/09/25 17:53:46:1398] N: started process, pid: 32777
[2026/09/25 17:53:46:1491] N: started process, pid: 32778
[2026/09/25 17:53:46:1578] N: started process, pid: 32780
[2026/09/25 17:53:46:1621] N: started process, pid: 32786
[2026/09/25 17:53:46:1701] N: started process, pid: 32788
[2026/09/25 17:53:46:1788] N: started process, pid: 32800
[2026/09/25 17:53:46:1907] N: started process, pid: 32810
[2026/09/25 17:53:46:1998] N: started process, pid: 32812
[2026/09/25 17:53:46:2090] N: started process, pid: 32813
[2026/09/25 17:53:46:5304] N: WS closed from (unix skt), clients: 9
[2026/09/25 17:53:46:5305] N: killing process, pid: 32776
[2026/09/25 17:53:46:6624] N: WS closed from (unix skt), clients: 8
[2026/09/25 17:53:46:6626] N: killing process, pid: 32780
[2026/09/25 17:53:46:6631] N: process killed with signal 1, pid: 32780
[2026/09/25 17:53:46:6646] N: process killed with signal 0, pid: 32776
[2026/09/25 17:53:46:7642] N: WS closed from (unix skt), clients: 7
[2026/09/25 17:53:46:7643] N: killing process, pid: 32777
[2026/09/25 17:53:46:7897] N: process killed with signal 0, pid: 32777
[2026/09/25 17:53:46:8646] N: WS closed from (unix skt), clients: 6
[2026/09/25 17:53:46:8646] N: killing process, pid: 32788
[2026/09/25 17:53:46:9148] N: process killed with signal 0, pid: 32788
[2026/09/25 17:53:46:9634] N: WS closed from (unix skt), clients: 5
[2026/09/25 17:53:46:9634] N: killing process, pid: 32812
[2026/09/25 17:53:46:9637] N: process killed with signal 1, pid: 32812
[2026/09/25 17:53:46:9800] N: WS closed from (unix skt), clients: 4
[2026/09/25 17:53:46:9800] N: killing process, pid: 32800
[2026/09/25 17:53:46:9827] N: process killed with signal 0, pid: 32800
[2026/09/25 17:53:47:1728] N: WS closed from (unix skt), clients: 3
[2026/09/25 17:53:47:1728] N: killing process, pid: 32778
[2026/09/25 17:53:47:1853] N: process killed with signal 0, pid: 32778
[2026/09/25 17:53:47:6187] N: WS closed from (unix skt), clients: 2
[2026/09/25 17:53:47:6187] N: killing process, pid: 32810
[2026/09/25 17:53:47:6195] N: process killed with signal 0, pid: 32810
[2026/09/25 17:53:48:1274] N: WS closed from (unix skt), clients: 1
[2026/09/25 17:53:48:1275] N: killing process, pid: 32786
[2026/09/25 17:53:48:1275] N: WS closed from (unix skt), clients: 0
[2026/09/25 17:53:48:1276] N: killing process, pid: 32813
[2026/09/25 17:53:48:1283] N: process killed with signal 0, pid: 32786
[2026/09/25 17:53:48:1284] N: process killed with signal 0, pid: 32813
[2026/09/25 17:53:48:1353] N: WS   /ws - (unix skt), clients: 1
[2026/09/25 17:53:48:1354] N: WS   /ws - (unix skt), clients: 2
[2026/09/25 17:53:48:1354] N: WS   /ws - (unix skt), clients: 3
[2026/09/25 17:53:48:1354] N: WS   /ws - (unix skt), clients: 4
[2026/09/25 17:53:48:1354] N: WS   /ws - (unix skt), clients: 5
[2026/09/25 17:53:48:1354] N: WS   /ws - (unix skt), clients: 6
[2026/09/25 17:53:48:1354] N: WS   /ws - (unix skt), clients: 7
[2026/09/25 17:53:48:1354] N: WS   /ws - (unix skt), clients: 8
[2026/09/25 17:53:48:1354] N: WS   /ws - (unix skt), clients: 9
[2026/09/25 17:53:48:1354] N: WS   /ws - (unix skt), clients: 10
[2026/09/25 17:53:48:1360] N: started process, pid: 33247
[2026/09/25 17:53:48:1365] N: started process, pid: 33248
[2026/09/25 17:53:48:1371] N: started process, pid: 33249
[2026/09/25 17:53:48:1381] N: started process, pid: 33250
[2026/09/25 17:53:48:1390] N: started process, pid: 33251
[2026/09/25 17:53:48:1401] N: started process, pid: 33252
[2026/09/25 17:53:48:1409] N: started process, pid: 33253
[2026/09/25 17:53:48:1422] N: started process, pid: 33258
[2026/09/25 17:53:48:1430] N: started process, pid: 33262
[2026/09/25 17:53:48:1443] N: started process, pid: 33266
[2026/09/25 17:53:48:2873] N: WS closed from (unix skt), clients: 9
[2026/09/25 17:53:48:2874] N: killing process, pid: 33249
[2026/09/25 17:53:48:2880] N: process killed with signal 1, pid: 33249
[2026/09/25 17:53:48:3784] N: WS closed from (unix skt), clients: 8
[2026/09/25 17:53:48:3785] N: killing process, pid: 33262
[2026/09/25 17:53:48:3794] N: process killed with signal 1, pid: 33262
[2026/09/25 17:53:48:4519] N: WS closed from (unix skt), clients: 7
[2026/09/25 17:53:48:4519] N: killing process, pid: 33247
[2026/09/25 17:53:48:4524] N: process killed with signal 0, pid: 33247
[2026/09/25 17:53:48:5243] N: WS closed from (unix skt), clients: 6
[2026/09/25 17:53:48:5243] N: killing process, pid: 33252
[2026/09/25 17:53:48:5251] N: process killed with signal 0, pid: 33252
[2026/09/25 17:53:48:5439] N: WS closed from (unix skt), clients: 5
[2026/09/25 17:53:48:5440] N: killing process, pid: 33251
[2026/09/25 17:53:48:5445] N: process killed with signal 0, pid: 33251
[2026/09/25 17:53:48:5819] N: WS closed from (unix skt), clients: 4
[2026/09/25 17:53:48:5819] N: killing process, pid: 33253
[2026/09/25 17:53:48:5823] N: process killed with signal 0, pid: 33253
[2026/09/25 17:53:48:9899] N: WS closed from (unix skt), clients: 3
[2026/09/25 17:53:48:9900] N: killing process, pid: 33248
[2026/09/25 17:53:48:9909] N: process killed with signal 0, pid: 33248
[2026/09/25 17:53:49:0450] N: WS closed from (unix skt), clients: 2
[2026/09/25 17:53:49:0451] N: killing process, pid: 33258
[2026/09/25 17:53:49:0458] N: process killed with signal 0, pid: 33258
[2026/09/25 17:53:50:1368] N: WS closed from (unix skt), clients: 1
[2026/09/25 17:53:50:1369] N: killing process, pid: 33250
[2026/09/25 17:53:50:1369] N: WS closed from (unix skt), clients: 0
[2026/09/25 17:53:50:1369] N: killing process, pid: 33266
[2026/09/25 17:53:50:1375] N: process killed with signal 0, pid: 33250
[2026/09/25 17:53:50:1381] N: process killed with signal 0, pid: 33266
[2026/09/25 17:53:50:1471] N: WS   /ws - (unix skt), clients: 1
[2026/09/25 17:53:50:1472] N: WS   /ws - (unix skt), clients: 2
[2026/09/25 17:53:50:1472] N: WS   /ws - (unix skt), clients: 3
[2026/09/25 17:53:50:1472] N: WS   /ws - (unix skt), clients: 4
[2026/09/25 17:53:50:1472] N: WS   /ws - (unix skt), clients: 5
[2026/09/25 17:53:50:1472] N: WS   /ws - (unix skt), clients: 6
[2026/09/25 17:53:50:1472] N: WS   /ws - (unix skt), clients: 7
[2026/09/25 17:53:50:1472] N: WS   /ws - (unix skt), clients: 8
[2026/09/25 17:53:50:1473] N: WS   /ws - (unix skt), clients: 9
[2026/09/25 17:53:50:1479] N: started process, pid: 33581
[2026/09/25 17:53:50:1484] N: started process, pid: 33582
[2026/09/25 17:53:50:1485] N: WS   /ws - (unix skt), clients: 10
[2026/09/25 17:53:50:1489] N: started process, pid: 33583
[2026/09/25 17:53:50:1494] N: started process, pid: 33584
[2026/09/25 17:53:50:1500] N: started process, pid: 33585
[2026/09/25 17:53:50:1508] N: started process, pid: 33586
[2026/09/25 17:53:50:1516] N: started process, pid: 33587
[2026/09/25 17:53:50:1527] N: started process, pid: 33588
[2026/09/25 17:53:50:1544] N: started process, pid: 33592
[2026/09/25 17:53:50:1552] N: started process, pid: 33601
[2026/09/25 17:53:50:2527] N: WS closed from (unix skt), clients: 9
[2026/09/25 17:53:50:2528] N: killing process, pid: 33585
[2026/09/25 17:53:50:2531] N: process killed with signal 1, pid: 33585
[2026/09/25 17:53:50:3383] N: WS closed from (unix skt), clients: 8
[2026/09/25 17:53:50:3383] N: killing process, pid: 33601
[2026/09/25 17:53:50:3386] N: process killed with signal 1, pid: 33601
[2026/09/25 17:53:50:4232] N: WS closed from (unix skt), clients: 7
[2026/09/25 17:53:50:4233] N: killing process, pid: 33581
[2026/09/25 17:53:50:4236] N: process killed with signal 0, pid: 33581
[2026/09/25 17:53:50:4988] N: WS closed from (unix skt), clients: 6
[2026/09/25 17:53:50:4989] N: killing process, pid: 33583
[2026/09/25 17:53:50:4993] N: process killed with signal 0, pid: 33583
[2026/09/25 17:53:50:5239] N: WS closed from (unix skt), clients: 5
[2026/09/25 17:53:50:5239] N: killing process, pid: 33587
[2026/09/25 17:53:50:5243] N: process killed with signal 0, pid: 33587
[2026/09/25 17:53:50:5382] N: WS closed from (unix skt), clients: 4
[2026/09/25 17:53:50:5383] N: killing process, pid: 33588
[2026/09/25 17:53:50:5386] N: process killed with signal 0, pid: 33588
[2026/09/25 17:53:50:9850] N: WS closed from (unix skt), clients: 3
[2026/09/25 17:53:50:9850] N: killing process, pid: 33582
[2026/09/25 17:53:50:9855] N: process killed with signal 0, pid: 33582
[2026/09/25 17:53:51:0411] N: WS closed from (unix skt), clients: 2
[2026/09/25 17:53:51:0412] N: killing process, pid: 33592
[2026/09/25 17:53:51:0419] N: process killed with signal 0, pid: 33592
[2026/09/25 17:53:52:1493] N: WS closed from (unix skt), clients: 1
[2026/09/25 17:53:52:1493] N: killing process, pid: 33586
[2026/09/25 17:53:52:1494] N: WS closed from (unix skt), clients: 0
[2026/09/25 17:53:52:1494] N: killing process, pid: 33584
[2026/09/25 17:53:52:1505] N: process killed with signal 0, pid: 33584
[2026/09/25 17:53:52:1505] N: process killed with signal 0, pid: 33586
[2026/09/25 17:53:52:1608] N: WS   /ws - (unix skt), clients: 1
[2026/09/25 17:53:52:1609] N: WS   /ws - (unix skt), clients: 2
[2026/09/25 17:53:52:1609] N: WS   /ws - (unix skt), clients: 3
[2026/09/25 17:53:52:1609] N: WS   /ws - (unix skt), clients: 4
[2026/09/25 17:53:52:1609] N: WS   /ws - (unix skt), clients: 5
[2026/09/25 17:53:52:1609] N: WS   /ws - (unix skt), clients: 6
[2026/09/25 17:53:52:1610] N: WS   /ws - (unix skt), clients: 7
[2026/09/25 17:53:52:1610] N: WS   /ws - (unix skt), clients: 8
[2026/09/25 17:53:52:1616] N: started process, pid: 33889
[2026/09/25 17:53:52:1622] N: started process, pid: 33890
[2026/09/25 17:53:52:1623] N: WS   /ws - (unix skt), clients: 9
[2026/09/25 17:53:52:1624] N: WS   /ws - (unix skt), clients: 10
[2026/09/25 17:53:52:1628] N: started process, pid: 33891
[2026/09/25 17:53:52:1635] N: started process, pid: 33892
[2026/09/25 17:53:52:1642] N: started process, pid: 33893
[2026/09/25 17:53:52:1653] N: started process, pid: 33894
[2026/09/25 17:53:52:1660] N: started process, pid: 33895
[2026/09/25 17:53:52:1670] N: started process, pid: 33896
[2026/09/25 17:53:52:1680] N: started process, pid: 33901
[2026/09/25 17:53:52:1695] N: started process, pid: 33905
[2026/09/25 17:53:52:2876] N: WS closed from (unix skt), clients: 9
[2026/09/25 17:53:52:2877] N: killing process, pid: 33892
[2026/09/25 17:53:52:2881] N: process killed with signal 1, pid: 33892
[2026/09/25 17:53:52:3281] N: WS closed from (unix skt), clients: 8
[2026/09/25 17:53:52:3282] N: killing process, pid: 33894
[2026/09/25 17:53:52:3285] N: process killed with signal 1, pid: 33894
[2026/09/25 17:53:52:4190] N: WS closed from (unix skt), clients: 7
[2026/09/25 17:53:52:4191] N: killing process, pid: 33889
[2026/09/25 17:53:52:4195] N: process killed with signal 0, pid: 33889
[2026/09/25 17:53:52:4772] N: WS closed from (unix skt), clients: 6
[2026/09/25 17:53:52:4773] N: killing process, pid: 33891
[2026/09/25 17:53:52:4777] N: process killed with signal 0, pid: 33891
[2026/09/25 17:53:52:5432] N: WS closed from (unix skt), clients: 5
[2026/09/25 17:53:52:5433] N: killing process, pid: 33901
[2026/09/25 17:53:52:5433] N: WS closed from (unix skt), clients: 4
[2026/09/25 17:53:52:5433] N: killing process, pid: 33896
[2026/09/25 17:53:52:5438] N: process killed with signal 0, pid: 33901
[2026/09/25 17:53:52:5439] N: process killed with signal 0, pid: 33896
[2026/09/25 17:53:52:9669] N: WS closed from (unix skt), clients: 3
[2026/09/25 17:53:52:9669] N: killing process, pid: 33890
[2026/09/25 17:53:52:9678] N: process killed with signal 0, pid: 33890
[2026/09/25 17:53:53:0408] N: WS closed from (unix skt), clients: 2
[2026/09/25 17:53:53:0409] N: killing process, pid: 33905
[2026/09/25 17:53:53:0421] N: process killed with signal 0, pid: 33905
[2026/09/25 17:53:54:1633] N: WS closed from (unix skt), clients: 1
[2026/09/25 17:53:54:1633] N: killing process, pid: 33895
[2026/09/25 17:53:54:1634] N: WS closed from (unix skt), clients: 0
[2026/09/25 17:53:54:1634] N: killing process, pid: 33893
[2026/09/25 17:53:54:1640] N: process killed with signal 0, pid: 33895
[2026/09/25 17:53:54:1641] N: process killed with signal 0, pid: 33893
[2026/09/25 17:53:54:1698] N: WS   /ws - (unix skt), clients: 1
[2026/09/25 17:53:54:1698] N: WS   /ws - (unix skt), clients: 2
[2026/09/25 17:53:54:1698] N: WS   /ws - (unix skt), clients: 3
[2026/09/25 17:53:54:1698] N: WS   /ws - (unix skt), clients: 4
[2026/09/25 17:53:54:1698] N: WS   /ws - (unix skt), clients: 5
[2026/09/25 17:53:54:1698] N: WS   /ws - (unix skt), clients: 6
[2026/09/25 17:53:54:1699] N: WS   /ws - (unix skt), clients: 7
[2026/09/25 17:53:54:1699] N: WS   /ws - (unix skt), clients: 8
[2026/09/25 17:53:54:1699] N: WS   /ws - (unix skt), clients: 9
[2026/09/25 17:53:54:1703] N: started process, pid: 34244
[2026/09/25 17:53:54:1706] N: started process, pid: 34245
[2026/09/25 17:53:54:1710] N: started process, pid: 34246
[2026/09/25 17:53:54:1714] N: started process, pid: 34247
[2026/09/25 17:53:54:1719] N: started process, pid: 34248
[2026/09/25 17:53:54:1723] N: started process, pid: 34249
[2026/09/25 17:53:54:1731] N: started process, pid: 34250
[2026/09/25 17:53:54:1733] N: WS   /ws - (unix skt), clients: 10
[2026/09/25 17:53:54:1747] N: started process, pid: 34251
[2026/09/25 17:53:54:1756] N: started process, pid: 34254
[2026/09/25 17:53:54:1767] N: started process, pid: 34259
[2026/09/25 17:53:54:2642] N: WS closed from (unix skt), clients: 9
[2026/09/25 17:53:54:2644] N: killing process, pid: 34246
[2026/09/25 17:53:54:2646] N: process killed with signal 1, pid: 34246
[2026/09/25 17:53:54:3854] N: WS closed from (unix skt), clients: 8
[2026/09/25 17:53:54:3854] N: killing process, pid: 34259
[2026/09/25 17:53:54:3856] N: process killed with signal 1, pid: 34259
[2026/09/25 17:53:54:4837] N: WS closed from (unix skt), clients: 7
[2026/09/25 17:53:54:4838] N: killing process, pid: 34244
[2026/09/25 17:53:54:4838] N: WS closed from (unix skt), clients: 6
[2026/09/25 17:53:54:4838] N: killing process, pid: 34248
[2026/09/25 17:53:54:4841] N: process killed with signal 0, pid: 34244
[2026/09/25 17:53:54:4842] N: process killed with signal 0, pid: 34248
[2026/09/25 17:53:54:5536] N: WS closed from (unix skt), clients: 5
[2026/09/25 17:53:54:5536] N: killing process, pid: 34249
[2026/09/25 17:53:54:5539] N: process killed with signal 0, pid: 34249
[2026/09/25 17:53:54:5707] N: WS closed from (unix skt), clients: 4
[2026/09/25 17:53:54:5707] N: killing process, pid: 34251
[2026/09/25 17:53:54:5710] N: process killed with signal 0, pid: 34251
[2026/09/25 17:53:55:0013] N: WS closed from (unix skt), clients: 3
[2026/09/25 17:53:55:0014] N: killing process, pid: 34245
[2026/09/25 17:53:55:0026] N: process killed with signal 0, pid: 34245
[2026/09/25 17:53:55:0719] N: WS closed from (unix skt), clients: 2
[2026/09/25 17:53:55:0720] N: killing process, pid: 34250
[2026/09/25 17:53:55:0735] N: process killed with signal 0, pid: 34250
[2026/09/25 17:53:56:1708] N: WS closed from (unix skt), clients: 1
[2026/09/25 17:53:56:1708] N: killing process, pid: 34247
[2026/09/25 17:53:56:1712] N: process killed with signal 0, pid: 34247
[2026/09/25 17:53:56:1747] N: WS closed from (unix skt), clients: 0
[2026/09/25 17:53:56:1747] N: killing process, pid: 34254
[2026/09/25 17:53:56:1751] N: process killed with signal 0, pid: 34254
[2026/09/25 17:53:56:1805] N: WS   /ws - (unix skt), clients: 1
[2026/09/25 17:53:56:1806] N: WS   /ws - (unix skt), clients: 2
[2026/09/25 17:53:56:1806] N: WS   /ws - (unix skt), clients: 3
[2026/09/25 17:53:56:1806] N: WS   /ws - (unix skt), clients: 4
[2026/09/25 17:53:56:1806] N: WS   /ws - (unix skt), clients: 5
[2026/09/25 17:53:56:1806] N: WS   /ws - (unix skt), clients: 6
[2026/09/25 17:53:56:1806] N: WS   /ws - (unix skt), clients: 7
[2026/09/25 17:53:56:1806] N: WS   /ws - (unix skt), clients: 8
[2026/09/25 17:53:56:1810] N: started process, pid: 34683
[2026/09/25 17:53:56:1811] N: WS   /ws - (unix skt), clients: 9
[2026/09/25 17:53:56:1811] N: WS   /ws - (unix skt), clients: 10
[2026/09/25 17:53:56:1813] N: started process, pid: 34684
[2026/09/25 17:53:56:1817] N: started process, pid: 34685
[2026/09/25 17:53:56:1823] N: started process, pid: 34687
[2026/09/25 17:53:56:1828] N: started process, pid: 34688
[2026/09/25 17:53:56:1836] N: started process, pid: 34689
[2026/09/25 17:53:56:1844] N: started process, pid: 34691
[2026/09/25 17:53:56:1854] N: started process, pid: 34693
[2026/09/25 17:53:56:1870] N: started process, pid: 34697
[2026/09/25 17:53:56:1883] N: started process, pid: 34704
[2026/09/25 17:53:56:2713] N: WS closed from (unix skt), clients: 9
[2026/09/25 17:53:56:2713] N: killing process, pid: 34685
[2026/09/25 17:53:56:2716] N: process killed with signal 1, pid: 34685
[2026/09/25 17:53:56:3421] N: WS closed from (unix skt), clients: 8
[2026/09/25 17:53:56:3421] N: killing process, pid: 34689
[2026/09/25 17:53:56:3425] N: process killed with signal 1, pid: 34689
[2026/09/25 17:53:56:4307] N: WS closed from (unix skt), clients: 7
[2026/09/25 17:53:56:4308] N: killing process, pid: 34683
[2026/09/25 17:53:56:4312] N: process killed with signal 0, pid: 34683
[2026/09/25 17:53:56:5007] N: WS closed from (unix skt), clients: 6
[2026/09/25 17:53:56:5007] N: killing process, pid: 34684
[2026/09/25 17:53:56:5012] N: process killed with signal 0, pid: 34684
[2026/09/25 17:53:56:5293] N: WS closed from (unix skt), clients: 5
[2026/09/25 17:53:56:5294] N: killing process, pid: 34693
[2026/09/25 17:53:56:5299] N: process killed with signal 0, pid: 34693
[2026/09/25 17:53:56:5635] N: WS closed from (unix skt), clients: 4
[2026/09/25 17:53:56:5635] N: killing process, pid: 34697
[2026/09/25 17:53:56:5639] N: process killed with signal 0, pid: 34697
[2026/09/25 17:53:57:0155] N: WS closed from (unix skt), clients: 3
[2026/09/25 17:53:57:0157] N: killing process, pid: 34688
[2026/09/25 17:53:57:0165] N: process killed with signal 0, pid: 34688
[2026/09/25 17:53:57:0655] N: WS closed from (unix skt), clients: 2
[2026/09/25 17:53:57:0655] N: killing process, pid: 34704
[2026/09/25 17:53:57:0659] N: process killed with signal 0, pid: 34704
[2026/09/25 17:53:58:1828] N: WS closed from (unix skt), clients: 1
[2026/09/25 17:53:58:1828] N: killing process, pid: 34691
[2026/09/25 17:53:58:1828] N: WS closed from (unix skt), clients: 0
[2026/09/25 17:53:58:1828] N: killing process, pid: 34687
[2026/09/25 17:53:58:1835] N: process killed with signal 0, pid: 34691
[2026/09/25 17:53:58:1836] N: process killed with signal 0, pid: 34687
[2026/09/25 17:53:58:1901] N: WS   /ws - (unix skt), clients: 1
[2026/09/25 17:53:58:1902] N: WS   /ws - (unix skt), clients: 2
[2026/09/25 17:53:58:1903] N: WS   /ws - (unix skt), clients: 3
[2026/09/25 17:53:58:1903] N: WS   /ws - (unix skt), clients: 4
[2026/09/25 17:53:58:1903] N: WS   /ws - (unix skt), clients: 5
[2026/09/25 17:53:58:1903] N: WS   /ws - (unix skt), clients: 6
[2026/09/25 17:53:58:1903] N: WS   /ws - (unix skt), clients: 7
[2026/09/25 17:53:58:1903] N: WS   /ws - (unix skt), clients: 8
[2026/09/25 17:53:58:1903] N: WS   /ws - (unix skt), clients: 9
[2026/09/25 17:53:58:1903] N: WS   /ws - (unix skt), clients: 10
[2026/09/25 17:53:58:1909] N: started process, pid: 35074
[2026/09/25 17:53:58:1914] N: started process, pid: 35075
[2026/09/25 17:53:58:1922] N: started process, pid: 35077
[2026/09/25 17:53:58:1930] N: started process, pid: 35078
[2026/09/25 17:53:58:1937] N: started process, pid: 35079
[2026/09/25 17:53:58:1948] N: started process, pid: 35081
[2026/09/25 17:53:58:1953] N: started process, pid: 35085
[2026/09/25 17:53:58:1964] N: started process, pid: 35088
[2026/09/25 17:53:58:1970] N: started process, pid: 35093
[2026/09/25 17:53:58:1987] N: started process, pid: 35096
[2026/09/25 17:53:58:3112] N: WS closed from (unix skt), clients: 9
[2026/09/25 17:53:58:3113] N: killing process, pid: 35077
[2026/09/25 17:53:58:3118] N: process killed with signal 1, pid: 35077
[2026/09/25 17:53:58:3397] N: WS closed from (unix skt), clients: 8
[2026/09/25 17:53:58:3398] N: killing process, pid: 35093
[2026/09/25 17:53:58:3404] N: process killed with signal 1, pid: 35093
[2026/09/25 17:53:58:4813] N: WS closed from (unix skt), clients: 7
[2026/09/25 17:53:58:4813] N: killing process, pid: 35074
[2026/09/25 17:53:58:4817] N: process killed with signal 0, pid: 35074
[2026/09/25 17:53:58:5566] N: WS closed from (unix skt), clients: 6
[2026/09/25 17:53:58:5566] N: killing process, pid: 35081
[2026/09/25 17:53:58:5570] N: process killed with signal 0, pid: 35081
[2026/09/25 17:53:58:5887] N: WS closed from (unix skt), clients: 5
[2026/09/25 17:53:58:5888] N: killing process, pid: 35079
[2026/09/25 17:53:58:5888] N: WS closed from (unix skt), clients: 4
[2026/09/25 17:53:58:5888] N: killing process, pid: 35085
[2026/09/25 17:53:58:5894] N: process killed with signal 0, pid: 35079
[2026/09/25 17:53:58:5894] N: process killed with signal 0, pid: 35085
[2026/09/25 17:53:58:9832] N: WS closed from (unix skt), clients: 3
[2026/09/25 17:53:58:9833] N: killing process, pid: 35075
[2026/09/25 17:53:58:9842] N: process killed with signal 0, pid: 35075
[2026/09/25 17:53:59:0332] N: WS closed from (unix skt), clients: 2
[2026/09/25 17:53:59:0332] N: killing process, pid: 35088
[2026/09/25 17:53:59:0340] N: process killed with signal 0, pid: 35088
[2026/09/25 17:54:00:1912] N: WS closed from (unix skt), clients: 1
[2026/09/25 17:54:00:1913] N: killing process, pid: 35078
[2026/09/25 17:54:00:1913] N: WS closed from (unix skt), clients: 0
[2026/09/25 17:54:00:1913] N: killing process, pid: 35096
[2026/09/25 17:54:00:1925] N: process killed with signal 0, pid: 35078
[2026/09/25 17:54:00:1926] N: process killed with signal 0, pid: 35096
[2026/09/25 17:54:00:2026] N: WS   /ws - (unix skt), clients: 1
[2026/09/25 17:54:00:2026] N: WS   /ws - (unix skt), clients: 2
[2026/09/25 17:54:00:2026] N: WS   /ws - (unix skt), clients: 3
[2026/09/25 17:54:00:2026] N: WS   /ws - (unix skt), clients: 4
[2026/09/25 17:54:00:2027] N: WS   /ws - (unix skt), clients: 5
[2026/09/25 17:54:00:2027] N: WS   /ws - (unix skt), clients: 6
[2026/09/25 17:54:00:2027] N: WS   /ws - (unix skt), clients: 7
[2026/09/25 17:54:00:2027] N: WS   /ws - (unix skt), clients: 8
[2026/09/25 17:54:00:2027] N: WS   /ws - (unix skt), clients: 9
[2026/09/25 17:54:00:2027] N: WS   /ws - (unix skt), clients: 10
[2026/09/25 17:54:00:2035] N: started process, pid: 35420
[2026/09/25 17:54:00:2040] N: started process, pid: 35421
[2026/09/25 17:54:00:2046] N: started process, pid: 35422
[2026/09/25 17:54:00:2052] N: started process, pid: 35423
[2026/09/25 17:54:00:2057] N: started process, pid: 35424
[2026/09/25 17:54:00:2066] N: started process, pid: 35425
[2026/09/25 17:54:00:2075] N: started process, pid: 35426
[2026/09/25 17:54:00:2087] N: started process, pid: 35427
[2026/09/25 17:54:00:2099] N: started process, pid: 35433
[2026/09/25 17:54:00:2112] N: started process, pid: 35439
[2026/09/25 17:54:00:3291] N: WS closed from (unix skt), clients: 9
[2026/09/25 17:54:00:3291] N: killing process, pid: 35422
[2026/09/25 17:54:00:3295] N: process killed with signal 1, pid: 35422
[2026/09/25 17:54:00:3819] N: WS closed from (unix skt), clients: 8
[2026/09/25 17:54:00:3819] N: killing process, pid: 35433
[2026/09/25 17:54:00:3821] N: process killed with signal 1, pid: 35433
[2026/09/25 17:54:00:4548] N: WS closed from (unix skt), clients: 7
[2026/09/25 17:54:00:4549] N: killing process, pid: 35420
[2026/09/25 17:54:00:4553] N: process killed with signal 0, pid: 35420
[2026/09/25 17:54:00:5037] N: WS closed from (unix skt), clients: 6
[2026/09/25 17:54:00:5037] N: killing process, pid: 35423
[2026/09/25 17:54:00:5041] N: process killed with signal 0, pid: 35423
[2026/09/25 17:54:00:5836] N: WS closed from (unix skt), clients: 5
[2026/09/25 17:54:00:5836] N: killing process, pid: 35425
[2026/09/25 17:54:00:5836] N: WS closed from (unix skt), clients: 4
[2026/09/25 17:54:00:5837] N: killing process, pid: 35426
[2026/09/25 17:54:00:5842] N: process killed with signal 0, pid: 35425
[2026/09/25 17:54:00:5842] N: process killed with signal 0, pid: 35426
[2026/09/25 17:54:01:0163] N: WS closed from (unix skt), clients: 3
[2026/09/25 17:54:01:0164] N: killing process, pid: 35421
[2026/09/25 17:54:01:0167] N: process killed with signal 0, pid: 35421
[2026/09/25 17:54:01:0584] N: WS closed from (unix skt), clients: 2
[2026/09/25 17:54:01:0585] N: killing process, pid: 35427
[2026/09/25 17:54:01:0588] N: process killed with signal 0, pid: 35427
[2026/09/25 17:54:02:2040] N: WS closed from (unix skt), clients: 1
[2026/09/25 17:54:02:2040] N: killing process, pid: 35424
[2026/09/25 17:54:02:2040] N: WS closed from (unix skt), clients: 0
[2026/09/25 17:54:02:2040] N: killing process, pid: 35439
[2026/09/25 17:54:02:2047] N: process killed with signal 0, pid: 35439
[2026/09/25 17:54:02:2047] N: process killed with signal 0, pid: 35424
[2026/09/25 17:54:02:2101] N: WS   /ws - (unix skt), clients: 1
[2026/09/25 17:54:02:2101] N: WS   /ws - (unix skt), clients: 2
[2026/09/25 17:54:02:2101] N: WS   /ws - (unix skt), clients: 3
[2026/09/25 17:54:02:2101] N: WS   /ws - (unix skt), clients: 4
[2026/09/25 17:54:02:2101] N: WS   /ws - (unix skt), clients: 5
[2026/09/25 17:54:02:2101] N: WS   /ws - (unix skt), clients: 6
[2026/09/25 17:54:02:2101] N: WS   /ws - (unix skt), clients: 7
[2026/09/25 17:54:02:2101] N: WS   /ws - (unix skt), clients: 8
[2026/09/25 17:54:02:2102] N: WS   /ws - (unix skt), clients: 9
[2026/09/25 17:54:02:2102] N: WS   /ws - (unix skt), clients: 10
[2026/09/25 17:54:02:2106] N: started process, pid: 35771
[2026/09/25 17:54:02:2110] N: started process, pid: 35772
[2026/09/25 17:54:02:2113] N: started process, pid: 35773
[2026/09/25 17:54:02:2116] N: started process, pid: 35774
[2026/09/25 17:54:02:2120] N: started process, pid: 35775
[2026/09/25 17:54:02:2126] N: started process, pid: 35776
[2026/09/25 17:54:02:2132] N: started process, pid: 35777
[2026/09/25 17:54:02:2138] N: started process, pid: 35778
[2026/09/25 17:54:02:2155] N: started process, pid: 35782
[2026/09/25 17:54:02:2163] N: started process, pid: 35793
[2026/09/25 17:54:02:3450] N: WS closed from (unix skt), clients: 9
[2026/09/25 17:54:02:3450] N: killing process, pid: 35772
[2026/09/25 17:54:02:3453] N: process killed with signal 1, pid: 35772
[2026/09/25 17:54:02:3714] N: WS closed from (unix skt), clients: 8
[2026/09/25 17:54:02:3715] N: killing process, pid: 35776
[2026/09/25 17:54:02:3717] N: process killed with signal 1, pid: 35776
[2026/09/25 17:54:02:4926] N: WS closed from (unix skt), clients: 7
[2026/09/25 17:54:02:4926] N: killing process, pid: 35771
[2026/09/25 17:54:02:4929] N: process killed with signal 0, pid: 35771
[2026/09/25 17:54:02:5363] N: WS closed from (unix skt), clients: 6
[2026/09/25 17:54:02:5363] N: killing process, pid: 35774
[2026/09/25 17:54:02:5375] N: process killed with signal 0, pid: 35774
[2026/09/25 17:54:02:5865] N: WS closed from (unix skt), clients: 5
[2026/09/25 17:54:02:5865] N: killing process, pid: 35778
[2026/09/25 17:54:02:5866] N: WS closed from (unix skt), clients: 4
[2026/09/25 17:54:02:5866] N: killing process, pid: 35782
[2026/09/25 17:54:02:5869] N: process killed with signal 0, pid: 35778
[2026/09/25 17:54:02:5870] N: process killed with signal 0, pid: 35782
[2026/09/25 17:54:03:0196] N: WS closed from (unix skt), clients: 3
[2026/09/25 17:54:03:0197] N: killing process, pid: 35775
[2026/09/25 17:54:03:0203] N: process killed with signal 0, pid: 35775
[2026/09/25 17:54:03:0879] N: WS closed from (unix skt), clients: 2
[2026/09/25 17:54:03:0879] N: killing process, pid: 35793
[2026/09/25 17:54:03:0885] N: process killed with signal 0, pid: 35793
[2026/09/25 17:54:04:2126] N: WS closed from (unix skt), clients: 1
[2026/09/25 17:54:04:2127] N: killing process, pid: 35777
[2026/09/25 17:54:04:2127] N: WS closed from (unix skt), clients: 0
[2026/09/25 17:54:04:2127] N: killing process, pid: 35773
[2026/09/25 17:54:04:2132] N: process killed with signal 0, pid: 35777
[2026/09/25 17:54:04:2138] N: process killed with signal 0, pid: 35773
[2026/09/25 17:54:04:2220] N: WS   /ws - (unix skt), clients: 1
[2026/09/25 17:54:04:2220] N: WS   /ws - (unix skt), clients: 2
[2026/09/25 17:54:04:2220] N: WS   /ws - (unix skt), clients: 3
[2026/09/25 17:54:04:2221] N: WS   /ws - (unix skt), clients: 4
[2026/09/25 17:54:04:2221] N: WS   /ws - (unix skt), clients: 5
[2026/09/25 17:54:04:2221] N: WS   /ws - (unix skt), clients: 6
[2026/09/25 17:54:04:2221] N: WS   /ws - (unix skt), clients: 7
[2026/09/25 17:54:04:2221] N: WS   /ws - (unix skt), clients: 8
[2026/09/25 17:54:04:2227] N: started process, pid: 36137
[2026/09/25 17:54:04:2228] N: WS   /ws - (unix skt), clients: 9
[2026/09/25 17:54:04:2228] N: WS   /ws - (unix skt), clients: 10
[2026/09/25 17:54:04:2232] N: started process, pid: 36138
[2026/09/25 17:54:04:2236] N: started process, pid: 36139
[2026/09/25 17:54:04:2241] N: started process, pid: 36140
[2026/09/25 17:54:04:2249] N: started process, pid: 36141
[2026/09/25 17:54:04:2255] N: started process, pid: 36142
[2026/09/25 17:54:04:2263] N: started process, pid: 36143
[2026/09/25 17:54:04:2271] N: started process, pid: 36144
[2026/09/25 17:54:04:2287] N: started process, pid: 36146
[2026/09/25 17:54:04:2296] N: started process, pid: 36156
[2026/09/25 17:54:04:3576] N: WS closed from (unix skt), clients: 9
[2026/09/25 17:54:04:3577] N: killing process, pid: 36139
[2026/09/25 17:54:04:3579] N: WS closed from (unix skt), clients: 8
[2026/09/25 17:54:04:3579] N: killing process, pid: 36142
[2026/09/25 17:54:04:3580] N: process killed with signal 1, pid: 36139
[2026/09/25 17:54:04:3581] N: process killed with signal 1, pid: 36142
[2026/09/25 17:54:04:4827] N: WS closed from (unix skt), clients: 7
[2026/09/25 17:54:04:4827] N: killing process, pid: 36138
[2026/09/25 17:54:04:4831] N: process killed with signal 0, pid: 36138
[2026/09/25 17:54:04:5590] N: WS closed from (unix skt), clients: 6
[2026/09/25 17:54:04:5591] N: killing process, pid: 36137
[2026/09/25 17:54:04:5596] N: process killed with signal 0, pid: 36137
[2026/09/25 17:54:04:5702] N: WS closed from (unix skt), clients: 5
[2026/09/25 17:54:04:5703] N: killing process, pid: 36144
[2026/09/25 17:54:04:5706] N: process killed with signal 0, pid: 36144
[2026/09/25 17:54:04:5963] N: WS closed from (unix skt), clients: 4
[2026/09/25 17:54:04:5963] N: killing process, pid: 36146
[2026/09/25 17:54:04:5967] N: process killed with signal 0, pid: 36146
[2026/09/25 17:54:05:0614] N: WS closed from (unix skt), clients: 3
[2026/09/25 17:54:05:0614] N: killing process, pid: 36141
[2026/09/25 17:54:05:0618] N: process killed with signal 0, pid: 36141
[2026/09/25 17:54:05:0955] N: WS closed from (unix skt), clients: 2
[2026/09/25 17:54:05:0955] N: killing process, pid: 36156
[2026/09/25 17:54:05:0958] N: process killed with signal 0, pid: 36156
[2026/09/25 17:54:06:2223] N: WS closed from (unix skt), clients: 1
[2026/09/25 17:54:06:2224] N: killing process, pid: 36143
[2026/09/25 17:54:06:2227] N: process killed with signal 0, pid: 36143
[2026/09/25 17:54:06:2235] N: WS closed from (unix skt), clients: 0
[2026/09/25 17:54:06:2235] N: killing process, pid: 36140
[2026/09/25 17:54:06:2240] N: process killed with signal 0, pid: 36140
[2026/09/25 17:54:06:2350] N: WS   /ws - (unix skt), clients: 1
[2026/09/25 17:54:06:2362] N: WS   /ws - (unix skt), clients: 2
[2026/09/25 17:54:06:2362] N: WS   /ws - (unix skt), clients: 3
[2026/09/25 17:54:06:2363] N: WS   /ws - (unix skt), clients: 4
[2026/09/25 17:54:06:2363] N: WS   /ws - (unix skt), clients: 5
[2026/09/25 17:54:06:2363] N: WS   /ws - (unix skt), clients: 6
[2026/09/25 17:54:06:2363] N: WS   /ws - (unix skt), clients: 7
[2026/09/25 17:54:06:2363] N: WS   /ws - (unix skt), clients: 8
[2026/09/25 17:54:06:2363] N: WS   /ws - (unix skt), clients: 9
[2026/09/25 17:54:06:2364] N: WS   /ws - (unix skt), clients: 10
[2026/09/25 17:54:06:2373] N: started process, pid: 36447
[2026/09/25 17:54:06:2383] N: started process, pid: 36448
[2026/09/25 17:54:06:2392] N: started process, pid: 36449
[2026/09/25 17:54:06:2405] N: started process, pid: 36450
[2026/09/25 17:54:06:2415] N: started process, pid: 36451
[2026/09/25 17:54:06:2423] N: started process, pid: 36452
[2026/09/25 17:54:06:2434] N: started process, pid: 36453
[2026/09/25 17:54:06:2450] N: started process, pid: 36457
[2026/09/25 17:54:06:2468] N: started process, pid: 36464
[2026/09/25 17:54:06:2487] N: started process, pid: 36468
[2026/09/25 17:54:06:3791] N: WS closed from (unix skt), clients: 9
[2026/09/25 17:54:06:3791] N: killing process, pid: 36450
[2026/09/25 17:54:06:3795] N: process killed with signal 1, pid: 36450
[2026/09/25 17:54:06:4348] N: WS closed from (unix skt), clients: 8
[2026/09/25 17:54:06:4349] N: killing process, pid: 36464
[2026/09/25 17:54:06:4350] N: process killed with signal 1, pid: 36464
[2026/09/25 17:54:06:5043] N: WS closed from (unix skt), clients: 7
[2026/09/25 17:54:06:5044] N: killing process, pid: 36447
[2026/09/25 17:54:06:5047] N: process killed with signal 0, pid: 36447
[2026/09/25 17:54:06:5555] N: WS closed from (unix skt), clients: 6
[2026/09/25 17:54:06:5555] N: killing process, pid: 36448
[2026/09/25 17:54:06:5560] N: process killed with signal 0, pid: 36448
[2026/09/25 17:54:06:6067] N: WS closed from (unix skt), clients: 5
[2026/09/25 17:54:06:6067] N: killing process, pid: 36452
[2026/09/25 17:54:06:6067] N: WS closed from (unix skt), clients: 4
[2026/09/25 17:54:06:6067] N: killing process, pid: 36453
[2026/09/25 17:54:06:6072] N: process killed with signal 0, pid: 36453
[2026/09/25 17:54:06:6073] N: process killed with signal 0, pid: 36452
[2026/09/25 17:54:07:0705] N: WS closed from (unix skt), clients: 3
[2026/09/25 17:54:07:0705] N: killing process, pid: 36449
[2026/09/25 17:54:07:0708] N: process killed with signal 0, pid: 36449
[2026/09/25 17:54:07:1386] N: WS closed from (unix skt), clients: 2
[2026/09/25 17:54:07:1386] N: killing process, pid: 36457
[2026/09/25 17:54:07:1392] N: process killed with signal 0, pid: 36457
[2026/09/25 17:54:08:2368] N: WS closed from (unix skt), clients: 1
[2026/09/25 17:54:08:2369] N: killing process, pid: 36451
[2026/09/25 17:54:08:2369] N: WS closed from (unix skt), clients: 0
[2026/09/25 17:54:08:2369] N: killing process, pid: 36468
[2026/09/25 17:54:08:2375] N: process killed with signal 0, pid: 36451
[2026/09/25 17:54:08:2380] N: process killed with signal 0, pid: 36468
[2026/09/25 17:54:08:2437] N: WS   /ws - (unix skt), clients: 1
[2026/09/25 17:54:08:2437] N: WS   /ws - (unix skt), clients: 2
[2026/09/25 17:54:08:2437] N: WS   /ws - (unix skt), clients: 3
[2026/09/25 17:54:08:2437] N: WS   /ws - (unix skt), clients: 4
[2026/09/25 17:54:08:2438] N: WS   /ws - (unix skt), clients: 5
[2026/09/25 17:54:08:2438] N: WS   /ws - (unix skt), clients: 6
[2026/09/25 17:54:08:2438] N: WS   /ws - (unix skt), clients: 7
[2026/09/25 17:54:08:2438] N: WS   /ws - (unix skt), clients: 8
[2026/09/25 17:54:08:2438] N: WS   /ws - (unix skt), clients: 9
[2026/09/25 17:54:08:2438] N: WS   /ws - (unix skt), clients: 10
[2026/09/25 17:54:08:2443] N: started process, pid: 37020
[2026/09/25 17:54:08:2447] N: started process, pid: 37021
[2026/09/25 17:54:08:2451] N: started process, pid: 37022
[2026/09/25 17:54:08:2455] N: started process, pid: 37023
[2026/09/25 17:54:08:2463] N: started process, pid: 37024
[2026/09/25 17:54:08:2468] N: started process, pid: 37025
[2026/09/25 17:54:08:2473] N: started process, pid: 37026
[2026/09/25 17:54:08:2484] N: started process, pid: 37027
[2026/09/25 17:54:08:2492] N: started process, pid: 37030
[2026/09/25 17:54:08:2508] N: started process, pid: 37036
[2026/09/25 17:54:08:3584] N: WS closed from (unix skt), clients: 9
[2026/09/25 17:54:08:3584] N: killing process, pid: 37022
[2026/09/25 17:54:08:3587] N: process killed with signal 1, pid: 37022
[2026/09/25 17:54:08:4080] N: WS closed from (unix skt), clients: 8
[2026/09/25 17:54:08:4080] N: killing process, pid: 37030
[2026/09/25 17:54:08:4083] N: process killed with signal 1, pid: 37030
[2026/09/25 17:54:08:5600] N: WS closed from (unix skt), clients: 7
[2026/09/25 17:54:08:5600] N: killing process, pid: 37023
[2026/09/25 17:54:08:5600] N: WS closed from (unix skt), clients: 6
[2026/09/25 17:54:08:5600] N: killing process, pid: 37020
[2026/09/25 17:54:08:5604] N: process killed with signal 0, pid: 37020
[2026/09/25 17:54:08:5604] N: process killed with signal 0, pid: 37023
[2026/09/25 17:54:08:6093] N: WS closed from (unix skt), clients: 5
[2026/09/25 17:54:08:6093] N: killing process, pid: 37025
[2026/09/25 17:54:08:6094] N: WS closed from (unix skt), clients: 4
[2026/09/25 17:54:08:6094] N: killing process, pid: 37026
[2026/09/25 17:54:08:6098] N: process killed with signal 0, pid: 37025
[2026/09/25 17:54:08:6100] N: process killed with signal 0, pid: 37026
[2026/09/25 17:54:09:0010] N: WS closed from (unix skt), clients: 3
[2026/09/25 17:54:09:0011] N: killing process, pid: 37021
[2026/09/25 17:54:09:0014] N: process killed with signal 0, pid: 37021
[2026/09/25 17:54:09:0871] N: WS closed from (unix skt), clients: 2
[2026/09/25 17:54:09:0872] N: killing process, pid: 37027
[2026/09/25 17:54:09:0876] N: process killed with signal 0, pid: 37027
[2026/09/25 17:54:10:2449] N: WS closed from (unix skt), clients: 1
[2026/09/25 17:54:10:2450] N: killing process, pid: 37024
[2026/09/25 17:54:10:2450] N: WS closed from (unix skt), clients: 0
[2026/09/25 17:54:10:2450] N: killing process, pid: 37036
[2026/09/25 17:54:10:2454] N: process killed with signal 0, pid: 37024
[2026/09/25 17:54:10:2459] N: process killed with signal 0, pid: 37036
[2026/09/25 17:54:10:2524] N: WS   /ws - (unix skt), clients: 1
[2026/09/25 17:54:10:2524] N: WS   /ws - (unix skt), clients: 2
[2026/09/25 17:54:10:2524] N: WS   /ws - (unix skt), clients: 3
[2026/09/25 17:54:10:2524] N: WS   /ws - (unix skt), clients: 4
[2026/09/25 17:54:10:2524] N: WS   /ws - (unix skt), clients: 5
[2026/09/25 17:54:10:2525] N: WS   /ws - (unix skt), clients: 6
[2026/09/25 17:54:10:2525] N: WS   /ws - (unix skt), clients: 7
[2026/09/25 17:54:10:2525] N: WS   /ws - (unix skt), clients: 8
[2026/09/25 17:54:10:2525] N: WS   /ws - (unix skt), clients: 9
[2026/09/25 17:54:10:2525] N: WS   /ws - (unix skt), clients: 10
[2026/09/25 17:54:10:2531] N: started process, pid: 37362
[2026/09/25 17:54:10:2535] N: started process, pid: 37363
[2026/09/25 17:54:10:2539] N: started process, pid: 37364
[2026/09/25 17:54:10:2548] N: started process, pid: 37365
[2026/09/25 17:54:10:2553] N: started process, pid: 37366
[2026/09/25 17:54:10:2567] N: started process, pid: 37367
[2026/09/25 17:54:10:2572] N: started process, pid: 37368
[2026/09/25 17:54:10:2592] N: started process, pid: 37371
[2026/09/25 17:54:10:2603] N: started process, pid: 37386
[2026/09/25 17:54:10:2616] N: started process, pid: 37388
[2026/09/25 17:54:10:4069] N: WS closed from (unix skt), clients: 9
[2026/09/25 17:54:10:4070] N: killing process, pid: 37365
[2026/09/25 17:54:10:4072] N: process killed with signal 1, pid: 37365
[2026/09/25 17:54:10:4207] N: WS closed from (unix skt), clients: 8
[2026/09/25 17:54:10:4207] N: killing process, pid: 37386
[2026/09/25 17:54:10:4210] N: process killed with signal 1, pid: 37386
[2026/09/25 17:54:10:5793] N: WS closed from (unix skt), clients: 7
[2026/09/25 17:54:10:5794] N: killing process, pid: 37362
[2026/09/25 17:54:10:5799] N: process killed with signal 0, pid: 37362
[2026/09/25 17:54:10:5934] N: WS closed from (unix skt), clients: 6
[2026/09/25 17:54:10:5934] N: killing process, pid: 37363
[2026/09/25 17:54:10:5938] N: process killed with signal 0, pid: 37363
[2026/09/25 17:54:10:6377] N: WS closed from (unix skt), clients: 5
[2026/09/25 17:54:10:6377] N: killing process, pid: 37367
[2026/09/25 17:54:10:6384] N: process killed with signal 0, pid: 37367
[2026/09/25 17:54:10:6508] N: WS closed from (unix skt), clients: 4
[2026/09/25 17:54:10:6509] N: killing process, pid: 37368
[2026/09/25 17:54:10:6514] N: process killed with signal 0, pid: 37368
[2026/09/25 17:54:11:0297] N: WS closed from (unix skt), clients: 3
[2026/09/25 17:54:11:0297] N: killing process, pid: 37364
[2026/09/25 17:54:11:0301] N: process killed with signal 0, pid: 37364
[2026/09/25 17:54:11:1534] N: WS closed from (unix skt), clients: 2
[2026/09/25 17:54:11:1535] N: killing process, pid: 37371
[2026/09/25 17:54:11:1539] N: process killed with signal 0, pid: 37371
[2026/09/25 17:54:12:2536] N: WS closed from (unix skt), clients: 1
[2026/09/25 17:54:12:2538] N: killing process, pid: 37366
[2026/09/25 17:54:12:2538] N: WS closed from (unix skt), clients: 0
[2026/09/25 17:54:12:2538] N: killing process, pid: 37388
[2026/09/25 17:54:12:2551] N: process killed with signal 0, pid: 37366
[2026/09/25 17:54:12:2552] N: process killed with signal 0, pid: 37388
[2026/09/25 17:54:12:2632] N: WS   /ws - (unix skt), clients: 1
[2026/09/25 17:54:12:2632] N: WS   /ws - (unix skt), clients: 2
[2026/09/25 17:54:12:2632] N: WS   /ws - (unix skt), clients: 3
[2026/09/25 17:54:12:2632] N: WS   /ws - (unix skt), clients: 4
[2026/09/25 17:54:12:2632] N: WS   /ws - (unix skt), clients: 5
[2026/09/25 17:54:12:2633] N: WS   /ws - (unix skt), clients: 6
[2026/09/25 17:54:12:2633] N: WS   /ws - (unix skt), clients: 7
[2026/09/25 17:54:12:2633] N: WS   /ws - (unix skt), clients: 8
[2026/09/25 17:54:12:2633] N: WS   /ws - (unix skt), clients: 9
[2026/09/25 17:54:12:2633] N: WS   /ws - (unix skt), clients: 10
[2026/09/25 17:54:12:2638] N: started process, pid: 37978
[2026/09/25 17:54:12:2641] N: started process, pid: 37979
[2026/09/25 17:54:12:2645] N: started process, pid: 37980
[2026/09/25 17:54:12:2649] N: started process, pid: 37981
[2026/09/25 17:54:12:2657] N: started process, pid: 37982
[2026/09/25 17:54:12:2663] N: started process, pid: 37983
[2026/09/25 17:54:12:2668] N: started process, pid: 37984
[2026/09/25 17:54:12:2679] N: started process, pid: 37985
[2026/09/25 17:54:12:2685] N: started process, pid: 37990
[2026/09/25 17:54:12:2693] N: started process, pid: 37995
[2026/09/25 17:54:12:3612] N: WS closed from (unix skt), clients: 9
[2026/09/25 17:54:12:3612] N: killing process, pid: 37980
[2026/09/25 17:54:12:3616] N: process killed with signal 1, pid: 37980
[2026/09/25 17:54:12:4112] N: WS closed from (unix skt), clients: 8
[2026/09/25 17:54:12:4112] N: killing process, pid: 37990
[2026/09/25 17:54:12:4119] N: process killed with signal 1, pid: 37990
[2026/09/25 17:54:12:5484] N: WS closed from (unix skt), clients: 7
[2026/09/25 17:54:12:5484] N: killing process, pid: 37978
[2026/09/25 17:54:12:5489] N: process killed with signal 0, pid: 37978
[2026/09/25 17:54:12:6317] N: WS closed from (unix skt), clients: 6
[2026/09/25 17:54:12:6318] N: killing process, pid: 37983
[2026/09/25 17:54:12:6324] N: process killed with signal 0, pid: 37983
[2026/09/25 17:54:12:6629] N: WS closed from (unix skt), clients: 5
[2026/09/25 17:54:12:6629] N: killing process, pid: 37981
[2026/09/25 17:54:12:6630] N: WS closed from (unix skt), clients: 4
[2026/09/25 17:54:12:6630] N: killing process, pid: 37984
[2026/09/25 17:54:12:6637] N: process killed with signal 0, pid: 37981
[2026/09/25 17:54:12:6637] N: process killed with signal 0, pid: 37984
[2026/09/25 17:54:13:0808] N: WS closed from (unix skt), clients: 3
[2026/09/25 17:54:13:0808] N: killing process, pid: 37979
[2026/09/25 17:54:13:0814] N: process killed with signal 0, pid: 37979
[2026/09/25 17:54:13:1640] N: WS closed from (unix skt), clients: 2
[2026/09/25 17:54:13:1640] N: killing process, pid: 37985
[2026/09/25 17:54:13:1719] N: process killed with signal 0, pid: 37985
[2026/09/25 17:54:14:2654] N: WS closed from (unix skt), clients: 1
[2026/09/25 17:54:14:2655] N: killing process, pid: 37982
[2026/09/25 17:54:14:2655] N: WS closed from (unix skt), clients: 0
[2026/09/25 17:54:14:2655] N: killing process, pid: 37995
[2026/09/25 17:54:14:2667] N: process killed with signal 0, pid: 37982
[2026/09/25 17:54:14:2667] N: process killed with signal 0, pid: 37995
[2026/09/25 17:54:14:2737] N: WS   /ws - (unix skt), clients: 1
[2026/09/25 17:54:14:2738] N: WS   /ws - (unix skt), clients: 2
[2026/09/25 17:54:14:2738] N: WS   /ws - (unix skt), clients: 3
[2026/09/25 17:54:14:2738] N: WS   /ws - (unix skt), clients: 4
[2026/09/25 17:54:14:2738] N: WS   /ws - (unix skt), clients: 5
[2026/09/25 17:54:14:2738] N: WS   /ws - (unix skt), clients: 6
[2026/09/25 17:54:14:2738] N: WS   /ws - (unix skt), clients: 7
[2026/09/25 17:54:14:2738] N: WS   /ws - (unix skt), clients: 8
[2026/09/25 17:54:14:2738] N: WS   /ws - (unix skt), clients: 9
[2026/09/25 17:54:14:2739] N: WS   /ws - (unix skt), clients: 10
[2026/09/25 17:54:14:2749] N: started process, pid: 38437
[2026/09/25 17:54:14:2758] N: started process, pid: 38438
[2026/09/25 17:54:14:2767] N: started process, pid: 38439
[2026/09/25 17:54:14:2775] N: started process, pid: 38440
[2026/09/25 17:54:14:2783] N: started process, pid: 38441
[2026/09/25 17:54:14:2794] N: started process, pid: 38442
[2026/09/25 17:54:14:2806] N: started process, pid: 38443
[2026/09/25 17:54:14:2818] N: started process, pid: 38448
[2026/09/25 17:54:14:2829] N: started process, pid: 38455
[2026/09/25 17:54:14:2840] N: started process, pid: 38457
[2026/09/25 17:54:14:4373] N: WS closed from (unix skt), clients: 9
[2026/09/25 17:54:14:4374] N: killing process, pid: 38440
[2026/09/25 17:54:14:4378] N: process killed with signal 1, pid: 38440
[2026/09/25 17:54:14:4774] N: WS closed from (unix skt), clients: 8
[2026/09/25 17:54:14:4775] N: killing process, pid: 38455
[2026/09/25 17:54:14:4779] N: process killed with signal 1, pid: 38455
[2026/09/25 17:54:14:5586] N: WS closed from (unix skt), clients: 7
[2026/09/25 17:54:14:5587] N: killing process, pid: 38438
[2026/09/25 17:54:14:5591] N: process killed with signal 0, pid: 38438
[2026/09/25 17:54:14:5958] N: WS closed from (unix skt), clients: 6
[2026/09/25 17:54:14:5958] N: killing process, pid: 38437
[2026/09/25 17:54:14:5963] N: process killed with signal 0, pid: 38437
[2026/09/25 17:54:14:6681] N: WS closed from (unix skt), clients: 5
[2026/09/25 17:54:14:6682] N: killing process, pid: 38442
[2026/09/25 17:54:14:6682] N: WS closed from (unix skt), clients: 4
[2026/09/25 17:54:14:6682] N: killing process, pid: 38443
[2026/09/25 17:54:14:6688] N: process killed with signal 0, pid: 38443
[2026/09/25 17:54:14:6689] N: process killed with signal 0, pid: 38442
[2026/09/25 17:54:15:1152] N: WS closed from (unix skt), clients: 3
[2026/09/25 17:54:15:1153] N: killing process, pid: 38439
[2026/09/25 17:54:15:1156] N: process killed with signal 0, pid: 38439
[2026/09/25 17:54:15:1567] N: WS closed from (unix skt), clients: 2
[2026/09/25 17:54:15:1567] N: killing process, pid: 38448
[2026/09/25 17:54:15:1571] N: process killed with signal 0, pid: 38448
[2026/09/25 17:54:16:2765] N: WS closed from (unix skt), clients: 1
[2026/09/25 17:54:16:2766] N: killing process, pid: 38441
[2026/09/25 17:54:16:2766] N: WS closed from (unix skt), clients: 0
[2026/09/25 17:54:16:2766] N: killing process, pid: 38457
[2026/09/25 17:54:16:2775] N: process killed with signal 0, pid: 38441
[2026/09/25 17:54:16:2776] N: process killed with signal 0, pid: 38457
[2026/09/25 17:54:16:2859] N: WS   /ws - (unix skt), clients: 1
[2026/09/25 17:54:16:2859] N: WS   /ws - (unix skt), clients: 2
[2026/09/25 17:54:16:2859] N: WS   /ws - (unix skt), clients: 3
[2026/09/25 17:54:16:2859] N: WS   /ws - (unix skt), clients: 4
[2026/09/25 17:54:16:2860] N: WS   /ws - (unix skt), clients: 5
[2026/09/25 17:54:16:2860] N: WS   /ws - (unix skt), clients: 6
[2026/09/25 17:54:16:2860] N: WS   /ws - (unix skt), clients: 7
[2026/09/25 17:54:16:2860] N: WS   /ws - (unix skt), clients: 8
[2026/09/25 17:54:16:2860] N: WS   /ws - (unix skt), clients: 9
[2026/09/25 17:54:16:2860] N: WS   /ws - (unix skt), clients: 10
[2026/09/25 17:54:16:2866] N: started process, pid: 38762
[2026/09/25 17:54:16:2869] N: started process, pid: 38763
[2026/09/25 17:54:16:2873] N: started process, pid: 38764
[2026/09/25 17:54:16:2877] N: started process, pid: 38765
[2026/09/25 17:54:16:2885] N: started process, pid: 38766
[2026/09/25 17:54:16:2896] N: started process, pid: 38767
[2026/09/25 17:54:16:2904] N: started process, pid: 38768
[2026/09/25 17:54:16:2919] N: started process, pid: 38769
[2026/09/25 17:54:16:2930] N: started process, pid: 38776
[2026/09/25 17:54:16:2941] N: started process, pid: 38780
[2026/09/25 17:54:16:4097] N: WS closed from (unix skt), clients: 9
[2026/09/25 17:54:16:4097] N: killing process, pid: 38764
[2026/09/25 17:54:16:4099] N: process killed with signal 1, pid: 38764
[2026/09/25 17:54:16:4636] N: WS closed from (unix skt), clients: 8
[2026/09/25 17:54:16:4637] N: killing process, pid: 38776
[2026/09/25 17:54:16:4639] N: process killed with signal 1, pid: 38776
[2026/09/25 17:54:16:5663] N: WS closed from (unix skt), clients: 7
[2026/09/25 17:54:16:5664] N: killing process, pid: 38762
[2026/09/25 17:54:16:5667] N: process killed with signal 0, pid: 38762
[2026/09/25 17:54:16:5804] N: WS closed from (unix skt), clients: 6
[2026/09/25 17:54:16:5804] N: killing process, pid: 38766
[2026/09/25 17:54:16:5808] N: process killed with signal 0, pid: 38766
[2026/09/25 17:54:16:6510] N: WS closed from (unix skt), clients: 5
[2026/09/25 17:54:16:6510] N: killing process, pid: 38767
[2026/09/25 17:54:16:6515] N: process killed with signal 0, pid: 38767
[2026/09/25 17:54:16:6642] N: WS closed from (unix skt), clients: 4
[2026/09/25 17:54:16:6642] N: killing process, pid: 38768
[2026/09/25 17:54:16:6646] N: process killed with signal 0, pid: 38768
[2026/09/25 17:54:17:0971] N: WS closed from (unix skt), clients: 3
[2026/09/25 17:54:17:0972] N: killing process, pid: 38763
[2026/09/25 17:54:17:0981] N: process killed with signal 0, pid: 38763
[2026/09/25 17:54:17:1662] N: WS closed from (unix skt), clients: 2
[2026/09/25 17:54:17:1663] N: killing process, pid: 38769
[2026/09/25 17:54:17:1677] N: process killed with signal 0, pid: 38769
[2026/09/25 17:54:18:2878] N: WS closed from (unix skt), clients: 1
[2026/09/25 17:54:18:2879] N: killing process, pid: 38765
[2026/09/25 17:54:18:2879] N: WS closed from (unix skt), clients: 0
[2026/09/25 17:54:18:2879] N: killing process, pid: 38780
[2026/09/25 17:54:18:2889] N: process killed with signal 0, pid: 38780
[2026/09/25 17:54:18:2899] N: process killed with signal 0, pid: 38765
[2026/09/25 17:54:18:2999] N: WS   /ws - (unix skt), clients: 1
[2026/09/25 17:54:18:3000] N: WS   /ws - (unix skt), clients: 2
[2026/09/25 17:54:18:3000] N: WS   /ws - (unix skt), clients: 3
[2026/09/25 17:54:18:3000] N: WS   /ws - (unix skt), clients: 4
[2026/09/25 17:54:18:3000] N: WS   /ws - (unix skt), clients: 5
[2026/09/25 17:54:18:3000] N: WS   /ws - (unix skt), clients: 6
[2026/09/25 17:54:18:3000] N: WS   /ws - (unix skt), clients: 7
[2026/09/25 17:54:18:3001] N: WS   /ws - (unix skt), clients: 8
[2026/09/25 17:54:18:3001] N: WS   /ws - (unix skt), clients: 9
[2026/09/25 17:54:18:3001] N: WS   /ws - (unix skt), clients: 10
[2026/09/25 17:54:18:3007] N: started process, pid: 39233
[2026/09/25 17:54:18:3012] N: started process, pid: 39234
[2026/09/25 17:54:18:3017] N: started process, pid: 39235
[2026/09/25 17:54:18:3022] N: started process, pid: 39236
[2026/09/25 17:54:18:3027] N: started process, pid: 39237
[2026/09/25 17:54:18:3033] N: started process, pid: 39238
[2026/09/25 17:54:18:3044] N: started process, pid: 39239
[2026/09/25 17:54:18:3051] N: started process, pid: 39240
[2026/09/25 17:54:18:3064] N: started process, pid: 39241
[2026/09/25 17:54:18:3094] N: started process, pid: 39243
[2026/09/25 17:54:18:4392] N: WS closed from (unix skt), clients: 9
[2026/09/25 17:54:18:4393] N: killing process, pid: 39235
[2026/09/25 17:54:18:4395] N: process killed with signal 1, pid: 39235
[2026/09/25 17:54:18:4908] N: WS closed from (unix skt), clients: 8
[2026/09/25 17:54:18:4909] N: killing process, pid: 39241
[2026/09/25 17:54:18:4915] N: process killed with signal 1, pid: 39241
[2026/09/25 17:54:18:5740] N: WS closed from (unix skt), clients: 7
[2026/09/25 17:54:18:5740] N: killing process, pid: 39233
[2026/09/25 17:54:18:5745] N: process killed with signal 0, pid: 39233
[2026/09/25 17:54:18:6412] N: WS closed from (unix skt), clients: 6
[2026/09/25 17:54:18:6412] N: killing process, pid: 39238
[2026/09/25 17:54:18:6417] N: process killed with signal 0, pid: 39238
[2026/09/25 17:54:18:6517] N: WS closed from (unix skt), clients: 5
[2026/09/25 17:54:18:6517] N: killing process, pid: 39239
[2026/09/25 17:54:18:6521] N: process killed with signal 0, pid: 39239
[2026/09/25 17:54:18:6669] N: WS closed from (unix skt), clients: 4
[2026/09/25 17:54:18:6669] N: killing process, pid: 39237
[2026/09/25 17:54:18:6673] N: process killed with signal 0, pid: 39237
[2026/09/25 17:54:19:1437] N: WS closed from (unix skt), clients: 3
[2026/09/25 17:54:19:1439] N: killing process, pid: 39234
[2026/09/25 17:54:19:1453] N: process killed with signal 0, pid: 39234
[2026/09/25 17:54:19:1978] N: WS closed from (unix skt), clients: 2
[2026/09/25 17:54:19:1980] N: killing process, pid: 39240
[2026/09/25 17:54:19:1994] N: process killed with signal 0, pid: 39240
[2026/09/25 17:54:20:3026] N: WS closed from (unix skt), clients: 1
[2026/09/25 17:54:20:3026] N: killing process, pid: 39236
[2026/09/25 17:54:20:3026] N: WS closed from (unix skt), clients: 0
[2026/09/25 17:54:20:3026] N: killing process, pid: 39243
[2026/09/25 17:54:20:3034] N: process killed with signal 0, pid: 39236
[2026/09/25 17:54:20:3034] N: process killed with signal 0, pid: 39243
[2026/09/25 17:54:20:3093] N: WS   /ws - (unix skt), clients: 1
[2026/09/25 17:54:20:3093] N: WS   /ws - (unix skt), clients: 2
[2026/09/25 17:54:20:3093] N: WS   /ws - (unix skt), clients: 3
[2026/09/25 17:54:20:3093] N: WS   /ws - (unix skt), clients: 4
[2026/09/25 17:54:20:3093] N: WS   /ws - (unix skt), clients: 5
[2026/09/25 17:54:20:3093] N: WS   /ws - (unix skt), clients: 6
[2026/09/25 17:54:20:3094] N: WS   /ws - (unix skt), clients: 7
[2026/09/25 17:54:20:3094] N: WS   /ws - (unix skt), clients: 8
[2026/09/25 17:54:20:3094] N: WS   /ws - (unix skt), clients: 9
[2026/09/25 17:54:20:3094] N: WS   /ws - (unix skt), clients: 10
[2026/09/25 17:54:20:3098] N: started process, pid: 39542
[2026/09/25 17:54:20:3102] N: started process, pid: 39543
[2026/09/25 17:54:20:3106] N: started process, pid: 39544
[2026/09/25 17:54:20:3111] N: started process, pid: 39545
[2026/09/25 17:54:20:3117] N: started process, pid: 39546
[2026/09/25 17:54:20:3123] N: started process, pid: 39547
[2026/09/25 17:54:20:3130] N: started process, pid: 39548
[2026/09/25 17:54:20:3152] N: started process, pid: 39549
[2026/09/25 17:54:20:3180] N: started process, pid: 39560
[2026/09/25 17:54:20:3203] N: started process, pid: 39569
[2026/09/25 17:54:20:4701] N: WS closed from (unix skt), clients: 9
[2026/09/25 17:54:20:4702] N: killing process, pid: 39545
[2026/09/25 17:54:20:4706] N: process killed with signal 1, pid: 39545
[2026/09/25 17:54:20:5297] N: WS closed from (unix skt), clients: 8
[2026/09/25 17:54:20:5297] N: killing process, pid: 39560
[2026/09/25 17:54:20:5299] N: process killed with signal 1, pid: 39560
[2026/09/25 17:54:20:5848] N: WS closed from (unix skt), clients: 7
[2026/09/25 17:54:20:5848] N: killing process, pid: 39543
[2026/09/25 17:54:20:5853] N: process killed with signal 0, pid: 39543
[2026/09/25 17:54:20:6599] N: WS closed from (unix skt), clients: 6
[2026/09/25 17:54:20:6599] N: killing process, pid: 39542
[2026/09/25 17:54:20:6604] N: process killed with signal 0, pid: 39542
[2026/09/25 17:54:20:6903] N: WS closed from (unix skt), clients: 5
[2026/09/25 17:54:20:6903] N: killing process, pid: 39548
[2026/09/25 17:54:20:6908] N: process killed with signal 0, pid: 39548
[2026/09/25 17:54:20:7154] N: WS closed from (unix skt), clients: 4
[2026/09/25 17:54:20:7154] N: killing process, pid: 39547
[2026/09/25 17:54:20:7159] N: process killed with signal 0, pid: 39547
[2026/09/25 17:54:21:1613] N: WS closed from (unix skt), clients: 3
[2026/09/25 17:54:21:1613] N: killing process, pid: 39544
[2026/09/25 17:54:21:1619] N: process killed with signal 0, pid: 39544
[2026/09/25 17:54:21:2324] N: WS closed from (unix skt), clients: 2
[2026/09/25 17:54:21:2325] N: killing process, pid: 39549
[2026/09/25 17:54:21:2333] N: process killed with signal 0, pid: 39549
[2026/09/25 17:54:22:3118] N: WS closed from (unix skt), clients: 1
[2026/09/25 17:54:22:3119] N: killing process, pid: 39546
[2026/09/25 17:54:22:3119] N: WS closed from (unix skt), clients: 0
[2026/09/25 17:54:22:3119] N: killing process, pid: 39569
[2026/09/25 17:54:22:3133] N: process killed with signal 0, pid: 39546
[2026/09/25 17:54:22:3134] N: process killed with signal 0, pid: 39569
[2026/09/25 17:54:22:3229] N: WS   /ws - (unix skt), clients: 1
[2026/09/25 17:54:22:3229] N: WS   /ws - (unix skt), clients: 2
[2026/09/25 17:54:22:3229] N: WS   /ws - (unix skt), clients: 3
[2026/09/25 17:54:22:3230] N: WS   /ws - (unix skt), clients: 4
[2026/09/25 17:54:22:3230] N: WS   /ws - (unix skt), clients: 5
[2026/09/25 17:54:22:3230] N: WS   /ws - (unix skt), clients: 6
[2026/09/25 17:54:22:3230] N: WS   /ws - (unix skt), clients: 7
[2026/09/25 17:54:22:3230] N: WS   /ws - (unix skt), clients: 8
[2026/09/25 17:54:22:3230] N: WS   /ws - (unix skt), clients: 9
[2026/09/25 17:54:22:3230] N: WS   /ws - (unix skt), clients: 10
[2026/09/25 17:54:22:3236] N: started process, pid: 39813
[2026/09/25 17:54:22:3241] N: started process, pid: 39814
[2026/09/25 17:54:22:3246] N: started process, pid: 39815
[2026/09/25 17:54:22:3251] N: started process, pid: 39816
[2026/09/25 17:54:22:3256] N: started process, pid: 39817
[2026/09/25 17:54:22:3264] N: started process, pid: 39818
[2026/09/25 17:54:22:3271] N: started process, pid: 39819
[2026/09/25 17:54:22:3280] N: started process, pid: 39820
[2026/09/25 17:54:22:3289] N: started process, pid: 39822
[2026/09/25 17:54:22:3297] N: started process, pid: 39826
[2026/09/25 17:54:22:4024] N: WS closed from (unix skt), clients: 9
[2026/09/25 17:54:22:4024] N: killing process, pid: 39815
[2026/09/25 17:54:22:4027] N: process killed with signal 1, pid: 39815
[2026/09/25 17:54:22:4707] N: WS closed from (unix skt), clients: 8
[2026/09/25 17:54:22:4707] N: killing process, pid: 39822
[2026/09/25 17:54:22:4714] N: process killed with signal 1, pid: 39822
[2026/09/25 17:54:22:6464] N: WS closed from (unix skt), clients: 7
[2026/09/25 17:54:22:6464] N: killing process, pid: 39817
[2026/09/25 17:54:22:6470] N: process killed with signal 0, pid: 39817
[2026/09/25 17:54:22:6568] N: WS closed from (unix skt), clients: 6
[2026/09/25 17:54:22:6568] N: killing process, pid: 39813
[2026/09/25 17:54:22:6572] N: process killed with signal 0, pid: 39813
[2026/09/25 17:54:22:6977] N: WS closed from (unix skt), clients: 5
[2026/09/25 17:54:22:6977] N: killing process, pid: 39818
[2026/09/25 17:54:22:6983] N: process killed with signal 0, pid: 39818
[2026/09/25 17:54:22:7161] N: WS closed from (unix skt), clients: 4
[2026/09/25 17:54:22:7162] N: killing process, pid: 39819
[2026/09/25 17:54:22:7257] N: process killed with signal 0, pid: 39819
[2026/09/25 17:54:23:1061] N: WS closed from (unix skt), clients: 3
[2026/09/25 17:54:23:1062] N: killing process, pid: 39814
[2026/09/25 17:54:23:1066] N: process killed with signal 0, pid: 39814
[2026/09/25 17:54:23:2162] N: WS closed from (unix skt), clients: 2
[2026/09/25 17:54:23:2162] N: killing process, pid: 39820
[2026/09/25 17:54:23:2166] N: process killed with signal 0, pid: 39820
[2026/09/25 17:54:24:3235] N: WS closed from (unix skt), clients: 1
[2026/09/25 17:54:24:3235] N: killing process, pid: 39816
[2026/09/25 17:54:24:3235] N: WS closed from (unix skt), clients: 0
[2026/09/25 17:54:24:3236] N: killing process, pid: 39826
[2026/09/25 17:54:24:3245] N: process killed with signal 0, pid: 39816
[2026/09/25 17:54:24:3246] N: process killed with signal 0, pid: 39826
[2026/09/25 17:54:24:3332] N: WS   /ws - (unix skt), clients: 1
[2026/09/25 17:54:24:3333] N: WS   /ws - (unix skt), clients: 2
[2026/09/25 17:54:24:3333] N: WS   /ws - (unix skt), clients: 3
[2026/09/25 17:54:24:3333] N: WS   /ws - (unix skt), clients: 4
[2026/09/25 17:54:24:3333] N: WS   /ws - (unix skt), clients: 5
[2026/09/25 17:54:24:3333] N: WS   /ws - (unix skt), clients: 6
[2026/09/25 17:54:24:3333] N: WS   /ws - (unix skt), clients: 7
[2026/09/25 17:54:24:3333] N: WS   /ws - (unix skt), clients: 8
[2026/09/25 17:54:24:3334] N: WS   /ws - (unix skt), clients: 9
[2026/09/25 17:54:24:3334] N: WS   /ws - (unix skt), clients: 10
[2026/09/25 17:54:24:3340] N: started process, pid: 40185
[2026/09/25 17:54:24:3345] N: started process, pid: 40186
[2026/09/25 17:54:24:3349] N: started process, pid: 40187
[2026/09/25 17:54:24:3355] N: started process, pid: 40188
[2026/09/25 17:54:24:3363] N: started process, pid: 40189
[2026/09/25 17:54:24:3371] N: started process, pid: 40190
[2026/09/25 17:54:24:3377] N: started process, pid: 40191
[2026/09/25 17:54:24:3390] N: started process, pid: 40192
[2026/09/25 17:54:24:3407] N: started process, pid: 40197
[2026/09/25 17:54:24:3420] N: started process, pid: 40208
[2026/09/25 17:54:24:4513] N: WS closed from (unix skt), clients: 9
[2026/09/25 17:54:24:4514] N: killing process, pid: 40187
[2026/09/25 17:54:24:4517] N: process killed with signal 1, pid: 40187
[2026/09/25 17:54:24:5222] N: WS closed from (unix skt), clients: 8
[2026/09/25 17:54:24:5223] N: killing process, pid: 40197
[2026/09/25 17:54:24:5228] N: process killed with signal 1, pid: 40197
[2026/09/25 17:54:24:6244] N: WS closed from (unix skt), clients: 7
[2026/09/25 17:54:24:6244] N: killing process, pid: 40185
[2026/09/25 17:54:24:6248] N: process killed with signal 0, pid: 40185
[2026/09/25 17:54:24:6817] N: WS closed from (unix skt), clients: 6
[2026/09/25 17:54:24:6817] N: killing process, pid: 40191
[2026/09/25 17:54:24:6821] N: process killed with signal 0, pid: 40191
[2026/09/25 17:54:24:6938] N: WS closed from (unix skt), clients: 5
[2026/09/25 17:54:24:6938] N: killing process, pid: 40189
[2026/09/25 17:54:24:6942] N: process killed with signal 0, pid: 40189
[2026/09/25 17:54:24:7059] N: WS closed from (unix skt), clients: 4
[2026/09/25 17:54:24:7059] N: killing process, pid: 40190
[2026/09/25 17:54:24:7063] N: process killed with signal 0, pid: 40190
[2026/09/25 17:54:25:1690] N: WS closed from (unix skt), clients: 3
[2026/09/25 17:54:25:1691] N: killing process, pid: 40186
[2026/09/25 17:54:25:1696] N: process killed with signal 0, pid: 40186
[2026/09/25 17:54:25:2251] N: WS closed from (unix skt), clients: 2
[2026/09/25 17:54:25:2252] N: killing process, pid: 40192
[2026/09/25 17:54:25:2258] N: process killed with signal 0, pid: 40192
[2026/09/25 17:54:26:3353] N: WS closed from (unix skt), clients: 1
[2026/09/25 17:54:26:3354] N: killing process, pid: 40188
[2026/09/25 17:54:26:3354] N: WS closed from (unix skt), clients: 0
[2026/09/25 17:54:26:3354] N: killing process, pid: 40208
[2026/09/25 17:54:26:3381] N: process killed with signal 0, pid: 40208
[2026/09/25 17:54:26:3381] N: process killed with signal 0, pid: 40188
[2026/09/25 17:54:26:3479] N: WS   /ws - (unix skt), clients: 1
[2026/09/25 17:54:26:3480] N: WS   /ws - (unix skt), clients: 2
[2026/09/25 17:54:26:3480] N: WS   /ws - (unix skt), clients: 3
[2026/09/25 17:54:26:3480] N: WS   /ws - (unix skt), clients: 4
[2026/09/25 17:54:26:3480] N: WS   /ws - (unix skt), clients: 5
[2026/09/25 17:54:26:3480] N: WS   /ws - (unix skt), clients: 6
[2026/09/25 17:54:26:3480] N: WS   /ws - (unix skt), clients: 7
[2026/09/25 17:54:26:3481] N: WS   /ws - (unix skt), clients: 8
[2026/09/25 17:54:26:3481] N: WS   /ws - (unix skt), clients: 9
[2026/09/25 17:54:26:3481] N: WS   /ws - (unix skt), clients: 10
[2026/09/25 17:54:26:3489] N: started process, pid: 40446
[2026/09/25 17:54:26:3495] N: started process, pid: 40447
[2026/09/25 17:54:26:3501] N: started process, pid: 40448
[2026/09/25 17:54:26:3507] N: started process, pid: 40449
[2026/09/25 17:54:26:3514] N: started process, pid: 40450
[2026/09/25 17:54:26:3524] N: started process, pid: 40451
[2026/09/25 17:54:26:3533] N: started process, pid: 40452
[2026/09/25 17:54:26:3546] N: started process, pid: 40453
[2026/09/25 17:54:26:3561] N: started process, pid: 40454
[2026/09/25 17:54:26:3577] N: started process, pid: 40455
[2026/09/25 17:54:26:4494] N: WS closed from (unix skt), clients: 9
[2026/09/25 17:54:26:4494] N: killing process, pid: 40448
[2026/09/25 17:54:26:4500] N: process killed with signal 1, pid: 40448
[2026/09/25 17:54:26:5417] N: WS closed from (unix skt), clients: 8
[2026/09/25 17:54:26:5417] N: killing process, pid: 40454
[2026/09/25 17:54:26:5422] N: process killed with signal 1, pid: 40454
[2026/09/25 17:54:26:6735] N: WS closed from (unix skt), clients: 7
[2026/09/25 17:54:26:6736] N: killing process, pid: 40446
[2026/09/25 17:54:26:6741] N: process killed with signal 0, pid: 40446
[2026/09/25 17:54:26:7198] N: WS closed from (unix skt), clients: 6
[2026/09/25 17:54:26:7198] N: killing process, pid: 40450
[2026/09/25 17:54:26:7205] N: process killed with signal 0, pid: 40450
[2026/09/25 17:54:26:7272] N: WS closed from (unix skt), clients: 5
[2026/09/25 17:54:26:7272] N: killing process, pid: 40452
[2026/09/25 17:54:26:7277] N: process killed with signal 0, pid: 40452
[2026/09/25 17:54:26:7423] N: WS closed from (unix skt), clients: 4
[2026/09/25 17:54:26:7423] N: killing process, pid: 40451
[2026/09/25 17:54:26:7429] N: process killed with signal 0, pid: 40451
[2026/09/25 17:54:27:1896] N: WS closed from (unix skt), clients: 3
[2026/09/25 17:54:27:1896] N: killing process, pid: 40447
[2026/09/25 17:54:27:1905] N: process killed with signal 0, pid: 40447
[2026/09/25 17:54:27:2020] N: WS closed from (unix skt), clients: 2
[2026/09/25 17:54:27:2020] N: killing process, pid: 40453
[2026/09/25 17:54:27:2024] N: process killed with signal 0, pid: 40453
[2026/09/25 17:54:28:3495] N: WS closed from (unix skt), clients: 1
[2026/09/25 17:54:28:3496] N: killing process, pid: 40449
[2026/09/25 17:54:28:3496] N: WS closed from (unix skt), clients: 0
[2026/09/25 17:54:28:3496] N: killing process, pid: 40455
[2026/09/25 17:54:28:3501] N: process killed with signal 0, pid: 40449
[2026/09/25 17:54:28:3509] N: process killed with signal 0, pid: 40455
[2026/09/25 17:54:28:3583] N: WS   /ws - (unix skt), clients: 1
[2026/09/25 17:54:28:3583] N: WS   /ws - (unix skt), clients: 2
[2026/09/25 17:54:28:3584] N: WS   /ws - (unix skt), clients: 3
[2026/09/25 17:54:28:3584] N: WS   /ws - (unix skt), clients: 4
[2026/09/25 17:54:28:3584] N: WS   /ws - (unix skt), clients: 5
[2026/09/25 17:54:28:3584] N: WS   /ws - (unix skt), clients: 6
[2026/09/25 17:54:28:3584] N: WS   /ws - (unix skt), clients: 7
[2026/09/25 17:54:28:3584] N: WS   /ws - (unix skt), clients: 8
[2026/09/25 17:54:28:3584] N: WS   /ws - (unix skt), clients: 9
[2026/09/25 17:54:28:3585] N: WS   /ws - (unix skt), clients: 10
[2026/09/25 17:54:28:3591] N: started process, pid: 40769
[2026/09/25 17:54:28:3595] N: started process, pid: 40770
[2026/09/25 17:54:28:3600] N: started process, pid: 40771
[2026/09/25 17:54:28:3605] N: started process, pid: 40772
[2026/09/25 17:54:28:3615] N: started process, pid: 40773
[2026/09/25 17:54:28:3630] N: started process, pid: 40775
[2026/09/25 17:54:28:3637] N: started process, pid: 40776
[2026/09/25 17:54:28:3650] N: started process, pid: 40778
[2026/09/25 17:54:28:3658] N: started process, pid: 40783
[2026/09/25 17:54:28:3667] N: started process, pid: 40787
[2026/09/25 17:54:28:4584] N: WS closed from (unix skt), clients: 9
[2026/09/25 17:54:28:4585] N: killing process, pid: 40771
[2026/09/25 17:54:28:4589] N: process killed with signal 1, pid: 40771
[2026/09/25 17:54:28:5688] N: WS closed from (unix skt), clients: 8
[2026/09/25 17:54:28:5689] N: killing process, pid: 40783
[2026/09/25 17:54:28:5693] N: process killed with signal 1, pid: 40783
[2026/09/25 17:54:28:6919] N: WS closed from (unix skt), clients: 7
[2026/09/25 17:54:28:6920] N: killing process, pid: 40769
[2026/09/25 17:54:28:6924] N: process killed with signal 0, pid: 40769
[2026/09/25 17:54:28:7331] N: WS closed from (unix skt), clients: 6
[2026/09/25 17:54:28:7331] N: killing process, pid: 40773
[2026/09/25 17:54:28:7337] N: process killed with signal 0, pid: 40773
[2026/09/25 17:54:28:8354] N: WS closed from (unix skt), clients: 5
[2026/09/25 17:54:28:8355] N: killing process, pid: 40775
[2026/09/25 17:54:28:8355] N: WS closed from (unix skt), clients: 4
[2026/09/25 17:54:28:8356] N: killing process, pid: 40776
[2026/09/25 17:54:28:8362] N: process killed with signal 0, pid: 40775
[2026/09/25 17:54:28:8362] N: process killed with signal 0, pid: 40776
[2026/09/25 17:54:29:1627] N: WS closed from (unix skt), clients: 3
[2026/09/25 17:54:29:1628] N: killing process, pid: 40770
[2026/09/25 17:54:29:1637] N: process killed with signal 0, pid: 40770
[2026/09/25 17:54:29:3379] N: WS closed from (unix skt), clients: 2
[2026/09/25 17:54:29:3379] N: killing process, pid: 40778
[2026/09/25 17:54:29:3386] N: process killed with signal 0, pid: 40778
[2026/09/25 17:54:30:3603] N: WS closed from (unix skt), clients: 1
[2026/09/25 17:54:30:3603] N: killing process, pid: 40772
[2026/09/25 17:54:30:3604] N: WS closed from (unix skt), clients: 0
[2026/09/25 17:54:30:3604] N: killing process, pid: 40787
[2026/09/25 17:54:30:3610] N: process killed with signal 0, pid: 40772
[2026/09/25 17:54:30:3617] N: process killed with signal 0, pid: 40787
[2026/09/25 17:54:30:3702] N: WS   /ws - (unix skt), clients: 1
[2026/09/25 17:54:30:3702] N: WS   /ws - (unix skt), clients: 2
[2026/09/25 17:54:30:3702] N: WS   /ws - (unix skt), clients: 3
[2026/09/25 17:54:30:3703] N: WS   /ws - (unix skt), clients: 4
[2026/09/25 17:54:30:3703] N: WS   /ws - (unix skt), clients: 5
[2026/09/25 17:54:30:3703] N: WS   /ws - (unix skt), clients: 6
[2026/09/25 17:54:30:3703] N: WS   /ws - (unix skt), clients: 7
[2026/09/25 17:54:30:3703] N: WS   /ws - (unix skt), clients: 8
[2026/09/25 17:54:30:3703] N: WS   /ws - (unix skt), clients: 9
[2026/09/25 17:54:30:3703] N: WS   /ws - (unix skt), clients: 10
[2026/09/25 17:54:30:3709] N: started process, pid: 41202
[2026/09/25 17:54:30:3714] N: started process, pid: 41203
[2026/09/25 17:54:30:3720] N: started process, pid: 41204
[2026/09/25 17:54:30:3725] N: started process, pid: 41205
[2026/09/25 17:54:30:3732] N: started process, pid: 41206
[2026/09/25 17:54:30:3739] N: started process, pid: 41207
[2026/09/25 17:54:30:3745] N: started process, pid: 41208
[2026/09/25 17:54:30:3756] N: started process, pid: 41209
[2026/09/25 17:54:30:3763] N: started process, pid: 41213
[2026/09/25 17:54:30:3776] N: started process, pid: 41218
[2026/09/25 17:54:30:4810] N: WS closed from (unix skt), clients: 9
[2026/09/25 17:54:30:4810] N: killing process, pid: 41204
[2026/09/25 17:54:30:4820] N: process killed with signal 1, pid: 41204
[2026/09/25 17:54:30:5681] N: WS closed from (unix skt), clients: 8
[2026/09/25 17:54:30:5681] N: killing process, pid: 41213
[2026/09/25 17:54:30:5690] N: process killed with signal 1, pid: 41213
[2026/09/25 17:54:30:6967] N: WS closed from (unix skt), clients: 7
[2026/09/25 17:54:30:6968] N: killing process, pid: 41202
[2026/09/25 17:54:30:6973] N: process killed with signal 0, pid: 41202
[2026/09/25 17:54:30:7230] N: WS closed from (unix skt), clients: 6
[2026/09/25 17:54:30:7230] N: killing process, pid: 41206
[2026/09/25 17:54:30:7236] N: process killed with signal 0, pid: 41206
[2026/09/25 17:54:30:7391] N: WS closed from (unix skt), clients: 5
[2026/09/25 17:54:30:7392] N: killing process, pid: 41207
[2026/09/25 17:54:30:7398] N: process killed with signal 0, pid: 41207
[2026/09/25 17:54:30:7514] N: WS closed from (unix skt), clients: 4
[2026/09/25 17:54:30:7515] N: killing process, pid: 41208
[2026/09/25 17:54:30:7522] N: process killed with signal 0, pid: 41208
[2026/09/25 17:54:31:2148] N: WS closed from (unix skt), clients: 3
[2026/09/25 17:54:31:2148] N: killing process, pid: 41203
[2026/09/25 17:54:31:2157] N: process killed with signal 0, pid: 41203
[2026/09/25 17:54:31:2691] N: WS closed from (unix skt), clients: 2
[2026/09/25 17:54:31:2692] N: killing process, pid: 41209
[2026/09/25 17:54:31:2706] N: process killed with signal 0, pid: 41209
[2026/09/25 17:54:32:3723] N: WS closed from (unix skt), clients: 1
[2026/09/25 17:54:32:3724] N: killing process, pid: 41205
[2026/09/25 17:54:32:3724] N: WS closed from (unix skt), clients: 0
[2026/09/25 17:54:32:3724] N: killing process, pid: 41218
[2026/09/25 17:54:32:3736] N: process killed with signal 0, pid: 41205
[2026/09/25 17:54:32:3736] N: process killed with signal 0, pid: 41218
[2026/09/25 17:54:32:3833] N: WS   /ws - (unix skt), clients: 1
[2026/09/25 17:54:32:3834] N: WS   /ws - (unix skt), clients: 2
[2026/09/25 17:54:32:3834] N: WS   /ws - (unix skt), clients: 3
[2026/09/25 17:54:32:3834] N: WS   /ws - (unix skt), clients: 4
[2026/09/25 17:54:32:3834] N: WS   /ws - (unix skt), clients: 5
[2026/09/25 17:54:32:3834] N: WS   /ws - (unix skt), clients: 6
[2026/09/25 17:54:32:3835] N: WS   /ws - (unix skt), clients: 7
[2026/09/25 17:54:32:3835] N: WS   /ws - (unix skt), clients: 8
[2026/09/25 17:54:32:3835] N: WS   /ws - (unix skt), clients: 9
[2026/09/25 17:54:32:3835] N: WS   /ws - (unix skt), clients: 10
[2026/09/25 17:54:32:3841] N: started process, pid: 41562
[2026/09/25 17:54:32:3846] N: started process, pid: 41563
[2026/09/25 17:54:32:3850] N: started process, pid: 41564
[2026/09/25 17:54:32:3857] N: started process, pid: 41565
[2026/09/25 17:54:32:3865] N: started process, pid: 41566
[2026/09/25 17:54:32:3877] N: started process, pid: 41567
[2026/09/25 17:54:32:3897] N: started process, pid: 41568
[2026/09/25 17:54:32:3907] N: started process, pid: 41571
[2026/09/25 17:54:32:3914] N: started process, pid: 41576
[2026/09/25 17:54:32:3933] N: started process, pid: 41580
[2026/09/25 17:54:32:4931] N: WS closed from (unix skt), clients: 9
[2026/09/25 17:54:32:4932] N: killing process, pid: 41564
[2026/09/25 17:54:32:4937] N: process killed with signal 1, pid: 41564
[2026/09/25 17:54:32:5931] N: WS closed from (unix skt), clients: 8
[2026/09/25 17:54:32:5932] N: killing process, pid: 41576
[2026/09/25 17:54:32:5938] N: process killed with signal 1, pid: 41576
[2026/09/25 17:54:32:6437] N: WS closed from (unix skt), clients: 7
[2026/09/25 17:54:32:6437] N: killing process, pid: 41562
[2026/09/25 17:54:32:6443] N: process killed with signal 0, pid: 41562
[2026/09/25 17:54:32:7239] N: WS closed from (unix skt), clients: 6
[2026/09/25 17:54:32:7239] N: killing process, pid: 41566
[2026/09/25 17:54:32:7245] N: process killed with signal 0, pid: 41566
[2026/09/25 17:54:32:7465] N: WS closed from (unix skt), clients: 5
[2026/09/25 17:54:32:7466] N: killing process, pid: 41567
[2026/09/25 17:54:32:7480] N: process killed with signal 0, pid: 41567
[2026/09/25 17:54:32:7954] N: WS closed from (unix skt), clients: 4
[2026/09/25 17:54:32:7954] N: killing process, pid: 41571
[2026/09/25 17:54:32:7960] N: process killed with signal 0, pid: 41571
[2026/09/25 17:54:33:2242] N: WS closed from (unix skt), clients: 3
[2026/09/25 17:54:33:2243] N: killing process, pid: 41563
[2026/09/25 17:54:33:2252] N: process killed with signal 0, pid: 41563
[2026/09/25 17:54:33:3012] N: WS closed from (unix skt), clients: 2
[2026/09/25 17:54:33:3014] N: killing process, pid: 41568
[2026/09/25 17:54:33:3042] N: process killed with signal 0, pid: 41568
[2026/09/25 17:54:34:3834] N: WS closed from (unix skt), clients: 1
[2026/09/25 17:54:34:3835] N: killing process, pid: 41565
[2026/09/25 17:54:34:3835] N: WS closed from (unix skt), clients: 0
[2026/09/25 17:54:34:3835] N: killing process, pid: 41580
[2026/09/25 17:54:34:3841] N: process killed with signal 0, pid: 41565
[2026/09/25 17:54:34:3846] N: process killed with signal 0, pid: 41580
[2026/09/25 17:54:34:3911] N: WS   /ws - (unix skt), clients: 1
[2026/09/25 17:54:34:3912] N: WS   /ws - (unix skt), clients: 2
[2026/09/25 17:54:34:3912] N: WS   /ws - (unix skt), clients: 3
[2026/09/25 17:54:34:3912] N: WS   /ws - (unix skt), clients: 4
[2026/09/25 17:54:34:3912] N: WS   /ws - (unix skt), clients: 5
[2026/09/25 17:54:34:3912] N: WS   /ws - (unix skt), clients: 6
[2026/09/25 17:54:34:3912] N: WS   /ws - (unix skt), clients: 7
[2026/09/25 17:54:34:3912] N: WS   /ws - (unix skt), clients: 8
[2026/09/25 17:54:34:3912] N: WS   /ws - (unix skt), clients: 9
[2026/09/25 17:54:34:3913] N: WS   /ws - (unix skt), clients: 10
[2026/09/25 17:54:34:3917] N: started process, pid: 41924
[2026/09/25 17:54:34:3921] N: started process, pid: 41925
[2026/09/25 17:54:34:3925] N: started process, pid: 41926
[2026/09/25 17:54:34:3930] N: started process, pid: 41927
[2026/09/25 17:54:34:3936] N: started process, pid: 41928
[2026/09/25 17:54:34:3947] N: started process, pid: 41929
[2026/09/25 17:54:34:3953] N: started process, pid: 41930
[2026/09/25 17:54:34:3964] N: started process, pid: 41931
[2026/09/25 17:54:34:3972] N: started process, pid: 41933
[2026/09/25 17:54:34:3979] N: started process, pid: 41936
[2026/09/25 17:54:34:4617] N: WS closed from (unix skt), clients: 9
[2026/09/25 17:54:34:4617] N: killing process, pid: 41926
[2026/09/25 17:54:34:4621] N: process killed with signal 1, pid: 41926
[2026/09/25 17:54:34:5883] N: WS closed from (unix skt), clients: 8
[2026/09/25 17:54:34:5883] N: killing process, pid: 41931
[2026/09/25 17:54:34:5886] N: process killed with signal 1, pid: 41931
[2026/09/25 17:54:34:7072] N: WS closed from (unix skt), clients: 7
[2026/09/25 17:54:34:7072] N: killing process, pid: 41924
[2026/09/25 17:54:34:7076] N: process killed with signal 0, pid: 41924
[2026/09/25 17:54:34:7329] N: WS closed from (unix skt), clients: 6
[2026/09/25 17:54:34:7329] N: killing process, pid: 41928
[2026/09/25 17:54:34:7334] N: process killed with signal 0, pid: 41928
[2026/09/25 17:54:34:7731] N: WS closed from (unix skt), clients: 5
[2026/09/25 17:54:34:7731] N: killing process, pid: 41929
[2026/09/25 17:54:34:7735] N: process killed with signal 0, pid: 41929
[2026/09/25 17:54:34:7862] N: WS closed from (unix skt), clients: 4
[2026/09/25 17:54:34:7863] N: killing process, pid: 41933
[2026/09/25 17:54:34:7867] N: process killed with signal 0, pid: 41933
[2026/09/25 17:54:35:2241] N: WS closed from (unix skt), clients: 3
[2026/09/25 17:54:35:2242] N: killing process, pid: 41925
[2026/09/25 17:54:35:2256] N: process killed with signal 0, pid: 41925
[2026/09/25 17:54:35:2888] N: WS closed from (unix skt), clients: 2
[2026/09/25 17:54:35:2888] N: killing process, pid: 41930
[2026/09/25 17:54:35:2894] N: process killed with signal 0, pid: 41930
[2026/09/25 17:54:36:3939] N: WS closed from (unix skt), clients: 1
[2026/09/25 17:54:36:3939] N: killing process, pid: 41927
[2026/09/25 17:54:36:3939] N: WS closed from (unix skt), clients: 0
[2026/09/25 17:54:36:3940] N: killing process, pid: 41936
[2026/09/25 17:54:36:3951] N: process killed with signal 0, pid: 41927
[2026/09/25 17:54:36:3951] N: process killed with signal 0, pid: 41936
[2026/09/25 17:54:36:4038] N: WS   /ws - (unix skt), clients: 1
[2026/09/25 17:54:36:4038] N: WS   /ws - (unix skt), clients: 2
[2026/09/25 17:54:36:4038] N: WS   /ws - (unix skt), clients: 3
[2026/09/25 17:54:36:4039] N: WS   /ws - (unix skt), clients: 4
[2026/09/25 17:54:36:4039] N: WS   /ws - (unix skt), clients: 5
[2026/09/25 17:54:36:4039] N: WS   /ws - (unix skt), clients: 6
[2026/09/25 17:54:36:4039] N: WS   /ws - (unix skt), clients: 7
[2026/09/25 17:54:36:4039] N: WS   /ws - (unix skt), clients: 8
[2026/09/25 17:54:36:4039] N: WS   /ws - (unix skt), clients: 9
[2026/09/25 17:54:36:4039] N: WS   /ws - (unix skt), clients: 10
[2026/09/25 17:54:36:4046] N: started process, pid: 42211
[2026/09/25 17:54:36:4051] N: started process, pid: 42212
[2026/09/25 17:54:36:4055] N: started process, pid: 42213
[2026/09/25 17:54:36:4062] N: started process, pid: 42214
[2026/09/25 17:54:36:4069] N: started process, pid: 42215
[2026/09/25 17:54:36:4078] N: started process, pid: 42216
[2026/09/25 17:54:36:4107] N: started process, pid: 42217
[2026/09/25 17:54:36:4148] N: started process, pid: 42222
[2026/09/25 17:54:36:4167] N: started process, pid: 42227
[2026/09/25 17:54:36:4184] N: started process, pid: 42228
[2026/09/25 17:54:36:5181] N: WS closed from (unix skt), clients: 9
[2026/09/25 17:54:36:5181] N: killing process, pid: 42213
[2026/09/25 17:54:36:5184] N: process killed with signal 1, pid: 42213
[2026/09/25 17:54:36:5838] N: WS closed from (unix skt), clients: 8
[2026/09/25 17:54:36:5838] N: killing process, pid: 42227
[2026/09/25 17:54:36:5841] N: process killed with signal 1, pid: 42227
[2026/09/25 17:54:36:6952] N: WS closed from (unix skt), clients: 7
[2026/09/25 17:54:36:6953] N: killing process, pid: 42211
[2026/09/25 17:54:36:6959] N: process killed with signal 0, pid: 42211
[2026/09/25 17:54:36:7464] N: WS closed from (unix skt), clients: 6
[2026/09/25 17:54:36:7464] N: killing process, pid: 42216
[2026/09/25 17:54:36:7470] N: process killed with signal 0, pid: 42216
[2026/09/25 17:54:36:7721] N: WS closed from (unix skt), clients: 5
[2026/09/25 17:54:36:7721] N: killing process, pid: 42217
[2026/09/25 17:54:36:7726] N: process killed with signal 0, pid: 42217
[2026/09/25 17:54:36:7862] N: WS closed from (unix skt), clients: 4
[2026/09/25 17:54:36:7862] N: killing process, pid: 42215
[2026/09/25 17:54:36:7866] N: process killed with signal 0, pid: 42215
[2026/09/25 17:54:37:1977] N: WS closed from (unix skt), clients: 3
[2026/09/25 17:54:37:1978] N: killing process, pid: 42212
[2026/09/25 17:54:37:1997] N: process killed with signal 0, pid: 42212
[2026/09/25 17:54:37:2584] N: WS closed from (unix skt), clients: 2
[2026/09/25 17:54:37:2585] N: killing process, pid: 42222
[2026/09/25 17:54:37:2607] N: process killed with signal 0, pid: 42222
[2026/09/25 17:54:38:4045] N: WS closed from (unix skt), clients: 1
[2026/09/25 17:54:38:4046] N: killing process, pid: 42214
[2026/09/25 17:54:38:4049] N: WS closed from (unix skt), clients: 0
[2026/09/25 17:54:38:4050] N: killing process, pid: 42228
[2026/09/25 17:54:38:4060] N: process killed with signal 0, pid: 42214
[2026/09/25 17:54:38:4101] N: process killed with signal 0, pid: 42228
[2026/09/25 17:54:38:4259] N: WS   /ws - (unix skt), clients: 1
[2026/09/25 17:54:38:4260] N: WS   /ws - (unix skt), clients: 2
[2026/09/25 17:54:38:4260] N: WS   /ws - (unix skt), clients: 3
[2026/09/25 17:54:38:4260] N: WS   /ws - (unix skt), clients: 4
[2026/09/25 17:54:38:4260] N: WS   /ws - (unix skt), clients: 5
[2026/09/25 17:54:38:4261] N: WS   /ws - (unix skt), clients: 6
[2026/09/25 17:54:38:4261] N: WS   /ws - (unix skt), clients: 7
[2026/09/25 17:54:38:4261] N: WS   /ws - (unix skt), clients: 8
[2026/09/25 17:54:38:4261] N: WS   /ws - (unix skt), clients: 9
[2026/09/25 17:54:38:4261] N: WS   /ws - (unix skt), clients: 10
[2026/09/25 17:54:38:4268] N: started process, pid: 42512
[2026/09/25 17:54:38:4274] N: started process, pid: 42514
[2026/09/25 17:54:38:4279] N: started process, pid: 42515
[2026/09/25 17:54:38:4290] N: started process, pid: 42516
[2026/09/25 17:54:38:4295] N: started process, pid: 42517
[2026/09/25 17:54:38:4306] N: started process, pid: 42518
[2026/09/25 17:54:38:4317] N: started process, pid: 42519
[2026/09/25 17:54:38:4330] N: started process, pid: 42521
[2026/09/25 17:54:38:4342] N: started process, pid: 42529
[2026/09/25 17:54:38:4363] N: started process, pid: 42533
[2026/09/25 17:54:38:5877] N: WS closed from (unix skt), clients: 9
[2026/09/25 17:54:38:5877] N: killing process, pid: 42515
[2026/09/25 17:54:38:5878] N: WS closed from (unix skt), clients: 8
[2026/09/25 17:54:38:5878] N: killing process, pid: 42529
[2026/09/25 17:54:38:5881] N: process killed with signal 1, pid: 42515
[2026/09/25 17:54:38:5883] N: process killed with signal 1, pid: 42529
[2026/09/25 17:54:38:7131] N: WS closed from (unix skt), clients: 7
[2026/09/25 17:54:38:7132] N: killing process, pid: 42512
[2026/09/25 17:54:38:7137] N: process killed with signal 0, pid: 42512
[2026/09/25 17:54:38:7893] N: WS closed from (unix skt), clients: 6
[2026/09/25 17:54:38:7893] N: killing process, pid: 42517
[2026/09/25 17:54:38:7898] N: process killed with signal 0, pid: 42517
[2026/09/25 17:54:38:8317] N: WS closed from (unix skt), clients: 5
[2026/09/25 17:54:38:8318] N: killing process, pid: 42518
[2026/09/25 17:54:38:8318] N: WS closed from (unix skt), clients: 4
[2026/09/25 17:54:38:8318] N: killing process, pid: 42521
[2026/09/25 17:54:38:8321] N: process killed with signal 0, pid: 42518
[2026/09/25 17:54:38:8322] N: process killed with signal 0, pid: 42521
[2026/09/25 17:54:39:2161] N: WS closed from (unix skt), clients: 3
[2026/09/25 17:54:39:2161] N: killing process, pid: 42514
[2026/09/25 17:54:39:2165] N: process killed with signal 0, pid: 42514
[2026/09/25 17:54:39:3346] N: WS closed from (unix skt), clients: 2
[2026/09/25 17:54:39:3347] N: killing process, pid: 42519
[2026/09/25 17:54:39:3362] N: process killed with signal 0, pid: 42519
[2026/09/25 17:54:40:4274] N: WS closed from (unix skt), clients: 1
[2026/09/25 17:54:40:4275] N: killing process, pid: 42516
[2026/09/25 17:54:40:4275] N: WS closed from (unix skt), clients: 0
[2026/09/25 17:54:40:4275] N: killing process, pid: 42533
[2026/09/25 17:54:40:4278] N: process killed with signal 0, pid: 42516
[2026/09/25 17:54:40:4281] N: process killed with signal 0, pid: 42533
[2026/09/25 17:54:40:4337] N: WS   /ws - (unix skt), clients: 1
[2026/09/25 17:54:40:4337] N: WS   /ws - (unix skt), clients: 2
[2026/09/25 17:54:40:4337] N: WS   /ws - (unix skt), clients: 3
[2026/09/25 17:54:40:4337] N: WS   /ws - (unix skt), clients: 4
[2026/09/25 17:54:40:4337] N: WS   /ws - (unix skt), clients: 5
[2026/09/25 17:54:40:4337] N: WS   /ws - (unix skt), clients: 6
[2026/09/25 17:54:40:4337] N: WS   /ws - (unix skt), clients: 7
[2026/09/25 17:54:40:4337] N: WS   /ws - (unix skt), clients: 8
[2026/09/25 17:54:40:4337] N: WS   /ws - (unix skt), clients: 9
[2026/09/25 17:54:40:4342] N: started process, pid: 43152
[2026/09/25 17:54:40:4345] N: started process, pid: 43153
[2026/09/25 17:54:40:4348] N: started process, pid: 43154
[2026/09/25 17:54:40:4349] N: WS   /ws - (unix skt), clients: 10
[2026/09/25 17:54:40:4352] N: started process, pid: 43155
[2026/09/25 17:54:40:4361] N: started process, pid: 43156
[2026/09/25 17:54:40:4369] N: started process, pid: 43157
[2026/09/25 17:54:40:4374] N: started process, pid: 43158
[2026/09/25 17:54:40:4381] N: started process, pid: 43159
[2026/09/25 17:54:40:4392] N: started process, pid: 43163
[2026/09/25 17:54:40:4397] N: started process, pid: 43173
[2026/09/25 17:54:40:5950] N: WS closed from (unix skt), clients: 9
[2026/09/25 17:54:40:5950] N: killing process, pid: 43154
[2026/09/25 17:54:40:5956] N: process killed with signal 1, pid: 43154
[2026/09/25 17:54:40:6717] N: WS closed from (unix skt), clients: 8
[2026/09/25 17:54:40:6717] N: killing process, pid: 43173
[2026/09/25 17:54:40:6720] N: process killed with signal 1, pid: 43173
[2026/09/25 17:54:40:7191] N: WS closed from (unix skt), clients: 7
[2026/09/25 17:54:40:7191] N: killing process, pid: 43152
[2026/09/25 17:54:40:7195] N: process killed with signal 0, pid: 43152
[2026/09/25 17:54:40:8127] N: WS closed from (unix skt), clients: 6
[2026/09/25 17:54:40:8127] N: killing process, pid: 43155
[2026/09/25 17:54:40:8131] N: process killed with signal 0, pid: 43155
[2026/09/25 17:54:40:8258] N: WS closed from (unix skt), clients: 5
[2026/09/25 17:54:40:8258] N: killing process, pid: 43158
[2026/09/25 17:54:40:8262] N: process killed with signal 0, pid: 43158
[2026/09/25 17:54:40:8560] N: WS closed from (unix skt), clients: 4
[2026/09/25 17:54:40:8560] N: killing process, pid: 43159
[2026/09/25 17:54:40:8564] N: process killed with signal 0, pid: 43159
[2026/09/25 17:54:41:2240] N: WS closed from (unix skt), clients: 3
[2026/09/25 17:54:41:2240] N: killing process, pid: 43153
[2026/09/25 17:54:41:2245] N: process killed with signal 0, pid: 43153
[2026/09/25 17:54:41:3703] N: WS closed from (unix skt), clients: 2
[2026/09/25 17:54:41:3704] N: killing process, pid: 43163
[2026/09/25 17:54:41:3707] N: process killed with signal 0, pid: 43163
[2026/09/25 17:54:42:4354] N: WS closed from (unix skt), clients: 1
[2026/09/25 17:54:42:4355] N: killing process, pid: 43157
[2026/09/25 17:54:42:4355] N: WS closed from (unix skt), clients: 0
[2026/09/25 17:54:42:4355] N: killing process, pid: 43156
[2026/09/25 17:54:42:4363] N: process killed with signal 0, pid: 43156
[2026/09/25 17:54:42:4363] N: process killed with signal 0, pid: 43157
[2026/09/25 17:54:42:4416] N: WS   /ws - (unix skt), clients: 1
[2026/09/25 17:54:42:4416] N: WS   /ws - (unix skt), clients: 2
[2026/09/25 17:54:42:4416] N: WS   /ws - (unix skt), clients: 3
[2026/09/25 17:54:42:4416] N: WS   /ws - (unix skt), clients: 4
[2026/09/25 17:54:42:4416] N: WS   /ws - (unix skt), clients: 5
[2026/09/25 17:54:42:4416] N: WS   /ws - (unix skt), clients: 6
[2026/09/25 17:54:42:4417] N: WS   /ws - (unix skt), clients: 7
[2026/09/25 17:54:42:4417] N: WS   /ws - (unix skt), clients: 8
[2026/09/25 17:54:42:4417] N: WS   /ws - (unix skt), clients: 9
[2026/09/25 17:54:42:4417] N: WS   /ws - (unix skt), clients: 10
[2026/09/25 17:54:42:4422] N: started process, pid: 43742
[2026/09/25 17:54:42:4425] N: started process, pid: 43743
[2026/09/25 17:54:42:4431] N: started process, pid: 43744
[2026/09/25 17:54:42:4439] N: started process, pid: 43745
[2026/09/25 17:54:42:4443] N: started process, pid: 43746
[2026/09/25 17:54:42:4450] N: started process, pid: 43747
[2026/09/25 17:54:42:4456] N: started process, pid: 43748
[2026/09/25 17:54:42:4462] N: started process, pid: 43752
[2026/09/25 17:54:42:4479] N: started process, pid: 43755
[2026/09/25 17:54:42:4495] N: started process, pid: 43767
[2026/09/25 17:54:42:5210] N: WS closed from (unix skt), clients: 9
[2026/09/25 17:54:42:5211] N: killing process, pid: 43744
[2026/09/25 17:54:42:5213] N: process killed with signal 1, pid: 43744
[2026/09/25 17:54:42:7192] N: WS closed from (unix skt), clients: 8
[2026/09/25 17:54:42:7192] N: killing process, pid: 43755
[2026/09/25 17:54:42:7202] N: process killed with signal 1, pid: 43755
[2026/09/25 17:54:42:7866] N: WS closed from (unix skt), clients: 7
[2026/09/25 17:54:42:7867] N: killing process, pid: 43748
[2026/09/25 17:54:42:7892] N: process killed with signal 0, pid: 43748
[2026/09/25 17:54:42:7969] N: WS closed from (unix skt), clients: 6
[2026/09/25 17:54:42:7969] N: killing process, pid: 43742
[2026/09/25 17:54:42:7969] N: WS closed from (unix skt), clients: 5
[2026/09/25 17:54:42:7969] N: killing process, pid: 43747
[2026/09/25 17:54:42:7980] N: process killed with signal 0, pid: 43747
[2026/09/25 17:54:42:7980] N: process killed with signal 0, pid: 43742
[2026/09/25 17:54:42:9195] N: WS closed from (unix skt), clients: 4
[2026/09/25 17:54:42:9195] N: killing process, pid: 43746
[2026/09/25 17:54:42:9200] N: process killed with signal 0, pid: 43746
[2026/09/25 17:54:43:2989] N: WS closed from (unix skt), clients: 3
[2026/09/25 17:54:43:2989] N: killing process, pid: 43752
[2026/09/25 17:54:43:2990] N: WS closed from (unix skt), clients: 2
[2026/09/25 17:54:43:2990] N: killing process, pid: 43743
[2026/09/25 17:54:43:2994] N: process killed with signal 0, pid: 43743
[2026/09/25 17:54:43:2994] N: process killed with signal 0, pid: 43752
[2026/09/25 17:54:44:4442] N: WS closed from (unix skt), clients: 1
[2026/09/25 17:54:44:4442] N: killing process, pid: 43745
[2026/09/25 17:54:44:4443] N: WS closed from (unix skt), clients: 0
[2026/09/25 17:54:44:4443] N: killing process, pid: 43767
[2026/09/25 17:54:44:4448] N: process killed with signal 0, pid: 43767
[2026/09/25 17:54:44:4457] N: process killed with signal 0, pid: 43745
[2026/09/25 17:54:44:4527] N: WS   /ws - (unix skt), clients: 1
[2026/09/25 17:54:44:4527] N: WS   /ws - (unix skt), clients: 2
[2026/09/25 17:54:44:4527] N: WS   /ws - (unix skt), clients: 3
[2026/09/25 17:54:44:4527] N: WS   /ws - (unix skt), clients: 4
[2026/09/25 17:54:44:4527] N: WS   /ws - (unix skt), clients: 5
[2026/09/25 17:54:44:4527] N: WS   /ws - (unix skt), clients: 6
[2026/09/25 17:54:44:4527] N: WS   /ws - (unix skt), clients: 7
[2026/09/25 17:54:44:4528] N: WS   /ws - (unix skt), clients: 8
[2026/09/25 17:54:44:4528] N: WS   /ws - (unix skt), clients: 9
[2026/09/25 17:54:44:4528] N: WS   /ws - (unix skt), clients: 10
[2026/09/25 17:54:44:4533] N: started process, pid: 44235
[2026/09/25 17:54:44:4540] N: started process, pid: 44236
[2026/09/25 17:54:44:4550] N: started process, pid: 44237
[2026/09/25 17:54:44:4558] N: started process, pid: 44238
[2026/09/25 17:54:44:4563] N: started process, pid: 44239
[2026/09/25 17:54:44:4574] N: started process, pid: 44240
[2026/09/25 17:54:44:4582] N: started process, pid: 44242
[2026/09/25 17:54:44:4592] N: started process, pid: 44246
[2026/09/25 17:54:44:4605] N: started process, pid: 44251
[2026/09/25 17:54:44:4619] N: started process, pid: 44262
[2026/09/25 17:54:44:5945] N: WS closed from (unix skt), clients: 9
[2026/09/25 17:54:44:5946] N: killing process, pid: 44237
[2026/09/25 17:54:44:5948] N: process killed with signal 1, pid: 44237
[2026/09/25 17:54:44:6527] N: WS closed from (unix skt), clients: 8
[2026/09/25 17:54:44:6528] N: killing process, pid: 44251
[2026/09/25 17:54:44:6531] N: process killed with signal 1, pid: 44251
[2026/09/25 17:54:44:7403] N: WS closed from (unix skt), clients: 7
[2026/09/25 17:54:44:7403] N: killing process, pid: 44235
[2026/09/25 17:54:44:7407] N: process killed with signal 0, pid: 44235
[2026/09/25 17:54:44:8237] N: WS closed from (unix skt), clients: 6
[2026/09/25 17:54:44:8237] N: killing process, pid: 44242
[2026/09/25 17:54:44:8242] N: process killed with signal 0, pid: 44242
[2026/09/25 17:54:44:8663] N: WS closed from (unix skt), clients: 5
[2026/09/25 17:54:44:8663] N: killing process, pid: 44239
[2026/09/25 17:54:44:8663] N: WS closed from (unix skt), clients: 4
[2026/09/25 17:54:44:8664] N: killing process, pid: 44240
[2026/09/25 17:54:44:8668] N: process killed with signal 0, pid: 44239
[2026/09/25 17:54:44:8668] N: process killed with signal 0, pid: 44240
[2026/09/25 17:54:45:2601] N: WS closed from (unix skt), clients: 3
[2026/09/25 17:54:45:2602] N: killing process, pid: 44236
[2026/09/25 17:54:45:2607] N: process killed with signal 0, pid: 44236
[2026/09/25 17:54:45:3141] N: WS closed from (unix skt), clients: 2
[2026/09/25 17:54:45:3141] N: killing process, pid: 44246
[2026/09/25 17:54:45:3146] N: process killed with signal 0, pid: 44246
[2026/09/25 17:54:46:4547] N: WS closed from (unix skt), clients: 1
[2026/09/25 17:54:46:4547] N: killing process, pid: 44238
[2026/09/25 17:54:46:4548] N: WS closed from (unix skt), clients: 0
[2026/09/25 17:54:46:4548] N: killing process, pid: 44262
[2026/09/25 17:54:46:4556] N: process killed with signal 0, pid: 44238
[2026/09/25 17:54:46:4565] N: process killed with signal 0, pid: 44262
[2026/09/25 17:54:46:4692] N: WS   /ws - (unix skt), clients: 1
[2026/09/25 17:54:46:4692] N: WS   /ws - (unix skt), clients: 2
[2026/09/25 17:54:46:4693] N: WS   /ws - (unix skt), clients: 3
[2026/09/25 17:54:46:4694] N: WS   /ws - (unix skt), clients: 4
[2026/09/25 17:54:46:4694] N: WS   /ws - (unix skt), clients: 5
[2026/09/25 17:54:46:4694] N: WS   /ws - (unix skt), clients: 6
[2026/09/25 17:54:46:4694] N: WS   /ws - (unix skt), clients: 7
[2026/09/25 17:54:46:4694] N: WS   /ws - (unix skt), clients: 8
[2026/09/25 17:54:46:4694] N: WS   /ws - (unix skt), clients: 9
[2026/09/25 17:54:46:4695] N: WS   /ws - (unix skt), clients: 10
[2026/09/25 17:54:46:4703] N: started process, pid: 44487
[2026/09/25 17:54:46:4708] N: started process, pid: 44489
[2026/09/25 17:54:46:4715] N: started process, pid: 44490
[2026/09/25 17:54:46:4723] N: started process, pid: 44491
[2026/09/25 17:54:46:4732] N: started process, pid: 44492
[2026/09/25 17:54:46:4739] N: started process, pid: 44493
[2026/09/25 17:54:46:4750] N: started process, pid: 44494
[2026/09/25 17:54:46:4761] N: started process, pid: 44497
[2026/09/25 17:54:46:4777] N: started process, pid: 44504
[2026/09/25 17:54:46:4784] N: started process, pid: 44516
[2026/09/25 17:54:46:5747] N: WS closed from (unix skt), clients: 9
[2026/09/25 17:54:46:5747] N: killing process, pid: 44489
[2026/09/25 17:54:46:5751] N: process killed with signal 1, pid: 44489
[2026/09/25 17:54:46:6558] N: WS closed from (unix skt), clients: 8
[2026/09/25 17:54:46:6558] N: killing process, pid: 44493
[2026/09/25 17:54:46:6561] N: process killed with signal 1, pid: 44493
[2026/09/25 17:54:46:7769] N: WS closed from (unix skt), clients: 7
[2026/09/25 17:54:46:7769] N: killing process, pid: 44487
[2026/09/25 17:54:46:7774] N: process killed with signal 0, pid: 44487
[2026/09/25 17:54:46:8050] N: WS closed from (unix skt), clients: 6
[2026/09/25 17:54:46:8050] N: killing process, pid: 44491
[2026/09/25 17:54:46:8056] N: process killed with signal 0, pid: 44491
[2026/09/25 17:54:46:8181] N: WS closed from (unix skt), clients: 5
[2026/09/25 17:54:46:8181] N: killing process, pid: 44497
[2026/09/25 17:54:46:8185] N: process killed with signal 0, pid: 44497
[2026/09/25 17:54:46:8568] N: WS closed from (unix skt), clients: 4
[2026/09/25 17:54:46:8568] N: killing process, pid: 44504
[2026/09/25 17:54:46:8573] N: process killed with signal 0, pid: 44504
[2026/09/25 17:54:47:3411] N: WS closed from (unix skt), clients: 3
[2026/09/25 17:54:47:3412] N: killing process, pid: 44492
[2026/09/25 17:54:47:3432] N: process killed with signal 0, pid: 44492
[2026/09/25 17:54:47:3572] N: WS closed from (unix skt), clients: 2
[2026/09/25 17:54:47:3573] N: killing process, pid: 44516
[2026/09/25 17:54:47:3584] N: process killed with signal 0, pid: 44516
[2026/09/25 17:54:48:4704] N: WS closed from (unix skt), clients: 1
[2026/09/25 17:54:48:4704] N: killing process, pid: 44494
[2026/09/25 17:54:48:4705] N: WS closed from (unix skt), clients: 0
[2026/09/25 17:54:48:4705] N: killing process, pid: 44490
[2026/09/25 17:54:48:4729] N: process killed with signal 0, pid: 44494
[2026/09/25 17:54:48:4730] N: process killed with signal 0, pid: 44490
[2026/09/25 17:54:48:4892] N: WS   /ws - (unix skt), clients: 1
[2026/09/25 17:54:48:4893] N: WS   /ws - (unix skt), clients: 2
[2026/09/25 17:54:48:4893] N: WS   /ws - (unix skt), clients: 3
[2026/09/25 17:54:48:4893] N: WS   /ws - (unix skt), clients: 4
[2026/09/25 17:54:48:4893] N: WS   /ws - (unix skt), clients: 5
[2026/09/25 17:54:48:4894] N: WS   /ws - (unix skt), clients: 6
[2026/09/25 17:54:48:4894] N: WS   /ws - (unix skt), clients: 7
[2026/09/25 17:54:48:4894] N: WS   /ws - (unix skt), clients: 8
[2026/09/25 17:54:48:4894] N: WS   /ws - (unix skt), clients: 9
[2026/09/25 17:54:48:4894] N: WS   /ws - (unix skt), clients: 10
[2026/09/25 17:54:48:4997] N: started process, pid: 44897
[2026/09/25 17:54:48:5069] N: started process, pid: 44898
[2026/09/25 17:54:48:5078] N: started process, pid: 44899
[2026/09/25 17:54:48:5097] N: started process, pid: 44900
[2026/09/25 17:54:48:5109] N: started process, pid: 44901
[2026/09/25 17:54:48:5120] N: started process, pid: 44902
[2026/09/25 17:54:48:5132] N: started process, pid: 44903
[2026/09/25 17:54:48:5143] N: started process, pid: 44904
[2026/09/25 17:54:48:5154] N: started process, pid: 44905
[2026/09/25 17:54:48:5192] N: started process, pid: 44906
[2026/09/25 17:54:48:7045] N: WS closed from (unix skt), clients: 9
[2026/09/25 17:54:48:7046] N: killing process, pid: 44900
[2026/09/25 17:54:48:7050] N: process killed with signal 1, pid: 44900
[2026/09/25 17:54:48:7361] N: WS closed from (unix skt), clients: 8
[2026/09/25 17:54:48:7361] N: killing process, pid: 44905
[2026/09/25 17:54:48:7364] N: process killed with signal 1, pid: 44905
[2026/09/25 17:54:48:8331] N: WS closed from (unix skt), clients: 7
[2026/09/25 17:54:48:8332] N: killing process, pid: 44903
[2026/09/25 17:54:48:8339] N: process killed with signal 0, pid: 44903
[2026/09/25 17:54:48:8729] N: WS closed from (unix skt), clients: 6
[2026/09/25 17:54:48:8730] N: killing process, pid: 44898
[2026/09/25 17:54:48:8732] N: WS closed from (unix skt), clients: 5
[2026/09/25 17:54:48:8732] N: killing process, pid: 44897
[2026/09/25 17:54:48:8740] N: process killed with signal 0, pid: 44897
[2026/09/25 17:54:48:8741] N: process killed with signal 0, pid: 44898
[2026/09/25 17:54:48:9237] N: WS closed from (unix skt), clients: 4
[2026/09/25 17:54:48:9237] N: killing process, pid: 44902
[2026/09/25 17:54:48:9242] N: process killed with signal 0, pid: 44902
[2026/09/25 17:54:49:3018] N: WS closed from (unix skt), clients: 3
[2026/09/25 17:54:49:3019] N: killing process, pid: 44899
[2026/09/25 17:54:49:3023] N: process killed with signal 0, pid: 44899
[2026/09/25 17:54:49:4429] N: WS closed from (unix skt), clients: 2
[2026/09/25 17:54:49:4429] N: killing process, pid: 44904
[2026/09/25 17:54:49:4434] N: process killed with signal 0, pid: 44904
[2026/09/25 17:54:50:4913] N: WS closed from (unix skt), clients: 1
[2026/09/25 17:54:50:4914] N: killing process, pid: 44901
[2026/09/25 17:54:50:4915] N: WS closed from (unix skt), clients: 0
[2026/09/25 17:54:50:4915] N: killing process, pid: 44906
[2026/09/25 17:54:50:4938] N: process killed with signal 0, pid: 44901
[2026/09/25 17:54:50:4939] N: process killed with signal 0, pid: 44906
[2026/09/25 17:54:50:5146] N: WS   /ws - (unix skt), clients: 1
[2026/09/25 17:54:50:5146] N: WS   /ws - (unix skt), clients: 2
[2026/09/25 17:54:50:5147] N: WS   /ws - (unix skt), clients: 3
[2026/09/25 17:54:50:5155] N: started process, pid: 45307
[2026/09/25 17:54:50:5157] N: WS   /ws - (unix skt), clients: 4
[2026/09/25 17:54:50:5157] N: WS   /ws - (unix skt), clients: 5
[2026/09/25 17:54:50:5158] N: WS   /ws - (unix skt), clients: 6
[2026/09/25 17:54:50:5158] N: WS   /ws - (unix skt), clients: 7
[2026/09/25 17:54:50:5158] N: WS   /ws - (unix skt), clients: 8
[2026/09/25 17:54:50:5159] N: WS   /ws - (unix skt), clients: 9
[2026/09/25 17:54:50:5159] N: WS   /ws - (unix skt), clients: 10
[2026/09/25 17:54:50:5169] N: started process, pid: 45308
[2026/09/25 17:54:50:5177] N: started process, pid: 45309
[2026/09/25 17:54:50:5187] N: started process, pid: 45311
[2026/09/25 17:54:50:5196] N: started process, pid: 45312
[2026/09/25 17:54:50:5206] N: started process, pid: 45313
[2026/09/25 17:54:50:5227] N: started process, pid: 45315
[2026/09/25 17:54:50:5245] N: started process, pid: 45321
[2026/09/25 17:54:50:5274] N: started process, pid: 45329
[2026/09/25 17:54:50:5306] N: started process, pid: 45337
[2026/09/25 17:54:50:6628] N: WS closed from (unix skt), clients: 9
[2026/09/25 17:54:50:6629] N: killing process, pid: 45308
[2026/09/25 17:54:50:6633] N: process killed with signal 1, pid: 45308
[2026/09/25 17:54:50:7209] N: WS closed from (unix skt), clients: 8
[2026/09/25 17:54:50:7210] N: killing process, pid: 45329
[2026/09/25 17:54:50:7213] N: process killed with signal 1, pid: 45329
[2026/09/25 17:54:50:8327] N: WS closed from (unix skt), clients: 7
[2026/09/25 17:54:50:8327] N: killing process, pid: 45307
[2026/09/25 17:54:50:8332] N: process killed with signal 0, pid: 45307
[2026/09/25 17:54:50:8509] N: WS closed from (unix skt), clients: 6
[2026/09/25 17:54:50:8509] N: killing process, pid: 45311
[2026/09/25 17:54:50:8514] N: process killed with signal 0, pid: 45311
[2026/09/25 17:54:50:8781] N: WS closed from (unix skt), clients: 5
[2026/09/25 17:54:50:8781] N: killing process, pid: 45315
[2026/09/25 17:54:50:8785] N: process killed with signal 0, pid: 45315
[2026/09/25 17:54:50:8942] N: WS closed from (unix skt), clients: 4
[2026/09/25 17:54:50:8942] N: killing process, pid: 45312
[2026/09/25 17:54:50:8946] N: process killed with signal 0, pid: 45312
[2026/09/25 17:54:51:4101] N: WS closed from (unix skt), clients: 3
[2026/09/25 17:54:51:4102] N: killing process, pid: 45313
[2026/09/25 17:54:51:4119] N: process killed with signal 0, pid: 45313
[2026/09/25 17:54:51:4226] N: WS closed from (unix skt), clients: 2
[2026/09/25 17:54:51:4226] N: killing process, pid: 45321
[2026/09/25 17:54:51:4231] N: process killed with signal 0, pid: 45321
[2026/09/25 17:54:52:5173] N: WS closed from (unix skt), clients: 1
[2026/09/25 17:54:52:5173] N: killing process, pid: 45309
[2026/09/25 17:54:52:5173] N: WS closed from (unix skt), clients: 0
[2026/09/25 17:54:52:5173] N: killing process, pid: 45337
[2026/09/25 17:54:52:5183] N: process killed with signal 0, pid: 45309
[2026/09/25 17:54:52:5183] N: process killed with signal 0, pid: 45337
[2026/09/25 17:54:52:5254] N: WS   /ws - (unix skt), clients: 1
[2026/09/25 17:54:52:5254] N: WS   /ws - (unix skt), clients: 2
[2026/09/25 17:54:52:5254] N: WS   /ws - (unix skt), clients: 3
[2026/09/25 17:54:52:5254] N: WS   /ws - (unix skt), clients: 4
[2026/09/25 17:54:52:5254] N: WS   /ws - (unix skt), clients: 5
[2026/09/25 17:54:52:5255] N: WS   /ws - (unix skt), clients: 6
[2026/09/25 17:54:52:5255] N: WS   /ws - (unix skt), clients: 7
[2026/09/25 17:54:52:5255] N: WS   /ws - (unix skt), clients: 8
[2026/09/25 17:54:52:5255] N: WS   /ws - (unix skt), clients: 9
[2026/09/25 17:54:52:5255] N: WS   /ws - (unix skt), clients: 10
[2026/09/25 17:54:52:5260] N: started process, pid: 45685
[2026/09/25 17:54:52:5265] N: started process, pid: 45686
[2026/09/25 17:54:52:5268] N: started process, pid: 45687
[2026/09/25 17:54:52:5276] N: started process, pid: 45688
[2026/09/25 17:54:52:5283] N: started process, pid: 45689
[2026/09/25 17:54:52:5288] N: started process, pid: 45690
[2026/09/25 17:54:52:5299] N: started process, pid: 45691
[2026/09/25 17:54:52:5313] N: started process, pid: 45700
[2026/09/25 17:54:52:5324] N: started process, pid: 45705
[2026/09/25 17:54:52:5337] N: started process, pid: 45707
[2026/09/25 17:54:52:6454] N: WS closed from (unix skt), clients: 9
[2026/09/25 17:54:52:6455] N: killing process, pid: 45688
[2026/09/25 17:54:52:6459] N: process killed with signal 1, pid: 45688
[2026/09/25 17:54:52:6935] N: WS closed from (unix skt), clients: 8
[2026/09/25 17:54:52:6936] N: killing process, pid: 45705
[2026/09/25 17:54:52:6942] N: process killed with signal 1, pid: 45705
[2026/09/25 17:54:52:8311] N: WS closed from (unix skt), clients: 7
[2026/09/25 17:54:52:8311] N: killing process, pid: 45686
[2026/09/25 17:54:52:8311] N: WS closed from (unix skt), clients: 6
[2026/09/25 17:54:52:8311] N: killing process, pid: 45685
[2026/09/25 17:54:52:8316] N: process killed with signal 0, pid: 45686
[2026/09/25 17:54:52:8316] N: process killed with signal 0, pid: 45685
[2026/09/25 17:54:52:8683] N: WS closed from (unix skt), clients: 5
[2026/09/25 17:54:52:8684] N: killing process, pid: 45691
[2026/09/25 17:54:52:8689] N: process killed with signal 0, pid: 45691
[2026/09/25 17:54:52:8925] N: WS closed from (unix skt), clients: 4
[2026/09/25 17:54:52:8925] N: killing process, pid: 45690
[2026/09/25 17:54:52:8929] N: process killed with signal 0, pid: 45690
[2026/09/25 17:54:53:3212] N: WS closed from (unix skt), clients: 3
[2026/09/25 17:54:53:3213] N: killing process, pid: 45687
[2026/09/25 17:54:53:3238] N: process killed with signal 0, pid: 45687
[2026/09/25 17:54:53:3620] N: WS closed from (unix skt), clients: 2
[2026/09/25 17:54:53:3621] N: killing process, pid: 45700
[2026/09/25 17:54:53:3625] N: process killed with signal 0, pid: 45700
[2026/09/25 17:54:54:5273] N: WS closed from (unix skt), clients: 1
[2026/09/25 17:54:54:5274] N: killing process, pid: 45689
[2026/09/25 17:54:54:5274] N: WS closed from (unix skt), clients: 0
[2026/09/25 17:54:54:5274] N: killing process, pid: 45707
[2026/09/25 17:54:54:5291] N: process killed with signal 0, pid: 45689
[2026/09/25 17:54:54:5291] N: process killed with signal 0, pid: 45707
[2026/09/25 17:54:54:5372] N: WS   /ws - (unix skt), clients: 1
[2026/09/25 17:54:54:5372] N: WS   /ws - (unix skt), clients: 2
[2026/09/25 17:54:54:5373] N: WS   /ws - (unix skt), clients: 3
[2026/09/25 17:54:54:5373] N: WS   /ws - (unix skt), clients: 4
[2026/09/25 17:54:54:5378] N: started process, pid: 45999
[2026/09/25 17:54:54:5380] N: WS   /ws - (unix skt), clients: 5
[2026/09/25 17:54:54:5380] N: WS   /ws - (unix skt), clients: 6
[2026/09/25 17:54:54:5380] N: WS   /ws - (unix skt), clients: 7
[2026/09/25 17:54:54:5381] N: WS   /ws - (unix skt), clients: 8
[2026/09/25 17:54:54:5381] N: WS   /ws - (unix skt), clients: 9
[2026/09/25 17:54:54:5381] N: WS   /ws - (unix skt), clients: 10
[2026/09/25 17:54:54:5385] N: started process, pid: 46002
[2026/09/25 17:54:54:5394] N: started process, pid: 46003
[2026/09/25 17:54:54:5402] N: started process, pid: 46004
[2026/09/25 17:54:54:5413] N: started process, pid: 46007
[2026/09/25 17:54:54:5427] N: started process, pid: 46012
[2026/09/25 17:54:54:5441] N: started process, pid: 46016
[2026/09/25 17:54:54:5460] N: started process, pid: 46021
[2026/09/25 17:54:54:5478] N: started process, pid: 46030
[2026/09/25 17:54:54:5496] N: started process, pid: 46032
[2026/09/25 17:54:54:7899] N: WS closed from (unix skt), clients: 9
[2026/09/25 17:54:54:7900] N: killing process, pid: 46016
[2026/09/25 17:54:54:7904] N: process killed with signal 1, pid: 46016
[2026/09/25 17:54:54:8063] N: WS closed from (unix skt), clients: 8
[2026/09/25 17:54:54:8064] N: killing process, pid: 46030
[2026/09/25 17:54:54:8066] N: process killed with signal 1, pid: 46030
[2026/09/25 17:54:54:8228] N: WS closed from (unix skt), clients: 7
[2026/09/25 17:54:54:8229] N: killing process, pid: 46007
[2026/09/25 17:54:54:8241] N: process killed with signal 0, pid: 46007
[2026/09/25 17:54:54:9178] N: WS closed from (unix skt), clients: 6
[2026/09/25 17:54:54:9179] N: killing process, pid: 46003
[2026/09/25 17:54:54:9197] N: process killed with signal 0, pid: 46003
[2026/09/25 17:54:54:9389] N: WS closed from (unix skt), clients: 5
[2026/09/25 17:54:54:9389] N: killing process, pid: 45999
[2026/09/25 17:54:54:9393] N: process killed with signal 0, pid: 45999
[2026/09/25 17:54:54:9547] N: WS closed from (unix skt), clients: 4
[2026/09/25 17:54:54:9548] N: killing process, pid: 46004
[2026/09/25 17:54:54:9589] N: process killed with signal 0, pid: 46004
[2026/09/25 17:54:55:4674] N: WS closed from (unix skt), clients: 3
[2026/09/25 17:54:55:4674] N: killing process, pid: 46021
[2026/09/25 17:54:55:4678] N: process killed with signal 0, pid: 46021
[2026/09/25 17:54:55:4929] N: WS closed from (unix skt), clients: 2
[2026/09/25 17:54:55:4930] N: killing process, pid: 46012
[2026/09/25 17:54:55:4935] N: process killed with signal 0, pid: 46012
[2026/09/25 17:54:56:5385] N: WS closed from (unix skt), clients: 1
[2026/09/25 17:54:56:5386] N: killing process, pid: 46002
[2026/09/25 17:54:56:5386] N: WS closed from (unix skt), clients: 0
[2026/09/25 17:54:56:5386] N: killing process, pid: 46032
[2026/09/25 17:54:56:5392] N: process killed with signal 0, pid: 46002
[2026/09/25 17:54:56:5392] N: process killed with signal 0, pid: 46032
[2026/09/25 17:54:56:5450] N: WS   /ws - (unix skt), clients: 1
[2026/09/25 17:54:56:5450] N: WS   /ws - (unix skt), clients: 2
[2026/09/25 17:54:56:5451] N: WS   /ws - (unix skt), clients: 3
[2026/09/25 17:54:56:5451] N: WS   /ws - (unix skt), clients: 4
[2026/09/25 17:54:56:5451] N: WS   /ws - (unix skt), clients: 5
[2026/09/25 17:54:56:5451] N: WS   /ws - (unix skt), clients: 6
[2026/09/25 17:54:56:5451] N: WS   /ws - (unix skt), clients: 7
[2026/09/25 17:54:56:5451] N: WS   /ws - (unix skt), clients: 8
[2026/09/25 17:54:56:5451] N: WS   /ws - (unix skt), clients: 9
[2026/09/25 17:54:56:5455] N: started process, pid: 46321
[2026/09/25 17:54:56:5456] N: WS   /ws - (unix skt), clients: 10
[2026/09/25 17:54:56:5459] N: started process, pid: 46322
[2026/09/25 17:54:56:5463] N: started process, pid: 46323
[2026/09/25 17:54:56:5471] N: started process, pid: 46324
[2026/09/25 17:54:56:5479] N: started process, pid: 46325
[2026/09/25 17:54:56:5484] N: started process, pid: 46326
[2026/09/25 17:54:56:5489] N: started process, pid: 46327
[2026/09/25 17:54:56:5500] N: started process, pid: 46330
[2026/09/25 17:54:56:5515] N: started process, pid: 46335
[2026/09/25 17:54:56:5529] N: started process, pid: 46343
[2026/09/25 17:54:56:6807] N: WS closed from (unix skt), clients: 9
[2026/09/25 17:54:56:6808] N: killing process, pid: 46325
[2026/09/25 17:54:56:6811] N: process killed with signal 1, pid: 46325
[2026/09/25 17:54:56:7193] N: WS closed from (unix skt), clients: 8
[2026/09/25 17:54:56:7193] N: killing process, pid: 46343
[2026/09/25 17:54:56:7195] N: process killed with signal 1, pid: 46343
[2026/09/25 17:54:56:8269] N: WS closed from (unix skt), clients: 7
[2026/09/25 17:54:56:8269] N: killing process, pid: 46321
[2026/09/25 17:54:56:8273] N: process killed with signal 0, pid: 46321
[2026/09/25 17:54:56:8570] N: WS closed from (unix skt), clients: 6
[2026/09/25 17:54:56:8570] N: killing process, pid: 46322
[2026/09/25 17:54:56:8575] N: process killed with signal 0, pid: 46322
[2026/09/25 17:54:56:8692] N: WS closed from (unix skt), clients: 5
[2026/09/25 17:54:56:8692] N: killing process, pid: 46327
[2026/09/25 17:54:56:8696] N: process killed with signal 0, pid: 46327
[2026/09/25 17:54:56:9073] N: WS closed from (unix skt), clients: 4
[2026/09/25 17:54:56:9073] N: killing process, pid: 46330
[2026/09/25 17:54:56:9077] N: process killed with signal 0, pid: 46330
[2026/09/25 17:54:57:3590] N: WS closed from (unix skt), clients: 3
[2026/09/25 17:54:57:3591] N: killing process, pid: 46323
[2026/09/25 17:54:57:3594] N: process killed with signal 0, pid: 46323
[2026/09/25 17:54:57:4211] N: WS closed from (unix skt), clients: 2
[2026/09/25 17:54:57:4212] N: killing process, pid: 46335
[2026/09/25 17:54:57:4215] N: process killed with signal 0, pid: 46335
[2026/09/25 17:54:58:5450] N: WS closed from (unix skt), clients: 1
[2026/09/25 17:54:58:5450] N: killing process, pid: 46326
[2026/09/25 17:54:58:5454] N: process killed with signal 0, pid: 46326
[2026/09/25 17:54:58:5471] N: WS closed from (unix skt), clients: 0
[2026/09/25 17:54:58:5472] N: killing process, pid: 46324
[2026/09/25 17:54:58:5482] N: process killed with signal 0, pid: 46324
[2026/09/25 17:54:58:5549] N: WS   /ws - (unix skt), clients: 1
[2026/09/25 17:54:58:5549] N: WS   /ws - (unix skt), clients: 2
[2026/09/25 17:54:58:5549] N: WS   /ws - (unix skt), clients: 3
[2026/09/25 17:54:58:5549] N: WS   /ws - (unix skt), clients: 4
[2026/09/25 17:54:58:5549] N: WS   /ws - (unix skt), clients: 5
[2026/09/25 17:54:58:5549] N: WS   /ws - (unix skt), clients: 6
[2026/09/25 17:54:58:5549] N: WS   /ws - (unix skt), clients: 7
[2026/09/25 17:54:58:5555] N: started process, pid: 46633
[2026/09/25 17:54:58:5556] N: WS   /ws - (unix skt), clients: 8
[2026/09/25 17:54:58:5556] N: WS   /ws - (unix skt), clients: 9
[2026/09/25 17:54:58:5557] N: WS   /ws - (unix skt), clients: 10
[2026/09/25 17:54:58:5563] N: started process, pid: 46634
[2026/09/25 17:54:58:5575] N: started process, pid: 46635
[2026/09/25 17:54:58:5579] N: started process, pid: 46636
[2026/09/25 17:54:58:5587] N: started process, pid: 46637
[2026/09/25 17:54:58:5611] N: started process, pid: 46638
[2026/09/25 17:54:58:5665] N: started process, pid: 46645
[2026/09/25 17:54:58:5774] N: started process, pid: 46648
[2026/09/25 17:54:58:5809] N: started process, pid: 46662
[2026/09/25 17:54:58:5830] N: started process, pid: 46667
[2026/09/25 17:54:58:6953] N: WS closed from (unix skt), clients: 9
[2026/09/25 17:54:58:6953] N: killing process, pid: 46635
[2026/09/25 17:54:58:6957] N: process killed with signal 1, pid: 46635
[2026/09/25 17:54:58:7409] N: WS closed from (unix skt), clients: 8
[2026/09/25 17:54:58:7409] N: killing process, pid: 46638
[2026/09/25 17:54:58:7413] N: process killed with signal 1, pid: 46638
[2026/09/25 17:54:58:8303] N: WS closed from (unix skt), clients: 7
[2026/09/25 17:54:58:8304] N: killing process, pid: 46633
[2026/09/25 17:54:58:8308] N: process killed with signal 0, pid: 46633
[2026/09/25 17:54:58:9134] N: WS closed from (unix skt), clients: 6
[2026/09/25 17:54:58:9134] N: killing process, pid: 46636
[2026/09/25 17:54:58:9138] N: process killed with signal 0, pid: 46636
[2026/09/25 17:54:58:9906] N: WS closed from (unix skt), clients: 5
[2026/09/25 17:54:58:9906] N: killing process, pid: 46662
[2026/09/25 17:54:58:9906] N: WS closed from (unix skt), clients: 4
[2026/09/25 17:54:58:9907] N: killing process, pid: 46648
[2026/09/25 17:54:58:9910] N: process killed with signal 0, pid: 46648
[2026/09/25 17:54:58:9910] N: process killed with signal 0, pid: 46662
[2026/09/25 17:54:59:4308] N: WS closed from (unix skt), clients: 3
[2026/09/25 17:54:59:4308] N: killing process, pid: 46637
[2026/09/25 17:54:59:4312] N: process killed with signal 0, pid: 46637
[2026/09/25 17:54:59:4415] N: WS closed from (unix skt), clients: 2
[2026/09/25 17:54:59:4416] N: killing process, pid: 46634
[2026/09/25 17:54:59:4472] N: process killed with signal 0, pid: 46634
[2026/09/25 17:55:00:5562] N: WS closed from (unix skt), clients: 1
[2026/09/25 17:55:00:5562] N: killing process, pid: 46645
[2026/09/25 17:55:00:5563] N: WS closed from (unix skt), clients: 0
[2026/09/25 17:55:00:5563] N: killing process, pid: 46667
[2026/09/25 17:55:00:5570] N: process killed with signal 0, pid: 46667
[2026/09/25 17:55:00:5570] N: process killed with signal 0, pid: 46645
[2026/09/25 17:55:00:5645] N: WS   /ws - (unix skt), clients: 1
[2026/09/25 17:55:00:5645] N: WS   /ws - (unix skt), clients: 2
[2026/09/25 17:55:00:5645] N: WS   /ws - (unix skt), clients: 3
[2026/09/25 17:55:00:5645] N: WS   /ws - (unix skt), clients: 4
[2026/09/25 17:55:00:5645] N: WS   /ws - (unix skt), clients: 5
[2026/09/25 17:55:00:5645] N: WS   /ws - (unix skt), clients: 6
[2026/09/25 17:55:00:5645] N: WS   /ws - (unix skt), clients: 7
[2026/09/25 17:55:00:5646] N: WS   /ws - (unix skt), clients: 8
[2026/09/25 17:55:00:5646] N: WS   /ws - (unix skt), clients: 9
[2026/09/25 17:55:00:5646] N: WS   /ws - (unix skt), clients: 10
[2026/09/25 17:55:00:5650] N: started process, pid: 47091
[2026/09/25 17:55:00:5654] N: started process, pid: 47092
[2026/09/25 17:55:00:5658] N: started process, pid: 47093
[2026/09/25 17:55:00:5661] N: started process, pid: 47094
[2026/09/25 17:55:00:5668] N: started process, pid: 47095
[2026/09/25 17:55:00:5678] N: started process, pid: 47096
[2026/09/25 17:55:00:5687] N: started process, pid: 47097
[2026/09/25 17:55:00:5699] N: started process, pid: 47098
[2026/09/25 17:55:00:5708] N: started process, pid: 47105
[2026/09/25 17:55:00:5718] N: started process, pid: 47111
[2026/09/25 17:55:00:7636] N: WS closed from (unix skt), clients: 9
[2026/09/25 17:55:00:7637] N: killing process, pid: 47093
[2026/09/25 17:55:00:7654] N: process killed with signal 1, pid: 47093
[2026/09/25 17:55:00:8167] N: WS closed from (unix skt), clients: 8
[2026/09/25 17:55:00:8167] N: killing process, pid: 47105
[2026/09/25 17:55:00:8171] N: process killed with signal 1, pid: 47105
[2026/09/25 17:55:00:8391] N: WS closed from (unix skt), clients: 7
[2026/09/25 17:55:00:8392] N: killing process, pid: 47091
[2026/09/25 17:55:00:8549] N: process killed with signal 0, pid: 47091
[2026/09/25 17:55:00:9664] N: WS closed from (unix skt), clients: 6
[2026/09/25 17:55:00:9664] N: killing process, pid: 47096
[2026/09/25 17:55:00:9668] N: process killed with signal 0, pid: 47096
[2026/09/25 17:55:01:0026] N: WS closed from (unix skt), clients: 5
[2026/09/25 17:55:01:0026] N: killing process, pid: 47094
[2026/09/25 17:55:01:0032] N: process killed with signal 0, pid: 47094
[2026/09/25 17:55:01:0409] N: WS closed from (unix skt), clients: 4
[2026/09/25 17:55:01:0409] N: killing process, pid: 47097
[2026/09/25 17:55:01:0417] N: process killed with signal 0, pid: 47097
[2026/09/25 17:55:01:4481] N: WS closed from (unix skt), clients: 3
[2026/09/25 17:55:01:4482] N: killing process, pid: 47092
[2026/09/25 17:55:01:4493] N: process killed with signal 0, pid: 47092
[2026/09/25 17:55:01:5565] N: WS closed from (unix skt), clients: 2
[2026/09/25 17:55:01:5565] N: killing process, pid: 47098
[2026/09/25 17:55:01:5580] N: process killed with signal 0, pid: 47098
[2026/09/25 17:55:02:5668] N: WS closed from (unix skt), clients: 1
[2026/09/25 17:55:02:5672] N: killing process, pid: 47095
[2026/09/25 17:55:02:5673] N: WS closed from (unix skt), clients: 0
[2026/09/25 17:55:02:5673] N: killing process, pid: 47111
[2026/09/25 17:55:02:5724] N: process killed with signal 0, pid: 47095
[2026/09/25 17:55:02:5726] N: process killed with signal 0, pid: 47111
[2026/09/25 17:55:02:5971] N: WS   /ws - (unix skt), clients: 1
[2026/09/25 17:55:02:5971] N: WS   /ws - (unix skt), clients: 2
[2026/09/25 17:55:02:5971] N: WS   /ws - (unix skt), clients: 3
[2026/09/25 17:55:02:5971] N: WS   /ws - (unix skt), clients: 4
[2026/09/25 17:55:02:5971] N: WS   /ws - (unix skt), clients: 5
[2026/09/25 17:55:02:5972] N: WS   /ws - (unix skt), clients: 6
[2026/09/25 17:55:02:5972] N: WS   /ws - (unix skt), clients: 7
[2026/09/25 17:55:02:5972] N: WS   /ws - (unix skt), clients: 8
[2026/09/25 17:55:02:5972] N: WS   /ws - (unix skt), clients: 9
[2026/09/25 17:55:02:5972] N: WS   /ws - (unix skt), clients: 10
[2026/09/25 17:55:02:5977] N: started process, pid: 47379
[2026/09/25 17:55:02:5982] N: started process, pid: 47380
[2026/09/25 17:55:02:5989] N: started process, pid: 47381
[2026/09/25 17:55:02:6002] N: started process, pid: 47382
[2026/09/25 17:55:02:6010] N: started process, pid: 47383
[2026/09/25 17:55:02:6027] N: started process, pid: 47384
[2026/09/25 17:55:02:6038] N: started process, pid: 47389
[2026/09/25 17:55:02:6051] N: started process, pid: 47395
[2026/09/25 17:55:02:6063] N: started process, pid: 47397
[2026/09/25 17:55:02:6076] N: started process, pid: 47400
[2026/09/25 17:55:02:7346] N: WS closed from (unix skt), clients: 9
[2026/09/25 17:55:02:7346] N: killing process, pid: 47381
[2026/09/25 17:55:02:7350] N: process killed with signal 1, pid: 47381
[2026/09/25 17:55:02:8074] N: WS closed from (unix skt), clients: 8
[2026/09/25 17:55:02:8074] N: killing process, pid: 47397
[2026/09/25 17:55:02:8077] N: process killed with signal 1, pid: 47397
[2026/09/25 17:55:02:9218] N: WS closed from (unix skt), clients: 7
[2026/09/25 17:55:02:9219] N: killing process, pid: 47379
[2026/09/25 17:55:02:9224] N: process killed with signal 0, pid: 47379
[2026/09/25 17:55:02:9370] N: WS closed from (unix skt), clients: 6
[2026/09/25 17:55:02:9370] N: killing process, pid: 47382
[2026/09/25 17:55:02:9374] N: process killed with signal 0, pid: 47382
[2026/09/25 17:55:02:9802] N: WS closed from (unix skt), clients: 5
[2026/09/25 17:55:02:9802] N: killing process, pid: 47384
[2026/09/25 17:55:02:9808] N: process killed with signal 0, pid: 47384
[2026/09/25 17:55:03:0073] N: WS closed from (unix skt), clients: 4
[2026/09/25 17:55:03:0073] N: killing process, pid: 47389
[2026/09/25 17:55:03:0078] N: process killed with signal 0, pid: 47389
[2026/09/25 17:55:03:4236] N: WS closed from (unix skt), clients: 3
[2026/09/25 17:55:03:4236] N: killing process, pid: 47380
[2026/09/25 17:55:03:4241] N: process killed with signal 0, pid: 47380
[2026/09/25 17:55:03:5098] N: WS closed from (unix skt), clients: 2
[2026/09/25 17:55:03:5098] N: killing process, pid: 47395
[2026/09/25 17:55:03:5103] N: process killed with signal 0, pid: 47395
[2026/09/25 17:55:04:5972] N: WS closed from (unix skt), clients: 1
[2026/09/25 17:55:04:5973] N: killing process, pid: 47383
[2026/09/25 17:55:04:5973] N: WS closed from (unix skt), clients: 0
[2026/09/25 17:55:04:5973] N: killing process, pid: 47400
[2026/09/25 17:55:04:5977] N: process killed with signal 0, pid: 47400
[2026/09/25 17:55:04:5979] N: process killed with signal 0, pid: 47383
[2026/09/25 17:55:04:6040] N: WS   /ws - (unix skt), clients: 1
[2026/09/25 17:55:04:6040] N: WS   /ws - (unix skt), clients: 2
[2026/09/25 17:55:04:6041] N: WS   /ws - (unix skt), clients: 3
[2026/09/25 17:55:04:6041] N: WS   /ws - (unix skt), clients: 4
[2026/09/25 17:55:04:6041] N: WS   /ws - (unix skt), clients: 5
[2026/09/25 17:55:04:6041] N: WS   /ws - (unix skt), clients: 6
[2026/09/25 17:55:04:6041] N: WS   /ws - (unix skt), clients: 7
[2026/09/25 17:55:04:6041] N: WS   /ws - (unix skt), clients: 8
[2026/09/25 17:55:04:6041] N: WS   /ws - (unix skt), clients: 9
[2026/09/25 17:55:04:6041] N: WS   /ws - (unix skt), clients: 10
[2026/09/25 17:55:04:6046] N: started process, pid: 47717
[2026/09/25 17:55:04:6051] N: started process, pid: 47718
[2026/09/25 17:55:04:6055] N: started process, pid: 47719
[2026/09/25 17:55:04:6061] N: started process, pid: 47720
[2026/09/25 17:55:04:6067] N: started process, pid: 47722
[2026/09/25 17:55:04:6073] N: started process, pid: 47723
[2026/09/25 17:55:04:6083] N: started process, pid: 47724
[2026/09/25 17:55:04:6099] N: started process, pid: 47725
[2026/09/25 17:55:04:6108] N: started process, pid: 47733
[2026/09/25 17:55:04:6122] N: started process, pid: 47736
[2026/09/25 17:55:04:7573] N: WS closed from (unix skt), clients: 9
[2026/09/25 17:55:04:7573] N: killing process, pid: 47720
[2026/09/25 17:55:04:7577] N: process killed with signal 1, pid: 47720
[2026/09/25 17:55:04:8433] N: WS closed from (unix skt), clients: 8
[2026/09/25 17:55:04:8434] N: killing process, pid: 47733
[2026/09/25 17:55:04:8436] N: process killed with signal 1, pid: 47733
[2026/09/25 17:55:04:8655] N: WS closed from (unix skt), clients: 7
[2026/09/25 17:55:04:8655] N: killing process, pid: 47717
[2026/09/25 17:55:04:8660] N: process killed with signal 0, pid: 47717
[2026/09/25 17:55:04:9406] N: WS closed from (unix skt), clients: 6
[2026/09/25 17:55:04:9407] N: killing process, pid: 47718
[2026/09/25 17:55:04:9410] N: process killed with signal 0, pid: 47718
[2026/09/25 17:55:04:9993] N: WS closed from (unix skt), clients: 5
[2026/09/25 17:55:04:9993] N: killing process, pid: 47724
[2026/09/25 17:55:04:9997] N: process killed with signal 0, pid: 47724
[2026/09/25 17:55:05:0104] N: WS closed from (unix skt), clients: 4
[2026/09/25 17:55:05:0104] N: killing process, pid: 47723
[2026/09/25 17:55:05:0107] N: process killed with signal 0, pid: 47723
[2026/09/25 17:55:05:5126] N: WS closed from (unix skt), clients: 3
[2026/09/25 17:55:05:5127] N: killing process, pid: 47719
[2026/09/25 17:55:05:5138] N: process killed with signal 0, pid: 47719
[2026/09/25 17:55:05:5274] N: WS closed from (unix skt), clients: 2
[2026/09/25 17:55:05:5275] N: killing process, pid: 47725
[2026/09/25 17:55:05:5286] N: process killed with signal 0, pid: 47725
[2026/09/25 17:55:06:6063] N: WS closed from (unix skt), clients: 1
[2026/09/25 17:55:06:6063] N: killing process, pid: 47722
[2026/09/25 17:55:06:6064] N: WS closed from (unix skt), clients: 0
[2026/09/25 17:55:06:6064] N: killing process, pid: 47736
[2026/09/25 17:55:06:6092] N: process killed with signal 0, pid: 47722
[2026/09/25 17:55:06:6093] N: process killed with signal 0, pid: 47736
[2026/09/25 17:55:06:6261] N: WS   /ws - (unix skt), clients: 1
[2026/09/25 17:55:06:6262] N: WS   /ws - (unix skt), clients: 2
[2026/09/25 17:55:06:6262] N: WS   /ws - (unix skt), clients: 3
[2026/09/25 17:55:06:6262] N: WS   /ws - (unix skt), clients: 4
[2026/09/25 17:55:06:6262] N: WS   /ws - (unix skt), clients: 5
[2026/09/25 17:55:06:6262] N: WS   /ws - (unix skt), clients: 6
[2026/09/25 17:55:06:6263] N: WS   /ws - (unix skt), clients: 7
[2026/09/25 17:55:06:6263] N: WS   /ws - (unix skt), clients: 8
[2026/09/25 17:55:06:6263] N: WS   /ws - (unix skt), clients: 9
[2026/09/25 17:55:06:6263] N: WS   /ws - (unix skt), clients: 10
[2026/09/25 17:55:06:6274] N: started process, pid: 48013
[2026/09/25 17:55:06:6284] N: started process, pid: 48014
[2026/09/25 17:55:06:6294] N: started process, pid: 48015
[2026/09/25 17:55:06:6309] N: started process, pid: 48016
[2026/09/25 17:55:06:6317] N: started process, pid: 48017
[2026/09/25 17:55:06:6329] N: started process, pid: 48019
[2026/09/25 17:55:06:6339] N: started process, pid: 48020
[2026/09/25 17:55:06:6355] N: started process, pid: 48021
[2026/09/25 17:55:06:6364] N: started process, pid: 48027
[2026/09/25 17:55:06:6390] N: started process, pid: 48031
[2026/09/25 17:55:06:7705] N: WS closed from (unix skt), clients: 9
[2026/09/25 17:55:06:7705] N: killing process, pid: 48015
[2026/09/25 17:55:06:7708] N: process killed with signal 1, pid: 48015
[2026/09/25 17:55:06:8135] N: WS closed from (unix skt), clients: 8
[2026/09/25 17:55:06:8135] N: killing process, pid: 48027
[2026/09/25 17:55:06:8139] N: process killed with signal 1, pid: 48027
[2026/09/25 17:55:06:9442] N: WS closed from (unix skt), clients: 7
[2026/09/25 17:55:06:9443] N: killing process, pid: 48013
[2026/09/25 17:55:06:9448] N: process killed with signal 0, pid: 48013
[2026/09/25 17:55:06:9571] N: WS closed from (unix skt), clients: 6
[2026/09/25 17:55:06:9571] N: killing process, pid: 48016
[2026/09/25 17:55:06:9575] N: process killed with signal 0, pid: 48016
[2026/09/25 17:55:06:9882] N: WS closed from (unix skt), clients: 5
[2026/09/25 17:55:06:9882] N: killing process, pid: 48020
[2026/09/25 17:55:06:9888] N: process killed with signal 0, pid: 48020
[2026/09/25 17:55:07:0029] N: WS closed from (unix skt), clients: 4
[2026/09/25 17:55:07:0029] N: killing process, pid: 48019
[2026/09/25 17:55:07:0034] N: process killed with signal 0, pid: 48019
[2026/09/25 17:55:07:4320] N: WS closed from (unix skt), clients: 3
[2026/09/25 17:55:07:4320] N: killing process, pid: 48014
[2026/09/25 17:55:07:4329] N: process killed with signal 0, pid: 48014
[2026/09/25 17:55:07:5294] N: WS closed from (unix skt), clients: 2
[2026/09/25 17:55:07:5294] N: killing process, pid: 48021
[2026/09/25 17:55:07:5301] N: process killed with signal 0, pid: 48021
[2026/09/25 17:55:08:6340] N: WS closed from (unix skt), clients: 1
[2026/09/25 17:55:08:6342] N: killing process, pid: 48017
[2026/09/25 17:55:08:6343] N: WS closed from (unix skt), clients: 0
[2026/09/25 17:55:08:6343] N: killing process, pid: 48031
[2026/09/25 17:55:08:6373] N: process killed with signal 0, pid: 48017
[2026/09/25 17:55:08:6374] N: process killed with signal 0, pid: 48031
[2026/09/25 17:55:08:6532] N: WS   /ws - (unix skt), clients: 1
[2026/09/25 17:55:08:6533] N: WS   /ws - (unix skt), clients: 2
[2026/09/25 17:55:08:6533] N: WS   /ws - (unix skt), clients: 3
[2026/09/25 17:55:08:6536] N: WS   /ws - (unix skt), clients: 4
[2026/09/25 17:55:08:6536] N: WS   /ws - (unix skt), clients: 5
[2026/09/25 17:55:08:6536] N: WS   /ws - (unix skt), clients: 6
[2026/09/25 17:55:08:6536] N: WS   /ws - (unix skt), clients: 7
[2026/09/25 17:55:08:6554] N: started process, pid: 48338
[2026/09/25 17:55:08:6563] N: started process, pid: 48339
[2026/09/25 17:55:08:6569] N: started process, pid: 48340
[2026/09/25 17:55:08:6570] N: WS   /ws - (unix skt), clients: 8
[2026/09/25 17:55:08:6570] N: WS   /ws - (unix skt), clients: 9
[2026/09/25 17:55:08:6571] N: WS   /ws - (unix skt), clients: 10
[2026/09/25 17:55:08:6576] N: started process, pid: 48341
[2026/09/25 17:55:08:6584] N: started process, pid: 48342
[2026/09/25 17:55:08:6592] N: started process, pid: 48343
[2026/09/25 17:55:08:6599] N: started process, pid: 48344
[2026/09/25 17:55:08:6607] N: started process, pid: 48345
[2026/09/25 17:55:08:6617] N: started process, pid: 48349
[2026/09/25 17:55:08:6623] N: started process, pid: 48354
[2026/09/25 17:55:08:7832] N: WS closed from (unix skt), clients: 9
[2026/09/25 17:55:08:7832] N: killing process, pid: 48341
[2026/09/25 17:55:08:7836] N: process killed with signal 1, pid: 48341
[2026/09/25 17:55:08:8392] N: WS closed from (unix skt), clients: 8
[2026/09/25 17:55:08:8393] N: killing process, pid: 48349
[2026/09/25 17:55:08:8395] N: process killed with signal 1, pid: 48349
[2026/09/25 17:55:08:9560] N: WS closed from (unix skt), clients: 7
[2026/09/25 17:55:08:9560] N: killing process, pid: 48338
[2026/09/25 17:55:08:9564] N: process killed with signal 0, pid: 48338
[2026/09/25 17:55:09:0131] N: WS closed from (unix skt), clients: 6
[2026/09/25 17:55:09:0131] N: killing process, pid: 48339
[2026/09/25 17:55:09:0135] N: process killed with signal 0, pid: 48339
[2026/09/25 17:55:09:0272] N: WS closed from (unix skt), clients: 5
[2026/09/25 17:55:09:0272] N: killing process, pid: 48344
[2026/09/25 17:55:09:0275] N: process killed with signal 0, pid: 48344
[2026/09/25 17:55:09:0405] N: WS closed from (unix skt), clients: 4
[2026/09/25 17:55:09:0405] N: killing process, pid: 48343
[2026/09/25 17:55:09:0408] N: process killed with signal 0, pid: 48343
[2026/09/25 17:55:09:4868] N: WS closed from (unix skt), clients: 3
[2026/09/25 17:55:09:4868] N: killing process, pid: 48340
[2026/09/25 17:55:09:4882] N: process killed with signal 0, pid: 48340
[2026/09/25 17:55:09:5576] N: WS closed from (unix skt), clients: 2
[2026/09/25 17:55:09:5576] N: killing process, pid: 48345
[2026/09/25 17:55:09:5581] N: process killed with signal 0, pid: 48345
[2026/09/25 17:55:10:6548] N: WS closed from (unix skt), clients: 1
[2026/09/25 17:55:10:6548] N: killing process, pid: 48342
[2026/09/25 17:55:10:6552] N: process killed with signal 0, pid: 48342
[2026/09/25 17:55:10:6586] N: WS closed from (unix skt), clients: 0
[2026/09/25 17:55:10:6586] N: killing process, pid: 48354
[2026/09/25 17:55:10:6592] N: process killed with signal 0, pid: 48354
[2026/09/25 17:55:10:6650] N: WS   /ws - (unix skt), clients: 1
[2026/09/25 17:55:10:6650] N: WS   /ws - (unix skt), clients: 2
[2026/09/25 17:55:10:6650] N: WS   /ws - (unix skt), clients: 3
[2026/09/25 17:55:10:6650] N: WS   /ws - (unix skt), clients: 4
[2026/09/25 17:55:10:6650] N: WS   /ws - (unix skt), clients: 5
[2026/09/25 17:55:10:6651] N: WS   /ws - (unix skt), clients: 6
[2026/09/25 17:55:10:6651] N: WS   /ws - (unix skt), clients: 7
[2026/09/25 17:55:10:6651] N: WS   /ws - (unix skt), clients: 8
[2026/09/25 17:55:10:6651] N: WS   /ws - (unix skt), clients: 9
[2026/09/25 17:55:10:6651] N: WS   /ws - (unix skt), clients: 10
[2026/09/25 17:55:10:6656] N: started process, pid: 48786
[2026/09/25 17:55:10:6661] N: started process, pid: 48787
[2026/09/25 17:55:10:6667] N: started process, pid: 48788
[2026/09/25 17:55:10:6675] N: started process, pid: 48789
[2026/09/25 17:55:10:6683] N: started process, pid: 48790
[2026/09/25 17:55:10:6697] N: started process, pid: 48791
[2026/09/25 17:55:10:6702] N: started process, pid: 48792
[2026/09/25 17:55:10:6717] N: started process, pid: 48797
[2026/09/25 17:55:10:6737] N: started process, pid: 48801
[2026/09/25 17:55:10:6762] N: started process, pid: 48811
[2026/09/25 17:55:10:8447] N: WS closed from (unix skt), clients: 9
[2026/09/25 17:55:10:8448] N: killing process, pid: 48789
[2026/09/25 17:55:10:8452] N: process killed with signal 1, pid: 48789
[2026/09/25 17:55:10:8771] N: WS closed from (unix skt), clients: 8
[2026/09/25 17:55:10:8771] N: killing process, pid: 48801
[2026/09/25 17:55:10:8778] N: process killed with signal 1, pid: 48801
[2026/09/25 17:55:10:9729] N: WS closed from (unix skt), clients: 7
[2026/09/25 17:55:10:9730] N: killing process, pid: 48786
[2026/09/25 17:55:10:9735] N: process killed with signal 0, pid: 48786
[2026/09/25 17:55:10:9835] N: WS closed from (unix skt), clients: 6
[2026/09/25 17:55:10:9836] N: killing process, pid: 48791
[2026/09/25 17:55:10:9840] N: process killed with signal 0, pid: 48791
[2026/09/25 17:55:10:9985] N: WS closed from (unix skt), clients: 5
[2026/09/25 17:55:10:9985] N: killing process, pid: 48792
[2026/09/25 17:55:10:9989] N: process killed with signal 0, pid: 48792
[2026/09/25 17:55:11:0298] N: WS closed from (unix skt), clients: 4
[2026/09/25 17:55:11:0298] N: killing process, pid: 48787
[2026/09/25 17:55:11:0303] N: process killed with signal 0, pid: 48787
[2026/09/25 17:55:11:5146] N: WS closed from (unix skt), clients: 3
[2026/09/25 17:55:11:5147] N: killing process, pid: 48788
[2026/09/25 17:55:11:5154] N: process killed with signal 0, pid: 48788
[2026/09/25 17:55:11:5793] N: WS closed from (unix skt), clients: 2
[2026/09/25 17:55:11:5793] N: killing process, pid: 48797
[2026/09/25 17:55:11:5798] N: process killed with signal 0, pid: 48797
[2026/09/25 17:55:12:6653] N: WS closed from (unix skt), clients: 1
[2026/09/25 17:55:12:6653] N: killing process, pid: 48790
[2026/09/25 17:55:12:6653] N: WS closed from (unix skt), clients: 0
[2026/09/25 17:55:12:6653] N: killing process, pid: 48811
[2026/09/25 17:55:12:6658] N: process killed with signal 0, pid: 48790
[2026/09/25 17:55:12:6665] N: process killed with signal 0, pid: 48811
[2026/09/25 17:55:12:6729] N: WS   /ws - (unix skt), clients: 1
[2026/09/25 17:55:12:6729] N: WS   /ws - (unix skt), clients: 2
[2026/09/25 17:55:12:6730] N: WS   /ws - (unix skt), clients: 3
[2026/09/25 17:55:12:6730] N: WS   /ws - (unix skt), clients: 4
[2026/09/25 17:55:12:6730] N: WS   /ws - (unix skt), clients: 5
[2026/09/25 17:55:12:6730] N: WS   /ws - (unix skt), clients: 6
[2026/09/25 17:55:12:6730] N: WS   /ws - (unix skt), clients: 7
[2026/09/25 17:55:12:6730] N: WS   /ws - (unix skt), clients: 8
[2026/09/25 17:55:12:6730] N: WS   /ws - (unix skt), clients: 9
[2026/09/25 17:55:12:6730] N: WS   /ws - (unix skt), clients: 10
[2026/09/25 17:55:12:6735] N: started process, pid: 49158
[2026/09/25 17:55:12:6739] N: started process, pid: 49159
[2026/09/25 17:55:12:6744] N: started process, pid: 49160
[2026/09/25 17:55:12:6750] N: started process, pid: 49161
[2026/09/25 17:55:12:6754] N: started process, pid: 49162
[2026/09/25 17:55:12:6760] N: started process, pid: 49163
[2026/09/25 17:55:12:6768] N: started process, pid: 49164
[2026/09/25 17:55:12:6776] N: started process, pid: 49165
[2026/09/25 17:55:12:6788] N: started process, pid: 49170
[2026/09/25 17:55:12:6796] N: started process, pid: 49176
[2026/09/25 17:55:12:7617] N: WS closed from (unix skt), clients: 9
[2026/09/25 17:55:12:7618] N: killing process, pid: 49161
[2026/09/25 17:55:12:7620] N: process killed with signal 1, pid: 49161
[2026/09/25 17:55:12:8815] N: WS closed from (unix skt), clients: 8
[2026/09/25 17:55:12:8815] N: killing process, pid: 49170
[2026/09/25 17:55:12:8817] N: process killed with signal 1, pid: 49170
[2026/09/25 17:55:12:9639] N: WS closed from (unix skt), clients: 7
[2026/09/25 17:55:12:9640] N: killing process, pid: 49159
[2026/09/25 17:55:12:9645] N: process killed with signal 0, pid: 49159
[2026/09/25 17:55:12:9931] N: WS closed from (unix skt), clients: 6
[2026/09/25 17:55:12:9931] N: killing process, pid: 49158
[2026/09/25 17:55:12:9937] N: process killed with signal 0, pid: 49158
[2026/09/25 17:55:13:0238] N: WS closed from (unix skt), clients: 5
[2026/09/25 17:55:13:0239] N: killing process, pid: 49163
[2026/09/25 17:55:13:0243] N: process killed with signal 0, pid: 49163
[2026/09/25 17:55:13:0670] N: WS closed from (unix skt), clients: 4
[2026/09/25 17:55:13:0671] N: killing process, pid: 49164
[2026/09/25 17:55:13:0676] N: process killed with signal 0, pid: 49164
[2026/09/25 17:55:13:5474] N: WS closed from (unix skt), clients: 3
[2026/09/25 17:55:13:5475] N: killing process, pid: 49165
[2026/09/25 17:55:13:5475] N: WS closed from (unix skt), clients: 2
[2026/09/25 17:55:13:5475] N: killing process, pid: 49160
[2026/09/25 17:55:13:5481] N: process killed with signal 0, pid: 49160
[2026/09/25 17:55:13:5482] N: process killed with signal 0, pid: 49165
[2026/09/25 17:55:14:6737] N: WS closed from (unix skt), clients: 1
[2026/09/25 17:55:14:6738] N: killing process, pid: 49162
[2026/09/25 17:55:14:6738] N: WS closed from (unix skt), clients: 0
[2026/09/25 17:55:14:6738] N: killing process, pid: 49176
[2026/09/25 17:55:14:6759] N: process killed with signal 0, pid: 49162
[2026/09/25 17:55:14:6759] N: process killed with signal 0, pid: 49176
[2026/09/25 17:55:14:6882] N: WS   /ws - (unix skt), clients: 1
[2026/09/25 17:55:14:6883] N: WS   /ws - (unix skt), clients: 2
[2026/09/25 17:55:14:6883] N: WS   /ws - (unix skt), clients: 3
[2026/09/25 17:55:14:6883] N: WS   /ws - (unix skt), clients: 4
[2026/09/25 17:55:14:6884] N: WS   /ws - (unix skt), clients: 5
[2026/09/25 17:55:14:6884] N: WS   /ws - (unix skt), clients: 6
[2026/09/25 17:55:14:6884] N: WS   /ws - (unix skt), clients: 7
[2026/09/25 17:55:14:6884] N: WS   /ws - (unix skt), clients: 8
[2026/09/25 17:55:14:6884] N: WS   /ws - (unix skt), clients: 9
[2026/09/25 17:55:14:6884] N: WS   /ws - (unix skt), clients: 10
[2026/09/25 17:55:14:6892] N: started process, pid: 49623
[2026/09/25 17:55:14:6898] N: started process, pid: 49624
[2026/09/25 17:55:14:6906] N: started process, pid: 49625
[2026/09/25 17:55:14:6915] N: started process, pid: 49626
[2026/09/25 17:55:14:6922] N: started process, pid: 49627
[2026/09/25 17:55:14:6928] N: started process, pid: 49628
[2026/09/25 17:55:14:6939] N: started process, pid: 49629
[2026/09/25 17:55:14:6951] N: started process, pid: 49633
[2026/09/25 17:55:14:6963] N: started process, pid: 49641
[2026/09/25 17:55:14:6974] N: started process, pid: 49646
[2026/09/25 17:55:14:7982] N: WS closed from (unix skt), clients: 9
[2026/09/25 17:55:14:7983] N: killing process, pid: 49625
[2026/09/25 17:55:14:7987] N: process killed with signal 1, pid: 49625
[2026/09/25 17:55:14:8691] N: WS closed from (unix skt), clients: 8
[2026/09/25 17:55:14:8691] N: killing process, pid: 49641
[2026/09/25 17:55:14:8695] N: process killed with signal 1, pid: 49641
[2026/09/25 17:55:14:9474] N: WS closed from (unix skt), clients: 7
[2026/09/25 17:55:14:9474] N: killing process, pid: 49627
[2026/09/25 17:55:14:9478] N: process killed with signal 0, pid: 49627
[2026/09/25 17:55:14:9875] N: WS closed from (unix skt), clients: 6
[2026/09/25 17:55:14:9876] N: killing process, pid: 49623
[2026/09/25 17:55:14:9880] N: process killed with signal 0, pid: 49623
[2026/09/25 17:55:15:0428] N: WS closed from (unix skt), clients: 5
[2026/09/25 17:55:15:0428] N: killing process, pid: 49628
[2026/09/25 17:55:15:0433] N: process killed with signal 0, pid: 49628
[2026/09/25 17:55:15:0558] N: WS closed from (unix skt), clients: 4
[2026/09/25 17:55:15:0558] N: killing process, pid: 49629
[2026/09/25 17:55:15:0562] N: process killed with signal 0, pid: 49629
[2026/09/25 17:55:15:4881] N: WS closed from (unix skt), clients: 3
[2026/09/25 17:55:15:4882] N: killing process, pid: 49624
[2026/09/25 17:55:15:4892] N: process killed with signal 0, pid: 49624
[2026/09/25 17:55:15:5576] N: WS closed from (unix skt), clients: 2
[2026/09/25 17:55:15:5577] N: killing process, pid: 49633
[2026/09/25 17:55:15:5589] N: process killed with signal 0, pid: 49633
[2026/09/25 17:55:16:6908] N: WS closed from (unix skt), clients: 1
[2026/09/25 17:55:16:6909] N: killing process, pid: 49626
[2026/09/25 17:55:16:6909] N: WS closed from (unix skt), clients: 0
[2026/09/25 17:55:16:6909] N: killing process, pid: 49646
[2026/09/25 17:55:16:6924] N: process killed with signal 0, pid: 49646
[2026/09/25 17:55:16:6925] N: process killed with signal 0, pid: 49626
[2026/09/25 17:55:16:7022] N: WS   /ws - (unix skt), clients: 1
[2026/09/25 17:55:16:7022] N: WS   /ws - (unix skt), clients: 2
[2026/09/25 17:55:16:7022] N: WS   /ws - (unix skt), clients: 3
[2026/09/25 17:55:16:7022] N: WS   /ws - (unix skt), clients: 4
[2026/09/25 17:55:16:7023] N: WS   /ws - (unix skt), clients: 5
[2026/09/25 17:55:16:7023] N: WS   /ws - (unix skt), clients: 6
[2026/09/25 17:55:16:7023] N: WS   /ws - (unix skt), clients: 7
[2026/09/25 17:55:16:7023] N: WS   /ws - (unix skt), clients: 8
[2026/09/25 17:55:16:7023] N: WS   /ws - (unix skt), clients: 9
[2026/09/25 17:55:16:7023] N: WS   /ws - (unix skt), clients: 10
[2026/09/25 17:55:16:7029] N: started process, pid: 50059
[2026/09/25 17:55:16:7034] N: started process, pid: 50060
[2026/09/25 17:55:16:7038] N: started process, pid: 50061
[2026/09/25 17:55:16:7043] N: started process, pid: 50062
[2026/09/25 17:55:16:7049] N: started process, pid: 50063
[2026/09/25 17:55:16:7054] N: started process, pid: 50064
[2026/09/25 17:55:16:7064] N: started process, pid: 50065
[2026/09/25 17:55:16:7072] N: started process, pid: 50066
[2026/09/25 17:55:16:7086] N: started process, pid: 50070
[2026/09/25 17:55:16:7109] N: started process, pid: 50077
[2026/09/25 17:55:16:8103] N: WS closed from (unix skt), clients: 9
[2026/09/25 17:55:16:8103] N: killing process, pid: 50061
[2026/09/25 17:55:16:8107] N: process killed with signal 1, pid: 50061
[2026/09/25 17:55:16:8738] N: WS closed from (unix skt), clients: 8
[2026/09/25 17:55:16:8739] N: killing process, pid: 50070
[2026/09/25 17:55:16:8742] N: process killed with signal 1, pid: 50070
[2026/09/25 17:55:16:9966] N: WS closed from (unix skt), clients: 7
[2026/09/25 17:55:16:9966] N: killing process, pid: 50059
[2026/09/25 17:55:16:9971] N: process killed with signal 0, pid: 50059
[2026/09/25 17:55:17:0384] N: WS closed from (unix skt), clients: 6
[2026/09/25 17:55:17:0384] N: killing process, pid: 50063
[2026/09/25 17:55:17:0388] N: process killed with signal 0, pid: 50063
[2026/09/25 17:55:17:0496] N: WS closed from (unix skt), clients: 5
[2026/09/25 17:55:17:0496] N: killing process, pid: 50065
[2026/09/25 17:55:17:0500] N: process killed with signal 0, pid: 50065
[2026/09/25 17:55:17:0607] N: WS closed from (unix skt), clients: 4
[2026/09/25 17:55:17:0607] N: killing process, pid: 50064
[2026/09/25 17:55:17:0611] N: process killed with signal 0, pid: 50064
[2026/09/25 17:55:17:4857] N: WS closed from (unix skt), clients: 3
[2026/09/25 17:55:17:4858] N: killing process, pid: 50060
[2026/09/25 17:55:17:4866] N: process killed with signal 0, pid: 50060
[2026/09/25 17:55:17:5757] N: WS closed from (unix skt), clients: 2
[2026/09/25 17:55:17:5758] N: killing process, pid: 50066
[2026/09/25 17:55:17:5771] N: process killed with signal 0, pid: 50066
[2026/09/25 17:55:18:7052] N: WS closed from (unix skt), clients: 1
[2026/09/25 17:55:18:7053] N: killing process, pid: 50062
[2026/09/25 17:55:18:7054] N: WS closed from (unix skt), clients: 0
[2026/09/25 17:55:18:7055] N: killing process, pid: 50077
[2026/09/25 17:55:18:7087] N: process killed with signal 0, pid: 50062
[2026/09/25 17:55:18:7091] N: process killed with signal 0, pid: 50077
[2026/09/25 17:55:18:7361] N: WS   /ws - (unix skt), clients: 1
[2026/09/25 17:55:18:7362] N: WS   /ws - (unix skt), clients: 2
[2026/09/25 17:55:18:7362] N: WS   /ws - (unix skt), clients: 3
[2026/09/25 17:55:18:7373] N: started process, pid: 50334
[2026/09/25 17:55:18:7383] N: started process, pid: 50335
[2026/09/25 17:55:18:7385] N: WS   /ws - (unix skt), clients: 4
[2026/09/25 17:55:18:7385] N: WS   /ws - (unix skt), clients: 5
[2026/09/25 17:55:18:7386] N: WS   /ws - (unix skt), clients: 6
[2026/09/25 17:55:18:7386] N: WS   /ws - (unix skt), clients: 7
[2026/09/25 17:55:18:7386] N: WS   /ws - (unix skt), clients: 8
[2026/09/25 17:55:18:7386] N: WS   /ws - (unix skt), clients: 9
[2026/09/25 17:55:18:7387] N: WS   /ws - (unix skt), clients: 10
[2026/09/25 17:55:18:7394] N: started process, pid: 50336
[2026/09/25 17:55:18:7405] N: started process, pid: 50337
[2026/09/25 17:55:18:7414] N: started process, pid: 50338
[2026/09/25 17:55:18:7428] N: started process, pid: 50339
[2026/09/25 17:55:18:7478] N: started process, pid: 50340
[2026/09/25 17:55:18:7488] N: started process, pid: 50343
[2026/09/25 17:55:18:7511] N: started process, pid: 50349
[2026/09/25 17:55:18:7528] N: started process, pid: 50352
[2026/09/25 17:55:18:8292] N: WS closed from (unix skt), clients: 9
[2026/09/25 17:55:18:8292] N: killing process, pid: 50336
[2026/09/25 17:55:18:8297] N: process killed with signal 1, pid: 50336
[2026/09/25 17:55:18:9170] N: WS closed from (unix skt), clients: 8
[2026/09/25 17:55:18:9170] N: killing process, pid: 50349
[2026/09/25 17:55:18:9174] N: process killed with signal 1, pid: 50349
[2026/09/25 17:55:19:0191] N: WS closed from (unix skt), clients: 7
[2026/09/25 17:55:19:0191] N: killing process, pid: 50334
[2026/09/25 17:55:19:0197] N: process killed with signal 0, pid: 50334
[2026/09/25 17:55:19:0452] N: WS closed from (unix skt), clients: 6
[2026/09/25 17:55:19:0452] N: killing process, pid: 50335
[2026/09/25 17:55:19:0456] N: process killed with signal 0, pid: 50335
[2026/09/25 17:55:19:0899] N: WS closed from (unix skt), clients: 5
[2026/09/25 17:55:19:0899] N: killing process, pid: 50338
[2026/09/25 17:55:19:0905] N: process killed with signal 0, pid: 50338
[2026/09/25 17:55:19:1040] N: WS closed from (unix skt), clients: 4
[2026/09/25 17:55:19:1040] N: killing process, pid: 50339
[2026/09/25 17:55:19:1045] N: process killed with signal 0, pid: 50339
[2026/09/25 17:55:19:6195] N: WS closed from (unix skt), clients: 3
[2026/09/25 17:55:19:6196] N: killing process, pid: 50343
[2026/09/25 17:55:19:6197] N: WS closed from (unix skt), clients: 2
[2026/09/25 17:55:19:6197] N: killing process, pid: 50340
[2026/09/25 17:55:19:6210] N: process killed with signal 0, pid: 50343
[2026/09/25 17:55:19:6212] N: process killed with signal 0, pid: 50340
[2026/09/25 17:55:20:7390] N: WS closed from (unix skt), clients: 1
[2026/09/25 17:55:20:7392] N: killing process, pid: 50337
[2026/09/25 17:55:20:7392] N: WS closed from (unix skt), clients: 0
[2026/09/25 17:55:20:7392] N: killing process, pid: 50352
[2026/09/25 17:55:20:7400] N: process killed with signal 0, pid: 50352
[2026/09/25 17:55:20:7401] N: process killed with signal 0, pid: 50337
[2026/09/25 17:55:20:7477] N: WS   /ws - (unix skt), clients: 1
[2026/09/25 17:55:20:7477] N: WS   /ws - (unix skt), clients: 2
[2026/09/25 17:55:20:7477] N: WS   /ws - (unix skt), clients: 3
[2026/09/25 17:55:20:7478] N: WS   /ws - (unix skt), clients: 4
[2026/09/25 17:55:20:7478] N: WS   /ws - (unix skt), clients: 5
[2026/09/25 17:55:20:7478] N: WS   /ws - (unix skt), clients: 6
[2026/09/25 17:55:20:7478] N: WS   /ws - (unix skt), clients: 7
[2026/09/25 17:55:20:7478] N: WS   /ws - (unix skt), clients: 8
[2026/09/25 17:55:20:7478] N: WS   /ws - (unix skt), clients: 9
[2026/09/25 17:55:20:7478] N: WS   /ws - (unix skt), clients: 10
[2026/09/25 17:55:20:7484] N: started process, pid: 50825
[2026/09/25 17:55:20:7488] N: started process, pid: 50826
[2026/09/25 17:55:20:7493] N: started process, pid: 50827
[2026/09/25 17:55:20:7500] N: started process, pid: 50828
[2026/09/25 17:55:20:7508] N: started process, pid: 50830
[2026/09/25 17:55:20:7519] N: started process, pid: 50831
[2026/09/25 17:55:20:7530] N: started process, pid: 50832
[2026/09/25 17:55:20:7537] N: started process, pid: 50834
[2026/09/25 17:55:20:7551] N: started process, pid: 50838
[2026/09/25 17:55:20:7566] N: started process, pid: 50843
[2026/09/25 17:55:20:8698] N: WS closed from (unix skt), clients: 9
[2026/09/25 17:55:20:8698] N: killing process, pid: 50827
[2026/09/25 17:55:20:8701] N: process killed with signal 1, pid: 50827
[2026/09/25 17:55:20:9203] N: WS closed from (unix skt), clients: 8
[2026/09/25 17:55:20:9204] N: killing process, pid: 50838
[2026/09/25 17:55:20:9208] N: process killed with signal 1, pid: 50838
[2026/09/25 17:55:21:0470] N: WS closed from (unix skt), clients: 7
[2026/09/25 17:55:21:0470] N: killing process, pid: 50825
[2026/09/25 17:55:21:0475] N: process killed with signal 0, pid: 50825
[2026/09/25 17:55:21:0721] N: WS closed from (unix skt), clients: 6
[2026/09/25 17:55:21:0722] N: killing process, pid: 50831
[2026/09/25 17:55:21:0722] N: WS closed from (unix skt), clients: 5
[2026/09/25 17:55:21:0722] N: killing process, pid: 50832
[2026/09/25 17:55:21:0728] N: process killed with signal 0, pid: 50832
[2026/09/25 17:55:21:0728] N: process killed with signal 0, pid: 50831
[2026/09/25 17:55:21:1235] N: WS closed from (unix skt), clients: 4
[2026/09/25 17:55:21:1235] N: killing process, pid: 50830
[2026/09/25 17:55:21:1241] N: process killed with signal 0, pid: 50830
[2026/09/25 17:55:21:5864] N: WS closed from (unix skt), clients: 3
[2026/09/25 17:55:21:5865] N: killing process, pid: 50826
[2026/09/25 17:55:21:5897] N: process killed with signal 0, pid: 50826
[2026/09/25 17:55:21:6244] N: WS closed from (unix skt), clients: 2
[2026/09/25 17:55:21:6246] N: killing process, pid: 50834
[2026/09/25 17:55:21:6264] N: process killed with signal 0, pid: 50834
[2026/09/25 17:55:22:7480] N: WS closed from (unix skt), clients: 1
[2026/09/25 17:55:22:7481] N: killing process, pid: 50828
[2026/09/25 17:55:22:7481] N: WS closed from (unix skt), clients: 0
[2026/09/25 17:55:22:7481] N: killing process, pid: 50843
[2026/09/25 17:55:22:7491] N: process killed with signal 0, pid: 50843
[2026/09/25 17:55:22:7492] N: process killed with signal 0, pid: 50828
[2026/09/25 17:55:22:7590] N: WS   /ws - (unix skt), clients: 1
[2026/09/25 17:55:22:7590] N: WS   /ws - (unix skt), clients: 2
[2026/09/25 17:55:22:7590] N: WS   /ws - (unix skt), clients: 3
[2026/09/25 17:55:22:7590] N: WS   /ws - (unix skt), clients: 4
[2026/09/25 17:55:22:7590] N: WS   /ws - (unix skt), clients: 5
[2026/09/25 17:55:22:7590] N: WS   /ws - (unix skt), clients: 6
[2026/09/25 17:55:22:7591] N: WS   /ws - (unix skt), clients: 7
[2026/09/25 17:55:22:7591] N: WS   /ws - (unix skt), clients: 8
[2026/09/25 17:55:22:7591] N: WS   /ws - (unix skt), clients: 9
[2026/09/25 17:55:22:7591] N: WS   /ws - (unix skt), clients: 10
[2026/09/25 17:55:22:7596] N: started process, pid: 51051
[2026/09/25 17:55:22:7599] N: started process, pid: 51052
[2026/09/25 17:55:22:7603] N: started process, pid: 51053
[2026/09/25 17:55:22:7607] N: started process, pid: 51054
[2026/09/25 17:55:22:7613] N: started process, pid: 51055
[2026/09/25 17:55:22:7621] N: started process, pid: 51056
[2026/09/25 17:55:22:7629] N: started process, pid: 51057
[2026/09/25 17:55:22:7637] N: started process, pid: 51058
[2026/09/25 17:55:22:7652] N: started process, pid: 51061
[2026/09/25 17:55:22:7673] N: started process, pid: 51071
[2026/09/25 17:55:22:8754] N: WS closed from (unix skt), clients: 9
[2026/09/25 17:55:22:8754] N: killing process, pid: 51053
[2026/09/25 17:55:22:8756] N: process killed with signal 1, pid: 51053
[2026/09/25 17:55:22:9379] N: WS closed from (unix skt), clients: 8
[2026/09/25 17:55:22:9379] N: killing process, pid: 51061
[2026/09/25 17:55:22:9382] N: process killed with signal 1, pid: 51061
[2026/09/25 17:55:23:0774] N: WS closed from (unix skt), clients: 7
[2026/09/25 17:55:23:0774] N: killing process, pid: 51051
[2026/09/25 17:55:23:0778] N: process killed with signal 0, pid: 51051
[2026/09/25 17:55:23:0885] N: WS closed from (unix skt), clients: 6
[2026/09/25 17:55:23:0885] N: killing process, pid: 51057
[2026/09/25 17:55:23:0889] N: process killed with signal 0, pid: 51057
[2026/09/25 17:55:23:1375] N: WS closed from (unix skt), clients: 5
[2026/09/25 17:55:23:1375] N: killing process, pid: 51056
[2026/09/25 17:55:23:1376] N: WS closed from (unix skt), clients: 4
[2026/09/25 17:55:23:1376] N: killing process, pid: 51055
[2026/09/25 17:55:23:1380] N: process killed with signal 0, pid: 51055
[2026/09/25 17:55:23:1380] N: process killed with signal 0, pid: 51056
[2026/09/25 17:55:23:5494] N: WS closed from (unix skt), clients: 3
[2026/09/25 17:55:23:5494] N: killing process, pid: 51052
[2026/09/25 17:55:23:5499] N: process killed with signal 0, pid: 51052
[2026/09/25 17:55:23:6135] N: WS closed from (unix skt), clients: 2
[2026/09/25 17:55:23:6136] N: killing process, pid: 51058
[2026/09/25 17:55:23:6145] N: process killed with signal 0, pid: 51058
[2026/09/25 17:55:24:7608] N: WS closed from (unix skt), clients: 1
[2026/09/25 17:55:24:7609] N: killing process, pid: 51054
[2026/09/25 17:55:24:7609] N: WS closed from (unix skt), clients: 0
[2026/09/25 17:55:24:7609] N: killing process, pid: 51071
[2026/09/25 17:55:24:7619] N: process killed with signal 0, pid: 51054
[2026/09/25 17:55:24:7619] N: process killed with signal 0, pid: 51071
[2026/09/25 17:55:24:7723] N: WS   /ws - (unix skt), clients: 1
[2026/09/25 17:55:24:7723] N: WS   /ws - (unix skt), clients: 2
[2026/09/25 17:55:24:7723] N: WS   /ws - (unix skt), clients: 3
[2026/09/25 17:55:24:7723] N: WS   /ws - (unix skt), clients: 4
[2026/09/25 17:55:24:7724] N: WS   /ws - (unix skt), clients: 5
[2026/09/25 17:55:24:7724] N: WS   /ws - (unix skt), clients: 6
[2026/09/25 17:55:24:7724] N: WS   /ws - (unix skt), clients: 7
[2026/09/25 17:55:24:7724] N: WS   /ws - (unix skt), clients: 8
[2026/09/25 17:55:24:7724] N: WS   /ws - (unix skt), clients: 9
[2026/09/25 17:55:24:7724] N: WS   /ws - (unix skt), clients: 10
[2026/09/25 17:55:24:7730] N: started process, pid: 51396
[2026/09/25 17:55:24:7735] N: started process, pid: 51397
[2026/09/25 17:55:24:7739] N: started process, pid: 51398
[2026/09/25 17:55:24:7745] N: started process, pid: 51399
[2026/09/25 17:55:24:7753] N: started process, pid: 51400
[2026/09/25 17:55:24:7759] N: started process, pid: 51401
[2026/09/25 17:55:24:7768] N: started process, pid: 51402
[2026/09/25 17:55:24:7778] N: started process, pid: 51403
[2026/09/25 17:55:24:7794] N: started process, pid: 51408
[2026/09/25 17:55:24:7805] N: started process, pid: 51417
[2026/09/25 17:55:24:8450] N: WS closed from (unix skt), clients: 9
[2026/09/25 17:55:24:8451] N: killing process, pid: 51398
[2026/09/25 17:55:24:8455] N: process killed with signal 1, pid: 51398
[2026/09/25 17:55:24:9476] N: WS closed from (unix skt), clients: 8
[2026/09/25 17:55:24:9477] N: killing process, pid: 51408
[2026/09/25 17:55:24:9480] N: process killed with signal 1, pid: 51408
[2026/09/25 17:55:25:0975] N: WS closed from (unix skt), clients: 7
[2026/09/25 17:55:25:0976] N: killing process, pid: 51400
[2026/09/25 17:55:25:0976] N: WS closed from (unix skt), clients: 6
[2026/09/25 17:55:25:0976] N: killing process, pid: 51401
[2026/09/25 17:55:25:0981] N: process killed with signal 0, pid: 51400
[2026/09/25 17:55:25:0982] N: process killed with signal 0, pid: 51401
[2026/09/25 17:55:25:1072] N: WS closed from (unix skt), clients: 5
[2026/09/25 17:55:25:1072] N: killing process, pid: 51396
[2026/09/25 17:55:25:1077] N: process killed with signal 0, pid: 51396
[2026/09/25 17:55:25:1340] N: WS closed from (unix skt), clients: 4
[2026/09/25 17:55:25:1341] N: killing process, pid: 51402
[2026/09/25 17:55:25:1403] N: process killed with signal 0, pid: 51402
[2026/09/25 17:55:25:5997] N: WS closed from (unix skt), clients: 3
[2026/09/25 17:55:25:5997] N: killing process, pid: 51397
[2026/09/25 17:55:25:6001] N: process killed with signal 0, pid: 51397
[2026/09/25 17:55:25:6394] N: WS closed from (unix skt), clients: 2
[2026/09/25 17:55:25:6395] N: killing process, pid: 51403
[2026/09/25 17:55:25:6398] N: process killed with signal 0, pid: 51403
[2026/09/25 17:55:26:7751] N: WS closed from (unix skt), clients: 1
[2026/09/25 17:55:26:7754] N: killing process, pid: 51399
[2026/09/25 17:55:26:7755] N: WS closed from (unix skt), clients: 0
[2026/09/25 17:55:26:7755] N: killing process, pid: 51417
[2026/09/25 17:55:26:7763] N: process killed with signal 0, pid: 51399
[2026/09/25 17:55:26:7764] N: process killed with signal 0, pid: 51417
[2026/09/25 17:55:26:7845] N: WS   /ws - (unix skt), clients: 1
[2026/09/25 17:55:26:7846] N: WS   /ws - (unix skt), clients: 2
[2026/09/25 17:55:26:7846] N: WS   /ws - (unix skt), clients: 3
[2026/09/25 17:55:26:7846] N: WS   /ws - (unix skt), clients: 4
[2026/09/25 17:55:26:7846] N: WS   /ws - (unix skt), clients: 5
[2026/09/25 17:55:26:7846] N: WS   /ws - (unix skt), clients: 6
[2026/09/25 17:55:26:7846] N: WS   /ws - (unix skt), clients: 7
[2026/09/25 17:55:26:7847] N: WS   /ws - (unix skt), clients: 8
[2026/09/25 17:55:26:7847] N: WS   /ws - (unix skt), clients: 9
[2026/09/25 17:55:26:7847] N: WS   /ws - (unix skt), clients: 10
[2026/09/25 17:55:26:7853] N: started process, pid: 51695
[2026/09/25 17:55:26:7857] N: started process, pid: 51696
[2026/09/25 17:55:26:7862] N: started process, pid: 51697
[2026/09/25 17:55:26:7868] N: started process, pid: 51698
[2026/09/25 17:55:26:7877] N: started process, pid: 51699
[2026/09/25 17:55:26:7884] N: started process, pid: 51700
[2026/09/25 17:55:26:7889] N: started process, pid: 51701
[2026/09/25 17:55:26:7899] N: started process, pid: 51702
[2026/09/25 17:55:26:7909] N: started process, pid: 51705
[2026/09/25 17:55:26:7924] N: started process, pid: 51714
[2026/09/25 17:55:26:8459] N: WS closed from (unix skt), clients: 9
[2026/09/25 17:55:26:8459] N: killing process, pid: 51697
[2026/09/25 17:55:26:8507] N: process killed with signal 1, pid: 51697
[2026/09/25 17:55:26:9743] N: WS closed from (unix skt), clients: 8
[2026/09/25 17:55:26:9743] N: killing process, pid: 51705
[2026/09/25 17:55:26:9746] N: process killed with signal 1, pid: 51705
[2026/09/25 17:55:27:1081] N: WS closed from (unix skt), clients: 7
[2026/09/25 17:55:27:1081] N: killing process, pid: 51695
[2026/09/25 17:55:27:1085] N: process killed with signal 0, pid: 51695
[2026/09/25 17:55:27:1392] N: WS closed from (unix skt), clients: 6
[2026/09/25 17:55:27:1393] N: killing process, pid: 51700
[2026/09/25 17:55:27:1396] N: process killed with signal 0, pid: 51700
[2026/09/25 17:55:27:1627] N: WS closed from (unix skt), clients: 5
[2026/09/25 17:55:27:1627] N: killing process, pid: 51701
[2026/09/25 17:55:27:1631] N: process killed with signal 0, pid: 51701
[2026/09/25 17:55:27:1742] N: WS closed from (unix skt), clients: 4
[2026/09/25 17:55:27:1742] N: killing process, pid: 51699
[2026/09/25 17:55:27:1745] N: process killed with signal 0, pid: 51699
[2026/09/25 17:55:27:5982] N: WS closed from (unix skt), clients: 3
[2026/09/25 17:55:27:5982] N: killing process, pid: 51696
[2026/09/25 17:55:27:5986] N: process killed with signal 0, pid: 51696
[2026/09/25 17:55:27:6523] N: WS closed from (unix skt), clients: 2
[2026/09/25 17:55:27:6523] N: killing process, pid: 51702
[2026/09/25 17:55:27:6526] N: process killed with signal 0, pid: 51702
[2026/09/25 17:55:28:7860] N: WS closed from (unix skt), clients: 1
[2026/09/25 17:55:28:7861] N: killing process, pid: 51698
[2026/09/25 17:55:28:7861] N: WS closed from (unix skt), clients: 0
[2026/09/25 17:55:28:7861] N: killing process, pid: 51714
[2026/09/25 17:55:28:7871] N: process killed with signal 0, pid: 51698
[2026/09/25 17:55:28:7881] N: process killed with signal 0, pid: 51714
[2026/09/25 17:55:28:7977] N: WS   /ws - (unix skt), clients: 1
[2026/09/25 17:55:28:7978] N: WS   /ws - (unix skt), clients: 2
[2026/09/25 17:55:28:7978] N: WS   /ws - (unix skt), clients: 3
[2026/09/25 17:55:28:7978] N: WS   /ws - (unix skt), clients: 4
[2026/09/25 17:55:28:7978] N: WS   /ws - (unix skt), clients: 5
[2026/09/25 17:55:28:7978] N: WS   /ws - (unix skt), clients: 6
[2026/09/25 17:55:28:7979] N: WS   /ws - (unix skt), clients: 7
[2026/09/25 17:55:28:7979] N: WS   /ws - (unix skt), clients: 8
[2026/09/25 17:55:28:7979] N: WS   /ws - (unix skt), clients: 9
[2026/09/25 17:55:28:7979] N: WS   /ws - (unix skt), clients: 10
[2026/09/25 17:55:28:7988] N: started process, pid: 52034
[2026/09/25 17:55:28:7996] N: started process, pid: 52035
[2026/09/25 17:55:28:8001] N: started process, pid: 52036
[2026/09/25 17:55:28:8007] N: started process, pid: 52037
[2026/09/25 17:55:28:8013] N: started process, pid: 52038
[2026/09/25 17:55:28:8019] N: started process, pid: 52039
[2026/09/25 17:55:28:8030] N: started process, pid: 52040
[2026/09/25 17:55:28:8043] N: started process, pid: 52041
[2026/09/25 17:55:28:8060] N: started process, pid: 52042
[2026/09/25 17:55:28:8089] N: started process, pid: 52046
[2026/09/25 17:55:28:9731] N: WS closed from (unix skt), clients: 9
[2026/09/25 17:55:28:9731] N: killing process, pid: 52042
[2026/09/25 17:55:28:9736] N: process killed with signal 1, pid: 52042
[2026/09/25 17:55:29:0008] N: WS closed from (unix skt), clients: 8
[2026/09/25 17:55:29:0008] N: killing process, pid: 52036
[2026/09/25 17:55:29:0014] N: process killed with signal 1, pid: 52036
[2026/09/25 17:55:29:1747] N: WS closed from (unix skt), clients: 7
[2026/09/25 17:55:29:1747] N: killing process, pid: 52040
[2026/09/25 17:55:29:1747] N: WS closed from (unix skt), clients: 6
[2026/09/25 17:55:29:1747] N: killing process, pid: 52034
[2026/09/25 17:55:29:1748] N: WS closed from (unix skt), clients: 5
[2026/09/25 17:55:29:1748] N: killing process, pid: 52039
[2026/09/25 17:55:29:1753] N: process killed with signal 0, pid: 52034
[2026/09/25 17:55:29:1753] N: process killed with signal 0, pid: 52039
[2026/09/25 17:55:29:1754] N: process killed with signal 0, pid: 52040
[2026/09/25 17:55:29:1879] N: WS closed from (unix skt), clients: 4
[2026/09/25 17:55:29:1879] N: killing process, pid: 52038
[2026/09/25 17:55:29:1883] N: process killed with signal 0, pid: 52038
[2026/09/25 17:55:29:6769] N: WS closed from (unix skt), clients: 3
[2026/09/25 17:55:29:6770] N: killing process, pid: 52035
[2026/09/25 17:55:29:6778] N: process killed with signal 0, pid: 52035
[2026/09/25 17:55:29:7022] N: WS closed from (unix skt), clients: 2
[2026/09/25 17:55:29:7023] N: killing process, pid: 52041
[2026/09/25 17:55:29:7047] N: process killed with signal 0, pid: 52041
[2026/09/25 17:55:30:8000] N: WS closed from (unix skt), clients: 1
[2026/09/25 17:55:30:8002] N: killing process, pid: 52037
[2026/09/25 17:55:30:8003] N: WS closed from (unix skt), clients: 0
[2026/09/25 17:55:30:8003] N: killing process, pid: 52046
[2026/09/25 17:55:30:8009] N: process killed with signal 0, pid: 52037
[2026/09/25 17:55:30:8014] N: process killed with signal 0, pid: 52046
[2026/09/25 17:55:30:8143] N: WS   /ws - (unix skt), clients: 1
[2026/09/25 17:55:30:8143] N: WS   /ws - (unix skt), clients: 2
[2026/09/25 17:55:30:8144] N: WS   /ws - (unix skt), clients: 3
[2026/09/25 17:55:30:8144] N: WS   /ws - (unix skt), clients: 4
[2026/09/25 17:55:30:8144] N: WS   /ws - (unix skt), clients: 5
[2026/09/25 17:55:30:8144] N: WS   /ws - (unix skt), clients: 6
[2026/09/25 17:55:30:8144] N: WS   /ws - (unix skt), clients: 7
[2026/09/25 17:55:30:8144] N: WS   /ws - (unix skt), clients: 8
[2026/09/25 17:55:30:8144] N: WS   /ws - (unix skt), clients: 9
[2026/09/25 17:55:30:8145] N: WS   /ws - (unix skt), clients: 10
[2026/09/25 17:55:30:8152] N: started process, pid: 52364
[2026/09/25 17:55:30:8158] N: started process, pid: 52365
[2026/09/25 17:55:30:8163] N: started process, pid: 52366
[2026/09/25 17:55:30:8169] N: started process, pid: 52367
[2026/09/25 17:55:30:8179] N: started process, pid: 52368
[2026/09/25 17:55:30:8189] N: started process, pid: 52369
[2026/09/25 17:55:30:8195] N: started process, pid: 52370
[2026/09/25 17:55:30:8202] N: started process, pid: 52371
[2026/09/25 17:55:30:8213] N: started process, pid: 52372
[2026/09/25 17:55:30:8227] N: started process, pid: 52377
[2026/09/25 17:55:30:9766] N: WS closed from (unix skt), clients: 9
[2026/09/25 17:55:30:9766] N: killing process, pid: 52366
[2026/09/25 17:55:30:9768] N: process killed with signal 1, pid: 52366
[2026/09/25 17:55:30:9903] N: WS closed from (unix skt), clients: 8
[2026/09/25 17:55:30:9904] N: killing process, pid: 52372
[2026/09/25 17:55:30:9909] N: process killed with signal 1, pid: 52372
[2026/09/25 17:55:31:1535] N: WS closed from (unix skt), clients: 7
[2026/09/25 17:55:31:1535] N: killing process, pid: 52364
[2026/09/25 17:55:31:1540] N: process killed with signal 0, pid: 52364
[2026/09/25 17:55:31:1766] N: WS closed from (unix skt), clients: 6
[2026/09/25 17:55:31:1767] N: killing process, pid: 52370
[2026/09/25 17:55:31:1767] N: WS closed from (unix skt), clients: 5
[2026/09/25 17:55:31:1767] N: killing process, pid: 52369
[2026/09/25 17:55:31:1771] N: process killed with signal 0, pid: 52369
[2026/09/25 17:55:31:1772] N: process killed with signal 0, pid: 52370
[2026/09/25 17:55:31:2038] N: WS closed from (unix skt), clients: 4
[2026/09/25 17:55:31:2039] N: killing process, pid: 52368
[2026/09/25 17:55:31:2042] N: process killed with signal 0, pid: 52368
[2026/09/25 17:55:31:6547] N: WS closed from (unix skt), clients: 3
[2026/09/25 17:55:31:6549] N: killing process, pid: 52365
[2026/09/25 17:55:31:6572] N: process killed with signal 0, pid: 52365
[2026/09/25 17:55:31:7063] N: WS closed from (unix skt), clients: 2
[2026/09/25 17:55:31:7065] N: killing process, pid: 52371
[2026/09/25 17:55:31:7089] N: process killed with signal 0, pid: 52371
[2026/09/25 17:55:32:8153] N: WS closed from (unix skt), clients: 1
[2026/09/25 17:55:32:8154] N: killing process, pid: 52367
[2026/09/25 17:55:32:8154] N: WS closed from (unix skt), clients: 0
[2026/09/25 17:55:32:8154] N: killing process, pid: 52377
[2026/09/25 17:55:32:8161] N: process killed with signal 0, pid: 52367
[2026/09/25 17:55:32:8162] N: process killed with signal 0, pid: 52377
[2026/09/25 17:55:32:8220] N: WS   /ws - (unix skt), clients: 1
[2026/09/25 17:55:32:8220] N: WS   /ws - (unix skt), clients: 2
[2026/09/25 17:55:32:8220] N: WS   /ws - (unix skt), clients: 3
[2026/09/25 17:55:32:8221] N: WS   /ws - (unix skt), clients: 4
[2026/09/25 17:55:32:8221] N: WS   /ws - (unix skt), clients: 5
[2026/09/25 17:55:32:8221] N: WS   /ws - (unix skt), clients: 6
[2026/09/25 17:55:32:8221] N: WS   /ws - (unix skt), clients: 7
[2026/09/25 17:55:32:8221] N: WS   /ws - (unix skt), clients: 8
[2026/09/25 17:55:32:8221] N: WS   /ws - (unix skt), clients: 9
[2026/09/25 17:55:32:8226] N: started process, pid: 52655
[2026/09/25 17:55:32:8230] N: started process, pid: 52656
[2026/09/25 17:55:32:8230] N: WS   /ws - (unix skt), clients: 10
[2026/09/25 17:55:32:8234] N: started process, pid: 52657
[2026/09/25 17:55:32:8240] N: started process, pid: 52658
[2026/09/25 17:55:32:8246] N: started process, pid: 52659
[2026/09/25 17:55:32:8254] N: started process, pid: 52660
[2026/09/25 17:55:32:8264] N: started process, pid: 52662
[2026/09/25 17:55:32:8284] N: started process, pid: 52671
[2026/09/25 17:55:32:8299] N: started process, pid: 52679
[2026/09/25 17:55:32:8312] N: started process, pid: 52685
[2026/09/25 17:55:32:9601] N: WS closed from (unix skt), clients: 9
[2026/09/25 17:55:32:9602] N: killing process, pid: 52658
[2026/09/25 17:55:32:9606] N: process killed with signal 1, pid: 52658
[2026/09/25 17:55:32:9990] N: WS closed from (unix skt), clients: 8
[2026/09/25 17:55:32:9991] N: killing process, pid: 52685
[2026/09/25 17:55:32:9993] N: process killed with signal 1, pid: 52685
[2026/09/25 17:55:33:1265] N: WS closed from (unix skt), clients: 7
[2026/09/25 17:55:33:1265] N: killing process, pid: 52657
[2026/09/25 17:55:33:1270] N: process killed with signal 0, pid: 52657
[2026/09/25 17:55:33:1376] N: WS closed from (unix skt), clients: 6
[2026/09/25 17:55:33:1377] N: killing process, pid: 52655
[2026/09/25 17:55:33:1380] N: process killed with signal 0, pid: 52655
[2026/09/25 17:55:33:1867] N: WS closed from (unix skt), clients: 5
[2026/09/25 17:55:33:1867] N: killing process, pid: 52671
[2026/09/25 17:55:33:1873] N: process killed with signal 0, pid: 52671
[2026/09/25 17:55:33:1998] N: WS closed from (unix skt), clients: 4
[2026/09/25 17:55:33:1998] N: killing process, pid: 52662
[2026/09/25 17:55:33:2003] N: process killed with signal 0, pid: 52662
[2026/09/25 17:55:33:6389] N: WS closed from (unix skt), clients: 3
[2026/09/25 17:55:33:6389] N: killing process, pid: 52656
[2026/09/25 17:55:33:6395] N: process killed with signal 0, pid: 52656
[2026/09/25 17:55:33:7022] N: WS closed from (unix skt), clients: 2
[2026/09/25 17:55:33:7022] N: killing process, pid: 52679
[2026/09/25 17:55:33:7028] N: process killed with signal 0, pid: 52679
[2026/09/25 17:55:34:8231] N: WS closed from (unix skt), clients: 1
[2026/09/25 17:55:34:8231] N: killing process, pid: 52660
[2026/09/25 17:55:34:8231] N: WS closed from (unix skt), clients: 0
[2026/09/25 17:55:34:8232] N: killing process, pid: 52659
[2026/09/25 17:55:34:8240] N: process killed with signal 0, pid: 52660
[2026/09/25 17:55:34:8242] N: process killed with signal 0, pid: 52659
[2026/09/25 17:55:34:8296] N: WS   /ws - (unix skt), clients: 1
[2026/09/25 17:55:34:8296] N: WS   /ws - (unix skt), clients: 2
[2026/09/25 17:55:34:8297] N: WS   /ws - (unix skt), clients: 3
[2026/09/25 17:55:34:8297] N: WS   /ws - (unix skt), clients: 4
[2026/09/25 17:55:34:8297] N: WS   /ws - (unix skt), clients: 5
[2026/09/25 17:55:34:8297] N: WS   /ws - (unix skt), clients: 6
[2026/09/25 17:55:34:8297] N: WS   /ws - (unix skt), clients: 7
[2026/09/25 17:55:34:8297] N: WS   /ws - (unix skt), clients: 8
[2026/09/25 17:55:34:8297] N: WS   /ws - (unix skt), clients: 9
[2026/09/25 17:55:34:8297] N: WS   /ws - (unix skt), clients: 10
[2026/09/25 17:55:34:8303] N: started process, pid: 52932
[2026/09/25 17:55:34:8306] N: started process, pid: 52933
[2026/09/25 17:55:34:8312] N: started process, pid: 52934
[2026/09/25 17:55:34:8318] N: started process, pid: 52935
[2026/09/25 17:55:34:8327] N: started process, pid: 52936
[2026/09/25 17:55:34:8333] N: started process, pid: 52937
[2026/09/25 17:55:34:8338] N: started process, pid: 52938
[2026/09/25 17:55:34:8354] N: started process, pid: 52939
[2026/09/25 17:55:34:8369] N: started process, pid: 52948
[2026/09/25 17:55:34:8390] N: started process, pid: 52952
[2026/09/25 17:55:34:9840] N: WS closed from (unix skt), clients: 9
[2026/09/25 17:55:34:9841] N: killing process, pid: 52934
[2026/09/25 17:55:34:9845] N: process killed with signal 1, pid: 52934
[2026/09/25 17:55:35:0489] N: WS closed from (unix skt), clients: 8
[2026/09/25 17:55:35:0490] N: killing process, pid: 52948
[2026/09/25 17:55:35:0495] N: process killed with signal 1, pid: 52948
[2026/09/25 17:55:35:1157] N: WS closed from (unix skt), clients: 7
[2026/09/25 17:55:35:1157] N: killing process, pid: 52932
[2026/09/25 17:55:35:1161] N: process killed with signal 0, pid: 52932
[2026/09/25 17:55:35:2229] N: WS closed from (unix skt), clients: 6
[2026/09/25 17:55:35:2229] N: killing process, pid: 52936
[2026/09/25 17:55:35:2233] N: process killed with signal 0, pid: 52936
[2026/09/25 17:55:35:2360] N: WS closed from (unix skt), clients: 5
[2026/09/25 17:55:35:2360] N: killing process, pid: 52937
[2026/09/25 17:55:35:2365] N: process killed with signal 0, pid: 52937
[2026/09/25 17:55:35:2673] N: WS closed from (unix skt), clients: 4
[2026/09/25 17:55:35:2673] N: killing process, pid: 52938
[2026/09/25 17:55:35:2678] N: process killed with signal 0, pid: 52938
[2026/09/25 17:55:35:6184] N: WS closed from (unix skt), clients: 3
[2026/09/25 17:55:35:6185] N: killing process, pid: 52933
[2026/09/25 17:55:35:6197] N: process killed with signal 0, pid: 52933
[2026/09/25 17:55:35:7755] N: WS closed from (unix skt), clients: 2
[2026/09/25 17:55:35:7756] N: killing process, pid: 52939
[2026/09/25 17:55:35:7774] N: process killed with signal 0, pid: 52939
[2026/09/25 17:55:36:8320] N: WS closed from (unix skt), clients: 1
[2026/09/25 17:55:36:8320] N: killing process, pid: 52935
[2026/09/25 17:55:36:8320] N: WS closed from (unix skt), clients: 0
[2026/09/25 17:55:36:8321] N: killing process, pid: 52952
[2026/09/25 17:55:36:8330] N: process killed with signal 0, pid: 52935
[2026/09/25 17:55:36:8330] N: process killed with signal 0, pid: 52952
[2026/09/25 17:55:36:8421] N: WS   /ws - (unix skt), clients: 1
[2026/09/25 17:55:36:8421] N: WS   /ws - (unix skt), clients: 2
[2026/09/25 17:55:36:8421] N: WS   /ws - (unix skt), clients: 3
[2026/09/25 17:55:36:8421] N: WS   /ws - (unix skt), clients: 4
[2026/09/25 17:55:36:8421] N: WS   /ws - (unix skt), clients: 5
[2026/09/25 17:55:36:8421] N: WS   /ws - (unix skt), clients: 6
[2026/09/25 17:55:36:8422] N: WS   /ws - (unix skt), clients: 7
[2026/09/25 17:55:36:8422] N: WS   /ws - (unix skt), clients: 8
[2026/09/25 17:55:36:8422] N: WS   /ws - (unix skt), clients: 9
[2026/09/25 17:55:36:8422] N: WS   /ws - (unix skt), clients: 10
[2026/09/25 17:55:36:8429] N: started process, pid: 53288
[2026/09/25 17:55:36:8434] N: started process, pid: 53289
[2026/09/25 17:55:36:8439] N: started process, pid: 53290
[2026/09/25 17:55:36:8446] N: started process, pid: 53291
[2026/09/25 17:55:36:8453] N: started process, pid: 53292
[2026/09/25 17:55:36:8463] N: started process, pid: 53293
[2026/09/25 17:55:36:8476] N: started process, pid: 53294
[2026/09/25 17:55:36:8508] N: started process, pid: 53295
[2026/09/25 17:55:36:8541] N: started process, pid: 53308
[2026/09/25 17:55:36:8564] N: started process, pid: 53311
[2026/09/25 17:55:37:0283] N: WS closed from (unix skt), clients: 9
[2026/09/25 17:55:37:0283] N: killing process, pid: 53291
[2026/09/25 17:55:37:0296] N: process killed with signal 1, pid: 53291
[2026/09/25 17:55:37:0300] N: WS closed from (unix skt), clients: 8
[2026/09/25 17:55:37:0303] N: killing process, pid: 53308
[2026/09/25 17:55:37:0307] N: process killed with signal 1, pid: 53308
[2026/09/25 17:55:37:1366] N: WS closed from (unix skt), clients: 7
[2026/09/25 17:55:37:1366] N: killing process, pid: 53290
[2026/09/25 17:55:37:1370] N: process killed with signal 0, pid: 53290
[2026/09/25 17:55:37:1486] N: WS closed from (unix skt), clients: 6
[2026/09/25 17:55:37:1487] N: killing process, pid: 53288
[2026/09/25 17:55:37:1490] N: process killed with signal 0, pid: 53288
[2026/09/25 17:55:37:1966] N: WS closed from (unix skt), clients: 5
[2026/09/25 17:55:37:1966] N: killing process, pid: 53294
[2026/09/25 17:55:37:1971] N: process killed with signal 0, pid: 53294
[2026/09/25 17:55:37:2087] N: WS closed from (unix skt), clients: 4
[2026/09/25 17:55:37:2087] N: killing process, pid: 53293
[2026/09/25 17:55:37:2092] N: process killed with signal 0, pid: 53293
[2026/09/25 17:55:37:6627] N: WS closed from (unix skt), clients: 3
[2026/09/25 17:55:37:6628] N: killing process, pid: 53289
[2026/09/25 17:55:37:6638] N: process killed with signal 0, pid: 53289
[2026/09/25 17:55:37:6746] N: WS closed from (unix skt), clients: 2
[2026/09/25 17:55:37:6747] N: killing process, pid: 53295
[2026/09/25 17:55:37:6757] N: process killed with signal 0, pid: 53295
[2026/09/25 17:55:38:8425] N: WS closed from (unix skt), clients: 1
[2026/09/25 17:55:38:8426] N: killing process, pid: 53292
[2026/09/25 17:55:38:8426] N: WS closed from (unix skt), clients: 0
[2026/09/25 17:55:38:8426] N: killing process, pid: 53311
[2026/09/25 17:55:38:8436] N: process killed with signal 0, pid: 53292
[2026/09/25 17:55:38:8437] N: process killed with signal 0, pid: 53311
[2026/09/25 17:55:38:8508] N: WS   /ws - (unix skt), clients: 1
[2026/09/25 17:55:38:8508] N: WS   /ws - (unix skt), clients: 2
[2026/09/25 17:55:38:8509] N: WS   /ws - (unix skt), clients: 3
[2026/09/25 17:55:38:8509] N: WS   /ws - (unix skt), clients: 4
[2026/09/25 17:55:38:8509] N: WS   /ws - (unix skt), clients: 5
[2026/09/25 17:55:38:8509] N: WS   /ws - (unix skt), clients: 6
[2026/09/25 17:55:38:8509] N: WS   /ws - (unix skt), clients: 7
[2026/09/25 17:55:38:8509] N: WS   /ws - (unix skt), clients: 8
[2026/09/25 17:55:38:8509] N: WS   /ws - (unix skt), clients: 9
[2026/09/25 17:55:38:8509] N: WS   /ws - (unix skt), clients: 10
[2026/09/25 17:55:38:8514] N: started process, pid: 53566
[2026/09/25 17:55:38:8518] N: started process, pid: 53567
[2026/09/25 17:55:38:8522] N: started process, pid: 53568
[2026/09/25 17:55:38:8529] N: started process, pid: 53569
[2026/09/25 17:55:38:8535] N: started process, pid: 53570
[2026/09/25 17:55:38:8540] N: started process, pid: 53571
[2026/09/25 17:55:38:8554] N: started process, pid: 53572
[2026/09/25 17:55:38:8570] N: started process, pid: 53577
[2026/09/25 17:55:38:8592] N: started process, pid: 53585
[2026/09/25 17:55:38:8611] N: started process, pid: 53594
[2026/09/25 17:55:39:0528] N: WS closed from (unix skt), clients: 9
[2026/09/25 17:55:39:0528] N: killing process, pid: 53569
[2026/09/25 17:55:39:0532] N: process killed with signal 1, pid: 53569
[2026/09/25 17:55:39:0915] N: WS closed from (unix skt), clients: 8
[2026/09/25 17:55:39:0915] N: killing process, pid: 53585
[2026/09/25 17:55:39:0918] N: process killed with signal 1, pid: 53585
[2026/09/25 17:55:39:1757] N: WS closed from (unix skt), clients: 7
[2026/09/25 17:55:39:1757] N: killing process, pid: 53566
[2026/09/25 17:55:39:1762] N: process killed with signal 0, pid: 53566
[2026/09/25 17:55:39:2241] N: WS closed from (unix skt), clients: 6
[2026/09/25 17:55:39:2241] N: killing process, pid: 53571
[2026/09/25 17:55:39:2245] N: process killed with signal 0, pid: 53571
[2026/09/25 17:55:39:2381] N: WS closed from (unix skt), clients: 5
[2026/09/25 17:55:39:2382] N: killing process, pid: 53568
[2026/09/25 17:55:39:2385] N: process killed with signal 0, pid: 53568
[2026/09/25 17:55:39:2911] N: WS closed from (unix skt), clients: 4
[2026/09/25 17:55:39:2912] N: killing process, pid: 53572
[2026/09/25 17:55:39:2916] N: process killed with signal 0, pid: 53572
[2026/09/25 17:55:39:6928] N: WS closed from (unix skt), clients: 3
[2026/09/25 17:55:39:6928] N: killing process, pid: 53567
[2026/09/25 17:55:39:6940] N: process killed with signal 0, pid: 53567
[2026/09/25 17:55:39:7717] N: WS closed from (unix skt), clients: 2
[2026/09/25 17:55:39:7718] N: killing process, pid: 53577
[2026/09/25 17:55:39:7733] N: process killed with signal 0, pid: 53577
[2026/09/25 17:55:40:8518] N: WS closed from (unix skt), clients: 1
[2026/09/25 17:55:40:8518] N: killing process, pid: 53570
[2026/09/25 17:55:40:8519] N: WS closed from (unix skt), clients: 0
[2026/09/25 17:55:40:8519] N: killing process, pid: 53594
[2026/09/25 17:55:40:8529] N: process killed with signal 0, pid: 53570
[2026/09/25 17:55:40:8529] N: process killed with signal 0, pid: 53594
[2026/09/25 17:55:40:8619] N: WS   /ws - (unix skt), clients: 1
[2026/09/25 17:55:40:8619] N: WS   /ws - (unix skt), clients: 2
[2026/09/25 17:55:40:8619] N: WS   /ws - (unix skt), clients: 3
[2026/09/25 17:55:40:8619] N: WS   /ws - (unix skt), clients: 4
[2026/09/25 17:55:40:8619] N: WS   /ws - (unix skt), clients: 5
[2026/09/25 17:55:40:8619] N: WS   /ws - (unix skt), clients: 6
[2026/09/25 17:55:40:8620] N: WS   /ws - (unix skt), clients: 7
[2026/09/25 17:55:40:8620] N: WS   /ws - (unix skt), clients: 8
[2026/09/25 17:55:40:8620] N: WS   /ws - (unix skt), clients: 9
[2026/09/25 17:55:40:8620] N: WS   /ws - (unix skt), clients: 10
[2026/09/25 17:55:40:8626] N: started process, pid: 53877
[2026/09/25 17:55:40:8631] N: started process, pid: 53878
[2026/09/25 17:55:40:8635] N: started process, pid: 53879
[2026/09/25 17:55:40:8640] N: started process, pid: 53880
[2026/09/25 17:55:40:8648] N: started process, pid: 53881
[2026/09/25 17:55:40:8655] N: started process, pid: 53882
[2026/09/25 17:55:40:8665] N: started process, pid: 53883
[2026/09/25 17:55:40:8676] N: started process, pid: 53884
[2026/09/25 17:55:40:8689] N: started process, pid: 53887
[2026/09/25 17:55:40:8705] N: started process, pid: 53896
[2026/09/25 17:55:40:9512] N: WS closed from (unix skt), clients: 9
[2026/09/25 17:55:40:9512] N: killing process, pid: 53879
[2026/09/25 17:55:40:9516] N: process killed with signal 1, pid: 53879
[2026/09/25 17:55:41:0533] N: WS closed from (unix skt), clients: 8
[2026/09/25 17:55:41:0534] N: killing process, pid: 53887
[2026/09/25 17:55:41:0543] N: process killed with signal 1, pid: 53887
[2026/09/25 17:55:41:2270] N: WS closed from (unix skt), clients: 7
[2026/09/25 17:55:41:2271] N: killing process, pid: 53877
[2026/09/25 17:55:41:2274] N: process killed with signal 0, pid: 53877
[2026/09/25 17:55:41:2408] N: WS closed from (unix skt), clients: 6
[2026/09/25 17:55:41:2408] N: killing process, pid: 53881
[2026/09/25 17:55:41:2412] N: process killed with signal 0, pid: 53881
[2026/09/25 17:55:41:2690] N: WS closed from (unix skt), clients: 5
[2026/09/25 17:55:41:2690] N: killing process, pid: 53883
[2026/09/25 17:55:41:2691] N: WS closed from (unix skt), clients: 4
[2026/09/25 17:55:41:2691] N: killing process, pid: 53882
[2026/09/25 17:55:41:2697] N: process killed with signal 0, pid: 53882
[2026/09/25 17:55:41:2697] N: process killed with signal 0, pid: 53883
[2026/09/25 17:55:41:6862] N: WS closed from (unix skt), clients: 3
[2026/09/25 17:55:41:6863] N: killing process, pid: 53878
[2026/09/25 17:55:41:6867] N: process killed with signal 0, pid: 53878
[2026/09/25 17:55:41:7001] N: WS closed from (unix skt), clients: 2
[2026/09/25 17:55:41:7001] N: killing process, pid: 53884
[2026/09/25 17:55:41:7004] N: process killed with signal 0, pid: 53884
[2026/09/25 17:55:42:8626] N: WS closed from (unix skt), clients: 1
[2026/09/25 17:55:42:8627] N: killing process, pid: 53880
[2026/09/25 17:55:42:8627] N: WS closed from (unix skt), clients: 0
[2026/09/25 17:55:42:8627] N: killing process, pid: 53896
[2026/09/25 17:55:42:8633] N: process killed with signal 0, pid: 53880
[2026/09/25 17:55:42:8640] N: process killed with signal 0, pid: 53896
[2026/09/25 17:55:42:8733] N: WS   /ws - (unix skt), clients: 1
[2026/09/25 17:55:42:8733] N: WS   /ws - (unix skt), clients: 2
[2026/09/25 17:55:42:8734] N: WS   /ws - (unix skt), clients: 3
[2026/09/25 17:55:42:8734] N: WS   /ws - (unix skt), clients: 4
[2026/09/25 17:55:42:8734] N: WS   /ws - (unix skt), clients: 5
[2026/09/25 17:55:42:8734] N: WS   /ws - (unix skt), clients: 6
[2026/09/25 17:55:42:8734] N: WS   /ws - (unix skt), clients: 7
[2026/09/25 17:55:42:8734] N: WS   /ws - (unix skt), clients: 8
[2026/09/25 17:55:42:8734] N: WS   /ws - (unix skt), clients: 9
[2026/09/25 17:55:42:8734] N: WS   /ws - (unix skt), clients: 10
[2026/09/25 17:55:42:8742] N: started process, pid: 54347
[2026/09/25 17:55:42:8749] N: started process, pid: 54348
[2026/09/25 17:55:42:8764] N: started process, pid: 54352
[2026/09/25 17:55:42:8775] N: started process, pid: 54353
[2026/09/25 17:55:42:8781] N: started process, pid: 54354
[2026/09/25 17:55:42:8787] N: started process, pid: 54355
[2026/09/25 17:55:42:8810] N: started process, pid: 54356
[2026/09/25 17:55:42:8831] N: started process, pid: 54360
[2026/09/25 17:55:42:8843] N: started process, pid: 54367
[2026/09/25 17:55:42:8858] N: started process, pid: 54370
[2026/09/25 17:55:43:0534] N: WS closed from (unix skt), clients: 9
[2026/09/25 17:55:43:0534] N: killing process, pid: 54352
[2026/09/25 17:55:43:0539] N: process killed with signal 1, pid: 54352
[2026/09/25 17:55:43:1349] N: WS closed from (unix skt), clients: 8
[2026/09/25 17:55:43:1350] N: killing process, pid: 54367
[2026/09/25 17:55:43:1352] N: process killed with signal 1, pid: 54367
[2026/09/25 17:55:43:2551] N: WS closed from (unix skt), clients: 7
[2026/09/25 17:55:43:2551] N: killing process, pid: 54347
[2026/09/25 17:55:43:2555] N: process killed with signal 0, pid: 54347
[2026/09/25 17:55:43:2842] N: WS closed from (unix skt), clients: 6
[2026/09/25 17:55:43:2843] N: killing process, pid: 54354
[2026/09/25 17:55:43:2843] N: WS closed from (unix skt), clients: 5
[2026/09/25 17:55:43:2843] N: killing process, pid: 54355
[2026/09/25 17:55:43:2848] N: process killed with signal 0, pid: 54354
[2026/09/25 17:55:43:2849] N: process killed with signal 0, pid: 54355
[2026/09/25 17:55:43:2974] N: WS closed from (unix skt), clients: 4
[2026/09/25 17:55:43:2974] N: killing process, pid: 54356
[2026/09/25 17:55:43:2979] N: process killed with signal 0, pid: 54356
[2026/09/25 17:55:43:6434] N: WS closed from (unix skt), clients: 3
[2026/09/25 17:55:43:6434] N: killing process, pid: 54348
[2026/09/25 17:55:43:6442] N: process killed with signal 0, pid: 54348
[2026/09/25 17:55:43:8238] N: WS closed from (unix skt), clients: 2
[2026/09/25 17:55:43:8239] N: killing process, pid: 54360
[2026/09/25 17:55:43:8249] N: process killed with signal 0, pid: 54360
[2026/09/25 17:55:44:8741] N: WS closed from (unix skt), clients: 1
[2026/09/25 17:55:44:8742] N: killing process, pid: 54353
[2026/09/25 17:55:44:8742] N: WS closed from (unix skt), clients: 0
[2026/09/25 17:55:44:8742] N: killing process, pid: 54370
[2026/09/25 17:55:44:8750] N: process killed with signal 0, pid: 54353
[2026/09/25 17:55:44:8750] N: process killed with signal 0, pid: 54370
[2026/09/25 17:55:44:8808] N: WS   /ws - (unix skt), clients: 1
[2026/09/25 17:55:44:8808] N: WS   /ws - (unix skt), clients: 2
[2026/09/25 17:55:44:8808] N: WS   /ws - (unix skt), clients: 3
[2026/09/25 17:55:44:8808] N: WS   /ws - (unix skt), clients: 4
[2026/09/25 17:55:44:8808] N: WS   /ws - (unix skt), clients: 5
[2026/09/25 17:55:44:8808] N: WS   /ws - (unix skt), clients: 6
[2026/09/25 17:55:44:8808] N: WS   /ws - (unix skt), clients: 7
[2026/09/25 17:55:44:8808] N: WS   /ws - (unix skt), clients: 8
[2026/09/25 17:55:44:8808] N: WS   /ws - (unix skt), clients: 9
[2026/09/25 17:55:44:8808] N: WS   /ws - (unix skt), clients: 10
[2026/09/25 17:55:44:8814] N: started process, pid: 54672
[2026/09/25 17:55:44:8819] N: started process, pid: 54673
[2026/09/25 17:55:44:8823] N: started process, pid: 54674
[2026/09/25 17:55:44:8829] N: started process, pid: 54675
[2026/09/25 17:55:44:8841] N: started process, pid: 54676
[2026/09/25 17:55:44:8855] N: started process, pid: 54677
[2026/09/25 17:55:44:8874] N: started process, pid: 54681
[2026/09/25 17:55:44:8889] N: started process, pid: 54686
[2026/09/25 17:55:44:8906] N: started process, pid: 54688
[2026/09/25 17:55:44:8933] N: started process, pid: 54694
[2026/09/25 17:55:45:0721] N: WS closed from (unix skt), clients: 9
[2026/09/25 17:55:45:0722] N: killing process, pid: 54674
[2026/09/25 17:55:45:0726] N: process killed with signal 1, pid: 54674
[2026/09/25 17:55:45:0947] N: WS closed from (unix skt), clients: 8
[2026/09/25 17:55:45:0948] N: killing process, pid: 54688
[2026/09/25 17:55:45:0968] N: process killed with signal 1, pid: 54688
[2026/09/25 17:55:45:2224] N: WS closed from (unix skt), clients: 7
[2026/09/25 17:55:45:2225] N: killing process, pid: 54672
[2026/09/25 17:55:45:2226] N: WS closed from (unix skt), clients: 6
[2026/09/25 17:55:45:2226] N: killing process, pid: 54676
[2026/09/25 17:55:45:2229] N: process killed with signal 0, pid: 54672
[2026/09/25 17:55:45:2230] N: process killed with signal 0, pid: 54676
[2026/09/25 17:55:45:2336] N: WS closed from (unix skt), clients: 5
[2026/09/25 17:55:45:2336] N: killing process, pid: 54677
[2026/09/25 17:55:45:2342] N: process killed with signal 0, pid: 54677
[2026/09/25 17:55:45:2589] N: WS closed from (unix skt), clients: 4
[2026/09/25 17:55:45:2590] N: killing process, pid: 54681
[2026/09/25 17:55:45:2594] N: process killed with signal 0, pid: 54681
[2026/09/25 17:55:45:6565] N: WS closed from (unix skt), clients: 3
[2026/09/25 17:55:45:6565] N: killing process, pid: 54673
[2026/09/25 17:55:45:6572] N: process killed with signal 0, pid: 54673
[2026/09/25 17:55:45:7896] N: WS closed from (unix skt), clients: 2
[2026/09/25 17:55:45:7897] N: killing process, pid: 54686
[2026/09/25 17:55:45:7924] N: process killed with signal 0, pid: 54686
[2026/09/25 17:55:46:8829] N: WS closed from (unix skt), clients: 1
[2026/09/25 17:55:46:8830] N: killing process, pid: 54675
[2026/09/25 17:55:46:8830] N: WS closed from (unix skt), clients: 0
[2026/09/25 17:55:46:8830] N: killing process, pid: 54694
[2026/09/25 17:55:46:8838] N: process killed with signal 0, pid: 54675
[2026/09/25 17:55:46:8854] N: process killed with signal 0, pid: 54694
[2026/09/25 17:55:46:9172] N: WS   /ws - (unix skt), clients: 1
[2026/09/25 17:55:46:9173] N: WS   /ws - (unix skt), clients: 2
[2026/09/25 17:55:46:9173] N: WS   /ws - (unix skt), clients: 3
[2026/09/25 17:55:46:9173] N: WS   /ws - (unix skt), clients: 4
[2026/09/25 17:55:46:9173] N: WS   /ws - (unix skt), clients: 5
[2026/09/25 17:55:46:9173] N: WS   /ws - (unix skt), clients: 6
[2026/09/25 17:55:46:9173] N: WS   /ws - (unix skt), clients: 7
[2026/09/25 17:55:46:9174] N: WS   /ws - (unix skt), clients: 8
[2026/09/25 17:55:46:9174] N: WS   /ws - (unix skt), clients: 9
[2026/09/25 17:55:46:9174] N: WS   /ws - (unix skt), clients: 10
[2026/09/25 17:55:46:9180] N: started process, pid: 55211
[2026/09/25 17:55:46:9185] N: started process, pid: 55212
[2026/09/25 17:55:46:9189] N: started process, pid: 55213
[2026/09/25 17:55:46:9194] N: started process, pid: 55214
[2026/09/25 17:55:46:9201] N: started process, pid: 55215
[2026/09/25 17:55:46:9209] N: started process, pid: 55216
[2026/09/25 17:55:46:9214] N: started process, pid: 55217
[2026/09/25 17:55:46:9223] N: started process, pid: 55218
[2026/09/25 17:55:46:9232] N: started process, pid: 55219
[2026/09/25 17:55:46:9246] N: started process, pid: 55223
[2026/09/25 17:55:47:0288] N: WS closed from (unix skt), clients: 9
[2026/09/25 17:55:47:0289] N: killing process, pid: 55213
[2026/09/25 17:55:47:0293] N: process killed with signal 1, pid: 55213
[2026/09/25 17:55:47:0911] N: WS closed from (unix skt), clients: 8
[2026/09/25 17:55:47:0911] N: killing process, pid: 55219
[2026/09/25 17:55:47:0917] N: process killed with signal 1, pid: 55219
[2026/09/25 17:55:47:1813] N: WS closed from (unix skt), clients: 7
[2026/09/25 17:55:47:1813] N: killing process, pid: 55211
[2026/09/25 17:55:47:1818] N: process killed with signal 0, pid: 55211
[2026/09/25 17:55:47:2431] N: WS closed from (unix skt), clients: 6
[2026/09/25 17:55:47:2431] N: killing process, pid: 55215
[2026/09/25 17:55:47:2435] N: process killed with signal 0, pid: 55215
[2026/09/25 17:55:47:2787] N: WS closed from (unix skt), clients: 5
[2026/09/25 17:55:47:2787] N: killing process, pid: 55216
[2026/09/25 17:55:47:2787] N: WS closed from (unix skt), clients: 4
[2026/09/25 17:55:47:2787] N: killing process, pid: 55217
[2026/09/25 17:55:47:2792] N: process killed with signal 0, pid: 55216
[2026/09/25 17:55:47:2793] N: process killed with signal 0, pid: 55217
[2026/09/25 17:55:47:7328] N: WS closed from (unix skt), clients: 3
[2026/09/25 17:55:47:7329] N: killing process, pid: 55212
[2026/09/25 17:55:47:7341] N: process killed with signal 0, pid: 55212
[2026/09/25 17:55:47:7670] N: WS closed from (unix skt), clients: 2
[2026/09/25 17:55:47:7671] N: killing process, pid: 55218
[2026/09/25 17:55:47:7688] N: process killed with signal 0, pid: 55218
[2026/09/25 17:55:48:9190] N: WS closed from (unix skt), clients: 1
[2026/09/25 17:55:48:9191] N: killing process, pid: 55214
[2026/09/25 17:55:48:9191] N: WS closed from (unix skt), clients: 0
[2026/09/25 17:55:48:9191] N: killing process, pid: 55223
[2026/09/25 17:55:48:9200] N: process killed with signal 0, pid: 55214
[2026/09/25 17:55:48:9200] N: process killed with signal 0, pid: 55223
[2026/09/25 17:55:48:9252] N: WS   /ws - (unix skt), clients: 1
[2026/09/25 17:55:48:9252] N: WS   /ws - (unix skt), clients: 2
[2026/09/25 17:55:48:9253] N: WS   /ws - (unix skt), clients: 3
[2026/09/25 17:55:48:9253] N: WS   /ws - (unix skt), clients: 4
[2026/09/25 17:55:48:9253] N: WS   /ws - (unix skt), clients: 5
[2026/09/25 17:55:48:9253] N: WS   /ws - (unix skt), clients: 6
[2026/09/25 17:55:48:9253] N: WS   /ws - (unix skt), clients: 7
[2026/09/25 17:55:48:9253] N: WS   /ws - (unix skt), clients: 8
[2026/09/25 17:55:48:9253] N: WS   /ws - (unix skt), clients: 9
[2026/09/25 17:55:48:9253] N: WS   /ws - (unix skt), clients: 10
[2026/09/25 17:55:48:9258] N: started process, pid: 55503
[2026/09/25 17:55:48:9262] N: started process, pid: 55504
[2026/09/25 17:55:48:9266] N: started process, pid: 55505
[2026/09/25 17:55:48:9272] N: started process, pid: 55506
[2026/09/25 17:55:48:9278] N: started process, pid: 55507
[2026/09/25 17:55:48:9284] N: started process, pid: 55509
[2026/09/25 17:55:48:9290] N: started process, pid: 55510
[2026/09/25 17:55:48:9311] N: started process, pid: 55512
[2026/09/25 17:55:48:9332] N: started process, pid: 55525
[2026/09/25 17:55:48:9342] N: started process, pid: 55530
[2026/09/25 17:55:49:0457] N: WS closed from (unix skt), clients: 9
[2026/09/25 17:55:49:0458] N: killing process, pid: 55505
[2026/09/25 17:55:49:0462] N: process killed with signal 1, pid: 55505
[2026/09/25 17:55:49:1246] N: WS closed from (unix skt), clients: 8
[2026/09/25 17:55:49:1247] N: killing process, pid: 55525
[2026/09/25 17:55:49:1249] N: process killed with signal 1, pid: 55525
[2026/09/25 17:55:49:2725] N: WS closed from (unix skt), clients: 7
[2026/09/25 17:55:49:2725] N: killing process, pid: 55503
[2026/09/25 17:55:49:2729] N: process killed with signal 0, pid: 55503
[2026/09/25 17:55:49:2984] N: WS closed from (unix skt), clients: 6
[2026/09/25 17:55:49:2984] N: killing process, pid: 55509
[2026/09/25 17:55:49:2988] N: process killed with signal 0, pid: 55509
[2026/09/25 17:55:49:3124] N: WS closed from (unix skt), clients: 5
[2026/09/25 17:55:49:3125] N: killing process, pid: 55507
[2026/09/25 17:55:49:3128] N: process killed with signal 0, pid: 55507
[2026/09/25 17:55:49:3247] N: WS closed from (unix skt), clients: 4
[2026/09/25 17:55:49:3247] N: killing process, pid: 55510
[2026/09/25 17:55:49:3251] N: process killed with signal 0, pid: 55510
[2026/09/25 17:55:49:7604] N: WS closed from (unix skt), clients: 3
[2026/09/25 17:55:49:7605] N: killing process, pid: 55504
[2026/09/25 17:55:49:7616] N: process killed with signal 0, pid: 55504
[2026/09/25 17:55:49:7899] N: WS closed from (unix skt), clients: 2
[2026/09/25 17:55:49:7900] N: killing process, pid: 55512
[2026/09/25 17:55:49:7914] N: process killed with signal 0, pid: 55512
[2026/09/25 17:55:50:9275] N: WS closed from (unix skt), clients: 1
[2026/09/25 17:55:50:9276] N: killing process, pid: 55506
[2026/09/25 17:55:50:9276] N: WS closed from (unix skt), clients: 0
[2026/09/25 17:55:50:9276] N: killing process, pid: 55530
[2026/09/25 17:55:50:9279] N: process killed with signal 0, pid: 55506
[2026/09/25 17:55:50:9284] N: process killed with signal 0, pid: 55530
[2026/09/25 17:55:50:9336] N: WS   /ws - (unix skt), clients: 1
[2026/09/25 17:55:50:9336] N: WS   /ws - (unix skt), clients: 2
[2026/09/25 17:55:50:9336] N: WS   /ws - (unix skt), clients: 3
[2026/09/25 17:55:50:9336] N: WS   /ws - (unix skt), clients: 4
[2026/09/25 17:55:50:9336] N: WS   /ws - (unix skt), clients: 5
[2026/09/25 17:55:50:9336] N: WS   /ws - (unix skt), clients: 6
[2026/09/25 17:55:50:9336] N: WS   /ws - (unix skt), clients: 7
[2026/09/25 17:55:50:9337] N: WS   /ws - (unix skt), clients: 8
[2026/09/25 17:55:50:9337] N: WS   /ws - (unix skt), clients: 9
[2026/09/25 17:55:50:9337] N: WS   /ws - (unix skt), clients: 10
[2026/09/25 17:55:50:9341] N: started process, pid: 55879
[2026/09/25 17:55:50:9344] N: started process, pid: 55880
[2026/09/25 17:55:50:9347] N: started process, pid: 55881
[2026/09/25 17:55:50:9350] N: started process, pid: 55882
[2026/09/25 17:55:50:9356] N: started process, pid: 55883
[2026/09/25 17:55:50:9361] N: started process, pid: 55884
[2026/09/25 17:55:50:9366] N: started process, pid: 55885
[2026/09/25 17:55:50:9374] N: started process, pid: 55886
[2026/09/25 17:55:50:9382] N: started process, pid: 55888
[2026/09/25 17:55:50:9389] N: started process, pid: 55893
[2026/09/25 17:55:51:0739] N: WS closed from (unix skt), clients: 9
[2026/09/25 17:55:51:0739] N: killing process, pid: 55882
[2026/09/25 17:55:51:0741] N: process killed with signal 1, pid: 55882
[2026/09/25 17:55:51:1169] N: WS closed from (unix skt), clients: 8
[2026/09/25 17:55:51:1170] N: killing process, pid: 55888
[2026/09/25 17:55:51:1173] N: process killed with signal 1, pid: 55888
[2026/09/25 17:55:51:2762] N: WS closed from (unix skt), clients: 7
[2026/09/25 17:55:51:2762] N: killing process, pid: 55880
[2026/09/25 17:55:51:2762] N: WS closed from (unix skt), clients: 6
[2026/09/25 17:55:51:2762] N: killing process, pid: 55879
[2026/09/25 17:55:51:2766] N: process killed with signal 0, pid: 55879
[2026/09/25 17:55:51:2766] N: process killed with signal 0, pid: 55880
[2026/09/25 17:55:51:2883] N: WS closed from (unix skt), clients: 5
[2026/09/25 17:55:51:2883] N: killing process, pid: 55884
[2026/09/25 17:55:51:2886] N: process killed with signal 0, pid: 55884
[2026/09/25 17:55:51:3023] N: WS closed from (unix skt), clients: 4
[2026/09/25 17:55:51:3023] N: killing process, pid: 55885
[2026/09/25 17:55:51:3026] N: process killed with signal 0, pid: 55885
[2026/09/25 17:55:51:7509] N: WS closed from (unix skt), clients: 3
[2026/09/25 17:55:51:7509] N: killing process, pid: 55881
[2026/09/25 17:55:51:7514] N: process killed with signal 0, pid: 55881
[2026/09/25 17:55:51:8196] N: WS closed from (unix skt), clients: 2
[2026/09/25 17:55:51:8196] N: killing process, pid: 55886
[2026/09/25 17:55:51:8204] N: process killed with signal 0, pid: 55886
[2026/09/25 17:55:52:9353] N: WS closed from (unix skt), clients: 1
[2026/09/25 17:55:52:9353] N: killing process, pid: 55883
[2026/09/25 17:55:52:9353] N: WS closed from (unix skt), clients: 0
[2026/09/25 17:55:52:9353] N: killing process, pid: 55893
[2026/09/25 17:55:52:9357] N: process killed with signal 0, pid: 55883
[2026/09/25 17:55:52:9361] N: process killed with signal 0, pid: 55893
[2026/09/25 17:55:52:9415] N: WS   /ws - (unix skt), clients: 1
[2026/09/25 17:55:52:9415] N: WS   /ws - (unix skt), clients: 2
[2026/09/25 17:55:52:9415] N: WS   /ws - (unix skt), clients: 3
[2026/09/25 17:55:52:9415] N: WS   /ws - (unix skt), clients: 4
[2026/09/25 17:55:52:9415] N: WS   /ws - (unix skt), clients: 5
[2026/09/25 17:55:52:9415] N: WS   /ws - (unix skt), clients: 6
[2026/09/25 17:55:52:9415] N: WS   /ws - (unix skt), clients: 7
[2026/09/25 17:55:52:9415] N: WS   /ws - (unix skt), clients: 8
[2026/09/25 17:55:52:9415] N: WS   /ws - (unix skt), clients: 9
[2026/09/25 17:55:52:9416] N: WS   /ws - (unix skt), clients: 10
[2026/09/25 17:55:52:9420] N: started process, pid: 56277
[2026/09/25 17:55:52:9423] N: started process, pid: 56278
[2026/09/25 17:55:52:9427] N: started process, pid: 56279
[2026/09/25 17:55:52:9431] N: started process, pid: 56280
[2026/09/25 17:55:52:9437] N: started process, pid: 56281
[2026/09/25 17:55:52:9444] N: started process, pid: 56282
[2026/09/25 17:55:52:9453] N: started process, pid: 56283
[2026/09/25 17:55:52:9466] N: started process, pid: 56284
[2026/09/25 17:55:52:9480] N: started process, pid: 56294
[2026/09/25 17:55:52:9502] N: started process, pid: 56298
[2026/09/25 17:55:53:0523] N: WS closed from (unix skt), clients: 9
[2026/09/25 17:55:53:0523] N: killing process, pid: 56279
[2026/09/25 17:55:53:0527] N: process killed with signal 1, pid: 56279
[2026/09/25 17:55:53:1278] N: WS closed from (unix skt), clients: 8
[2026/09/25 17:55:53:1278] N: killing process, pid: 56294
[2026/09/25 17:55:53:1281] N: process killed with signal 1, pid: 56294
[2026/09/25 17:55:53:2682] N: WS closed from (unix skt), clients: 7
[2026/09/25 17:55:53:2682] N: killing process, pid: 56277
[2026/09/25 17:55:53:2686] N: process killed with signal 0, pid: 56277
[2026/09/25 17:55:53:2813] N: WS closed from (unix skt), clients: 6
[2026/09/25 17:55:53:2813] N: killing process, pid: 56281
[2026/09/25 17:55:53:2816] N: process killed with signal 0, pid: 56281
[2026/09/25 17:55:53:3114] N: WS closed from (unix skt), clients: 5
[2026/09/25 17:55:53:3114] N: killing process, pid: 56283
[2026/09/25 17:55:53:3116] N: process killed with signal 0, pid: 56283
[2026/09/25 17:55:53:3275] N: WS closed from (unix skt), clients: 4
[2026/09/25 17:55:53:3275] N: killing process, pid: 56282
[2026/09/25 17:55:53:3279] N: process killed with signal 0, pid: 56282
[2026/09/25 17:55:53:7832] N: WS closed from (unix skt), clients: 3
[2026/09/25 17:55:53:7833] N: killing process, pid: 56278
[2026/09/25 17:55:53:7841] N: process killed with signal 0, pid: 56278
[2026/09/25 17:55:53:7974] N: WS closed from (unix skt), clients: 2
[2026/09/25 17:55:53:7975] N: killing process, pid: 56284
[2026/09/25 17:55:53:7983] N: process killed with signal 0, pid: 56284
[2026/09/25 17:55:54:9430] N: WS closed from (unix skt), clients: 1
[2026/09/25 17:55:54:9430] N: killing process, pid: 56280
[2026/09/25 17:55:54:9431] N: WS closed from (unix skt), clients: 0
[2026/09/25 17:55:54:9431] N: killing process, pid: 56298
[2026/09/25 17:55:54:9437] N: process killed with signal 0, pid: 56280
[2026/09/25 17:55:54:9437] N: process killed with signal 0, pid: 56298
[2026/09/25 17:55:54:9495] N: WS   /ws - (unix skt), clients: 1
[2026/09/25 17:55:54:9496] N: WS   /ws - (unix skt), clients: 2
[2026/09/25 17:55:54:9496] N: WS   /ws - (unix skt), clients: 3
[2026/09/25 17:55:54:9496] N: WS   /ws - (unix skt), clients: 4
[2026/09/25 17:55:54:9496] N: WS   /ws - (unix skt), clients: 5
[2026/09/25 17:55:54:9496] N: WS   /ws - (unix skt), clients: 6
[2026/09/25 17:55:54:9496] N: WS   /ws - (unix skt), clients: 7
[2026/09/25 17:55:54:9496] N: WS   /ws - (unix skt), clients: 8
[2026/09/25 17:55:54:9496] N: WS   /ws - (unix skt), clients: 9
[2026/09/25 17:55:54:9496] N: WS   /ws - (unix skt), clients: 10
[2026/09/25 17:55:54:9500] N: started process, pid: 56572
[2026/09/25 17:55:54:9503] N: started process, pid: 56573
[2026/09/25 17:55:54:9507] N: started process, pid: 56574
[2026/09/25 17:55:54:9514] N: started process, pid: 56575
[2026/09/25 17:55:54:9519] N: started process, pid: 56576
[2026/09/25 17:55:54:9525] N: started process, pid: 56577
[2026/09/25 17:55:54:9530] N: started process, pid: 56578
[2026/09/25 17:55:54:9537] N: started process, pid: 56579
[2026/09/25 17:55:54:9544] N: started process, pid: 56581
[2026/09/25 17:55:54:9555] N: started process, pid: 56587
[2026/09/25 17:55:55:0383] N: WS closed from (unix skt), clients: 9
[2026/09/25 17:55:55:0383] N: killing process, pid: 56574
[2026/09/25 17:55:55:0385] N: process killed with signal 1, pid: 56574
[2026/09/25 17:55:55:1393] N: WS closed from (unix skt), clients: 8
[2026/09/25 17:55:55:1394] N: killing process, pid: 56581
[2026/09/25 17:55:55:1397] N: process killed with signal 1, pid: 56581
[2026/09/25 17:55:55:2217] N: WS closed from (unix skt), clients: 7
[2026/09/25 17:55:55:2218] N: killing process, pid: 56572
[2026/09/25 17:55:55:2221] N: process killed with signal 0, pid: 56572
[2026/09/25 17:55:55:2709] N: WS closed from (unix skt), clients: 6
[2026/09/25 17:55:55:2709] N: killing process, pid: 56577
[2026/09/25 17:55:55:2713] N: process killed with signal 0, pid: 56577
[2026/09/25 17:55:55:3110] N: WS closed from (unix skt), clients: 5
[2026/09/25 17:55:55:3111] N: killing process, pid: 56578
[2026/09/25 17:55:55:3114] N: process killed with signal 0, pid: 56578
[2026/09/25 17:55:55:3233] N: WS closed from (unix skt), clients: 4
[2026/09/25 17:55:55:3233] N: killing process, pid: 56575
[2026/09/25 17:55:55:3238] N: process killed with signal 0, pid: 56575
[2026/09/25 17:55:55:7858] N: WS closed from (unix skt), clients: 3
[2026/09/25 17:55:55:7859] N: killing process, pid: 56573
[2026/09/25 17:55:55:7868] N: process killed with signal 0, pid: 56573
[2026/09/25 17:55:55:8436] N: WS closed from (unix skt), clients: 2
[2026/09/25 17:55:55:8436] N: killing process, pid: 56579
[2026/09/25 17:55:55:8444] N: process killed with signal 0, pid: 56579
[2026/09/25 17:55:56:9502] N: WS closed from (unix skt), clients: 1
[2026/09/25 17:55:56:9504] N: killing process, pid: 56576
[2026/09/25 17:55:56:9504] N: WS closed from (unix skt), clients: 0
[2026/09/25 17:55:56:9504] N: killing process, pid: 56587
[2026/09/25 17:55:56:9507] N: process killed with signal 0, pid: 56576
[2026/09/25 17:55:56:9509] N: process killed with signal 0, pid: 56587
[2026/09/25 17:55:56:9562] N: WS   /ws - (unix skt), clients: 1
[2026/09/25 17:55:56:9562] N: WS   /ws - (unix skt), clients: 2
[2026/09/25 17:55:56:9562] N: WS   /ws - (unix skt), clients: 3
[2026/09/25 17:55:56:9562] N: WS   /ws - (unix skt), clients: 4
[2026/09/25 17:55:56:9562] N: WS   /ws - (unix skt), clients: 5
[2026/09/25 17:55:56:9563] N: WS   /ws - (unix skt), clients: 6
[2026/09/25 17:55:56:9563] N: WS   /ws - (unix skt), clients: 7
[2026/09/25 17:55:56:9563] N: WS   /ws - (unix skt), clients: 8
[2026/09/25 17:55:56:9563] N: WS   /ws - (unix skt), clients: 9
[2026/09/25 17:55:56:9563] N: WS   /ws - (unix skt), clients: 10
[2026/09/25 17:55:56:9567] N: started process, pid: 56905
[2026/09/25 17:55:56:9570] N: started process, pid: 56906
[2026/09/25 17:55:56:9574] N: started process, pid: 56907
[2026/09/25 17:55:56:9577] N: started process, pid: 56908
[2026/09/25 17:55:56:9581] N: started process, pid: 56909
[2026/09/25 17:55:56:9589] N: started process, pid: 56910
[2026/09/25 17:55:56:9598] N: started process, pid: 56911
[2026/09/25 17:55:56:9608] N: started process, pid: 56912
[2026/09/25 17:55:56:9615] N: started process, pid: 56919
[2026/09/25 17:55:56:9625] N: started process, pid: 56922
[2026/09/25 17:55:57:0861] N: WS closed from (unix skt), clients: 9
[2026/09/25 17:55:57:0861] N: killing process, pid: 56908
[2026/09/25 17:55:57:0863] N: process killed with signal 1, pid: 56908
[2026/09/25 17:55:57:1423] N: WS closed from (unix skt), clients: 8
[2026/09/25 17:55:57:1423] N: killing process, pid: 56919
[2026/09/25 17:55:57:1425] N: process killed with signal 1, pid: 56919
[2026/09/25 17:55:57:2757] N: WS closed from (unix skt), clients: 7
[2026/09/25 17:55:57:2757] N: killing process, pid: 56906
[2026/09/25 17:55:57:2760] N: process killed with signal 0, pid: 56906
[2026/09/25 17:55:57:3008] N: WS closed from (unix skt), clients: 6
[2026/09/25 17:55:57:3008] N: killing process, pid: 56905
[2026/09/25 17:55:57:3011] N: process killed with signal 0, pid: 56905
[2026/09/25 17:55:57:3289] N: WS closed from (unix skt), clients: 5
[2026/09/25 17:55:57:3289] N: killing process, pid: 56911
[2026/09/25 17:55:57:3291] N: process killed with signal 0, pid: 56911
[2026/09/25 17:55:57:3430] N: WS closed from (unix skt), clients: 4
[2026/09/25 17:55:57:3430] N: killing process, pid: 56910
[2026/09/25 17:55:57:3433] N: process killed with signal 0, pid: 56910
[2026/09/25 17:55:57:7897] N: WS closed from (unix skt), clients: 3
[2026/09/25 17:55:57:7898] N: killing process, pid: 56907
[2026/09/25 17:55:57:7908] N: process killed with signal 0, pid: 56907
[2026/09/25 17:55:57:8488] N: WS closed from (unix skt), clients: 2
[2026/09/25 17:55:57:8489] N: killing process, pid: 56912
[2026/09/25 17:55:57:8516] N: process killed with signal 0, pid: 56912
[2026/09/25 17:55:58:9576] N: WS closed from (unix skt), clients: 1
[2026/09/25 17:55:58:9576] N: killing process, pid: 56909
[2026/09/25 17:55:58:9577] N: WS closed from (unix skt), clients: 0
[2026/09/25 17:55:58:9577] N: killing process, pid: 56922
[2026/09/25 17:55:58:9580] N: process killed with signal 0, pid: 56909
[2026/09/25 17:55:58:9585] N: process killed with signal 0, pid: 56922
[2026/09/25 17:55:58:9646] N: WS   /ws - (unix skt), clients: 1
[2026/09/25 17:55:58:9646] N: WS   /ws - (unix skt), clients: 2
[2026/09/25 17:55:58:9646] N: WS   /ws - (unix skt), clients: 3
[2026/09/25 17:55:58:9646] N: WS   /ws - (unix skt), clients: 4
[2026/09/25 17:55:58:9647] N: WS   /ws - (unix skt), clients: 5
[2026/09/25 17:55:58:9647] N: WS   /ws - (unix skt), clients: 6
[2026/09/25 17:55:58:9647] N: WS   /ws - (unix skt), clients: 7
[2026/09/25 17:55:58:9647] N: WS   /ws - (unix skt), clients: 8
[2026/09/25 17:55:58:9647] N: WS   /ws - (unix skt), clients: 9
[2026/09/25 17:55:58:9647] N: WS   /ws - (unix skt), clients: 10
[2026/09/25 17:55:58:9651] N: started process, pid: 57132
[2026/09/25 17:55:58:9654] N: started process, pid: 57133
[2026/09/25 17:55:58:9657] N: started process, pid: 57134
[2026/09/25 17:55:58:9662] N: started process, pid: 57135
[2026/09/25 17:55:58:9667] N: started process, pid: 57136
[2026/09/25 17:55:58:9671] N: started process, pid: 57137
[2026/09/25 17:55:58:9676] N: started process, pid: 57138
[2026/09/25 17:55:58:9686] N: started process, pid: 57139
[2026/09/25 17:55:58:9693] N: started process, pid: 57140
[2026/09/25 17:55:58:9700] N: started process, pid: 57147
[2026/09/25 17:55:59:0935] N: WS closed from (unix skt), clients: 9
[2026/09/25 17:55:59:0935] N: killing process, pid: 57134
[2026/09/25 17:55:59:0939] N: process killed with signal 1, pid: 57134
[2026/09/25 17:55:59:1704] N: WS closed from (unix skt), clients: 8
[2026/09/25 17:55:59:1704] N: killing process, pid: 57140
[2026/09/25 17:55:59:1708] N: process killed with signal 1, pid: 57140
[2026/09/25 17:55:59:2770] N: WS closed from (unix skt), clients: 7
[2026/09/25 17:55:59:2771] N: killing process, pid: 57132
[2026/09/25 17:55:59:2775] N: process killed with signal 0, pid: 57132
[2026/09/25 17:55:59:3138] N: WS closed from (unix skt), clients: 6
[2026/09/25 17:55:59:3138] N: killing process, pid: 57135
[2026/09/25 17:55:59:3142] N: process killed with signal 0, pid: 57135
[2026/09/25 17:55:59:3288] N: WS closed from (unix skt), clients: 5
[2026/09/25 17:55:59:3288] N: killing process, pid: 57138
[2026/09/25 17:55:59:3291] N: process killed with signal 0, pid: 57138
[2026/09/25 17:55:59:3439] N: WS closed from (unix skt), clients: 4
[2026/09/25 17:55:59:3439] N: killing process, pid: 57137
[2026/09/25 17:55:59:3442] N: process killed with signal 0, pid: 57137
[2026/09/25 17:55:59:7615] N: WS closed from (unix skt), clients: 3
[2026/09/25 17:55:59:7615] N: killing process, pid: 57133
[2026/09/25 17:55:59:7624] N: process killed with signal 0, pid: 57133
[2026/09/25 17:55:59:8756] N: WS closed from (unix skt), clients: 2
[2026/09/25 17:55:59:8756] N: killing process, pid: 57139
[2026/09/25 17:55:59:8760] N: process killed with signal 0, pid: 57139
[2026/09/25 17:56:00:9651] N: WS closed from (unix skt), clients: 1
[2026/09/25 17:56:00:9651] N: killing process, pid: 57136
[2026/09/25 17:56:00:9651] N: WS closed from (unix skt), clients: 0
[2026/09/25 17:56:00:9651] N: killing process, pid: 57147
[2026/09/25 17:56:00:9664] N: process killed with signal 0, pid: 57136
[2026/09/25 17:56:00:9664] N: process killed with signal 0, pid: 57147
[2026/09/25 17:56:00:9743] N: WS   /ws - (unix skt), clients: 1
[2026/09/25 17:56:00:9743] N: WS   /ws - (unix skt), clients: 2
[2026/09/25 17:56:00:9743] N: WS   /ws - (unix skt), clients: 3
[2026/09/25 17:56:00:9743] N: WS   /ws - (unix skt), clients: 4
[2026/09/25 17:56:00:9743] N: WS   /ws - (unix skt), clients: 5
[2026/09/25 17:56:00:9743] N: WS   /ws - (unix skt), clients: 6
[2026/09/25 17:56:00:9743] N: WS   /ws - (unix skt), clients: 7
[2026/09/25 17:56:00:9743] N: WS   /ws - (unix skt), clients: 8
[2026/09/25 17:56:00:9743] N: WS   /ws - (unix skt), clients: 9
[2026/09/25 17:56:00:9744] N: WS   /ws - (unix skt), clients: 10
[2026/09/25 17:56:00:9748] N: started process, pid: 57493
[2026/09/25 17:56:00:9752] N: started process, pid: 57494
[2026/09/25 17:56:00:9756] N: started process, pid: 57495
[2026/09/25 17:56:00:9762] N: started process, pid: 57496
[2026/09/25 17:56:00:9769] N: started process, pid: 57497
[2026/09/25 17:56:00:9775] N: started process, pid: 57498
[2026/09/25 17:56:00:9783] N: started process, pid: 57499
[2026/09/25 17:56:00:9790] N: started process, pid: 57500
[2026/09/25 17:56:00:9797] N: started process, pid: 57502
[2026/09/25 17:56:00:9805] N: started process, pid: 57509
[2026/09/25 17:56:01:0819] N: WS closed from (unix skt), clients: 9
[2026/09/25 17:56:01:0820] N: killing process, pid: 57496
[2026/09/25 17:56:01:0822] N: process killed with signal 1, pid: 57496
[2026/09/25 17:56:01:1463] N: WS closed from (unix skt), clients: 8
[2026/09/25 17:56:01:1463] N: killing process, pid: 57502
[2026/09/25 17:56:01:1465] N: process killed with signal 1, pid: 57502
[2026/09/25 17:56:01:2982] N: WS closed from (unix skt), clients: 7
[2026/09/25 17:56:01:2982] N: killing process, pid: 57494
[2026/09/25 17:56:01:2985] N: process killed with signal 0, pid: 57494
[2026/09/25 17:56:01:3133] N: WS closed from (unix skt), clients: 6
[2026/09/25 17:56:01:3133] N: killing process, pid: 57493
[2026/09/25 17:56:01:3136] N: process killed with signal 0, pid: 57493
[2026/09/25 17:56:01:3464] N: WS closed from (unix skt), clients: 5
[2026/09/25 17:56:01:3464] N: killing process, pid: 57499
[2026/09/25 17:56:01:3464] N: WS closed from (unix skt), clients: 4
[2026/09/25 17:56:01:3464] N: killing process, pid: 57498
[2026/09/25 17:56:01:3467] N: process killed with signal 0, pid: 57499
[2026/09/25 17:56:01:3468] N: process killed with signal 0, pid: 57498
[2026/09/25 17:56:01:7307] N: WS closed from (unix skt), clients: 3
[2026/09/25 17:56:01:7307] N: killing process, pid: 57495
[2026/09/25 17:56:01:7311] N: process killed with signal 0, pid: 57495
[2026/09/25 17:56:01:8870] N: WS closed from (unix skt), clients: 2
[2026/09/25 17:56:01:8871] N: killing process, pid: 57500
[2026/09/25 17:56:01:8891] N: process killed with signal 0, pid: 57500
[2026/09/25 17:56:02:9760] N: WS closed from (unix skt), clients: 1
[2026/09/25 17:56:02:9761] N: killing process, pid: 57497
[2026/09/25 17:56:02:9761] N: WS closed from (unix skt), clients: 0
[2026/09/25 17:56:02:9761] N: killing process, pid: 57509
[2026/09/25 17:56:02:9770] N: process killed with signal 0, pid: 57497
[2026/09/25 17:56:02:9775] N: process killed with signal 0, pid: 57509
[2026/09/25 17:56:02:9900] N: WS   /ws - (unix skt), clients: 1
[2026/09/25 17:56:02:9901] N: WS   /ws - (unix skt), clients: 2
[2026/09/25 17:56:02:9901] N: WS   /ws - (unix skt), clients: 3
[2026/09/25 17:56:02:9901] N: WS   /ws - (unix skt), clients: 4
[2026/09/25 17:56:02:9901] N: WS   /ws - (unix skt), clients: 5
[2026/09/25 17:56:02:9901] N: WS   /ws - (unix skt), clients: 6
[2026/09/25 17:56:02:9902] N: WS   /ws - (unix skt), clients: 7
[2026/09/25 17:56:02:9902] N: WS   /ws - (unix skt), clients: 8
[2026/09/25 17:56:02:9902] N: WS   /ws - (unix skt), clients: 9
[2026/09/25 17:56:02:9902] N: WS   /ws - (unix skt), clients: 10
[2026/09/25 17:56:02:9909] N: started process, pid: 57806
[2026/09/25 17:56:02:9914] N: started process, pid: 57807
[2026/09/25 17:56:02:9919] N: started process, pid: 57808
[2026/09/25 17:56:02:9925] N: started process, pid: 57809
[2026/09/25 17:56:02:9930] N: started process, pid: 57810
[2026/09/25 17:56:02:9940] N: started process, pid: 57811
[2026/09/25 17:56:02:9948] N: started process, pid: 57812
[2026/09/25 17:56:02:9964] N: started process, pid: 57813
[2026/09/25 17:56:02:9972] N: started process, pid: 57814
[2026/09/25 17:56:02:9985] N: started process, pid: 57821
[2026/09/25 17:56:03:1887] N: WS closed from (unix skt), clients: 9
[2026/09/25 17:56:03:1889] N: killing process, pid: 57808
[2026/09/25 17:56:03:1892] N: process killed with signal 1, pid: 57808
[2026/09/25 17:56:03:1900] N: WS closed from (unix skt), clients: 8
[2026/09/25 17:56:03:1900] N: killing process, pid: 57814
[2026/09/25 17:56:03:1902] N: process killed with signal 1, pid: 57814
[2026/09/25 17:56:03:3020] N: WS closed from (unix skt), clients: 7
[2026/09/25 17:56:03:3020] N: killing process, pid: 57806
[2026/09/25 17:56:03:3025] N: process killed with signal 0, pid: 57806
[2026/09/25 17:56:03:3903] N: WS closed from (unix skt), clients: 6
[2026/09/25 17:56:03:3903] N: killing process, pid: 57811
[2026/09/25 17:56:03:3904] N: WS closed from (unix skt), clients: 5
[2026/09/25 17:56:03:3904] N: killing process, pid: 57812
[2026/09/25 17:56:03:3904] N: WS closed from (unix skt), clients: 4
[2026/09/25 17:56:03:3904] N: killing process, pid: 57810
[2026/09/25 17:56:03:3909] N: process killed with signal 0, pid: 57812
[2026/09/25 17:56:03:3909] N: process killed with signal 0, pid: 57810
[2026/09/25 17:56:03:3910] N: process killed with signal 0, pid: 57811
[2026/09/25 17:56:03:8795] N: WS closed from (unix skt), clients: 3
[2026/09/25 17:56:03:8796] N: killing process, pid: 57807
[2026/09/25 17:56:03:8802] N: process killed with signal 0, pid: 57807
[2026/09/25 17:56:03:8907] N: WS closed from (unix skt), clients: 2
[2026/09/25 17:56:03:8908] N: killing process, pid: 57813
[2026/09/25 17:56:03:8911] N: process killed with signal 0, pid: 57813
[2026/09/25 17:56:04:9910] N: WS closed from (unix skt), clients: 1
[2026/09/25 17:56:04:9910] N: killing process, pid: 57809
[2026/09/25 17:56:04:9911] N: WS closed from (unix skt), clients: 0
[2026/09/25 17:56:04:9911] N: killing process, pid: 57821
[2026/09/25 17:56:04:9924] N: process killed with signal 0, pid: 57809
[2026/09/25 17:56:04:9924] N: process killed with signal 0, pid: 57821
[2026/09/25 17:56:05:0032] N: WS   /ws - (unix skt), clients: 1
[2026/09/25 17:56:05:0033] N: WS   /ws - (unix skt), clients: 2
[2026/09/25 17:56:05:0033] N: WS   /ws - (unix skt), clients: 3
[2026/09/25 17:56:05:0033] N: WS   /ws - (unix skt), clients: 4
[2026/09/25 17:56:05:0033] N: WS   /ws - (unix skt), clients: 5
[2026/09/25 17:56:05:0033] N: WS   /ws - (unix skt), clients: 6
[2026/09/25 17:56:05:0033] N: WS   /ws - (unix skt), clients: 7
[2026/09/25 17:56:05:0033] N: WS   /ws - (unix skt), clients: 8
[2026/09/25 17:56:05:0033] N: WS   /ws - (unix skt), clients: 9
[2026/09/25 17:56:05:0034] N: WS   /ws - (unix skt), clients: 10
[2026/09/25 17:56:05:0040] N: started process, pid: 58127
[2026/09/25 17:56:05:0044] N: started process, pid: 58128
[2026/09/25 17:56:05:0050] N: started process, pid: 58129
[2026/09/25 17:56:05:0056] N: started process, pid: 58130
[2026/09/25 17:56:05:0064] N: started process, pid: 58131
[2026/09/25 17:56:05:0072] N: started process, pid: 58132
[2026/09/25 17:56:05:0083] N: started process, pid: 58133
[2026/09/25 17:56:05:0092] N: started process, pid: 58135
[2026/09/25 17:56:05:0101] N: started process, pid: 58142
[2026/09/25 17:56:05:0116] N: started process, pid: 58147
[2026/09/25 17:56:05:1271] N: WS closed from (unix skt), clients: 9
[2026/09/25 17:56:05:1271] N: killing process, pid: 58129
[2026/09/25 17:56:05:1275] N: process killed with signal 1, pid: 58129
[2026/09/25 17:56:05:1771] N: WS closed from (unix skt), clients: 8
[2026/09/25 17:56:05:1771] N: killing process, pid: 58142
[2026/09/25 17:56:05:1774] N: process killed with signal 1, pid: 58142
[2026/09/25 17:56:05:2929] N: WS closed from (unix skt), clients: 7
[2026/09/25 17:56:05:2929] N: killing process, pid: 58127
[2026/09/25 17:56:05:2934] N: process killed with signal 0, pid: 58127
[2026/09/25 17:56:05:3150] N: WS closed from (unix skt), clients: 6
[2026/09/25 17:56:05:3150] N: killing process, pid: 58131
[2026/09/25 17:56:05:3154] N: process killed with signal 0, pid: 58131
[2026/09/25 17:56:05:3411] N: WS closed from (unix skt), clients: 5
[2026/09/25 17:56:05:3411] N: killing process, pid: 58132
[2026/09/25 17:56:05:3415] N: process killed with signal 0, pid: 58132
[2026/09/25 17:56:05:3783] N: WS closed from (unix skt), clients: 4
[2026/09/25 17:56:05:3783] N: killing process, pid: 58133
[2026/09/25 17:56:05:3789] N: process killed with signal 0, pid: 58133
[2026/09/25 17:56:05:7836] N: WS closed from (unix skt), clients: 3
[2026/09/25 17:56:05:7837] N: killing process, pid: 58128
[2026/09/25 17:56:05:7845] N: process killed with signal 0, pid: 58128
[2026/09/25 17:56:05:8692] N: WS closed from (unix skt), clients: 2
[2026/09/25 17:56:05:8693] N: killing process, pid: 58135
[2026/09/25 17:56:05:8709] N: process killed with signal 0, pid: 58135
[2026/09/25 17:56:07:0066] N: WS closed from (unix skt), clients: 1
[2026/09/25 17:56:07:0066] N: killing process, pid: 58130
[2026/09/25 17:56:07:0067] N: WS closed from (unix skt), clients: 0
[2026/09/25 17:56:07:0067] N: killing process, pid: 58147
[2026/09/25 17:56:07:0098] N: process killed with signal 0, pid: 58147
[2026/09/25 17:56:07:0098] N: process killed with signal 0, pid: 58130
[2026/09/25 17:56:07:0220] N: WS   /ws - (unix skt), clients: 1
[2026/09/25 17:56:07:0221] N: WS   /ws - (unix skt), clients: 2
[2026/09/25 17:56:07:0221] N: WS   /ws - (unix skt), clients: 3
[2026/09/25 17:56:07:0221] N: WS   /ws - (unix skt), clients: 4
[2026/09/25 17:56:07:0221] N: WS   /ws - (unix skt), clients: 5
[2026/09/25 17:56:07:0221] N: WS   /ws - (unix skt), clients: 6
[2026/09/25 17:56:07:0222] N: WS   /ws - (unix skt), clients: 7
[2026/09/25 17:56:07:0222] N: WS   /ws - (unix skt), clients: 8
[2026/09/25 17:56:07:0222] N: WS   /ws - (unix skt), clients: 9
[2026/09/25 17:56:07:0222] N: WS   /ws - (unix skt), clients: 10
[2026/09/25 17:56:07:0229] N: started process, pid: 58433
[2026/09/25 17:56:07:0234] N: started process, pid: 58434
[2026/09/25 17:56:07:0240] N: started process, pid: 58435
[2026/09/25 17:56:07:0250] N: started process, pid: 58436
[2026/09/25 17:56:07:0263] N: started process, pid: 58438
[2026/09/25 17:56:07:0271] N: started process, pid: 58439
[2026/09/25 17:56:07:0282] N: started process, pid: 58440
[2026/09/25 17:56:07:0299] N: started process, pid: 58442
[2026/09/25 17:56:07:0309] N: started process, pid: 58443
[2026/09/25 17:56:07:0352] N: started process, pid: 58445
[2026/09/25 17:56:07:1765] N: WS closed from (unix skt), clients: 9
[2026/09/25 17:56:07:1766] N: killing process, pid: 58435
[2026/09/25 17:56:07:1769] N: process killed with signal 1, pid: 58435
[2026/09/25 17:56:07:2164] N: WS closed from (unix skt), clients: 8
[2026/09/25 17:56:07:2165] N: killing process, pid: 58443
[2026/09/25 17:56:07:2168] N: process killed with signal 1, pid: 58443
[2026/09/25 17:56:07:3782] N: WS closed from (unix skt), clients: 7
[2026/09/25 17:56:07:3782] N: killing process, pid: 58433
[2026/09/25 17:56:07:3787] N: process killed with signal 0, pid: 58433
[2026/09/25 17:56:07:4043] N: WS closed from (unix skt), clients: 6
[2026/09/25 17:56:07:4043] N: killing process, pid: 58440
[2026/09/25 17:56:07:4049] N: process killed with signal 0, pid: 58440
[2026/09/25 17:56:07:4445] N: WS closed from (unix skt), clients: 5
[2026/09/25 17:56:07:4445] N: killing process, pid: 58438
[2026/09/25 17:56:07:4446] N: WS closed from (unix skt), clients: 4
[2026/09/25 17:56:07:4446] N: killing process, pid: 58439
[2026/09/25 17:56:07:4452] N: process killed with signal 0, pid: 58438
[2026/09/25 17:56:07:4452] N: process killed with signal 0, pid: 58439
[2026/09/25 17:56:07:8076] N: WS closed from (unix skt), clients: 3
[2026/09/25 17:56:07:8076] N: killing process, pid: 58434
[2026/09/25 17:56:07:8082] N: process killed with signal 0, pid: 58434
[2026/09/25 17:56:07:9329] N: WS closed from (unix skt), clients: 2
[2026/09/25 17:56:07:9330] N: killing process, pid: 58442
[2026/09/25 17:56:07:9337] N: process killed with signal 0, pid: 58442
[2026/09/25 17:56:09:0243] N: WS closed from (unix skt), clients: 1
[2026/09/25 17:56:09:0248] N: killing process, pid: 58436
[2026/09/25 17:56:09:0248] N: WS closed from (unix skt), clients: 0
[2026/09/25 17:56:09:0248] N: killing process, pid: 58445
[2026/09/25 17:56:09:0252] N: process killed with signal 0, pid: 58436
[2026/09/25 17:56:09:0255] N: process killed with signal 0, pid: 58445
[2026/09/25 17:56:09:0349] N: WS   /ws - (unix skt), clients: 1
[2026/09/25 17:56:09:0349] N: WS   /ws - (unix skt), clients: 2
[2026/09/25 17:56:09:0350] N: WS   /ws - (unix skt), clients: 3
[2026/09/25 17:56:09:0350] N: WS   /ws - (unix skt), clients: 4
[2026/09/25 17:56:09:0350] N: WS   /ws - (unix skt), clients: 5
[2026/09/25 17:56:09:0350] N: WS   /ws - (unix skt), clients: 6
[2026/09/25 17:56:09:0350] N: WS   /ws - (unix skt), clients: 7
[2026/09/25 17:56:09:0350] N: WS   /ws - (unix skt), clients: 8
[2026/09/25 17:56:09:0350] N: WS   /ws - (unix skt), clients: 9
[2026/09/25 17:56:09:0351] N: WS   /ws - (unix skt), clients: 10
[2026/09/25 17:56:09:0357] N: started process, pid: 58711
[2026/09/25 17:56:09:0363] N: started process, pid: 58712
[2026/09/25 17:56:09:0367] N: started process, pid: 58713
[2026/09/25 17:56:09:0375] N: started process, pid: 58714
[2026/09/25 17:56:09:0386] N: started process, pid: 58715
[2026/09/25 17:56:09:0393] N: started process, pid: 58716
[2026/09/25 17:56:09:0404] N: started process, pid: 58717
[2026/09/25 17:56:09:0413] N: started process, pid: 58718
[2026/09/25 17:56:09:0432] N: started process, pid: 58723
[2026/09/25 17:56:09:0454] N: started process, pid: 58729
[2026/09/25 17:56:09:2259] N: WS closed from (unix skt), clients: 9
[2026/09/25 17:56:09:2259] N: killing process, pid: 58713
[2026/09/25 17:56:09:2262] N: process killed with signal 1, pid: 58713
[2026/09/25 17:56:09:2630] N: WS closed from (unix skt), clients: 8
[2026/09/25 17:56:09:2630] N: killing process, pid: 58723
[2026/09/25 17:56:09:2633] N: process killed with signal 1, pid: 58723
[2026/09/25 17:56:09:3845] N: WS closed from (unix skt), clients: 7
[2026/09/25 17:56:09:3845] N: killing process, pid: 58711
[2026/09/25 17:56:09:3851] N: process killed with signal 0, pid: 58711
[2026/09/25 17:56:09:3973] N: WS closed from (unix skt), clients: 6
[2026/09/25 17:56:09:3973] N: killing process, pid: 58715
[2026/09/25 17:56:09:3977] N: process killed with signal 0, pid: 58715
[2026/09/25 17:56:09:4105] N: WS closed from (unix skt), clients: 5
[2026/09/25 17:56:09:4106] N: killing process, pid: 58717
[2026/09/25 17:56:09:4110] N: process killed with signal 0, pid: 58717
[2026/09/25 17:56:09:4612] N: WS closed from (unix skt), clients: 4
[2026/09/25 17:56:09:4612] N: killing process, pid: 58716
[2026/09/25 17:56:09:4618] N: process killed with signal 0, pid: 58716
[2026/09/25 17:56:09:8663] N: WS closed from (unix skt), clients: 3
[2026/09/25 17:56:09:8664] N: killing process, pid: 58712
[2026/09/25 17:56:09:8676] N: process killed with signal 0, pid: 58712
[2026/09/25 17:56:09:9451] N: WS closed from (unix skt), clients: 2
[2026/09/25 17:56:09:9451] N: killing process, pid: 58718
[2026/09/25 17:56:09:9456] N: process killed with signal 0, pid: 58718
[2026/09/25 17:56:11:0374] N: WS closed from (unix skt), clients: 1
[2026/09/25 17:56:11:0375] N: killing process, pid: 58714
[2026/09/25 17:56:11:0375] N: WS closed from (unix skt), clients: 0
[2026/09/25 17:56:11:0375] N: killing process, pid: 58729
[2026/09/25 17:56:11:0381] N: process killed with signal 0, pid: 58714
[2026/09/25 17:56:11:0388] N: process killed with signal 0, pid: 58729
[2026/09/25 17:56:11:0486] N: WS   /ws - (unix skt), clients: 1
[2026/09/25 17:56:11:0486] N: WS   /ws - (unix skt), clients: 2
[2026/09/25 17:56:11:0486] N: WS   /ws - (unix skt), clients: 3
[2026/09/25 17:56:11:0486] N: WS   /ws - (unix skt), clients: 4
[2026/09/25 17:56:11:0486] N: WS   /ws - (unix skt), clients: 5
[2026/09/25 17:56:11:0486] N: WS   /ws - (unix skt), clients: 6
[2026/09/25 17:56:11:0486] N: WS   /ws - (unix skt), clients: 7
[2026/09/25 17:56:11:0486] N: WS   /ws - (unix skt), clients: 8
[2026/09/25 17:56:11:0487] N: WS   /ws - (unix skt), clients: 9
[2026/09/25 17:56:11:0487] N: WS   /ws - (unix skt), clients: 10
[2026/09/25 17:56:11:0492] N: started process, pid: 58996
[2026/09/25 17:56:11:0496] N: started process, pid: 58997
[2026/09/25 17:56:11:0500] N: started process, pid: 58998
[2026/09/25 17:56:11:0505] N: started process, pid: 58999
[2026/09/25 17:56:11:0514] N: started process, pid: 59001
[2026/09/25 17:56:11:0524] N: started process, pid: 59002
[2026/09/25 17:56:11:0538] N: started process, pid: 59004
[2026/09/25 17:56:11:0550] N: started process, pid: 59008
[2026/09/25 17:56:11:0574] N: started process, pid: 59018
[2026/09/25 17:56:11:0593] N: started process, pid: 59021
[2026/09/25 17:56:11:1548] N: WS closed from (unix skt), clients: 9
[2026/09/25 17:56:11:1548] N: killing process, pid: 58997
[2026/09/25 17:56:11:1553] N: process killed with signal 1, pid: 58997
[2026/09/25 17:56:11:2155] N: WS closed from (unix skt), clients: 8
[2026/09/25 17:56:11:2155] N: killing process, pid: 59018
[2026/09/25 17:56:11:2157] N: process killed with signal 1, pid: 59018
[2026/09/25 17:56:11:3810] N: WS closed from (unix skt), clients: 7
[2026/09/25 17:56:11:3810] N: killing process, pid: 59004
[2026/09/25 17:56:11:3815] N: process killed with signal 0, pid: 59004
[2026/09/25 17:56:11:4049] N: WS closed from (unix skt), clients: 6
[2026/09/25 17:56:11:4049] N: killing process, pid: 59001
[2026/09/25 17:56:11:4050] N: WS closed from (unix skt), clients: 5
[2026/09/25 17:56:11:4050] N: killing process, pid: 58999
[2026/09/25 17:56:11:4055] N: process killed with signal 0, pid: 58999
[2026/09/25 17:56:11:4055] N: process killed with signal 0, pid: 59001
[2026/09/25 17:56:11:4291] N: WS closed from (unix skt), clients: 4
[2026/09/25 17:56:11:4291] N: killing process, pid: 59002
[2026/09/25 17:56:11:4297] N: process killed with signal 0, pid: 59002
[2026/09/25 17:56:11:8577] N: WS closed from (unix skt), clients: 3
[2026/09/25 17:56:11:8579] N: killing process, pid: 58996
[2026/09/25 17:56:11:8591] N: process killed with signal 0, pid: 58996
[2026/09/25 17:56:11:9318] N: WS closed from (unix skt), clients: 2
[2026/09/25 17:56:11:9319] N: killing process, pid: 59008
[2026/09/25 17:56:11:9326] N: process killed with signal 0, pid: 59008
[2026/09/25 17:56:13:0502] N: WS closed from (unix skt), clients: 1
[2026/09/25 17:56:13:0503] N: killing process, pid: 58998
[2026/09/25 17:56:13:0503] N: WS closed from (unix skt), clients: 0
[2026/09/25 17:56:13:0503] N: killing process, pid: 59021
[2026/09/25 17:56:13:0515] N: process killed with signal 0, pid: 58998
[2026/09/25 17:56:13:0516] N: process killed with signal 0, pid: 59021
[2026/09/25 17:56:13:0612] N: WS   /ws - (unix skt), clients: 1
[2026/09/25 17:56:13:0612] N: WS   /ws - (unix skt), clients: 2
[2026/09/25 17:56:13:0612] N: WS   /ws - (unix skt), clients: 3
[2026/09/25 17:56:13:0612] N: WS   /ws - (unix skt), clients: 4
[2026/09/25 17:56:13:0612] N: WS   /ws - (unix skt), clients: 5
[2026/09/25 17:56:13:0613] N: WS   /ws - (unix skt), clients: 6
[2026/09/25 17:56:13:0613] N: WS   /ws - (unix skt), clients: 7
[2026/09/25 17:56:13:0613] N: WS   /ws - (unix skt), clients: 8
[2026/09/25 17:56:13:0613] N: WS   /ws - (unix skt), clients: 9
[2026/09/25 17:56:13:0613] N: WS   /ws - (unix skt), clients: 10
[2026/09/25 17:56:13:0622] N: started process, pid: 59518
[2026/09/25 17:56:13:0628] N: started process, pid: 59519
[2026/09/25 17:56:13:0637] N: started process, pid: 59520
[2026/09/25 17:56:13:0645] N: started process, pid: 59521
[2026/09/25 17:56:13:0655] N: started process, pid: 59522
[2026/09/25 17:56:13:0664] N: started process, pid: 59523
[2026/09/25 17:56:13:0676] N: started process, pid: 59524
[2026/09/25 17:56:13:0688] N: started process, pid: 59527
[2026/09/25 17:56:13:0697] N: started process, pid: 59533
[2026/09/25 17:56:13:0716] N: started process, pid: 59537
[2026/09/25 17:56:13:1886] N: WS closed from (unix skt), clients: 9
[2026/09/25 17:56:13:1886] N: killing process, pid: 59520
[2026/09/25 17:56:13:1890] N: process killed with signal 1, pid: 59520
[2026/09/25 17:56:13:2413] N: WS closed from (unix skt), clients: 8
[2026/09/25 17:56:13:2413] N: killing process, pid: 59533
[2026/09/25 17:56:13:2417] N: process killed with signal 1, pid: 59533
[2026/09/25 17:56:13:3646] N: WS closed from (unix skt), clients: 7
[2026/09/25 17:56:13:3646] N: killing process, pid: 59518
[2026/09/25 17:56:13:3651] N: process killed with signal 0, pid: 59518
[2026/09/25 17:56:13:4013] N: WS closed from (unix skt), clients: 6
[2026/09/25 17:56:13:4013] N: killing process, pid: 59523
[2026/09/25 17:56:13:4018] N: process killed with signal 0, pid: 59523
[2026/09/25 17:56:13:4164] N: WS closed from (unix skt), clients: 5
[2026/09/25 17:56:13:4164] N: killing process, pid: 59522
[2026/09/25 17:56:13:4168] N: process killed with signal 0, pid: 59522
[2026/09/25 17:56:13:4426] N: WS closed from (unix skt), clients: 4
[2026/09/25 17:56:13:4426] N: killing process, pid: 59524
[2026/09/25 17:56:13:4431] N: process killed with signal 0, pid: 59524
[2026/09/25 17:56:13:8667] N: WS closed from (unix skt), clients: 3
[2026/09/25 17:56:13:8668] N: killing process, pid: 59519
[2026/09/25 17:56:13:8674] N: process killed with signal 0, pid: 59519
[2026/09/25 17:56:13:9315] N: WS closed from (unix skt), clients: 2
[2026/09/25 17:56:13:9315] N: killing process, pid: 59527
[2026/09/25 17:56:13:9324] N: process killed with signal 0, pid: 59527
[2026/09/25 17:56:15:0635] N: WS closed from (unix skt), clients: 1
[2026/09/25 17:56:15:0637] N: killing process, pid: 59521
[2026/09/25 17:56:15:0638] N: WS closed from (unix skt), clients: 0
[2026/09/25 17:56:15:0638] N: killing process, pid: 59537
[2026/09/25 17:56:15:0651] N: process killed with signal 0, pid: 59521
[2026/09/25 17:56:15:0652] N: process killed with signal 0, pid: 59537
[2026/09/25 17:56:15:0771] N: WS   /ws - (unix skt), clients: 1
[2026/09/25 17:56:15:0771] N: WS   /ws - (unix skt), clients: 2
[2026/09/25 17:56:15:0771] N: WS   /ws - (unix skt), clients: 3
[2026/09/25 17:56:15:0771] N: WS   /ws - (unix skt), clients: 4
[2026/09/25 17:56:15:0771] N: WS   /ws - (unix skt), clients: 5
[2026/09/25 17:56:15:0772] N: WS   /ws - (unix skt), clients: 6
[2026/09/25 17:56:15:0772] N: WS   /ws - (unix skt), clients: 7
[2026/09/25 17:56:15:0772] N: WS   /ws - (unix skt), clients: 8
[2026/09/25 17:56:15:0772] N: WS   /ws - (unix skt), clients: 9
[2026/09/25 17:56:15:0772] N: WS   /ws - (unix skt), clients: 10
[2026/09/25 17:56:15:0779] N: started process, pid: 59818
[2026/09/25 17:56:15:0783] N: started process, pid: 59819
[2026/09/25 17:56:15:0788] N: started process, pid: 59820
[2026/09/25 17:56:15:0793] N: started process, pid: 59821
[2026/09/25 17:56:15:0798] N: started process, pid: 59822
[2026/09/25 17:56:15:0805] N: started process, pid: 59823
[2026/09/25 17:56:15:0812] N: started process, pid: 59824
[2026/09/25 17:56:15:0822] N: started process, pid: 59825
[2026/09/25 17:56:15:0831] N: started process, pid: 59826
[2026/09/25 17:56:15:0841] N: started process, pid: 59830
[2026/09/25 17:56:15:1947] N: WS closed from (unix skt), clients: 9
[2026/09/25 17:56:15:1948] N: killing process, pid: 59820
[2026/09/25 17:56:15:1952] N: process killed with signal 1, pid: 59820
[2026/09/25 17:56:15:2315] N: WS closed from (unix skt), clients: 8
[2026/09/25 17:56:15:2316] N: killing process, pid: 59826
[2026/09/25 17:56:15:2320] N: process killed with signal 1, pid: 59826
[2026/09/25 17:56:15:3795] N: WS closed from (unix skt), clients: 7
[2026/09/25 17:56:15:3796] N: killing process, pid: 59818
[2026/09/25 17:56:15:3800] N: process killed with signal 0, pid: 59818
[2026/09/25 17:56:15:4213] N: WS closed from (unix skt), clients: 6
[2026/09/25 17:56:15:4214] N: killing process, pid: 59822
[2026/09/25 17:56:15:4218] N: process killed with signal 0, pid: 59822
[2026/09/25 17:56:15:4464] N: WS closed from (unix skt), clients: 5
[2026/09/25 17:56:15:4465] N: killing process, pid: 59824
[2026/09/25 17:56:15:4465] N: WS closed from (unix skt), clients: 4
[2026/09/25 17:56:15:4465] N: killing process, pid: 59823
[2026/09/25 17:56:15:4469] N: process killed with signal 0, pid: 59824
[2026/09/25 17:56:15:4471] N: process killed with signal 0, pid: 59823
[2026/09/25 17:56:15:8648] N: WS closed from (unix skt), clients: 3
[2026/09/25 17:56:15:8649] N: killing process, pid: 59819
[2026/09/25 17:56:15:8657] N: process killed with signal 0, pid: 59819
[2026/09/25 17:56:15:9620] N: WS closed from (unix skt), clients: 2
[2026/09/25 17:56:15:9620] N: killing process, pid: 59825
[2026/09/25 17:56:15:9624] N: process killed with signal 0, pid: 59825
[2026/09/25 17:56:17:0794] N: WS closed from (unix skt), clients: 1
[2026/09/25 17:56:17:0795] N: killing process, pid: 59821
[2026/09/25 17:56:17:0795] N: WS closed from (unix skt), clients: 0
[2026/09/25 17:56:17:0795] N: killing process, pid: 59830
[2026/09/25 17:56:17:0799] N: process killed with signal 0, pid: 59821
[2026/09/25 17:56:17:0803] N: process killed with signal 0, pid: 59830
[2026/09/25 17:56:17:0863] N: WS   /ws - (unix skt), clients: 1
[2026/09/25 17:56:17:0863] N: WS   /ws - (unix skt), clients: 2
[2026/09/25 17:56:17:0863] N: WS   /ws - (unix skt), clients: 3
[2026/09/25 17:56:17:0864] N: WS   /ws - (unix skt), clients: 4
[2026/09/25 17:56:17:0864] N: WS   /ws - (unix skt), clients: 5
[2026/09/25 17:56:17:0864] N: WS   /ws - (unix skt), clients: 6
[2026/09/25 17:56:17:0864] N: WS   /ws - (unix skt), clients: 7
[2026/09/25 17:56:17:0864] N: WS   /ws - (unix skt), clients: 8
[2026/09/25 17:56:17:0864] N: WS   /ws - (unix skt), clients: 9
[2026/09/25 17:56:17:0864] N: WS   /ws - (unix skt), clients: 10
[2026/09/25 17:56:17:0869] N: started process, pid: 60344
[2026/09/25 17:56:17:0872] N: started process, pid: 60345
[2026/09/25 17:56:17:0876] N: started process, pid: 60346
[2026/09/25 17:56:17:0883] N: started process, pid: 60347
[2026/09/25 17:56:17:0891] N: started process, pid: 60348
[2026/09/25 17:56:17:0897] N: started process, pid: 60349
[2026/09/25 17:56:17:0913] N: started process, pid: 60354
[2026/09/25 17:56:17:0929] N: started process, pid: 60361
[2026/09/25 17:56:17:0947] N: started process, pid: 60364
[2026/09/25 17:56:17:0967] N: started process, pid: 60375
[2026/09/25 17:56:17:2104] N: WS closed from (unix skt), clients: 9
[2026/09/25 17:56:17:2105] N: killing process, pid: 60346
[2026/09/25 17:56:17:2108] N: process killed with signal 1, pid: 60346
[2026/09/25 17:56:17:2809] N: WS closed from (unix skt), clients: 8
[2026/09/25 17:56:17:2810] N: killing process, pid: 60364
[2026/09/25 17:56:17:2812] N: process killed with signal 1, pid: 60364
[2026/09/25 17:56:17:3546] N: WS closed from (unix skt), clients: 7
[2026/09/25 17:56:17:3546] N: killing process, pid: 60344
[2026/09/25 17:56:17:3550] N: process killed with signal 0, pid: 60344
[2026/09/25 17:56:17:4387] N: WS closed from (unix skt), clients: 6
[2026/09/25 17:56:17:4387] N: killing process, pid: 60348
[2026/09/25 17:56:17:4392] N: process killed with signal 0, pid: 60348
[2026/09/25 17:56:17:4538] N: WS closed from (unix skt), clients: 5
[2026/09/25 17:56:17:4538] N: killing process, pid: 60349
[2026/09/25 17:56:17:4542] N: process killed with signal 0, pid: 60349
[2026/09/25 17:56:17:4660] N: WS closed from (unix skt), clients: 4
[2026/09/25 17:56:17:4661] N: killing process, pid: 60361
[2026/09/25 17:56:17:4664] N: process killed with signal 0, pid: 60361
[2026/09/25 17:56:17:8990] N: WS closed from (unix skt), clients: 3
[2026/09/25 17:56:17:8990] N: killing process, pid: 60345
[2026/09/25 17:56:17:8995] N: process killed with signal 0, pid: 60345
[2026/09/25 17:56:17:9689] N: WS closed from (unix skt), clients: 2
[2026/09/25 17:56:17:9689] N: killing process, pid: 60354
[2026/09/25 17:56:17:9694] N: process killed with signal 0, pid: 60354
[2026/09/25 17:56:19:0866] N: WS closed from (unix skt), clients: 1
[2026/09/25 17:56:19:0867] N: killing process, pid: 60347
[2026/09/25 17:56:19:0867] N: WS closed from (unix skt), clients: 0
[2026/09/25 17:56:19:0867] N: killing process, pid: 60375
[2026/09/25 17:56:19:0879] N: process killed with signal 0, pid: 60347
[2026/09/25 17:56:19:0879] N: process killed with signal 0, pid: 60375
[2026/09/25 17:56:19:0973] N: WS   /ws - (unix skt), clients: 1
[2026/09/25 17:56:19:0973] N: WS   /ws - (unix skt), clients: 2
[2026/09/25 17:56:19:0973] N: WS   /ws - (unix skt), clients: 3
[2026/09/25 17:56:19:0973] N: WS   /ws - (unix skt), clients: 4
[2026/09/25 17:56:19:0974] N: WS   /ws - (unix skt), clients: 5
[2026/09/25 17:56:19:0974] N: WS   /ws - (unix skt), clients: 6
[2026/09/25 17:56:19:0974] N: WS   /ws - (unix skt), clients: 7
[2026/09/25 17:56:19:0974] N: WS   /ws - (unix skt), clients: 8
[2026/09/25 17:56:19:0974] N: WS   /ws - (unix skt), clients: 9
[2026/09/25 17:56:19:0974] N: WS   /ws - (unix skt), clients: 10
[2026/09/25 17:56:19:0981] N: started process, pid: 60663
[2026/09/25 17:56:19:0987] N: started process, pid: 60664
[2026/09/25 17:56:19:0991] N: started process, pid: 60665
[2026/09/25 17:56:19:0995] N: started process, pid: 60666
[2026/09/25 17:56:19:1006] N: started process, pid: 60667
[2026/09/25 17:56:19:1013] N: started process, pid: 60668
[2026/09/25 17:56:19:1022] N: started process, pid: 60669
[2026/09/25 17:56:19:1035] N: started process, pid: 60671
[2026/09/25 17:56:19:1045] N: started process, pid: 60679
[2026/09/25 17:56:19:1073] N: started process, pid: 60683
[2026/09/25 17:56:19:1969] N: WS closed from (unix skt), clients: 9
[2026/09/25 17:56:19:1969] N: killing process, pid: 60665
[2026/09/25 17:56:19:1974] N: process killed with signal 1, pid: 60665
[2026/09/25 17:56:19:2899] N: WS closed from (unix skt), clients: 8
[2026/09/25 17:56:19:2900] N: killing process, pid: 60679
[2026/09/25 17:56:19:2903] N: process killed with signal 1, pid: 60679
[2026/09/25 17:56:19:4244] N: WS closed from (unix skt), clients: 7
[2026/09/25 17:56:19:4244] N: killing process, pid: 60668
[2026/09/25 17:56:19:4248] N: process killed with signal 0, pid: 60668
[2026/09/25 17:56:19:4425] N: WS closed from (unix skt), clients: 6
[2026/09/25 17:56:19:4426] N: killing process, pid: 60666
[2026/09/25 17:56:19:4430] N: process killed with signal 0, pid: 60666
[2026/09/25 17:56:19:4633] N: WS closed from (unix skt), clients: 5
[2026/09/25 17:56:19:4633] N: killing process, pid: 60663
[2026/09/25 17:56:19:4636] N: process killed with signal 0, pid: 60663
[2026/09/25 17:56:19:4935] N: WS closed from (unix skt), clients: 4
[2026/09/25 17:56:19:4935] N: killing process, pid: 60669
[2026/09/25 17:56:19:4939] N: process killed with signal 0, pid: 60669
[2026/09/25 17:56:19:8536] N: WS closed from (unix skt), clients: 3
[2026/09/25 17:56:19:8537] N: killing process, pid: 60664
[2026/09/25 17:56:19:8543] N: process killed with signal 0, pid: 60664
[2026/09/25 17:56:19:9792] N: WS closed from (unix skt), clients: 2
[2026/09/25 17:56:19:9792] N: killing process, pid: 60671
[2026/09/25 17:56:19:9800] N: process killed with signal 0, pid: 60671
[2026/09/25 17:56:21:0996] N: WS closed from (unix skt), clients: 1
[2026/09/25 17:56:21:0998] N: killing process, pid: 60667
[2026/09/25 17:56:21:0999] N: WS closed from (unix skt), clients: 0
[2026/09/25 17:56:21:0999] N: killing process, pid: 60683
[2026/09/25 17:56:21:1008] N: process killed with signal 0, pid: 60667
[2026/09/25 17:56:21:1018] N: process killed with signal 0, pid: 60683
[2026/09/25 17:56:21:1135] N: WS   /ws - (unix skt), clients: 1
[2026/09/25 17:56:21:1136] N: WS   /ws - (unix skt), clients: 2
[2026/09/25 17:56:21:1136] N: WS   /ws - (unix skt), clients: 3
[2026/09/25 17:56:21:1136] N: WS   /ws - (unix skt), clients: 4
[2026/09/25 17:56:21:1137] N: WS   /ws - (unix skt), clients: 5
[2026/09/25 17:56:21:1137] N: WS   /ws - (unix skt), clients: 6
[2026/09/25 17:56:21:1137] N: WS   /ws - (unix skt), clients: 7
[2026/09/25 17:56:21:1137] N: WS   /ws - (unix skt), clients: 8
[2026/09/25 17:56:21:1137] N: WS   /ws - (unix skt), clients: 9
[2026/09/25 17:56:21:1137] N: WS   /ws - (unix skt), clients: 10
[2026/09/25 17:56:21:1146] N: started process, pid: 61028
[2026/09/25 17:56:21:1151] N: started process, pid: 61029
[2026/09/25 17:56:21:1157] N: started process, pid: 61030
[2026/09/25 17:56:21:1162] N: started process, pid: 61031
[2026/09/25 17:56:21:1173] N: started process, pid: 61032
[2026/09/25 17:56:21:1182] N: started process, pid: 61033
[2026/09/25 17:56:21:1198] N: started process, pid: 61034
[2026/09/25 17:56:21:1208] N: started process, pid: 61037
[2026/09/25 17:56:21:1222] N: started process, pid: 61046
[2026/09/25 17:56:21:1240] N: started process, pid: 61053
[2026/09/25 17:56:21:2455] N: WS closed from (unix skt), clients: 9
[2026/09/25 17:56:21:2455] N: killing process, pid: 61030
[2026/09/25 17:56:21:2457] N: process killed with signal 1, pid: 61030
[2026/09/25 17:56:21:2577] N: WS closed from (unix skt), clients: 8
[2026/09/25 17:56:21:2577] N: killing process, pid: 61046
[2026/09/25 17:56:21:2579] N: process killed with signal 1, pid: 61046
[2026/09/25 17:56:21:3764] N: WS closed from (unix skt), clients: 7
[2026/09/25 17:56:21:3765] N: killing process, pid: 61032
[2026/09/25 17:56:21:3769] N: process killed with signal 0, pid: 61032
[2026/09/25 17:56:21:4474] N: WS closed from (unix skt), clients: 6
[2026/09/25 17:56:21:4474] N: killing process, pid: 61028
[2026/09/25 17:56:21:4479] N: process killed with signal 0, pid: 61028
[2026/09/25 17:56:21:4715] N: WS closed from (unix skt), clients: 5
[2026/09/25 17:56:21:4715] N: killing process, pid: 61033
[2026/09/25 17:56:21:4720] N: process killed with signal 0, pid: 61033
[2026/09/25 17:56:21:4851] N: WS closed from (unix skt), clients: 4
[2026/09/25 17:56:21:4852] N: killing process, pid: 61037
[2026/09/25 17:56:21:4856] N: process killed with signal 0, pid: 61037
[2026/09/25 17:56:21:9495] N: WS closed from (unix skt), clients: 3
[2026/09/25 17:56:21:9496] N: killing process, pid: 61029
[2026/09/25 17:56:21:9504] N: process killed with signal 0, pid: 61029
[2026/09/25 17:56:21:9841] N: WS closed from (unix skt), clients: 2
[2026/09/25 17:56:21:9842] N: killing process, pid: 61034
[2026/09/25 17:56:21:9857] N: process killed with signal 0, pid: 61034
[2026/09/25 17:56:23:1150] N: WS closed from (unix skt), clients: 1
[2026/09/25 17:56:23:1150] N: killing process, pid: 61031
[2026/09/25 17:56:23:1150] N: WS closed from (unix skt), clients: 0
[2026/09/25 17:56:23:1151] N: killing process, pid: 61053
[2026/09/25 17:56:23:1156] N: process killed with signal 0, pid: 61031
[2026/09/25 17:56:23:1162] N: process killed with signal 0, pid: 61053
[2026/09/25 17:56:23:1256] N: WS   /ws - (unix skt), clients: 1
[2026/09/25 17:56:23:1256] N: WS   /ws - (unix skt), clients: 2
[2026/09/25 17:56:23:1256] N: WS   /ws - (unix skt), clients: 3
[2026/09/25 17:56:23:1256] N: WS   /ws - (unix skt), clients: 4
[2026/09/25 17:56:23:1256] N: WS   /ws - (unix skt), clients: 5
[2026/09/25 17:56:23:1256] N: WS   /ws - (unix skt), clients: 6
[2026/09/25 17:56:23:1257] N: WS   /ws - (unix skt), clients: 7
[2026/09/25 17:56:23:1257] N: WS   /ws - (unix skt), clients: 8
[2026/09/25 17:56:23:1257] N: WS   /ws - (unix skt), clients: 9
[2026/09/25 17:56:23:1257] N: WS   /ws - (unix skt), clients: 10
[2026/09/25 17:56:23:1264] N: started process, pid: 61387
[2026/09/25 17:56:23:1268] N: started process, pid: 61388
[2026/09/25 17:56:23:1272] N: started process, pid: 61389
[2026/09/25 17:56:23:1280] N: started process, pid: 61391
[2026/09/25 17:56:23:1288] N: started process, pid: 61392
[2026/09/25 17:56:23:1295] N: started process, pid: 61393
[2026/09/25 17:56:23:1302] N: started process, pid: 61394
[2026/09/25 17:56:23:1314] N: started process, pid: 61395
[2026/09/25 17:56:23:1327] N: started process, pid: 61398
[2026/09/25 17:56:23:1340] N: started process, pid: 61407
[2026/09/25 17:56:23:2582] N: WS closed from (unix skt), clients: 9
[2026/09/25 17:56:23:2583] N: killing process, pid: 61389
[2026/09/25 17:56:23:2587] N: process killed with signal 1, pid: 61389
[2026/09/25 17:56:23:3138] N: WS closed from (unix skt), clients: 8
[2026/09/25 17:56:23:3139] N: killing process, pid: 61398
[2026/09/25 17:56:23:3147] N: process killed with signal 1, pid: 61398
[2026/09/25 17:56:23:4338] N: WS closed from (unix skt), clients: 7
[2026/09/25 17:56:23:4338] N: killing process, pid: 61387
[2026/09/25 17:56:23:4343] N: process killed with signal 0, pid: 61387
[2026/09/25 17:56:23:4739] N: WS closed from (unix skt), clients: 6
[2026/09/25 17:56:23:4739] N: killing process, pid: 61392
[2026/09/25 17:56:23:4744] N: process killed with signal 0, pid: 61392
[2026/09/25 17:56:23:4860] N: WS closed from (unix skt), clients: 5
[2026/09/25 17:56:23:4860] N: killing process, pid: 61394
[2026/09/25 17:56:23:4864] N: process killed with signal 0, pid: 61394
[2026/09/25 17:56:23:5132] N: WS closed from (unix skt), clients: 4
[2026/09/25 17:56:23:5132] N: killing process, pid: 61393
[2026/09/25 17:56:23:5138] N: process killed with signal 0, pid: 61393
[2026/09/25 17:56:23:9182] N: WS closed from (unix skt), clients: 3
[2026/09/25 17:56:23:9183] N: killing process, pid: 61388
[2026/09/25 17:56:23:9187] N: process killed with signal 0, pid: 61388
[2026/09/25 17:56:24:0191] N: WS closed from (unix skt), clients: 2
[2026/09/25 17:56:24:0192] N: killing process, pid: 61395
[2026/09/25 17:56:24:0229] N: process killed with signal 0, pid: 61395
[2026/09/25 17:56:25:1276] N: WS closed from (unix skt), clients: 1
[2026/09/25 17:56:25:1277] N: killing process, pid: 61391
[2026/09/25 17:56:25:1277] N: WS closed from (unix skt), clients: 0
[2026/09/25 17:56:25:1277] N: killing process, pid: 61407
[2026/09/25 17:56:25:1287] N: process killed with signal 0, pid: 61407
[2026/09/25 17:56:25:1287] N: process killed with signal 0, pid: 61391
[2026/09/25 17:56:25:1337] N: WS   /ws - (unix skt), clients: 1
[2026/09/25 17:56:25:1337] N: WS   /ws - (unix skt), clients: 2
[2026/09/25 17:56:25:1337] N: WS   /ws - (unix skt), clients: 3
[2026/09/25 17:56:25:1337] N: WS   /ws - (unix skt), clients: 4
[2026/09/25 17:56:25:1337] N: WS   /ws - (unix skt), clients: 5
[2026/09/25 17:56:25:1338] N: WS   /ws - (unix skt), clients: 6
[2026/09/25 17:56:25:1338] N: WS   /ws - (unix skt), clients: 7
[2026/09/25 17:56:25:1338] N: WS   /ws - (unix skt), clients: 8
[2026/09/25 17:56:25:1338] N: WS   /ws - (unix skt), clients: 9
[2026/09/25 17:56:25:1338] N: WS   /ws - (unix skt), clients: 10
[2026/09/25 17:56:25:1343] N: started process, pid: 61712
[2026/09/25 17:56:25:1346] N: started process, pid: 61713
[2026/09/25 17:56:25:1350] N: started process, pid: 61714
[2026/09/25 17:56:25:1354] N: started process, pid: 61715
[2026/09/25 17:56:25:1359] N: started process, pid: 61716
[2026/09/25 17:56:25:1367] N: started process, pid: 61717
[2026/09/25 17:56:25:1375] N: started process, pid: 61718
[2026/09/25 17:56:25:1387] N: started process, pid: 61722
[2026/09/25 17:56:25:1404] N: started process, pid: 61728
[2026/09/25 17:56:25:1413] N: started process, pid: 61731
[2026/09/25 17:56:25:2500] N: WS closed from (unix skt), clients: 9
[2026/09/25 17:56:25:2501] N: killing process, pid: 61714
[2026/09/25 17:56:25:2505] N: process killed with signal 1, pid: 61714
[2026/09/25 17:56:25:3122] N: WS closed from (unix skt), clients: 8
[2026/09/25 17:56:25:3122] N: killing process, pid: 61728
[2026/09/25 17:56:25:3125] N: process killed with signal 1, pid: 61728
[2026/09/25 17:56:25:4522] N: WS closed from (unix skt), clients: 7
[2026/09/25 17:56:25:4523] N: killing process, pid: 61712
[2026/09/25 17:56:25:4527] N: process killed with signal 0, pid: 61712
[2026/09/25 17:56:25:4766] N: WS closed from (unix skt), clients: 6
[2026/09/25 17:56:25:4767] N: killing process, pid: 61717
[2026/09/25 17:56:25:4773] N: process killed with signal 0, pid: 61717
[2026/09/25 17:56:25:5019] N: WS closed from (unix skt), clients: 5
[2026/09/25 17:56:25:5019] N: killing process, pid: 61716
[2026/09/25 17:56:25:5024] N: process killed with signal 0, pid: 61716
[2026/09/25 17:56:25:5121] N: WS closed from (unix skt), clients: 4
[2026/09/25 17:56:25:5121] N: killing process, pid: 61718
[2026/09/25 17:56:25:5126] N: process killed with signal 0, pid: 61718
[2026/09/25 17:56:25:9653] N: WS closed from (unix skt), clients: 3
[2026/09/25 17:56:25:9654] N: killing process, pid: 61713
[2026/09/25 17:56:25:9660] N: process killed with signal 0, pid: 61713
[2026/09/25 17:56:26:0133] N: WS closed from (unix skt), clients: 2
[2026/09/25 17:56:26:0133] N: killing process, pid: 61722
[2026/09/25 17:56:26:0140] N: process killed with signal 0, pid: 61722
[2026/09/25 17:56:27:1338] N: WS closed from (unix skt), clients: 1
[2026/09/25 17:56:27:1343] N: killing process, pid: 61715
[2026/09/25 17:56:27:1344] N: WS closed from (unix skt), clients: 0
[2026/09/25 17:56:27:1344] N: killing process, pid: 61731
[2026/09/25 17:56:27:1356] N: process killed with signal 0, pid: 61731
[2026/09/25 17:56:27:1356] N: process killed with signal 0, pid: 61715
[2026/09/25 17:56:27:1438] N: WS   /ws - (unix skt), clients: 1
[2026/09/25 17:56:27:1438] N: WS   /ws - (unix skt), clients: 2
[2026/09/25 17:56:27:1439] N: WS   /ws - (unix skt), clients: 3
[2026/09/25 17:56:27:1439] N: WS   /ws - (unix skt), clients: 4
[2026/09/25 17:56:27:1439] N: WS   /ws - (unix skt), clients: 5
[2026/09/25 17:56:27:1439] N: WS   /ws - (unix skt), clients: 6
[2026/09/25 17:56:27:1439] N: WS   /ws - (unix skt), clients: 7
[2026/09/25 17:56:27:1439] N: WS   /ws - (unix skt), clients: 8
[2026/09/25 17:56:27:1439] N: WS   /ws - (unix skt), clients: 9
[2026/09/25 17:56:27:1440] N: WS   /ws - (unix skt), clients: 10
[2026/09/25 17:56:27:1448] N: started process, pid: 62005
[2026/09/25 17:56:27:1453] N: started process, pid: 62006
[2026/09/25 17:56:27:1460] N: started process, pid: 62007
[2026/09/25 17:56:27:1465] N: started process, pid: 62008
[2026/09/25 17:56:27:1472] N: started process, pid: 62009
[2026/09/25 17:56:27:1489] N: started process, pid: 62010
[2026/09/25 17:56:27:1500] N: started process, pid: 62011
[2026/09/25 17:56:27:1516] N: started process, pid: 62014
[2026/09/25 17:56:27:1540] N: started process, pid: 62022
[2026/09/25 17:56:27:1572] N: started process, pid: 62034
[2026/09/25 17:56:27:2771] N: WS closed from (unix skt), clients: 9
[2026/09/25 17:56:27:2771] N: killing process, pid: 62007
[2026/09/25 17:56:27:2774] N: process killed with signal 1, pid: 62007
[2026/09/25 17:56:27:3156] N: WS closed from (unix skt), clients: 8
[2026/09/25 17:56:27:3156] N: killing process, pid: 62022
[2026/09/25 17:56:27:3160] N: process killed with signal 1, pid: 62022
[2026/09/25 17:56:27:4321] N: WS closed from (unix skt), clients: 7
[2026/09/25 17:56:27:4321] N: killing process, pid: 62005
[2026/09/25 17:56:27:4325] N: process killed with signal 0, pid: 62005
[2026/09/25 17:56:27:4552] N: WS closed from (unix skt), clients: 6
[2026/09/25 17:56:27:4553] N: killing process, pid: 62011
[2026/09/25 17:56:27:4556] N: process killed with signal 0, pid: 62011
[2026/09/25 17:56:27:5034] N: WS closed from (unix skt), clients: 5
[2026/09/25 17:56:27:5035] N: killing process, pid: 62010
[2026/09/25 17:56:27:5038] N: process killed with signal 0, pid: 62010
[2026/09/25 17:56:27:5165] N: WS closed from (unix skt), clients: 4
[2026/09/25 17:56:27:5165] N: killing process, pid: 62009
[2026/09/25 17:56:27:5169] N: process killed with signal 0, pid: 62009
[2026/09/25 17:56:27:9559] N: WS closed from (unix skt), clients: 3
[2026/09/25 17:56:27:9560] N: killing process, pid: 62014
[2026/09/25 17:56:27:9565] N: process killed with signal 0, pid: 62014
[2026/09/25 17:56:27:9690] N: WS closed from (unix skt), clients: 2
[2026/09/25 17:56:27:9691] N: killing process, pid: 62006
[2026/09/25 17:56:27:9696] N: process killed with signal 0, pid: 62006
[2026/09/25 17:56:29:1457] N: WS closed from (unix skt), clients: 1
[2026/09/25 17:56:29:1458] N: killing process, pid: 62008
[2026/09/25 17:56:29:1459] N: WS closed from (unix skt), clients: 0
[2026/09/25 17:56:29:1460] N: killing process, pid: 62034
[2026/09/25 17:56:29:1480] N: process killed with signal 0, pid: 62008
[2026/09/25 17:56:29:1481] N: process killed with signal 0, pid: 62034
[2026/09/25 17:56:29:1615] N: WS   /ws - (unix skt), clients: 1
[2026/09/25 17:56:29:1616] N: WS   /ws - (unix skt), clients: 2
[2026/09/25 17:56:29:1616] N: WS   /ws - (unix skt), clients: 3
[2026/09/25 17:56:29:1616] N: WS   /ws - (unix skt), clients: 4
[2026/09/25 17:56:29:1616] N: WS   /ws - (unix skt), clients: 5
[2026/09/25 17:56:29:1617] N: WS   /ws - (unix skt), clients: 6
[2026/09/25 17:56:29:1617] N: WS   /ws - (unix skt), clients: 7
[2026/09/25 17:56:29:1617] N: WS   /ws - (unix skt), clients: 8
[2026/09/25 17:56:29:1617] N: WS   /ws - (unix skt), clients: 9
[2026/09/25 17:56:29:1617] N: WS   /ws - (unix skt), clients: 10
[2026/09/25 17:56:29:1624] N: started process, pid: 62320
[2026/09/25 17:56:29:1628] N: started process, pid: 62321
[2026/09/25 17:56:29:1633] N: started process, pid: 62322
[2026/09/25 17:56:29:1637] N: started process, pid: 62323
[2026/09/25 17:56:29:1646] N: started process, pid: 62324
[2026/09/25 17:56:29:1656] N: started process, pid: 62325
[2026/09/25 17:56:29:1661] N: started process, pid: 62326
[2026/09/25 17:56:29:1669] N: started process, pid: 62327
[2026/09/25 17:56:29:1680] N: started process, pid: 62329
[2026/09/25 17:56:29:1688] N: started process, pid: 62334
[2026/09/25 17:56:29:2938] N: WS closed from (unix skt), clients: 9
[2026/09/25 17:56:29:2938] N: killing process, pid: 62322
[2026/09/25 17:56:29:2941] N: process killed with signal 1, pid: 62322
[2026/09/25 17:56:29:3556] N: WS closed from (unix skt), clients: 8
[2026/09/25 17:56:29:3556] N: killing process, pid: 62329
[2026/09/25 17:56:29:3558] N: process killed with signal 1, pid: 62329
[2026/09/25 17:56:29:4687] N: WS closed from (unix skt), clients: 7
[2026/09/25 17:56:29:4687] N: killing process, pid: 62320
[2026/09/25 17:56:29:4691] N: process killed with signal 0, pid: 62320
[2026/09/25 17:56:29:4828] N: WS closed from (unix skt), clients: 6
[2026/09/25 17:56:29:4828] N: killing process, pid: 62325
[2026/09/25 17:56:29:4831] N: process killed with signal 0, pid: 62325
[2026/09/25 17:56:29:5248] N: WS closed from (unix skt), clients: 5
[2026/09/25 17:56:29:5249] N: killing process, pid: 62324
[2026/09/25 17:56:29:5254] N: process killed with signal 0, pid: 62324
[2026/09/25 17:56:29:5578] N: WS closed from (unix skt), clients: 4
[2026/09/25 17:56:29:5578] N: killing process, pid: 62326
[2026/09/25 17:56:29:5583] N: process killed with signal 0, pid: 62326
[2026/09/25 17:56:29:9403] N: WS closed from (unix skt), clients: 3
[2026/09/25 17:56:29:9404] N: killing process, pid: 62321
[2026/09/25 17:56:29:9411] N: process killed with signal 0, pid: 62321
[2026/09/25 17:56:30:0448] N: WS closed from (unix skt), clients: 2
[2026/09/25 17:56:30:0448] N: killing process, pid: 62327
[2026/09/25 17:56:30:0452] N: process killed with signal 0, pid: 62327
[2026/09/25 17:56:31:1635] N: WS closed from (unix skt), clients: 1
[2026/09/25 17:56:31:1635] N: killing process, pid: 62323
[2026/09/25 17:56:31:1635] N: WS closed from (unix skt), clients: 0
[2026/09/25 17:56:31:1635] N: killing process, pid: 62334
[2026/09/25 17:56:31:1640] N: process killed with signal 0, pid: 62323
[2026/09/25 17:56:31:1644] N: process killed with signal 0, pid: 62334
[2026/09/25 17:56:31:1702] N: WS   /ws - (unix skt), clients: 1
[2026/09/25 17:56:31:1703] N: WS   /ws - (unix skt), clients: 2
[2026/09/25 17:56:31:1703] N: WS   /ws - (unix skt), clients: 3
[2026/09/25 17:56:31:1703] N: WS   /ws - (unix skt), clients: 4
[2026/09/25 17:56:31:1703] N: WS   /ws - (unix skt), clients: 5
[2026/09/25 17:56:31:1703] N: WS   /ws - (unix skt), clients: 6
[2026/09/25 17:56:31:1703] N: WS   /ws - (unix skt), clients: 7
[2026/09/25 17:56:31:1703] N: WS   /ws - (unix skt), clients: 8
[2026/09/25 17:56:31:1703] N: WS   /ws - (unix skt), clients: 9
[2026/09/25 17:56:31:1703] N: WS   /ws - (unix skt), clients: 10
[2026/09/25 17:56:31:1708] N: started process, pid: 62678
[2026/09/25 17:56:31:1712] N: started process, pid: 62679
[2026/09/25 17:56:31:1720] N: started process, pid: 62680
[2026/09/25 17:56:31:1724] N: started process, pid: 62682
[2026/09/25 17:56:31:1728] N: started process, pid: 62683
[2026/09/25 17:56:31:1743] N: started process, pid: 62684
[2026/09/25 17:56:31:1749] N: started process, pid: 62687
[2026/09/25 17:56:31:1764] N: started process, pid: 62691
[2026/09/25 17:56:31:1777] N: started process, pid: 62699
[2026/09/25 17:56:31:1789] N: started process, pid: 62701
[2026/09/25 17:56:31:2806] N: WS closed from (unix skt), clients: 9
[2026/09/25 17:56:31:2807] N: killing process, pid: 62680
[2026/09/25 17:56:31:2810] N: process killed with signal 1, pid: 62680
[2026/09/25 17:56:31:3560] N: WS closed from (unix skt), clients: 8
[2026/09/25 17:56:31:3561] N: killing process, pid: 62699
[2026/09/25 17:56:31:3565] N: process killed with signal 1, pid: 62699
[2026/09/25 17:56:31:4595] N: WS closed from (unix skt), clients: 7
[2026/09/25 17:56:31:4596] N: killing process, pid: 62678
[2026/09/25 17:56:31:4600] N: process killed with signal 0, pid: 62678
[2026/09/25 17:56:31:4967] N: WS closed from (unix skt), clients: 6
[2026/09/25 17:56:31:4967] N: killing process, pid: 62684
[2026/09/25 17:56:31:4971] N: process killed with signal 0, pid: 62684
[2026/09/25 17:56:31:5367] N: WS closed from (unix skt), clients: 5
[2026/09/25 17:56:31:5367] N: killing process, pid: 62683
[2026/09/25 17:56:31:5372] N: process killed with signal 0, pid: 62683
[2026/09/25 17:56:31:5512] N: WS closed from (unix skt), clients: 4
[2026/09/25 17:56:31:5512] N: killing process, pid: 62687
[2026/09/25 17:56:31:5516] N: process killed with signal 0, pid: 62687
[2026/09/25 17:56:31:9715] N: WS closed from (unix skt), clients: 3
[2026/09/25 17:56:31:9715] N: killing process, pid: 62679
[2026/09/25 17:56:31:9720] N: process killed with signal 0, pid: 62679
[2026/09/25 17:56:32:0533] N: WS closed from (unix skt), clients: 2
[2026/09/25 17:56:32:0533] N: killing process, pid: 62691
[2026/09/25 17:56:32:0539] N: process killed with signal 0, pid: 62691
[2026/09/25 17:56:33:1714] N: WS closed from (unix skt), clients: 1
[2026/09/25 17:56:33:1714] N: killing process, pid: 62682
[2026/09/25 17:56:33:1715] N: WS closed from (unix skt), clients: 0
[2026/09/25 17:56:33:1715] N: killing process, pid: 62701
[2026/09/25 17:56:33:1722] N: process killed with signal 0, pid: 62682
[2026/09/25 17:56:33:1731] N: process killed with signal 0, pid: 62701
[2026/09/25 17:56:33:1849] N: WS   /ws - (unix skt), clients: 1
[2026/09/25 17:56:33:1850] N: WS   /ws - (unix skt), clients: 2
[2026/09/25 17:56:33:1850] N: WS   /ws - (unix skt), clients: 3
[2026/09/25 17:56:33:1850] N: WS   /ws - (unix skt), clients: 4
[2026/09/25 17:56:33:1850] N: WS   /ws - (unix skt), clients: 5
[2026/09/25 17:56:33:1851] N: WS   /ws - (unix skt), clients: 6
[2026/09/25 17:56:33:1851] N: WS   /ws - (unix skt), clients: 7
[2026/09/25 17:56:33:1851] N: WS   /ws - (unix skt), clients: 8
[2026/09/25 17:56:33:1851] N: WS   /ws - (unix skt), clients: 9
[2026/09/25 17:56:33:1851] N: WS   /ws - (unix skt), clients: 10
[2026/09/25 17:56:33:1858] N: started process, pid: 63089
[2026/09/25 17:56:33:1862] N: started process, pid: 63090
[2026/09/25 17:56:33:1867] N: started process, pid: 63091
[2026/09/25 17:56:33:1871] N: started process, pid: 63092
[2026/09/25 17:56:33:1877] N: started process, pid: 63093
[2026/09/25 17:56:33:1886] N: started process, pid: 63094
[2026/09/25 17:56:33:1894] N: started process, pid: 63095
[2026/09/25 17:56:33:1901] N: started process, pid: 63096
[2026/09/25 17:56:33:1914] N: started process, pid: 63097
[2026/09/25 17:56:33:1924] N: started process, pid: 63103
[2026/09/25 17:56:33:3251] N: WS closed from (unix skt), clients: 9
[2026/09/25 17:56:33:3255] N: killing process, pid: 63091
[2026/09/25 17:56:33:3257] N: process killed with signal 1, pid: 63091
[2026/09/25 17:56:33:3791] N: WS closed from (unix skt), clients: 8
[2026/09/25 17:56:33:3792] N: killing process, pid: 63097
[2026/09/25 17:56:33:3794] N: process killed with signal 1, pid: 63097
[2026/09/25 17:56:33:5132] N: WS closed from (unix skt), clients: 7
[2026/09/25 17:56:33:5132] N: killing process, pid: 63093
[2026/09/25 17:56:33:5132] N: WS closed from (unix skt), clients: 6
[2026/09/25 17:56:33:5132] N: killing process, pid: 63089
[2026/09/25 17:56:33:5136] N: process killed with signal 0, pid: 63093
[2026/09/25 17:56:33:5137] N: process killed with signal 0, pid: 63089
[2026/09/25 17:56:33:5422] N: WS closed from (unix skt), clients: 5
[2026/09/25 17:56:33:5422] N: killing process, pid: 63094
[2026/09/25 17:56:33:5427] N: process killed with signal 0, pid: 63094
[2026/09/25 17:56:33:5824] N: WS closed from (unix skt), clients: 4
[2026/09/25 17:56:33:5824] N: killing process, pid: 63095
[2026/09/25 17:56:33:5828] N: process killed with signal 0, pid: 63095
[2026/09/25 17:56:34:0157] N: WS closed from (unix skt), clients: 3
[2026/09/25 17:56:34:0158] N: killing process, pid: 63096
[2026/09/25 17:56:34:0167] N: process killed with signal 0, pid: 63096
[2026/09/25 17:56:34:0579] N: WS closed from (unix skt), clients: 2
[2026/09/25 17:56:34:0580] N: killing process, pid: 63090
[2026/09/25 17:56:34:0589] N: process killed with signal 0, pid: 63090
[2026/09/25 17:56:35:1865] N: WS closed from (unix skt), clients: 1
[2026/09/25 17:56:35:1865] N: killing process, pid: 63092
[2026/09/25 17:56:35:1865] N: WS closed from (unix skt), clients: 0
[2026/09/25 17:56:35:1865] N: killing process, pid: 63103
[2026/09/25 17:56:35:1869] N: process killed with signal 0, pid: 63092
[2026/09/25 17:56:35:1873] N: process killed with signal 0, pid: 63103
[2026/09/25 17:56:35:1943] N: WS   /ws - (unix skt), clients: 1
[2026/09/25 17:56:35:1943] N: WS   /ws - (unix skt), clients: 2
[2026/09/25 17:56:35:1943] N: WS   /ws - (unix skt), clients: 3
[2026/09/25 17:56:35:1944] N: WS   /ws - (unix skt), clients: 4
[2026/09/25 17:56:35:1944] N: WS   /ws - (unix skt), clients: 5
[2026/09/25 17:56:35:1944] N: WS   /ws - (unix skt), clients: 6
[2026/09/25 17:56:35:1944] N: WS   /ws - (unix skt), clients: 7
[2026/09/25 17:56:35:1944] N: WS   /ws - (unix skt), clients: 8
[2026/09/25 17:56:35:1944] N: WS   /ws - (unix skt), clients: 9
[2026/09/25 17:56:35:1944] N: WS   /ws - (unix skt), clients: 10
[2026/09/25 17:56:35:1950] N: started process, pid: 63396
[2026/09/25 17:56:35:1953] N: started process, pid: 63397
[2026/09/25 17:56:35:1956] N: started process, pid: 63398
[2026/09/25 17:56:35:1961] N: started process, pid: 63399
[2026/09/25 17:56:35:1970] N: started process, pid: 63400
[2026/09/25 17:56:35:1976] N: started process, pid: 63401
[2026/09/25 17:56:35:1989] N: started process, pid: 63402
[2026/09/25 17:56:35:2005] N: started process, pid: 63412
[2026/09/25 17:56:35:2032] N: started process, pid: 63418
[2026/09/25 17:56:35:2050] N: started process, pid: 63427
[2026/09/25 17:56:35:3003] N: WS closed from (unix skt), clients: 9
[2026/09/25 17:56:35:3004] N: killing process, pid: 63398
[2026/09/25 17:56:35:3007] N: process killed with signal 1, pid: 63398
[2026/09/25 17:56:35:3787] N: WS closed from (unix skt), clients: 8
[2026/09/25 17:56:35:3787] N: killing process, pid: 63418
[2026/09/25 17:56:35:3790] N: process killed with signal 1, pid: 63418
[2026/09/25 17:56:35:5023] N: WS closed from (unix skt), clients: 7
[2026/09/25 17:56:35:5023] N: killing process, pid: 63396
[2026/09/25 17:56:35:5027] N: process killed with signal 0, pid: 63396
[2026/09/25 17:56:35:5545] N: WS closed from (unix skt), clients: 6
[2026/09/25 17:56:35:5545] N: killing process, pid: 63402
[2026/09/25 17:56:35:5551] N: process killed with signal 0, pid: 63402
[2026/09/25 17:56:35:5672] N: WS closed from (unix skt), clients: 5
[2026/09/25 17:56:35:5672] N: killing process, pid: 63400
[2026/09/25 17:56:35:5676] N: process killed with signal 0, pid: 63400
[2026/09/25 17:56:35:5808] N: WS closed from (unix skt), clients: 4
[2026/09/25 17:56:35:5809] N: killing process, pid: 63401
[2026/09/25 17:56:35:5813] N: process killed with signal 0, pid: 63401
[2026/09/25 17:56:36:0297] N: WS closed from (unix skt), clients: 3
[2026/09/25 17:56:36:0297] N: killing process, pid: 63397
[2026/09/25 17:56:36:0305] N: process killed with signal 0, pid: 63397
[2026/09/25 17:56:36:0426] N: WS closed from (unix skt), clients: 2
[2026/09/25 17:56:36:0427] N: killing process, pid: 63412
[2026/09/25 17:56:36:0436] N: process killed with signal 0, pid: 63412
[2026/09/25 17:56:37:1944] N: WS closed from (unix skt), clients: 1
[2026/09/25 17:56:37:1945] N: killing process, pid: 63399
[2026/09/25 17:56:37:1945] N: WS closed from (unix skt), clients: 0
[2026/09/25 17:56:37:1945] N: killing process, pid: 63427
[2026/09/25 17:56:37:1951] N: process killed with signal 0, pid: 63399
[2026/09/25 17:56:37:1956] N: process killed with signal 0, pid: 63427
[2026/09/25 17:56:37:2029] N: WS   /ws - (unix skt), clients: 1
[2026/09/25 17:56:37:2029] N: WS   /ws - (unix skt), clients: 2
[2026/09/25 17:56:37:2029] N: WS   /ws - (unix skt), clients: 3
[2026/09/25 17:56:37:2029] N: WS   /ws - (unix skt), clients: 4
[2026/09/25 17:56:37:2029] N: WS   /ws - (unix skt), clients: 5
[2026/09/25 17:56:37:2029] N: WS   /ws - (unix skt), clients: 6
[2026/09/25 17:56:37:2029] N: WS   /ws - (unix skt), clients: 7
[2026/09/25 17:56:37:2029] N: WS   /ws - (unix skt), clients: 8
[2026/09/25 17:56:37:2030] N: WS   /ws - (unix skt), clients: 9
[2026/09/25 17:56:37:2030] N: WS   /ws - (unix skt), clients: 10
[2026/09/25 17:56:37:2036] N: started process, pid: 63706
[2026/09/25 17:56:37:2040] N: started process, pid: 63707
[2026/09/25 17:56:37:2045] N: started process, pid: 63708
[2026/09/25 17:56:37:2050] N: started process, pid: 63709
[2026/09/25 17:56:37:2058] N: started process, pid: 63710
[2026/09/25 17:56:37:2065] N: started process, pid: 63711
[2026/09/25 17:56:37:2075] N: started process, pid: 63712
[2026/09/25 17:56:37:2089] N: started process, pid: 63715
[2026/09/25 17:56:37:2105] N: started process, pid: 63725
[2026/09/25 17:56:37:2122] N: started process, pid: 63730
[2026/09/25 17:56:37:3201] N: WS closed from (unix skt), clients: 9
[2026/09/25 17:56:37:3201] N: killing process, pid: 63708
[2026/09/25 17:56:37:3204] N: process killed with signal 1, pid: 63708
[2026/09/25 17:56:37:3576] N: WS closed from (unix skt), clients: 8
[2026/09/25 17:56:37:3577] N: killing process, pid: 63725
[2026/09/25 17:56:37:3581] N: process killed with signal 1, pid: 63725
[2026/09/25 17:56:37:4977] N: WS closed from (unix skt), clients: 7
[2026/09/25 17:56:37:4977] N: killing process, pid: 63706
[2026/09/25 17:56:37:4982] N: process killed with signal 0, pid: 63706
[2026/09/25 17:56:37:5108] N: WS closed from (unix skt), clients: 6
[2026/09/25 17:56:37:5108] N: killing process, pid: 63710
[2026/09/25 17:56:37:5112] N: process killed with signal 0, pid: 63710
[2026/09/25 17:56:37:5720] N: WS closed from (unix skt), clients: 5
[2026/09/25 17:56:37:5721] N: killing process, pid: 63711
[2026/09/25 17:56:37:5721] N: WS closed from (unix skt), clients: 4
[2026/09/25 17:56:37:5721] N: killing process, pid: 63712
[2026/09/25 17:56:37:5727] N: process killed with signal 0, pid: 63711
[2026/09/25 17:56:37:5728] N: process killed with signal 0, pid: 63712
[2026/09/25 17:56:38:0356] N: WS closed from (unix skt), clients: 3
[2026/09/25 17:56:38:0357] N: killing process, pid: 63707
[2026/09/25 17:56:38:0369] N: process killed with signal 0, pid: 63707
[2026/09/25 17:56:38:0479] N: WS closed from (unix skt), clients: 2
[2026/09/25 17:56:38:0480] N: killing process, pid: 63715
[2026/09/25 17:56:38:0493] N: process killed with signal 0, pid: 63715
[2026/09/25 17:56:39:2029] N: WS closed from (unix skt), clients: 1
[2026/09/25 17:56:39:2033] N: killing process, pid: 63709
[2026/09/25 17:56:39:2041] N: process killed with signal 0, pid: 63709
[2026/09/25 17:56:39:2043] N: WS closed from (unix skt), clients: 0
[2026/09/25 17:56:39:2043] N: killing process, pid: 63730
[2026/09/25 17:56:39:2054] N: process killed with signal 0, pid: 63730
[2026/09/25 17:56:39:2146] N: WS   /ws - (unix skt), clients: 1
[2026/09/25 17:56:39:2146] N: WS   /ws - (unix skt), clients: 2
[2026/09/25 17:56:39:2147] N: WS   /ws - (unix skt), clients: 3
[2026/09/25 17:56:39:2147] N: WS   /ws - (unix skt), clients: 4
[2026/09/25 17:56:39:2147] N: WS   /ws - (unix skt), clients: 5
[2026/09/25 17:56:39:2147] N: WS   /ws - (unix skt), clients: 6
[2026/09/25 17:56:39:2147] N: WS   /ws - (unix skt), clients: 7
[2026/09/25 17:56:39:2147] N: WS   /ws - (unix skt), clients: 8
[2026/09/25 17:56:39:2147] N: WS   /ws - (unix skt), clients: 9
[2026/09/25 17:56:39:2147] N: WS   /ws - (unix skt), clients: 10
[2026/09/25 17:56:39:2152] N: started process, pid: 64075
[2026/09/25 17:56:39:2161] N: started process, pid: 64076
[2026/09/25 17:56:39:2175] N: started process, pid: 64077
[2026/09/25 17:56:39:2186] N: started process, pid: 64079
[2026/09/25 17:56:39:2205] N: started process, pid: 64080
[2026/09/25 17:56:39:2222] N: started process, pid: 64081
[2026/09/25 17:56:39:2260] N: started process, pid: 64083
[2026/09/25 17:56:39:2279] N: started process, pid: 64085
[2026/09/25 17:56:39:2304] N: started process, pid: 64088
[2026/09/25 17:56:39:2333] N: started process, pid: 64102
[2026/09/25 17:56:39:4799] N: WS closed from (unix skt), clients: 9
[2026/09/25 17:56:39:4799] N: killing process, pid: 64088
[2026/09/25 17:56:39:4805] N: process killed with signal 1, pid: 64088
[2026/09/25 17:56:39:4810] N: WS closed from (unix skt), clients: 8
[2026/09/25 17:56:39:4810] N: killing process, pid: 64079
[2026/09/25 17:56:39:4815] N: process killed with signal 1, pid: 64079
[2026/09/25 17:56:39:5036] N: WS closed from (unix skt), clients: 7
[2026/09/25 17:56:39:5036] N: killing process, pid: 64076
[2026/09/25 17:56:39:5043] N: process killed with signal 0, pid: 64076
[2026/09/25 17:56:39:6287] N: WS closed from (unix skt), clients: 6
[2026/09/25 17:56:39:6288] N: killing process, pid: 64081
[2026/09/25 17:56:39:6289] N: WS closed from (unix skt), clients: 5
[2026/09/25 17:56:39:6289] N: killing process, pid: 64075
[2026/09/25 17:56:39:6297] N: process killed with signal 0, pid: 64081
[2026/09/25 17:56:39:6298] N: process killed with signal 0, pid: 64075
[2026/09/25 17:56:39:6592] N: WS closed from (unix skt), clients: 4
[2026/09/25 17:56:39:6593] N: killing process, pid: 64083
[2026/09/25 17:56:39:6601] N: process killed with signal 0, pid: 64083
[2026/09/25 17:56:40:1291] N: WS closed from (unix skt), clients: 3
[2026/09/25 17:56:40:1291] N: killing process, pid: 64077
[2026/09/25 17:56:40:1295] N: process killed with signal 0, pid: 64077
[2026/09/25 17:56:40:1492] N: WS closed from (unix skt), clients: 2
[2026/09/25 17:56:40:1493] N: killing process, pid: 64085
[2026/09/25 17:56:40:1498] N: process killed with signal 0, pid: 64085
[2026/09/25 17:56:41:2156] N: WS closed from (unix skt), clients: 1
[2026/09/25 17:56:41:2157] N: killing process, pid: 64080
[2026/09/25 17:56:41:2157] N: WS closed from (unix skt), clients: 0
[2026/09/25 17:56:41:2157] N: killing process, pid: 64102
[2026/09/25 17:56:41:2162] N: process killed with signal 0, pid: 64080
[2026/09/25 17:56:41:2218] N: process killed with signal 0, pid: 64102
[2026/09/25 17:56:41:2236] N: WS   /ws - (unix skt), clients: 1
[2026/09/25 17:56:41:2236] N: WS   /ws - (unix skt), clients: 2
[2026/09/25 17:56:41:2236] N: WS   /ws - (unix skt), clients: 3
[2026/09/25 17:56:41:2236] N: WS   /ws - (unix skt), clients: 4
[2026/09/25 17:56:41:2236] N: WS   /ws - (unix skt), clients: 5
[2026/09/25 17:56:41:2236] N: WS   /ws - (unix skt), clients: 6
[2026/09/25 17:56:41:2236] N: WS   /ws - (unix skt), clients: 7
[2026/09/25 17:56:41:2236] N: WS   /ws - (unix skt), clients: 8
[2026/09/25 17:56:41:2236] N: WS   /ws - (unix skt), clients: 9
[2026/09/25 17:56:41:2236] N: WS   /ws - (unix skt), clients: 10
[2026/09/25 17:56:41:2241] N: started process, pid: 64409
[2026/09/25 17:56:41:2245] N: started process, pid: 64410
[2026/09/25 17:56:41:2248] N: started process, pid: 64411
[2026/09/25 17:56:41:2254] N: started process, pid: 64412
[2026/09/25 17:56:41:2267] N: started process, pid: 64413
[2026/09/25 17:56:41:2276] N: started process, pid: 64414
[2026/09/25 17:56:41:2281] N: started process, pid: 64415
[2026/09/25 17:56:41:2301] N: started process, pid: 64419
[2026/09/25 17:56:41:2324] N: started process, pid: 64433
[2026/09/25 17:56:41:2341] N: started process, pid: 64436
[2026/09/25 17:56:41:3609] N: WS closed from (unix skt), clients: 9
[2026/09/25 17:56:41:3609] N: killing process, pid: 64411
[2026/09/25 17:56:41:3613] N: process killed with signal 1, pid: 64411
[2026/09/25 17:56:41:4440] N: WS closed from (unix skt), clients: 8
[2026/09/25 17:56:41:4441] N: killing process, pid: 64433
[2026/09/25 17:56:41:4443] N: process killed with signal 1, pid: 64433
[2026/09/25 17:56:41:5788] N: WS closed from (unix skt), clients: 7
[2026/09/25 17:56:41:5789] N: killing process, pid: 64414
[2026/09/25 17:56:41:5892] N: process killed with signal 0, pid: 64414
[2026/09/25 17:56:41:5966] N: WS closed from (unix skt), clients: 6
[2026/09/25 17:56:41:5966] N: killing process, pid: 64409
[2026/09/25 17:56:41:6048] N: process killed with signal 0, pid: 64409
[2026/09/25 17:56:41:6267] N: WS closed from (unix skt), clients: 5
[2026/09/25 17:56:41:6267] N: killing process, pid: 64413
[2026/09/25 17:56:41:6278] N: process killed with signal 0, pid: 64413
[2026/09/25 17:56:41:6477] N: WS closed from (unix skt), clients: 4
[2026/09/25 17:56:41:6478] N: killing process, pid: 64415
[2026/09/25 17:56:41:6506] N: process killed with signal 0, pid: 64415
[2026/09/25 17:56:42:0061] N: WS closed from (unix skt), clients: 3
[2026/09/25 17:56:42:0061] N: killing process, pid: 64410
[2026/09/25 17:56:42:0128] N: process killed with signal 0, pid: 64410
[2026/09/25 17:56:42:1105] N: WS closed from (unix skt), clients: 2
[2026/09/25 17:56:42:1107] N: killing process, pid: 64419
[2026/09/25 17:56:42:1117] N: process killed with signal 0, pid: 64419
[2026/09/25 17:56:43:2310] N: WS closed from (unix skt), clients: 1
[2026/09/25 17:56:43:2311] N: killing process, pid: 64412
[2026/09/25 17:56:43:2311] N: WS closed from (unix skt), clients: 0
[2026/09/25 17:56:43:2312] N: killing process, pid: 64436
[2026/09/25 17:56:43:2381] N: process killed with signal 0, pid: 64412
[2026/09/25 17:56:43:2382] N: process killed with signal 0, pid: 64436
[2026/09/25 17:56:43:2810] N: WS   /ws - (unix skt), clients: 1
[2026/09/25 17:56:43:2811] N: WS   /ws - (unix skt), clients: 2
[2026/09/25 17:56:43:2811] N: WS   /ws - (unix skt), clients: 3
[2026/09/25 17:56:43:2812] N: WS   /ws - (unix skt), clients: 4
[2026/09/25 17:56:43:2812] N: WS   /ws - (unix skt), clients: 5
[2026/09/25 17:56:43:2812] N: WS   /ws - (unix skt), clients: 6
[2026/09/25 17:56:43:2812] N: WS   /ws - (unix skt), clients: 7
[2026/09/25 17:56:43:2812] N: WS   /ws - (unix skt), clients: 8
[2026/09/25 17:56:43:2812] N: WS   /ws - (unix skt), clients: 9
[2026/09/25 17:56:43:2813] N: WS   /ws - (unix skt), clients: 10
[2026/09/25 17:56:43:2842] N: started process, pid: 64746
[2026/09/25 17:56:43:2850] N: started process, pid: 64747
[2026/09/25 17:56:43:2866] N: started process, pid: 64748
[2026/09/25 17:56:43:2900] N: started process, pid: 64749
[2026/09/25 17:56:43:2924] N: started process, pid: 64750
[2026/09/25 17:56:43:2931] N: started process, pid: 64753
[2026/09/25 17:56:43:2955] N: started process, pid: 64754
[2026/09/25 17:56:43:2987] N: started process, pid: 64756
[2026/09/25 17:56:43:3004] N: started process, pid: 64757
[2026/09/25 17:56:43:3021] N: started process, pid: 64759
[2026/09/25 17:56:43:6379] N: WS closed from (unix skt), clients: 9
[2026/09/25 17:56:43:6380] N: killing process, pid: 64749
[2026/09/25 17:56:43:6383] N: process killed with signal 1, pid: 64749
[2026/09/25 17:56:43:7811] N: WS closed from (unix skt), clients: 8
[2026/09/25 17:56:43:7812] N: killing process, pid: 64757
[2026/09/25 17:56:43:7817] N: process killed with signal 1, pid: 64757
[2026/09/25 17:56:43:7893] N: WS closed from (unix skt), clients: 7
[2026/09/25 17:56:43:7893] N: killing process, pid: 64746
[2026/09/25 17:56:43:8376] N: WS closed from (unix skt), clients: 6
[2026/09/25 17:56:43:8377] N: killing process, pid: 64753
[2026/09/25 17:56:43:8580] N: process killed with signal 0, pid: 64746
[2026/09/25 17:56:43:9616] N: process killed with signal 0, pid: 64753
[2026/09/25 17:56:44:0425] N: WS closed from (unix skt), clients: 5
[2026/09/25 17:56:44:0425] N: killing process, pid: 64747
[2026/09/25 17:56:44:0433] N: process killed with signal 0, pid: 64747
[2026/09/25 17:56:44:1819] N: WS closed from (unix skt), clients: 4
[2026/09/25 17:56:44:1820] N: killing process, pid: 64754
[2026/09/25 17:56:44:1828] N: process killed with signal 0, pid: 64754
[2026/09/25 17:56:44:6532] N: WS closed from (unix skt), clients: 3
[2026/09/25 17:56:44:6533] N: killing process, pid: 64756
[2026/09/25 17:56:44:6552] N: process killed with signal 0, pid: 64756
[2026/09/25 17:56:44:6851] N: WS closed from (unix skt), clients: 2
[2026/09/25 17:56:44:6852] N: killing process, pid: 64748
[2026/09/25 17:56:44:6861] N: process killed with signal 0, pid: 64748
[2026/09/25 17:56:45:2888] N: WS closed from (unix skt), clients: 1
[2026/09/25 17:56:45:2889] N: killing process, pid: 64750
[2026/09/25 17:56:45:2889] N: WS closed from (unix skt), clients: 0
[2026/09/25 17:56:45:2889] N: killing process, pid: 64759
[2026/09/25 17:56:45:2927] N: process killed with signal 0, pid: 64750
[2026/09/25 17:56:45:2928] N: process killed with signal 0, pid: 64759
[2026/09/25 19:57:15:4017] N: received signal: SIGTERM (15), exiting...
[2026/09/25 19:57:15:4031] N: send ^C to force exit.
