[2026/09/25 14:40:19:8938] N: ttyd 1.7.7-unknown (libwebsockets 4.5.2-unknown)
[2026/09/25 14:40:19:8942] N: tty configuration:
[2026/09/25 14:40:19:8942] N:   start command: /tmp/tcc-muhhigaw/attach.sh
[2026/09/25 14:40:19:8942] N:   close signal: SIGHUP (1)
[2026/09/25 14:40:19:8942] N:   terminal type: xterm-256color
[2026/09/25 14:40:19:8942] N:   allow url arg: true
[2026/09/25 14:40:19:8947] N: lws_create_context: LWS: 4.5.2-unknown, NET CLI SRV H1 H2 WS SS-JSON-POL ConMon IPV6-off
[2026/09/25 14:40:19:8989] N: elops_init_pt_uv:  Using foreign event loop...
[2026/09/25 14:40:19:8990] W: callback_lws_sshd_demo: Can't open /etc/lws-test-sshd-server-key
[2026/09/25 14:40:19:8990] W: ssh pvo "ops" is mandatory
[2026/09/25 14:40:19:8990] W: callback_raw_test: Missing pvo "fifo-path", raw file fd testing disabled
[2026/09/25 14:40:19:8990] W: handler_server_protocol_init: requires 'upload-dir' pvo
[2026/09/25 14:40:19:9010] N: [null wsi]: lws_socket_bind: vh default unix skt /tmp/tcc-muhhigaw/ttyd.sock perms 4294967295:4294967295
[2026/09/25 14:40:19:9010] N: [vh|2|default|/tmp/tcc-muhhigaw/ttyd.sock|/tmp/tcc-muhhigaw/tt]: lws_socket_bind: source ads (unix skt)
[2026/09/25 14:40:19:9010] N:  Listening on port: 0
[2026/09/25 14:40:19:9664] N: WS   /ws - (unix skt), clients: 1
[2026/09/25 14:40:19:9665] N: WS   /ws - (unix skt), clients: 2
[2026/09/25 14:40:19:9665] N: WS   /ws - (unix skt), clients: 3
[2026/09/25 14:40:19:9665] N: WS   /ws - (unix skt), clients: 4
[2026/09/25 14:40:19:9665] N: WS   /ws - (unix skt), clients: 5
[2026/09/25 14:40:19:9666] N: WS   /ws - (unix skt), clients: 6
[2026/09/25 14:40:19:9666] N: WS   /ws - (unix skt), clients: 7
[2026/09/25 14:40:19:9670] N: WS   /ws - (unix skt), clients: 8
[2026/09/25 14:40:19:9670] N: WS   /ws - (unix skt), clients: 9
[2026/09/25 14:40:19:9692] N: started process, pid: 26961
[2026/09/25 14:40:19:9696] N: started process, pid: 26962
[2026/09/25 14:40:19:9697] N: WS   /ws - (unix skt), clients: 10
[2026/09/25 14:40:19:9701] N: started process, pid: 26963
[2026/09/25 14:40:19:9708] N: started process, pid: 26964
[2026/09/25 14:40:19:9714] N: started process, pid: 26965
[2026/09/25 14:40:19:9717] N: started process, pid: 26966
[2026/09/25 14:40:19:9722] N: started process, pid: 26967
[2026/09/25 14:40:19:9727] N: started process, pid: 26968
[2026/09/25 14:40:19:9732] N: started process, pid: 26969
[2026/09/25 14:40:19:9738] N: started process, pid: 26970
[2026/09/25 14:40:20:1507] N: WS closed from (unix skt), clients: 9
[2026/09/25 14:40:20:1508] N: killing process, pid: 26964
[2026/09/25 14:40:20:1510] N: process killed with signal 1, pid: 26964
[2026/09/25 14:40:20:2201] N: WS closed from (unix skt), clients: 8
[2026/09/25 14:40:20:2202] N: killing process, pid: 26969
[2026/09/25 14:40:20:2205] N: process killed with signal 1, pid: 26969
[2026/09/25 14:40:20:4075] N: WS closed from (unix skt), clients: 7
[2026/09/25 14:40:20:4075] N: killing process, pid: 26967
[2026/09/25 14:40:20:4080] N: process killed with signal 0, pid: 26967
[2026/09/25 14:40:20:4377] N: WS closed from (unix skt), clients: 6
[2026/09/25 14:40:20:4377] N: killing process, pid: 26962
[2026/09/25 14:40:20:4381] N: process killed with signal 0, pid: 26962
[2026/09/25 14:40:20:4479] N: WS closed from (unix skt), clients: 5
[2026/09/25 14:40:20:4480] N: killing process, pid: 26966
[2026/09/25 14:40:20:4483] N: process killed with signal 0, pid: 26966
[2026/09/25 14:40:20:4702] N: WS closed from (unix skt), clients: 4
[2026/09/25 14:40:20:4702] N: killing process, pid: 26961
[2026/09/25 14:40:20:4706] N: process killed with signal 0, pid: 26961
[2026/09/25 14:40:20:9591] N: WS closed from (unix skt), clients: 3
[2026/09/25 14:40:20:9592] N: killing process, pid: 26963
[2026/09/25 14:40:20:9597] N: process killed with signal 0, pid: 26963
[2026/09/25 14:40:20:9710] N: WS closed from (unix skt), clients: 2
[2026/09/25 14:40:20:9711] N: killing process, pid: 26968
[2026/09/25 14:40:20:9717] N: process killed with signal 0, pid: 26968
[2026/09/25 14:40:21:9698] N: WS closed from (unix skt), clients: 1
[2026/09/25 14:40:21:9700] N: killing process, pid: 26965
[2026/09/25 14:40:21:9702] N: WS closed from (unix skt), clients: 0
[2026/09/25 14:40:21:9702] N: killing process, pid: 26970
[2026/09/25 14:40:21:9721] N: process killed with signal 0, pid: 26965
[2026/09/25 14:40:21:9743] N: process killed with signal 0, pid: 26970
[2026/09/25 14:40:22:0030] N: WS   /ws - (unix skt), clients: 1
[2026/09/25 14:40:22:0031] N: WS   /ws - (unix skt), clients: 2
[2026/09/25 14:40:22:0031] N: WS   /ws - (unix skt), clients: 3
[2026/09/25 14:40:22:0031] N: WS   /ws - (unix skt), clients: 4
[2026/09/25 14:40:22:0031] N: WS   /ws - (unix skt), clients: 5
[2026/09/25 14:40:22:0031] N: WS   /ws - (unix skt), clients: 6
[2026/09/25 14:40:22:0031] N: WS   /ws - (unix skt), clients: 7
[2026/09/25 14:40:22:0032] N: WS   /ws - (unix skt), clients: 8
[2026/09/25 14:40:22:0032] N: WS   /ws - (unix skt), clients: 9
[2026/09/25 14:40:22:0032] N: WS   /ws - (unix skt), clients: 10
[2026/09/25 14:40:22:0046] N: started process, pid: 27368
[2026/09/25 14:40:22:0055] N: started process, pid: 27369
[2026/09/25 14:40:22:0062] N: started process, pid: 27370
[2026/09/25 14:40:22:0073] N: started process, pid: 27371
[2026/09/25 14:40:22:0088] N: started process, pid: 27372
[2026/09/25 14:40:22:0097] N: started process, pid: 27373
[2026/09/25 14:40:22:0112] N: started process, pid: 27374
[2026/09/25 14:40:22:0127] N: started process, pid: 27376
[2026/09/25 14:40:22:0154] N: started process, pid: 27383
[2026/09/25 14:40:22:0181] N: started process, pid: 27389
[2026/09/25 14:40:22:1546] N: WS closed from (unix skt), clients: 9
[2026/09/25 14:40:22:1547] N: killing process, pid: 27371
[2026/09/25 14:40:22:1550] N: process killed with signal 1, pid: 27371
[2026/09/25 14:40:22:1788] N: WS closed from (unix skt), clients: 8
[2026/09/25 14:40:22:1788] N: killing process, pid: 27383
[2026/09/25 14:40:22:1792] N: process killed with signal 1, pid: 27383
[2026/09/25 14:40:22:2655] N: WS closed from (unix skt), clients: 7
[2026/09/25 14:40:22:2655] N: killing process, pid: 27368
[2026/09/25 14:40:22:2659] N: process killed with signal 0, pid: 27368
[2026/09/25 14:40:22:3146] N: WS closed from (unix skt), clients: 6
[2026/09/25 14:40:22:3146] N: killing process, pid: 27369
[2026/09/25 14:40:22:3150] N: process killed with signal 0, pid: 27369
[2026/09/25 14:40:22:3688] N: WS closed from (unix skt), clients: 5
[2026/09/25 14:40:22:3689] N: killing process, pid: 27374
[2026/09/25 14:40:22:3692] N: process killed with signal 0, pid: 27374
[2026/09/25 14:40:22:3927] N: WS closed from (unix skt), clients: 4
[2026/09/25 14:40:22:3927] N: killing process, pid: 27373
[2026/09/25 14:40:22:3930] N: process killed with signal 0, pid: 27373
[2026/09/25 14:40:22:8461] N: WS closed from (unix skt), clients: 3
[2026/09/25 14:40:22:8461] N: killing process, pid: 27370
[2026/09/25 14:40:22:8469] N: process killed with signal 0, pid: 27370
[2026/09/25 14:40:22:8954] N: WS closed from (unix skt), clients: 2
[2026/09/25 14:40:22:8954] N: killing process, pid: 27376
[2026/09/25 14:40:22:8966] N: process killed with signal 0, pid: 27376
[2026/09/25 14:40:24:0045] N: WS closed from (unix skt), clients: 1
[2026/09/25 14:40:24:0045] N: killing process, pid: 27372
[2026/09/25 14:40:24:0045] N: WS closed from (unix skt), clients: 0
[2026/09/25 14:40:24:0046] N: killing process, pid: 27389
[2026/09/25 14:40:24:0058] N: process killed with signal 0, pid: 27372
[2026/09/25 14:40:24:0058] N: process killed with signal 0, pid: 27389
[2026/09/25 14:40:24:0167] N: WS   /ws - (unix skt), clients: 1
[2026/09/25 14:40:24:0167] N: WS   /ws - (unix skt), clients: 2
[2026/09/25 14:40:24:0168] N: WS   /ws - (unix skt), clients: 3
[2026/09/25 14:40:24:0168] N: WS   /ws - (unix skt), clients: 4
[2026/09/25 14:40:24:0168] N: WS   /ws - (unix skt), clients: 5
[2026/09/25 14:40:24:0168] N: WS   /ws - (unix skt), clients: 6
[2026/09/25 14:40:24:0168] N: WS   /ws - (unix skt), clients: 7
[2026/09/25 14:40:24:0168] N: WS   /ws - (unix skt), clients: 8
[2026/09/25 14:40:24:0168] N: WS   /ws - (unix skt), clients: 9
[2026/09/25 14:40:24:0168] N: WS   /ws - (unix skt), clients: 10
[2026/09/25 14:40:24:0181] N: started process, pid: 27682
[2026/09/25 14:40:24:0197] N: started process, pid: 27683
[2026/09/25 14:40:24:0205] N: started process, pid: 27684
[2026/09/25 14:40:24:0211] N: started process, pid: 27685
[2026/09/25 14:40:24:0225] N: started process, pid: 27686
[2026/09/25 14:40:24:0236] N: started process, pid: 27687
[2026/09/25 14:40:24:0249] N: started process, pid: 27688
[2026/09/25 14:40:24:0261] N: started process, pid: 27693
[2026/09/25 14:40:24:0273] N: started process, pid: 27696
[2026/09/25 14:40:24:0299] N: started process, pid: 27701
[2026/09/25 14:40:24:1920] N: WS closed from (unix skt), clients: 9
[2026/09/25 14:40:24:1921] N: killing process, pid: 27686
[2026/09/25 14:40:24:1924] N: process killed with signal 1, pid: 27686
[2026/09/25 14:40:24:1929] N: WS closed from (unix skt), clients: 8
[2026/09/25 14:40:24:1929] N: killing process, pid: 27701
[2026/09/25 14:40:24:1935] N: process killed with signal 1, pid: 27701
[2026/09/25 14:40:24:3054] N: WS closed from (unix skt), clients: 7
[2026/09/25 14:40:24:3054] N: killing process, pid: 27682
[2026/09/25 14:40:24:3055] N: WS closed from (unix skt), clients: 6
[2026/09/25 14:40:24:3055] N: killing process, pid: 27684
[2026/09/25 14:40:24:3060] N: process killed with signal 0, pid: 27682
[2026/09/25 14:40:24:3061] N: process killed with signal 0, pid: 27684
[2026/09/25 14:40:24:3587] N: WS closed from (unix skt), clients: 5
[2026/09/25 14:40:24:3588] N: killing process, pid: 27688
[2026/09/25 14:40:24:3595] N: process killed with signal 0, pid: 27688
[2026/09/25 14:40:24:3931] N: WS closed from (unix skt), clients: 4
[2026/09/25 14:40:24:3931] N: killing process, pid: 27693
[2026/09/25 14:40:24:3937] N: process killed with signal 0, pid: 27693
[2026/09/25 14:40:24:8445] N: WS closed from (unix skt), clients: 3
[2026/09/25 14:40:24:8446] N: killing process, pid: 27685
[2026/09/25 14:40:24:8474] N: process killed with signal 0, pid: 27685
[2026/09/25 14:40:24:8736] N: WS closed from (unix skt), clients: 2
[2026/09/25 14:40:24:8737] N: killing process, pid: 27696
[2026/09/25 14:40:24:8745] N: process killed with signal 0, pid: 27696
[2026/09/25 14:40:26:0189] N: WS closed from (unix skt), clients: 1
[2026/09/25 14:40:26:0190] N: killing process, pid: 27687
[2026/09/25 14:40:26:0190] N: WS closed from (unix skt), clients: 0
[2026/09/25 14:40:26:0191] N: killing process, pid: 27683
[2026/09/25 14:40:26:0210] N: process killed with signal 0, pid: 27683
[2026/09/25 14:40:26:0211] N: process killed with signal 0, pid: 27687
[2026/09/25 14:40:26:0312] N: WS   /ws - (unix skt), clients: 1
[2026/09/25 14:40:26:0313] N: WS   /ws - (unix skt), clients: 2
[2026/09/25 14:40:26:0314] N: WS   /ws - (unix skt), clients: 3
[2026/09/25 14:40:26:0314] N: WS   /ws - (unix skt), clients: 4
[2026/09/25 14:40:26:0314] N: WS   /ws - (unix skt), clients: 5
[2026/09/25 14:40:26:0314] N: WS   /ws - (unix skt), clients: 6
[2026/09/25 14:40:26:0314] N: WS   /ws - (unix skt), clients: 7
[2026/09/25 14:40:26:0314] N: WS   /ws - (unix skt), clients: 8
[2026/09/25 14:40:26:0314] N: WS   /ws - (unix skt), clients: 9
[2026/09/25 14:40:26:0314] N: WS   /ws - (unix skt), clients: 10
[2026/09/25 14:40:26:0328] N: started process, pid: 28139
[2026/09/25 14:40:26:0335] N: started process, pid: 28141
[2026/09/25 14:40:26:0343] N: started process, pid: 28142
[2026/09/25 14:40:26:0354] N: started process, pid: 28143
[2026/09/25 14:40:26:0362] N: started process, pid: 28144
[2026/09/25 14:40:26:0378] N: started process, pid: 28145
[2026/09/25 14:40:26:0395] N: started process, pid: 28148
[2026/09/25 14:40:26:0408] N: started process, pid: 28158
[2026/09/25 14:40:26:0433] N: started process, pid: 28161
[2026/09/25 14:40:26:0456] N: started process, pid: 28165
[2026/09/25 14:40:26:1294] N: WS closed from (unix skt), clients: 9
[2026/09/25 14:40:26:1295] N: killing process, pid: 28143
[2026/09/25 14:40:26:1298] N: process killed with signal 1, pid: 28143
[2026/09/25 14:40:26:2008] N: WS closed from (unix skt), clients: 8
[2026/09/25 14:40:26:2008] N: killing process, pid: 28161
[2026/09/25 14:40:26:2011] N: process killed with signal 1, pid: 28161
[2026/09/25 14:40:26:3170] N: WS closed from (unix skt), clients: 7
[2026/09/25 14:40:26:3171] N: killing process, pid: 28141
[2026/09/25 14:40:26:3171] N: WS closed from (unix skt), clients: 6
[2026/09/25 14:40:26:3171] N: killing process, pid: 28139
[2026/09/25 14:40:26:3176] N: process killed with signal 0, pid: 28139
[2026/09/25 14:40:26:3176] N: process killed with signal 0, pid: 28141
[2026/09/25 14:40:26:3704] N: WS closed from (unix skt), clients: 5
[2026/09/25 14:40:26:3705] N: killing process, pid: 28145
[2026/09/25 14:40:26:3710] N: process killed with signal 0, pid: 28145
[2026/09/25 14:40:26:4017] N: WS closed from (unix skt), clients: 4
[2026/09/25 14:40:26:4017] N: killing process, pid: 28148
[2026/09/25 14:40:26:4021] N: process killed with signal 0, pid: 28148
[2026/09/25 14:40:26:8188] N: WS closed from (unix skt), clients: 3
[2026/09/25 14:40:26:8189] N: killing process, pid: 28142
[2026/09/25 14:40:26:8198] N: process killed with signal 0, pid: 28142
[2026/09/25 14:40:26:8924] N: WS closed from (unix skt), clients: 2
[2026/09/25 14:40:26:8925] N: killing process, pid: 28158
[2026/09/25 14:40:26:8936] N: process killed with signal 0, pid: 28158
[2026/09/25 14:40:28:0336] N: WS closed from (unix skt), clients: 1
[2026/09/25 14:40:28:0337] N: killing process, pid: 28144
[2026/09/25 14:40:28:0338] N: WS closed from (unix skt), clients: 0
[2026/09/25 14:40:28:0338] N: killing process, pid: 28165
[2026/09/25 14:40:28:0355] N: process killed with signal 0, pid: 28144
[2026/09/25 14:40:28:0356] N: process killed with signal 0, pid: 28165
[2026/09/25 14:40:28:0485] N: WS   /ws - (unix skt), clients: 1
[2026/09/25 14:40:28:0485] N: WS   /ws - (unix skt), clients: 2
[2026/09/25 14:40:28:0485] N: WS   /ws - (unix skt), clients: 3
[2026/09/25 14:40:28:0485] N: WS   /ws - (unix skt), clients: 4
[2026/09/25 14:40:28:0486] N: WS   /ws - (unix skt), clients: 5
[2026/09/25 14:40:28:0486] N: WS   /ws - (unix skt), clients: 6
[2026/09/25 14:40:28:0486] N: WS   /ws - (unix skt), clients: 7
[2026/09/25 14:40:28:0486] N: WS   /ws - (unix skt), clients: 8
[2026/09/25 14:40:28:0486] N: WS   /ws - (unix skt), clients: 9
[2026/09/25 14:40:28:0486] N: WS   /ws - (unix skt), clients: 10
[2026/09/25 14:40:28:0504] N: started process, pid: 28612
[2026/09/25 14:40:28:0515] N: started process, pid: 28613
[2026/09/25 14:40:28:0527] N: started process, pid: 28614
[2026/09/25 14:40:28:0540] N: started process, pid: 28615
[2026/09/25 14:40:28:0582] N: started process, pid: 28616
[2026/09/25 14:40:28:0598] N: started process, pid: 28617
[2026/09/25 14:40:28:0625] N: started process, pid: 28618
[2026/09/25 14:40:28:0640] N: started process, pid: 28628
[2026/09/25 14:40:28:0660] N: started process, pid: 28631
[2026/09/25 14:40:28:0671] N: started process, pid: 28634
[2026/09/25 14:40:28:2311] N: WS closed from (unix skt), clients: 9
[2026/09/25 14:40:28:2311] N: killing process, pid: 28631
[2026/09/25 14:40:28:2316] N: process killed with signal 1, pid: 28631
[2026/09/25 14:40:28:2449] N: WS closed from (unix skt), clients: 8
[2026/09/25 14:40:28:2449] N: killing process, pid: 28615
[2026/09/25 14:40:28:2453] N: process killed with signal 1, pid: 28615
[2026/09/25 14:40:28:3104] N: WS closed from (unix skt), clients: 7
[2026/09/25 14:40:28:3105] N: killing process, pid: 28613
[2026/09/25 14:40:28:3109] N: process killed with signal 0, pid: 28613
[2026/09/25 14:40:28:3566] N: WS closed from (unix skt), clients: 6
[2026/09/25 14:40:28:3566] N: killing process, pid: 28612
[2026/09/25 14:40:28:3571] N: process killed with signal 0, pid: 28612
[2026/09/25 14:40:28:4200] N: WS closed from (unix skt), clients: 5
[2026/09/25 14:40:28:4200] N: killing process, pid: 28617
[2026/09/25 14:40:28:4206] N: process killed with signal 0, pid: 28617
[2026/09/25 14:40:28:4652] N: WS closed from (unix skt), clients: 4
[2026/09/25 14:40:28:4653] N: killing process, pid: 28618
[2026/09/25 14:40:28:4703] N: process killed with signal 0, pid: 28618
[2026/09/25 14:40:28:8429] N: WS closed from (unix skt), clients: 3
[2026/09/25 14:40:28:8429] N: killing process, pid: 28614
[2026/09/25 14:40:28:8434] N: process killed with signal 0, pid: 28614
[2026/09/25 14:40:28:9346] N: WS closed from (unix skt), clients: 2
[2026/09/25 14:40:28:9347] N: killing process, pid: 28628
[2026/09/25 14:40:28:9351] N: process killed with signal 0, pid: 28628
[2026/09/25 14:40:30:0499] N: WS closed from (unix skt), clients: 1
[2026/09/25 14:40:30:0499] N: killing process, pid: 28616
[2026/09/25 14:40:30:0499] N: WS closed from (unix skt), clients: 0
[2026/09/25 14:40:30:0499] N: killing process, pid: 28634
[2026/09/25 14:40:30:0506] N: process killed with signal 0, pid: 28616
[2026/09/25 14:40:30:0506] N: process killed with signal 0, pid: 28634
[2026/09/25 14:40:30:0578] N: WS   /ws - (unix skt), clients: 1
[2026/09/25 14:40:30:0578] N: WS   /ws - (unix skt), clients: 2
[2026/09/25 14:40:30:0579] N: WS   /ws - (unix skt), clients: 3
[2026/09/25 14:40:30:0579] N: WS   /ws - (unix skt), clients: 4
[2026/09/25 14:40:30:0580] N: WS   /ws - (unix skt), clients: 5
[2026/09/25 14:40:30:0580] N: WS   /ws - (unix skt), clients: 6
[2026/09/25 14:40:30:0580] N: WS   /ws - (unix skt), clients: 7
[2026/09/25 14:40:30:0580] N: WS   /ws - (unix skt), clients: 8
[2026/09/25 14:40:30:0580] N: WS   /ws - (unix skt), clients: 9
[2026/09/25 14:40:30:0580] N: WS   /ws - (unix skt), clients: 10
[2026/09/25 14:40:30:0591] N: started process, pid: 28913
[2026/09/25 14:40:30:0599] N: started process, pid: 28914
[2026/09/25 14:40:30:0605] N: started process, pid: 28915
[2026/09/25 14:40:30:0611] N: started process, pid: 28916
[2026/09/25 14:40:30:0624] N: started process, pid: 28918
[2026/09/25 14:40:30:0638] N: started process, pid: 28919
[2026/09/25 14:40:30:0644] N: started process, pid: 28923
[2026/09/25 14:40:30:0655] N: started process, pid: 28926
[2026/09/25 14:40:30:0665] N: started process, pid: 28928
[2026/09/25 14:40:30:0675] N: started process, pid: 28929
[2026/09/25 14:40:30:2415] N: WS closed from (unix skt), clients: 9
[2026/09/25 14:40:30:2415] N: killing process, pid: 28916
[2026/09/25 14:40:30:2418] N: process killed with signal 1, pid: 28916
[2026/09/25 14:40:30:2889] N: WS closed from (unix skt), clients: 8
[2026/09/25 14:40:30:2890] N: killing process, pid: 28928
[2026/09/25 14:40:30:2893] N: process killed with signal 1, pid: 28928
[2026/09/25 14:40:30:3693] N: WS closed from (unix skt), clients: 7
[2026/09/25 14:40:30:3693] N: killing process, pid: 28913
[2026/09/25 14:40:30:3702] N: process killed with signal 0, pid: 28913
[2026/09/25 14:40:30:4102] N: WS closed from (unix skt), clients: 6
[2026/09/25 14:40:30:4102] N: killing process, pid: 28914
[2026/09/25 14:40:30:4106] N: process killed with signal 0, pid: 28914
[2026/09/25 14:40:30:4323] N: WS closed from (unix skt), clients: 5
[2026/09/25 14:40:30:4324] N: killing process, pid: 28923
[2026/09/25 14:40:30:4334] N: process killed with signal 0, pid: 28923
[2026/09/25 14:40:30:4887] N: WS closed from (unix skt), clients: 4
[2026/09/25 14:40:30:4887] N: killing process, pid: 28919
[2026/09/25 14:40:30:4895] N: process killed with signal 0, pid: 28919
[2026/09/25 14:40:30:8845] N: WS closed from (unix skt), clients: 3
[2026/09/25 14:40:30:8846] N: killing process, pid: 28915
[2026/09/25 14:40:30:8851] N: process killed with signal 0, pid: 28915
[2026/09/25 14:40:30:8995] N: WS closed from (unix skt), clients: 2
[2026/09/25 14:40:30:8996] N: killing process, pid: 28926
[2026/09/25 14:40:30:9090] N: process killed with signal 0, pid: 28926
[2026/09/25 14:40:32:0588] N: WS closed from (unix skt), clients: 1
[2026/09/25 14:40:32:0588] N: killing process, pid: 28918
[2026/09/25 14:40:32:0588] N: WS closed from (unix skt), clients: 0
[2026/09/25 14:40:32:0588] N: killing process, pid: 28929
[2026/09/25 14:40:32:0596] N: process killed with signal 0, pid: 28918
[2026/09/25 14:40:32:0599] N: process killed with signal 0, pid: 28929
[2026/09/25 14:40:32:0699] N: WS   /ws - (unix skt), clients: 1
[2026/09/25 14:40:32:0699] N: WS   /ws - (unix skt), clients: 2
[2026/09/25 14:40:32:0700] N: WS   /ws - (unix skt), clients: 3
[2026/09/25 14:40:32:0700] N: WS   /ws - (unix skt), clients: 4
[2026/09/25 14:40:32:0700] N: WS   /ws - (unix skt), clients: 5
[2026/09/25 14:40:32:0700] N: WS   /ws - (unix skt), clients: 6
[2026/09/25 14:40:32:0700] N: WS   /ws - (unix skt), clients: 7
[2026/09/25 14:40:32:0700] N: WS   /ws - (unix skt), clients: 8
[2026/09/25 14:40:32:0700] N: WS   /ws - (unix skt), clients: 9
[2026/09/25 14:40:32:0700] N: WS   /ws - (unix skt), clients: 10
[2026/09/25 14:40:32:0711] N: started process, pid: 29333
[2026/09/25 14:40:32:0737] N: started process, pid: 29334
[2026/09/25 14:40:32:0752] N: started process, pid: 29335
[2026/09/25 14:40:32:0765] N: started process, pid: 29336
[2026/09/25 14:40:32:0781] N: started process, pid: 29337
[2026/09/25 14:40:32:0791] N: started process, pid: 29339
[2026/09/25 14:40:32:0799] N: started process, pid: 29342
[2026/09/25 14:40:32:0821] N: started process, pid: 29344
[2026/09/25 14:40:32:0837] N: started process, pid: 29346
[2026/09/25 14:40:32:0859] N: started process, pid: 29347
[2026/09/25 14:40:32:3474] N: WS closed from (unix skt), clients: 9
[2026/09/25 14:40:32:3475] N: killing process, pid: 29333
[2026/09/25 14:40:32:3607] N: WS closed from (unix skt), clients: 8
[2026/09/25 14:40:32:3607] N: killing process, pid: 29336
[2026/09/25 14:40:32:3612] N: process killed with signal 1, pid: 29336
[2026/09/25 14:40:32:3788] N: WS closed from (unix skt), clients: 7
[2026/09/25 14:40:32:3788] N: killing process, pid: 29334
[2026/09/25 14:40:32:3859] N: process killed with signal 0, pid: 29333
[2026/09/25 14:40:32:4291] N: WS closed from (unix skt), clients: 6
[2026/09/25 14:40:32:4291] N: killing process, pid: 29346
[2026/09/25 14:40:32:4293] N: process killed with signal 0, pid: 29334
[2026/09/25 14:40:32:4295] N: process killed with signal 1, pid: 29346
[2026/09/25 14:40:32:6066] N: WS closed from (unix skt), clients: 5
[2026/09/25 14:40:32:6067] N: killing process, pid: 29342
[2026/09/25 14:40:32:6295] N: process killed with signal 0, pid: 29342
[2026/09/25 14:40:32:6295] N: WS closed from (unix skt), clients: 4
[2026/09/25 14:40:32:6296] N: killing process, pid: 29339
[2026/09/25 14:40:32:6397] N: process killed with signal 0, pid: 29339
[2026/09/25 14:40:33:1060] N: WS closed from (unix skt), clients: 3
[2026/09/25 14:40:33:1060] N: killing process, pid: 29344
[2026/09/25 14:40:33:1061] N: WS closed from (unix skt), clients: 2
[2026/09/25 14:40:33:1061] N: killing process, pid: 29335
[2026/09/25 14:40:33:1070] N: process killed with signal 0, pid: 29335
[2026/09/25 14:40:33:1070] N: process killed with signal 0, pid: 29344
[2026/09/25 14:40:34:0758] N: WS closed from (unix skt), clients: 1
[2026/09/25 14:40:34:0759] N: killing process, pid: 29337
[2026/09/25 14:40:34:0759] N: WS closed from (unix skt), clients: 0
[2026/09/25 14:40:34:0759] N: killing process, pid: 29347
[2026/09/25 14:40:34:0920] N: process killed with signal 0, pid: 29337
[2026/09/25 14:40:34:0921] N: process killed with signal 0, pid: 29347
[2026/09/25 14:40:34:1375] N: WS   /ws - (unix skt), clients: 1
[2026/09/25 14:40:34:1375] N: WS   /ws - (unix skt), clients: 2
[2026/09/25 14:40:34:1376] N: WS   /ws - (unix skt), clients: 3
[2026/09/25 14:40:34:1376] N: WS   /ws - (unix skt), clients: 4
[2026/09/25 14:40:34:1376] N: WS   /ws - (unix skt), clients: 5
[2026/09/25 14:40:34:1376] N: WS   /ws - (unix skt), clients: 6
[2026/09/25 14:40:34:1376] N: WS   /ws - (unix skt), clients: 7
[2026/09/25 14:40:34:1377] N: WS   /ws - (unix skt), clients: 8
[2026/09/25 14:40:34:1377] N: WS   /ws - (unix skt), clients: 9
[2026/09/25 14:40:34:1377] N: WS   /ws - (unix skt), clients: 10
[2026/09/25 14:40:34:1427] N: started process, pid: 29597
[2026/09/25 14:40:34:1448] N: started process, pid: 29598
[2026/09/25 14:40:34:1459] N: started process, pid: 29599
[2026/09/25 14:40:34:1474] N: started process, pid: 29600
[2026/09/25 14:40:34:1483] N: started process, pid: 29601
[2026/09/25 14:40:34:1495] N: started process, pid: 29602
[2026/09/25 14:40:34:1505] N: started process, pid: 29603
[2026/09/25 14:40:34:1518] N: started process, pid: 29604
[2026/09/25 14:40:34:1529] N: started process, pid: 29610
[2026/09/25 14:40:34:1559] N: started process, pid: 29618
[2026/09/25 14:40:34:4065] N: WS closed from (unix skt), clients: 9
[2026/09/25 14:40:34:4066] N: killing process, pid: 29600
[2026/09/25 14:40:34:4070] N: process killed with signal 1, pid: 29600
[2026/09/25 14:40:34:4446] N: WS closed from (unix skt), clients: 8
[2026/09/25 14:40:34:4446] N: killing process, pid: 29610
[2026/09/25 14:40:34:4455] N: process killed with signal 1, pid: 29610
[2026/09/25 14:40:34:6072] N: WS closed from (unix skt), clients: 7
[2026/09/25 14:40:34:6073] N: killing process, pid: 29597
[2026/09/25 14:40:34:6073] N: WS closed from (unix skt), clients: 6
[2026/09/25 14:40:34:6073] N: killing process, pid: 29598
[2026/09/25 14:40:34:6073] N: WS closed from (unix skt), clients: 5
[2026/09/25 14:40:34:6073] N: killing process, pid: 29602
[2026/09/25 14:40:34:6084] N: process killed with signal 0, pid: 29597
[2026/09/25 14:40:34:6085] N: process killed with signal 0, pid: 29602
[2026/09/25 14:40:34:6088] N: process killed with signal 0, pid: 29598
[2026/09/25 14:40:34:6466] N: WS closed from (unix skt), clients: 4
[2026/09/25 14:40:34:6467] N: killing process, pid: 29603
[2026/09/25 14:40:34:6479] N: process killed with signal 0, pid: 29603
[2026/09/25 14:40:34:9306] N: WS closed from (unix skt), clients: 3
[2026/09/25 14:40:34:9306] N: killing process, pid: 29599
[2026/09/25 14:40:34:9322] N: process killed with signal 0, pid: 29599
[2026/09/25 14:40:35:2165] N: WS closed from (unix skt), clients: 2
[2026/09/25 14:40:35:2165] N: killing process, pid: 29604
[2026/09/25 14:40:35:2198] N: process killed with signal 0, pid: 29604
[2026/09/25 14:40:36:1458] N: WS closed from (unix skt), clients: 1
[2026/09/25 14:40:36:1459] N: killing process, pid: 29601
[2026/09/25 14:40:36:1459] N: WS closed from (unix skt), clients: 0
[2026/09/25 14:40:36:1460] N: killing process, pid: 29618
[2026/09/25 14:40:36:1467] N: process killed with signal 0, pid: 29601
[2026/09/25 14:40:36:1477] N: process killed with signal 0, pid: 29618
[2026/09/25 14:40:36:1657] N: WS   /ws - (unix skt), clients: 1
[2026/09/25 14:40:36:1658] N: WS   /ws - (unix skt), clients: 2
[2026/09/25 14:40:36:1658] N: WS   /ws - (unix skt), clients: 3
[2026/09/25 14:40:36:1658] N: WS   /ws - (unix skt), clients: 4
[2026/09/25 14:40:36:1658] N: WS   /ws - (unix skt), clients: 5
[2026/09/25 14:40:36:1658] N: WS   /ws - (unix skt), clients: 6
[2026/09/25 14:40:36:1658] N: WS   /ws - (unix skt), clients: 7
[2026/09/25 14:40:36:1659] N: WS   /ws - (unix skt), clients: 8
[2026/09/25 14:40:36:1659] N: WS   /ws - (unix skt), clients: 9
[2026/09/25 14:40:36:1659] N: WS   /ws - (unix skt), clients: 10
[2026/09/25 14:40:36:1716] N: started process, pid: 30000
[2026/09/25 14:40:36:1752] N: started process, pid: 30001
[2026/09/25 14:40:36:1767] N: started process, pid: 30002
[2026/09/25 14:40:36:1782] N: started process, pid: 30003
[2026/09/25 14:40:36:1806] N: started process, pid: 30004
[2026/09/25 14:40:36:1832] N: started process, pid: 30006
[2026/09/25 14:40:36:1856] N: started process, pid: 30007
[2026/09/25 14:40:36:1876] N: started process, pid: 30009
[2026/09/25 14:40:36:1890] N: started process, pid: 30013
[2026/09/25 14:40:36:1903] N: started process, pid: 30015
[2026/09/25 14:40:36:4681] N: WS closed from (unix skt), clients: 9
[2026/09/25 14:40:36:4681] N: killing process, pid: 30000
[2026/09/25 14:40:36:5645] N: WS closed from (unix skt), clients: 8
[2026/09/25 14:40:36:5646] N: killing process, pid: 30003
[2026/09/25 14:40:36:5652] N: process killed with signal 1, pid: 30003
[2026/09/25 14:40:36:5668] N: process killed with signal 0, pid: 30000
[2026/09/25 14:40:36:7242] N: WS closed from (unix skt), clients: 7
[2026/09/25 14:40:36:7243] N: killing process, pid: 30001
[2026/09/25 14:40:36:7333] N: process killed with signal 0, pid: 30001
[2026/09/25 14:40:36:7457] N: WS closed from (unix skt), clients: 6
[2026/09/25 14:40:36:7458] N: killing process, pid: 30013
[2026/09/25 14:40:36:7462] N: process killed with signal 1, pid: 30013
[2026/09/25 14:40:36:8157] N: WS closed from (unix skt), clients: 5
[2026/09/25 14:40:36:8157] N: killing process, pid: 30007
[2026/09/25 14:40:36:8174] N: process killed with signal 0, pid: 30007
[2026/09/25 14:40:36:8744] N: WS closed from (unix skt), clients: 4
[2026/09/25 14:40:36:8745] N: killing process, pid: 30006
[2026/09/25 14:40:36:8858] N: process killed with signal 0, pid: 30006
[2026/09/25 14:40:37:1735] N: WS closed from (unix skt), clients: 3
[2026/09/25 14:40:37:1736] N: killing process, pid: 30002
[2026/09/25 14:40:37:1766] N: process killed with signal 0, pid: 30002
[2026/09/25 14:40:37:3842] N: WS closed from (unix skt), clients: 2
[2026/09/25 14:40:37:3843] N: killing process, pid: 30009
[2026/09/25 14:40:37:3898] N: process killed with signal 0, pid: 30009
[2026/09/25 14:40:38:1670] N: WS closed from (unix skt), clients: 1
[2026/09/25 14:40:38:1670] N: killing process, pid: 30004
[2026/09/25 14:40:38:1671] N: WS closed from (unix skt), clients: 0
[2026/09/25 14:40:38:1672] N: killing process, pid: 30015
[2026/09/25 14:40:38:1685] N: process killed with signal 0, pid: 30004
[2026/09/25 14:40:38:1686] N: process killed with signal 0, pid: 30015
[2026/09/25 14:40:38:1928] N: WS   /ws - (unix skt), clients: 1
[2026/09/25 14:40:38:1928] N: WS   /ws - (unix skt), clients: 2
[2026/09/25 14:40:38:1929] N: WS   /ws - (unix skt), clients: 3
[2026/09/25 14:40:38:1929] N: WS   /ws - (unix skt), clients: 4
[2026/09/25 14:40:38:1929] N: WS   /ws - (unix skt), clients: 5
[2026/09/25 14:40:38:1929] N: WS   /ws - (unix skt), clients: 6
[2026/09/25 14:40:38:1929] N: WS   /ws - (unix skt), clients: 7
[2026/09/25 14:40:38:1929] N: WS   /ws - (unix skt), clients: 8
[2026/09/25 14:40:38:1930] N: WS   /ws - (unix skt), clients: 9
[2026/09/25 14:40:38:1951] N: started process, pid: 30308
[2026/09/25 14:40:38:1952] N: WS   /ws - (unix skt), clients: 10
[2026/09/25 14:40:38:1975] N: started process, pid: 30309
[2026/09/25 14:40:38:1997] N: started process, pid: 30310
[2026/09/25 14:40:38:2018] N: started process, pid: 30311
[2026/09/25 14:40:38:2041] N: started process, pid: 30312
[2026/09/25 14:40:38:2066] N: started process, pid: 30313
[2026/09/25 14:40:38:2091] N: started process, pid: 30316
[2026/09/25 14:40:38:2121] N: started process, pid: 30320
[2026/09/25 14:40:38:2148] N: started process, pid: 30325
[2026/09/25 14:40:38:2164] N: started process, pid: 30332
[2026/09/25 14:40:38:3987] N: WS closed from (unix skt), clients: 9
[2026/09/25 14:40:38:3988] N: killing process, pid: 30312
[2026/09/25 14:40:38:3991] N: process killed with signal 1, pid: 30312
[2026/09/25 14:40:38:6028] N: WS closed from (unix skt), clients: 8
[2026/09/25 14:40:38:6028] N: killing process, pid: 30309
[2026/09/25 14:40:38:6029] N: WS closed from (unix skt), clients: 7
[2026/09/25 14:40:38:6029] N: killing process, pid: 30308
[2026/09/25 14:40:38:6033] N: process killed with signal 1, pid: 30308
[2026/09/25 14:40:38:6174] N: process killed with signal 0, pid: 30309
[2026/09/25 14:40:38:8043] N: WS closed from (unix skt), clients: 6
[2026/09/25 14:40:38:8043] N: killing process, pid: 30332
[2026/09/25 14:40:38:8047] N: process killed with signal 1, pid: 30332
[2026/09/25 14:40:38:8168] N: WS closed from (unix skt), clients: 5
[2026/09/25 14:40:38:8169] N: killing process, pid: 30320
[2026/09/25 14:40:38:8294] N: process killed with signal 0, pid: 30320
[2026/09/25 14:40:39:0050] N: WS closed from (unix skt), clients: 4
[2026/09/25 14:40:39:0051] N: killing process, pid: 30316
[2026/09/25 14:40:39:0059] N: process killed with signal 0, pid: 30316
[2026/09/25 14:40:39:3176] N: WS closed from (unix skt), clients: 3
[2026/09/25 14:40:39:3177] N: killing process, pid: 30311
[2026/09/25 14:40:39:3187] N: process killed with signal 0, pid: 30311
[2026/09/25 14:40:39:5069] N: WS closed from (unix skt), clients: 2
[2026/09/25 14:40:39:5070] N: killing process, pid: 30325
[2026/09/25 14:40:39:5078] N: process killed with signal 0, pid: 30325
[2026/09/25 14:40:40:1970] N: WS closed from (unix skt), clients: 1
[2026/09/25 14:40:40:1971] N: killing process, pid: 30313
[2026/09/25 14:40:40:1971] N: WS closed from (unix skt), clients: 0
[2026/09/25 14:40:40:1971] N: killing process, pid: 30310
[2026/09/25 14:40:40:2061] N: process killed with signal 0, pid: 30310
[2026/09/25 14:40:40:2063] N: process killed with signal 0, pid: 30313
[2026/09/25 14:40:40:2641] N: WS   /ws - (unix skt), clients: 1
[2026/09/25 14:40:40:2642] N: WS   /ws - (unix skt), clients: 2
[2026/09/25 14:40:40:2642] N: WS   /ws - (unix skt), clients: 3
[2026/09/25 14:40:40:2642] N: WS   /ws - (unix skt), clients: 4
[2026/09/25 14:40:40:2643] N: WS   /ws - (unix skt), clients: 5
[2026/09/25 14:40:40:2643] N: WS   /ws - (unix skt), clients: 6
[2026/09/25 14:40:40:2643] N: WS   /ws - (unix skt), clients: 7
[2026/09/25 14:40:40:2643] N: WS   /ws - (unix skt), clients: 8
[2026/09/25 14:40:40:2643] N: WS   /ws - (unix skt), clients: 9
[2026/09/25 14:40:40:2643] N: WS   /ws - (unix skt), clients: 10
[2026/09/25 14:40:40:2676] N: started process, pid: 30748
[2026/09/25 14:40:40:2717] N: started process, pid: 30749
[2026/09/25 14:40:40:2728] N: started process, pid: 30750
[2026/09/25 14:40:40:2756] N: started process, pid: 30751
[2026/09/25 14:40:40:2784] N: started process, pid: 30752
[2026/09/25 14:40:40:2801] N: started process, pid: 30757
[2026/09/25 14:40:40:2816] N: started process, pid: 30759
[2026/09/25 14:40:40:2900] N: started process, pid: 30762
[2026/09/25 14:40:40:2993] N: started process, pid: 30773
[2026/09/25 14:40:40:3013] N: started process, pid: 30781
[2026/09/25 14:40:40:5685] N: WS closed from (unix skt), clients: 9
[2026/09/25 14:40:40:5686] N: killing process, pid: 30748
[2026/09/25 14:40:40:5748] N: WS closed from (unix skt), clients: 8
[2026/09/25 14:40:40:5749] N: killing process, pid: 30751
[2026/09/25 14:40:40:5754] N: process killed with signal 1, pid: 30751
[2026/09/25 14:40:40:6887] N: process killed with signal 0, pid: 30748
[2026/09/25 14:40:40:7376] N: WS closed from (unix skt), clients: 7
[2026/09/25 14:40:40:7376] N: killing process, pid: 30749
[2026/09/25 14:40:40:7815] N: process killed with signal 0, pid: 30749
[2026/09/25 14:40:40:7828] N: WS closed from (unix skt), clients: 6
[2026/09/25 14:40:40:7829] N: killing process, pid: 30773
[2026/09/25 14:40:40:7833] N: process killed with signal 1, pid: 30773
[2026/09/25 14:40:40:8892] N: WS closed from (unix skt), clients: 5
[2026/09/25 14:40:40:8893] N: killing process, pid: 30757
[2026/09/25 14:40:40:8907] N: process killed with signal 0, pid: 30757
[2026/09/25 14:40:40:9940] N: WS closed from (unix skt), clients: 4
[2026/09/25 14:40:40:9941] N: killing process, pid: 30759
[2026/09/25 14:40:41:0199] N: process killed with signal 0, pid: 30759
[2026/09/25 14:40:41:1975] N: WS closed from (unix skt), clients: 3
[2026/09/25 14:40:41:1977] N: killing process, pid: 30750
[2026/09/25 14:40:41:1994] N: process killed with signal 0, pid: 30750
[2026/09/25 14:40:41:4605] N: WS closed from (unix skt), clients: 2
[2026/09/25 14:40:41:4606] N: killing process, pid: 30762
[2026/09/25 14:40:41:4615] N: process killed with signal 0, pid: 30762
[2026/09/25 14:40:42:2658] N: WS closed from (unix skt), clients: 1
[2026/09/25 14:40:42:2659] N: killing process, pid: 30752
[2026/09/25 14:40:42:2659] N: WS closed from (unix skt), clients: 0
[2026/09/25 14:40:42:2660] N: killing process, pid: 30781
[2026/09/25 14:40:42:2674] N: process killed with signal 0, pid: 30752
[2026/09/25 14:40:42:2674] N: process killed with signal 0, pid: 30781
[2026/09/25 14:40:42:2873] N: WS   /ws - (unix skt), clients: 1
[2026/09/25 14:40:42:2874] N: WS   /ws - (unix skt), clients: 2
[2026/09/25 14:40:42:2874] N: WS   /ws - (unix skt), clients: 3
[2026/09/25 14:40:42:2874] N: WS   /ws - (unix skt), clients: 4
[2026/09/25 14:40:42:2874] N: WS   /ws - (unix skt), clients: 5
[2026/09/25 14:40:42:2875] N: WS   /ws - (unix skt), clients: 6
[2026/09/25 14:40:42:2875] N: WS   /ws - (unix skt), clients: 7
[2026/09/25 14:40:42:2875] N: WS   /ws - (unix skt), clients: 8
[2026/09/25 14:40:42:2875] N: WS   /ws - (unix skt), clients: 9
[2026/09/25 14:40:42:2899] N: started process, pid: 31049
[2026/09/25 14:40:42:2901] N: WS   /ws - (unix skt), clients: 10
[2026/09/25 14:40:42:2922] N: started process, pid: 31050
[2026/09/25 14:40:42:2951] N: started process, pid: 31051
[2026/09/25 14:40:42:2967] N: started process, pid: 31052
[2026/09/25 14:40:42:2996] N: started process, pid: 31053
[2026/09/25 14:40:42:3010] N: started process, pid: 31056
[2026/09/25 14:40:42:3032] N: started process, pid: 31059
[2026/09/25 14:40:42:3051] N: started process, pid: 31068
[2026/09/25 14:40:42:3068] N: started process, pid: 31075
[2026/09/25 14:40:42:3088] N: started process, pid: 31080
[2026/09/25 14:40:42:5648] N: WS closed from (unix skt), clients: 9
[2026/09/25 14:40:42:5650] N: killing process, pid: 31049
[2026/09/25 14:40:42:7001] N: process killed with signal 0, pid: 31049
[2026/09/25 14:40:42:7280] N: WS closed from (unix skt), clients: 8
[2026/09/25 14:40:42:7280] N: killing process, pid: 31053
[2026/09/25 14:40:42:7286] N: process killed with signal 1, pid: 31053
[2026/09/25 14:40:42:7730] N: WS closed from (unix skt), clients: 7
[2026/09/25 14:40:42:7731] N: killing process, pid: 31080
[2026/09/25 14:40:42:7737] N: process killed with signal 1, pid: 31080
[2026/09/25 14:40:42:8626] N: WS closed from (unix skt), clients: 6
[2026/09/25 14:40:42:8627] N: killing process, pid: 31059
[2026/09/25 14:40:42:8637] N: process killed with signal 0, pid: 31059
[2026/09/25 14:40:42:8981] N: WS closed from (unix skt), clients: 5
[2026/09/25 14:40:42:8982] N: killing process, pid: 31050
[2026/09/25 14:40:42:9010] N: process killed with signal 0, pid: 31050
[2026/09/25 14:40:42:9951] N: WS closed from (unix skt), clients: 4
[2026/09/25 14:40:42:9952] N: killing process, pid: 31068
[2026/09/25 14:40:42:9963] N: process killed with signal 0, pid: 31068
[2026/09/25 14:40:43:3618] N: WS closed from (unix skt), clients: 3
[2026/09/25 14:40:43:3619] N: killing process, pid: 31052
[2026/09/25 14:40:43:3629] N: process killed with signal 0, pid: 31052
[2026/09/25 14:40:43:4799] N: WS closed from (unix skt), clients: 2
[2026/09/25 14:40:43:4800] N: killing process, pid: 31075
[2026/09/25 14:40:43:4861] N: process killed with signal 0, pid: 31075
[2026/09/25 14:40:44:2902] N: WS closed from (unix skt), clients: 1
[2026/09/25 14:40:44:2903] N: killing process, pid: 31056
[2026/09/25 14:40:44:2903] N: WS closed from (unix skt), clients: 0
[2026/09/25 14:40:44:2903] N: killing process, pid: 31051
[2026/09/25 14:40:44:2912] N: process killed with signal 0, pid: 31056
[2026/09/25 14:40:44:2919] N: process killed with signal 0, pid: 31051
[2026/09/25 14:40:44:3284] N: WS   /ws - (unix skt), clients: 1
[2026/09/25 14:40:44:3285] N: WS   /ws - (unix skt), clients: 2
[2026/09/25 14:40:44:3285] N: WS   /ws - (unix skt), clients: 3
[2026/09/25 14:40:44:3285] N: WS   /ws - (unix skt), clients: 4
[2026/09/25 14:40:44:3285] N: WS   /ws - (unix skt), clients: 5
[2026/09/25 14:40:44:3285] N: WS   /ws - (unix skt), clients: 6
[2026/09/25 14:40:44:3285] N: WS   /ws - (unix skt), clients: 7
[2026/09/25 14:40:44:3285] N: WS   /ws - (unix skt), clients: 8
[2026/09/25 14:40:44:3285] N: WS   /ws - (unix skt), clients: 9
[2026/09/25 14:40:44:3285] N: WS   /ws - (unix skt), clients: 10
[2026/09/25 14:40:44:3300] N: started process, pid: 31379
[2026/09/25 14:40:44:3331] N: started process, pid: 31380
[2026/09/25 14:40:44:3340] N: started process, pid: 31381
[2026/09/25 14:40:44:3348] N: started process, pid: 31382
[2026/09/25 14:40:44:3362] N: started process, pid: 31388
[2026/09/25 14:40:44:3372] N: started process, pid: 31390
[2026/09/25 14:40:44:3383] N: started process, pid: 31394
[2026/09/25 14:40:44:3418] N: started process, pid: 31397
[2026/09/25 14:40:44:3450] N: started process, pid: 31407
[2026/09/25 14:40:44:3475] N: started process, pid: 31418
[2026/09/25 14:40:44:5306] N: WS closed from (unix skt), clients: 9
[2026/09/25 14:40:44:5306] N: killing process, pid: 31382
[2026/09/25 14:40:44:5311] N: process killed with signal 1, pid: 31382
[2026/09/25 14:40:44:6411] N: WS closed from (unix skt), clients: 8
[2026/09/25 14:40:44:6412] N: killing process, pid: 31379
[2026/09/25 14:40:44:6970] N: WS closed from (unix skt), clients: 7
[2026/09/25 14:40:44:6971] N: killing process, pid: 31380
[2026/09/25 14:40:44:7350] N: process killed with signal 0, pid: 31379
[2026/09/25 14:40:44:7875] N: process killed with signal 0, pid: 31380
[2026/09/25 14:40:44:8375] N: WS closed from (unix skt), clients: 6
[2026/09/25 14:40:44:8376] N: killing process, pid: 31407
[2026/09/25 14:40:44:8382] N: process killed with signal 1, pid: 31407
[2026/09/25 14:40:44:8978] N: WS closed from (unix skt), clients: 5
[2026/09/25 14:40:44:8979] N: killing process, pid: 31394
[2026/09/25 14:40:44:9033] N: process killed with signal 0, pid: 31394
[2026/09/25 14:40:44:9766] N: WS closed from (unix skt), clients: 4
[2026/09/25 14:40:44:9767] N: killing process, pid: 31390
[2026/09/25 14:40:44:9777] N: process killed with signal 0, pid: 31390
[2026/09/25 14:40:45:4393] N: WS closed from (unix skt), clients: 3
[2026/09/25 14:40:45:4395] N: killing process, pid: 31381
[2026/09/25 14:40:45:4605] N: process killed with signal 0, pid: 31381
[2026/09/25 14:40:45:5397] N: WS closed from (unix skt), clients: 2
[2026/09/25 14:40:45:5398] N: killing process, pid: 31397
[2026/09/25 14:40:45:5405] N: process killed with signal 0, pid: 31397
[2026/09/25 14:40:46:3288] N: WS closed from (unix skt), clients: 1
[2026/09/25 14:40:46:3289] N: killing process, pid: 31388
[2026/09/25 14:40:46:3290] N: WS closed from (unix skt), clients: 0
[2026/09/25 14:40:46:3290] N: killing process, pid: 31418
[2026/09/25 14:40:46:3299] N: process killed with signal 0, pid: 31388
[2026/09/25 14:40:46:3308] N: process killed with signal 0, pid: 31418
[2026/09/25 14:40:46:3534] N: WS   /ws - (unix skt), clients: 1
[2026/09/25 14:40:46:3535] N: WS   /ws - (unix skt), clients: 2
[2026/09/25 14:40:46:3536] N: WS   /ws - (unix skt), clients: 3
[2026/09/25 14:40:46:3536] N: WS   /ws - (unix skt), clients: 4
[2026/09/25 14:40:46:3536] N: WS   /ws - (unix skt), clients: 5
[2026/09/25 14:40:46:3536] N: WS   /ws - (unix skt), clients: 6
[2026/09/25 14:40:46:3536] N: WS   /ws - (unix skt), clients: 7
[2026/09/25 14:40:46:3536] N: WS   /ws - (unix skt), clients: 8
[2026/09/25 14:40:46:3537] N: WS   /ws - (unix skt), clients: 9
[2026/09/25 14:40:46:3537] N: WS   /ws - (unix skt), clients: 10
[2026/09/25 14:40:46:3555] N: started process, pid: 31637
[2026/09/25 14:40:46:3576] N: started process, pid: 31638
[2026/09/25 14:40:46:3599] N: started process, pid: 31639
[2026/09/25 14:40:46:3616] N: started process, pid: 31640
[2026/09/25 14:40:46:3648] N: started process, pid: 31641
[2026/09/25 14:40:46:3668] N: started process, pid: 31648
[2026/09/25 14:40:46:3697] N: started process, pid: 31651
[2026/09/25 14:40:46:3726] N: started process, pid: 31661
[2026/09/25 14:40:46:3749] N: started process, pid: 31665
[2026/09/25 14:40:46:3767] N: started process, pid: 31669
[2026/09/25 14:40:46:6678] N: WS closed from (unix skt), clients: 9
[2026/09/25 14:40:46:6678] N: killing process, pid: 31640
[2026/09/25 14:40:46:6683] N: process killed with signal 1, pid: 31640
[2026/09/25 14:40:46:6783] N: WS closed from (unix skt), clients: 8
[2026/09/25 14:40:46:6783] N: killing process, pid: 31637
[2026/09/25 14:40:46:7062] N: WS closed from (unix skt), clients: 7
[2026/09/25 14:40:46:7063] N: killing process, pid: 31638
[2026/09/25 14:40:46:7392] N: WS closed from (unix skt), clients: 6
[2026/09/25 14:40:46:7392] N: killing process, pid: 31665
[2026/09/25 14:40:46:7396] N: process killed with signal 1, pid: 31665
[2026/09/25 14:40:46:7889] N: process killed with signal 0, pid: 31637
[2026/09/25 14:40:46:8421] N: process killed with signal 0, pid: 31638
[2026/09/25 14:40:47:0438] N: WS closed from (unix skt), clients: 5
[2026/09/25 14:40:47:0438] N: killing process, pid: 31648
[2026/09/25 14:40:47:0551] N: process killed with signal 0, pid: 31648
[2026/09/25 14:40:47:1200] N: WS closed from (unix skt), clients: 4
[2026/09/25 14:40:47:1202] N: killing process, pid: 31651
[2026/09/25 14:40:47:1307] N: process killed with signal 0, pid: 31651
[2026/09/25 14:40:47:3360] N: WS closed from (unix skt), clients: 3
[2026/09/25 14:40:47:3361] N: killing process, pid: 31639
[2026/09/25 14:40:47:3468] N: process killed with signal 0, pid: 31639
[2026/09/25 14:40:47:6388] N: WS closed from (unix skt), clients: 2
[2026/09/25 14:40:47:6389] N: killing process, pid: 31661
[2026/09/25 14:40:47:6400] N: process killed with signal 0, pid: 31661
[2026/09/25 14:40:48:3560] N: WS closed from (unix skt), clients: 1
[2026/09/25 14:40:48:3561] N: killing process, pid: 31641
[2026/09/25 14:40:48:3562] N: WS closed from (unix skt), clients: 0
[2026/09/25 14:40:48:3562] N: killing process, pid: 31669
[2026/09/25 14:40:48:3581] N: process killed with signal 0, pid: 31641
[2026/09/25 14:40:48:3582] N: process killed with signal 0, pid: 31669
[2026/09/25 14:40:48:3869] N: WS   /ws - (unix skt), clients: 1
[2026/09/25 14:40:48:3870] N: WS   /ws - (unix skt), clients: 2
[2026/09/25 14:40:48:3870] N: WS   /ws - (unix skt), clients: 3
[2026/09/25 14:40:48:3870] N: WS   /ws - (unix skt), clients: 4
[2026/09/25 14:40:48:3870] N: WS   /ws - (unix skt), clients: 5
[2026/09/25 14:40:48:3870] N: WS   /ws - (unix skt), clients: 6
[2026/09/25 14:40:48:3870] N: WS   /ws - (unix skt), clients: 7
[2026/09/25 14:40:48:3871] N: WS   /ws - (unix skt), clients: 8
[2026/09/25 14:40:48:3871] N: WS   /ws - (unix skt), clients: 9
[2026/09/25 14:40:48:3871] N: WS   /ws - (unix skt), clients: 10
[2026/09/25 14:40:48:3895] N: started process, pid: 31997
[2026/09/25 14:40:48:3919] N: started process, pid: 31998
[2026/09/25 14:40:48:3944] N: started process, pid: 31999
[2026/09/25 14:40:48:3985] N: started process, pid: 32000
[2026/09/25 14:40:48:3994] N: started process, pid: 32001
[2026/09/25 14:40:48:4008] N: started process, pid: 32002
[2026/09/25 14:40:48:4031] N: started process, pid: 32003
[2026/09/25 14:40:48:4056] N: started process, pid: 32009
[2026/09/25 14:40:48:4080] N: started process, pid: 32013
[2026/09/25 14:40:48:4096] N: started process, pid: 32021
[2026/09/25 14:40:48:7485] N: WS closed from (unix skt), clients: 9
[2026/09/25 14:40:48:7486] N: killing process, pid: 31997
[2026/09/25 14:40:48:7486] N: WS closed from (unix skt), clients: 8
[2026/09/25 14:40:48:7486] N: killing process, pid: 31998
[2026/09/25 14:40:48:8837] N: WS closed from (unix skt), clients: 7
[2026/09/25 14:40:48:8837] N: killing process, pid: 32000
[2026/09/25 14:40:48:8842] N: process killed with signal 1, pid: 32000
[2026/09/25 14:40:48:8850] N: process killed with signal 0, pid: 31997
[2026/09/25 14:40:49:0093] N: process killed with signal 0, pid: 31998
[2026/09/25 14:40:49:0101] N: WS closed from (unix skt), clients: 6
[2026/09/25 14:40:49:0101] N: killing process, pid: 32013
[2026/09/25 14:40:49:0105] N: process killed with signal 1, pid: 32013
[2026/09/25 14:40:49:0849] N: WS closed from (unix skt), clients: 5
[2026/09/25 14:40:49:0850] N: killing process, pid: 32002
[2026/09/25 14:40:49:0860] N: process killed with signal 0, pid: 32002
[2026/09/25 14:40:49:2180] N: WS closed from (unix skt), clients: 4
[2026/09/25 14:40:49:2182] N: killing process, pid: 32003
[2026/09/25 14:40:49:2256] N: process killed with signal 0, pid: 32003
[2026/09/25 14:40:49:2516] N: WS closed from (unix skt), clients: 3
[2026/09/25 14:40:49:2516] N: killing process, pid: 31999
[2026/09/25 14:40:49:2717] N: process killed with signal 0, pid: 31999
[2026/09/25 14:40:49:6510] N: WS closed from (unix skt), clients: 2
[2026/09/25 14:40:49:6510] N: killing process, pid: 32009
[2026/09/25 14:40:49:6599] N: process killed with signal 0, pid: 32009
[2026/09/25 14:40:50:3881] N: WS closed from (unix skt), clients: 1
[2026/09/25 14:40:50:3882] N: killing process, pid: 32001
[2026/09/25 14:40:50:3882] N: WS closed from (unix skt), clients: 0
[2026/09/25 14:40:50:3882] N: killing process, pid: 32021
[2026/09/25 14:40:50:3900] N: process killed with signal 0, pid: 32021
[2026/09/25 14:40:50:3901] N: process killed with signal 0, pid: 32001
[2026/09/25 14:40:50:4156] N: WS   /ws - (unix skt), clients: 1
[2026/09/25 14:40:50:4157] N: WS   /ws - (unix skt), clients: 2
[2026/09/25 14:40:50:4157] N: WS   /ws - (unix skt), clients: 3
[2026/09/25 14:40:50:4158] N: WS   /ws - (unix skt), clients: 4
[2026/09/25 14:40:50:4158] N: WS   /ws - (unix skt), clients: 5
[2026/09/25 14:40:50:4158] N: WS   /ws - (unix skt), clients: 6
[2026/09/25 14:40:50:4158] N: WS   /ws - (unix skt), clients: 7
[2026/09/25 14:40:50:4159] N: WS   /ws - (unix skt), clients: 8
[2026/09/25 14:40:50:4159] N: WS   /ws - (unix skt), clients: 9
[2026/09/25 14:40:50:4159] N: WS   /ws - (unix skt), clients: 10
[2026/09/25 14:40:50:4186] N: started process, pid: 32288
[2026/09/25 14:40:50:4206] N: started process, pid: 32289
[2026/09/25 14:40:50:4222] N: started process, pid: 32290
[2026/09/25 14:40:50:4240] N: started process, pid: 32291
[2026/09/25 14:40:50:4259] N: started process, pid: 32293
[2026/09/25 14:40:50:4269] N: started process, pid: 32295
[2026/09/25 14:40:50:4291] N: started process, pid: 32297
[2026/09/25 14:40:50:4315] N: started process, pid: 32309
[2026/09/25 14:40:50:4340] N: started process, pid: 32324
[2026/09/25 14:40:50:4370] N: started process, pid: 32338
[2026/09/25 14:40:51:0215] N: WS closed from (unix skt), clients: 9
[2026/09/25 14:40:51:0218] N: killing process, pid: 32291
[2026/09/25 14:40:51:0223] N: process killed with signal 1, pid: 32291
[2026/09/25 14:40:51:0678] N: WS closed from (unix skt), clients: 8
[2026/09/25 14:40:51:0679] N: killing process, pid: 32289
[2026/09/25 14:40:51:0680] N: WS closed from (unix skt), clients: 7
[2026/09/25 14:40:51:0680] N: killing process, pid: 32288
[2026/09/25 14:40:51:0680] N: WS closed from (unix skt), clients: 6
[2026/09/25 14:40:51:0681] N: killing process, pid: 32297
[2026/09/25 14:40:51:0890] N: process killed with signal 0, pid: 32289
[2026/09/25 14:40:51:1449] N: WS closed from (unix skt), clients: 5
[2026/09/25 14:40:51:1449] N: killing process, pid: 32295
[2026/09/25 14:40:51:1609] N: process killed with signal 0, pid: 32297
[2026/09/25 14:40:51:1807] N: WS closed from (unix skt), clients: 4
[2026/09/25 14:40:51:1807] N: killing process, pid: 32324
[2026/09/25 14:40:51:1812] N: process killed with signal 1, pid: 32324
[2026/09/25 14:40:51:1845] N: process killed with signal 0, pid: 32288
[2026/09/25 14:40:51:1989] N: process killed with signal 0, pid: 32295
[2026/09/25 14:40:51:4237] N: WS closed from (unix skt), clients: 3
[2026/09/25 14:40:51:4237] N: killing process, pid: 32290
[2026/09/25 14:40:51:4264] N: process killed with signal 0, pid: 32290
[2026/09/25 14:40:51:8627] N: WS closed from (unix skt), clients: 2
[2026/09/25 14:40:51:8628] N: killing process, pid: 32309
[2026/09/25 14:40:51:8643] N: process killed with signal 0, pid: 32309
[2026/09/25 14:40:52:4186] N: WS closed from (unix skt), clients: 1
[2026/09/25 14:40:52:4187] N: killing process, pid: 32293
[2026/09/25 14:40:52:4187] N: WS closed from (unix skt), clients: 0
[2026/09/25 14:40:52:4188] N: killing process, pid: 32338
[2026/09/25 14:40:52:4200] N: process killed with signal 0, pid: 32293
[2026/09/25 14:40:52:4212] N: process killed with signal 0, pid: 32338
[2026/09/25 14:40:52:4465] N: WS   /ws - (unix skt), clients: 1
[2026/09/25 14:40:52:4466] N: WS   /ws - (unix skt), clients: 2
[2026/09/25 14:40:52:4466] N: WS   /ws - (unix skt), clients: 3
[2026/09/25 14:40:52:4466] N: WS   /ws - (unix skt), clients: 4
[2026/09/25 14:40:52:4466] N: WS   /ws - (unix skt), clients: 5
[2026/09/25 14:40:52:4467] N: WS   /ws - (unix skt), clients: 6
[2026/09/25 14:40:52:4467] N: WS   /ws - (unix skt), clients: 7
[2026/09/25 14:40:52:4467] N: WS   /ws - (unix skt), clients: 8
[2026/09/25 14:40:52:4468] N: WS   /ws - (unix skt), clients: 9
[2026/09/25 14:40:52:4468] N: WS   /ws - (unix skt), clients: 10
[2026/09/25 14:40:52:4496] N: started process, pid: 32722
[2026/09/25 14:40:52:4518] N: started process, pid: 32729
[2026/09/25 14:40:52:4536] N: started process, pid: 32730
[2026/09/25 14:40:52:4543] N: started process, pid: 32731
[2026/09/25 14:40:52:4552] N: started process, pid: 32733
[2026/09/25 14:40:52:4570] N: started process, pid: 32734
[2026/09/25 14:40:52:4585] N: started process, pid: 32740
[2026/09/25 14:40:52:4596] N: started process, pid: 32744
[2026/09/25 14:40:52:4610] N: started process, pid: 32746
[2026/09/25 14:40:52:4631] N: started process, pid: 32751
[2026/09/25 14:40:52:7469] N: WS closed from (unix skt), clients: 9
[2026/09/25 14:40:52:7477] N: killing process, pid: 32722
[2026/09/25 14:40:52:7834] N: WS closed from (unix skt), clients: 8
[2026/09/25 14:40:52:7835] N: killing process, pid: 32729
[2026/09/25 14:40:52:7841] N: process killed with signal 1, pid: 32729
[2026/09/25 14:40:52:8491] N: WS closed from (unix skt), clients: 7
[2026/09/25 14:40:52:8491] N: killing process, pid: 32734
[2026/09/25 14:40:52:8496] N: process killed with signal 1, pid: 32734
[2026/09/25 14:40:52:9753] N: process killed with signal 0, pid: 32722
[2026/09/25 14:40:53:1763] N: WS closed from (unix skt), clients: 6
[2026/09/25 14:40:53:1763] N: killing process, pid: 32731
[2026/09/25 14:40:53:1820] N: process killed with signal 0, pid: 32731
[2026/09/25 14:40:53:2223] N: WS closed from (unix skt), clients: 5
[2026/09/25 14:40:53:2224] N: killing process, pid: 32746
[2026/09/25 14:40:53:2378] N: process killed with signal 0, pid: 32746
[2026/09/25 14:40:53:2768] N: WS closed from (unix skt), clients: 4
[2026/09/25 14:40:53:2768] N: killing process, pid: 32744
[2026/09/25 14:40:53:2794] N: process killed with signal 0, pid: 32744
[2026/09/25 14:40:53:7784] N: WS closed from (unix skt), clients: 3
[2026/09/25 14:40:53:7785] N: killing process, pid: 32733
[2026/09/25 14:40:53:7793] N: process killed with signal 0, pid: 32733
[2026/09/25 14:40:53:7852] N: WS closed from (unix skt), clients: 2
[2026/09/25 14:40:53:7853] N: killing process, pid: 32751
[2026/09/25 14:40:53:7879] N: process killed with signal 0, pid: 32751
[2026/09/25 14:40:54:4481] N: WS closed from (unix skt), clients: 1
[2026/09/25 14:40:54:4482] N: killing process, pid: 32740
[2026/09/25 14:40:54:4482] N: WS closed from (unix skt), clients: 0
[2026/09/25 14:40:54:4482] N: killing process, pid: 32730
[2026/09/25 14:40:54:4562] N: process killed with signal 0, pid: 32730
[2026/09/25 14:40:54:4564] N: process killed with signal 0, pid: 32740
[2026/09/25 14:40:54:5222] N: WS   /ws - (unix skt), clients: 1
[2026/09/25 14:40:54:5223] N: WS   /ws - (unix skt), clients: 2
[2026/09/25 14:40:54:5223] N: WS   /ws - (unix skt), clients: 3
[2026/09/25 14:40:54:5223] N: WS   /ws - (unix skt), clients: 4
[2026/09/25 14:40:54:5224] N: WS   /ws - (unix skt), clients: 5
[2026/09/25 14:40:54:5224] N: WS   /ws - (unix skt), clients: 6
[2026/09/25 14:40:54:5224] N: WS   /ws - (unix skt), clients: 7
[2026/09/25 14:40:54:5224] N: WS   /ws - (unix skt), clients: 8
[2026/09/25 14:40:54:5224] N: WS   /ws - (unix skt), clients: 9
[2026/09/25 14:40:54:5224] N: WS   /ws - (unix skt), clients: 10
[2026/09/25 14:40:54:5249] N: started process, pid: 33104
[2026/09/25 14:40:54:5272] N: started process, pid: 33106
[2026/09/25 14:40:54:5290] N: started process, pid: 33107
[2026/09/25 14:40:54:5317] N: started process, pid: 33108
[2026/09/25 14:40:54:5340] N: started process, pid: 33109
[2026/09/25 14:40:54:5357] N: started process, pid: 33112
[2026/09/25 14:40:54:5391] N: started process, pid: 33115
[2026/09/25 14:40:54:5414] N: started process, pid: 33122
[2026/09/25 14:40:54:5431] N: started process, pid: 33129
[2026/09/25 14:40:54:5457] N: started process, pid: 33133
[2026/09/25 14:40:54:8194] N: WS closed from (unix skt), clients: 9
[2026/09/25 14:40:54:8195] N: killing process, pid: 33104
[2026/09/25 14:40:54:9197] N: WS closed from (unix skt), clients: 8
[2026/09/25 14:40:54:9199] N: killing process, pid: 33108
[2026/09/25 14:40:54:9206] N: process killed with signal 1, pid: 33108
[2026/09/25 14:40:55:1226] N: WS closed from (unix skt), clients: 7
[2026/09/25 14:40:55:1226] N: killing process, pid: 33106
[2026/09/25 14:40:55:1626] N: process killed with signal 0, pid: 33104
[2026/09/25 14:40:55:2115] N: process killed with signal 0, pid: 33106
[2026/09/25 14:40:55:2943] N: WS closed from (unix skt), clients: 6
[2026/09/25 14:40:55:2944] N: killing process, pid: 33129
[2026/09/25 14:40:55:2949] N: process killed with signal 1, pid: 33129
[2026/09/25 14:40:55:3615] N: WS closed from (unix skt), clients: 5
[2026/09/25 14:40:55:3616] N: killing process, pid: 33112
[2026/09/25 14:40:55:3626] N: process killed with signal 0, pid: 33112
[2026/09/25 14:40:55:4131] N: WS closed from (unix skt), clients: 4
[2026/09/25 14:40:55:4131] N: killing process, pid: 33115
[2026/09/25 14:40:55:4258] N: process killed with signal 0, pid: 33115
[2026/09/25 14:40:55:7636] N: WS closed from (unix skt), clients: 3
[2026/09/25 14:40:55:7637] N: killing process, pid: 33107
[2026/09/25 14:40:55:7696] N: process killed with signal 0, pid: 33107
[2026/09/25 14:40:56:0055] N: WS closed from (unix skt), clients: 2
[2026/09/25 14:40:56:0056] N: killing process, pid: 33122
[2026/09/25 14:40:56:0069] N: process killed with signal 0, pid: 33122
[2026/09/25 14:40:56:5235] N: WS closed from (unix skt), clients: 1
[2026/09/25 14:40:56:5237] N: killing process, pid: 33109
[2026/09/25 14:40:56:5238] N: WS closed from (unix skt), clients: 0
[2026/09/25 14:40:56:5238] N: killing process, pid: 33133
[2026/09/25 14:40:56:5267] N: process killed with signal 0, pid: 33109
[2026/09/25 14:40:56:5268] N: process killed with signal 0, pid: 33133
[2026/09/25 14:40:56:5508] N: WS   /ws - (unix skt), clients: 1
[2026/09/25 14:40:56:5509] N: WS   /ws - (unix skt), clients: 2
[2026/09/25 14:40:56:5509] N: WS   /ws - (unix skt), clients: 3
[2026/09/25 14:40:56:5509] N: WS   /ws - (unix skt), clients: 4
[2026/09/25 14:40:56:5509] N: WS   /ws - (unix skt), clients: 5
[2026/09/25 14:40:56:5510] N: WS   /ws - (unix skt), clients: 6
[2026/09/25 14:40:56:5510] N: WS   /ws - (unix skt), clients: 7
[2026/09/25 14:40:56:5510] N: WS   /ws - (unix skt), clients: 8
[2026/09/25 14:40:56:5510] N: WS   /ws - (unix skt), clients: 9
[2026/09/25 14:40:56:5510] N: WS   /ws - (unix skt), clients: 10
[2026/09/25 14:40:56:5528] N: started process, pid: 33610
[2026/09/25 14:40:56:5543] N: started process, pid: 33611
[2026/09/25 14:40:56:5561] N: started process, pid: 33612
[2026/09/25 14:40:56:5575] N: started process, pid: 33613
[2026/09/25 14:40:56:5585] N: started process, pid: 33614
[2026/09/25 14:40:56:5600] N: started process, pid: 33615
[2026/09/25 14:40:56:5624] N: started process, pid: 33623
[2026/09/25 14:40:56:5650] N: started process, pid: 33627
[2026/09/25 14:40:56:5668] N: started process, pid: 33635
[2026/09/25 14:40:56:5684] N: started process, pid: 33642
[2026/09/25 14:40:56:8940] N: WS closed from (unix skt), clients: 9
[2026/09/25 14:40:56:8940] N: killing process, pid: 33613
[2026/09/25 14:40:56:8946] N: process killed with signal 1, pid: 33613
[2026/09/25 14:40:57:0004] N: WS closed from (unix skt), clients: 8
[2026/09/25 14:40:57:0005] N: killing process, pid: 33611
[2026/09/25 14:40:57:0177] N: WS closed from (unix skt), clients: 7
[2026/09/25 14:40:57:0178] N: killing process, pid: 33610
[2026/09/25 14:40:57:0760] N: process killed with signal 0, pid: 33611
[2026/09/25 14:40:57:2527] N: WS closed from (unix skt), clients: 6
[2026/09/25 14:40:57:2528] N: killing process, pid: 33635
[2026/09/25 14:40:57:2531] N: process killed with signal 0, pid: 33610
[2026/09/25 14:40:57:2532] N: process killed with signal 1, pid: 33635
[2026/09/25 14:40:57:2716] N: WS closed from (unix skt), clients: 5
[2026/09/25 14:40:57:2716] N: killing process, pid: 33615
[2026/09/25 14:40:57:3112] N: process killed with signal 0, pid: 33615
[2026/09/25 14:40:57:4557] N: WS closed from (unix skt), clients: 4
[2026/09/25 14:40:57:4558] N: killing process, pid: 33623
[2026/09/25 14:40:57:4567] N: process killed with signal 0, pid: 33623
[2026/09/25 14:40:57:7240] N: WS closed from (unix skt), clients: 3
[2026/09/25 14:40:57:7240] N: killing process, pid: 33612
[2026/09/25 14:40:57:7249] N: process killed with signal 0, pid: 33612
[2026/09/25 14:40:58:0168] N: WS closed from (unix skt), clients: 2
[2026/09/25 14:40:58:0168] N: killing process, pid: 33627
[2026/09/25 14:40:58:0178] N: process killed with signal 0, pid: 33627
[2026/09/25 14:40:58:5582] N: WS closed from (unix skt), clients: 1
[2026/09/25 14:40:58:5583] N: killing process, pid: 33614
[2026/09/25 14:40:58:5583] N: WS closed from (unix skt), clients: 0
[2026/09/25 14:40:58:5584] N: killing process, pid: 33642
[2026/09/25 14:40:58:5623] N: process killed with signal 0, pid: 33614
[2026/09/25 14:40:58:5624] N: process killed with signal 0, pid: 33642
[2026/09/25 14:40:58:6534] N: WS   /ws - (unix skt), clients: 1
[2026/09/25 14:40:58:6534] N: WS   /ws - (unix skt), clients: 2
[2026/09/25 14:40:58:6535] N: WS   /ws - (unix skt), clients: 3
[2026/09/25 14:40:58:6535] N: WS   /ws - (unix skt), clients: 4
[2026/09/25 14:40:58:6535] N: WS   /ws - (unix skt), clients: 5
[2026/09/25 14:40:58:6535] N: WS   /ws - (unix skt), clients: 6
[2026/09/25 14:40:58:6535] N: WS   /ws - (unix skt), clients: 7
[2026/09/25 14:40:58:6536] N: WS   /ws - (unix skt), clients: 8
[2026/09/25 14:40:58:6536] N: WS   /ws - (unix skt), clients: 9
[2026/09/25 14:40:58:6536] N: WS   /ws - (unix skt), clients: 10
[2026/09/25 14:40:58:6564] N: started process, pid: 34110
[2026/09/25 14:40:58:6592] N: started process, pid: 34111
[2026/09/25 14:40:58:6682] N: started process, pid: 34112
[2026/09/25 14:40:58:6710] N: started process, pid: 34113
[2026/09/25 14:40:58:6730] N: started process, pid: 34118
[2026/09/25 14:40:58:6752] N: started process, pid: 34119
[2026/09/25 14:40:58:6776] N: started process, pid: 34123
[2026/09/25 14:40:58:6796] N: started process, pid: 34130
[2026/09/25 14:40:58:6808] N: started process, pid: 34131
[2026/09/25 14:40:58:6823] N: started process, pid: 34134
[2026/09/25 14:40:59:0232] N: WS closed from (unix skt), clients: 9
[2026/09/25 14:40:59:0233] N: killing process, pid: 34110
[2026/09/25 14:40:59:1818] N: WS closed from (unix skt), clients: 8
[2026/09/25 14:40:59:1818] N: killing process, pid: 34113
[2026/09/25 14:40:59:1825] N: process killed with signal 1, pid: 34113
[2026/09/25 14:40:59:2904] N: process killed with signal 0, pid: 34110
[2026/09/25 14:40:59:3842] N: WS closed from (unix skt), clients: 7
[2026/09/25 14:40:59:3842] N: killing process, pid: 34123
[2026/09/25 14:40:59:3844] N: WS closed from (unix skt), clients: 6
[2026/09/25 14:40:59:3844] N: killing process, pid: 34119
[2026/09/25 14:40:59:4504] N: process killed with signal 0, pid: 34123
[2026/09/25 14:40:59:5335] N: WS closed from (unix skt), clients: 5
[2026/09/25 14:40:59:5335] N: killing process, pid: 34131
[2026/09/25 14:40:59:5341] N: process killed with signal 1, pid: 34131
[2026/09/25 14:40:59:5369] N: process killed with signal 0, pid: 34119
[2026/09/25 14:40:59:6337] N: WS closed from (unix skt), clients: 4
[2026/09/25 14:40:59:6337] N: killing process, pid: 34111
[2026/09/25 14:40:59:6351] N: process killed with signal 0, pid: 34111
[2026/09/25 14:40:59:8857] N: WS closed from (unix skt), clients: 3
[2026/09/25 14:40:59:8859] N: killing process, pid: 34112
[2026/09/25 14:40:59:8872] N: process killed with signal 0, pid: 34112
[2026/09/25 14:41:00:2525] N: WS closed from (unix skt), clients: 2
[2026/09/25 14:41:00:2526] N: killing process, pid: 34130
[2026/09/25 14:41:00:2817] N: process killed with signal 0, pid: 34130
[2026/09/25 14:41:00:6554] N: WS closed from (unix skt), clients: 1
[2026/09/25 14:41:00:6555] N: killing process, pid: 34118
[2026/09/25 14:41:00:6555] N: WS closed from (unix skt), clients: 0
[2026/09/25 14:41:00:6555] N: killing process, pid: 34134
[2026/09/25 14:41:00:6570] N: process killed with signal 0, pid: 34118
[2026/09/25 14:41:00:6570] N: process killed with signal 0, pid: 34134
[2026/09/25 14:41:00:6978] N: WS   /ws - (unix skt), clients: 1
[2026/09/25 14:41:00:6979] N: WS   /ws - (unix skt), clients: 2
[2026/09/25 14:41:00:6980] N: WS   /ws - (unix skt), clients: 3
[2026/09/25 14:41:00:6980] N: WS   /ws - (unix skt), clients: 4
[2026/09/25 14:41:00:6981] N: WS   /ws - (unix skt), clients: 5
[2026/09/25 14:41:00:6981] N: WS   /ws - (unix skt), clients: 6
[2026/09/25 14:41:00:6982] N: WS   /ws - (unix skt), clients: 7
[2026/09/25 14:41:00:6982] N: WS   /ws - (unix skt), clients: 8
[2026/09/25 14:41:00:6983] N: WS   /ws - (unix skt), clients: 9
[2026/09/25 14:41:00:6983] N: WS   /ws - (unix skt), clients: 10
[2026/09/25 14:41:00:7020] N: started process, pid: 34864
[2026/09/25 14:41:00:7044] N: started process, pid: 34865
[2026/09/25 14:41:00:7065] N: started process, pid: 34867
[2026/09/25 14:41:00:7095] N: started process, pid: 34869
[2026/09/25 14:41:00:7125] N: started process, pid: 34871
[2026/09/25 14:41:00:7157] N: started process, pid: 34872
[2026/09/25 14:41:00:7186] N: started process, pid: 34873
[2026/09/25 14:41:00:7208] N: started process, pid: 34874
[2026/09/25 14:41:00:7228] N: started process, pid: 34875
[2026/09/25 14:41:00:7245] N: started process, pid: 34876
[2026/09/25 14:41:00:9830] N: WS closed from (unix skt), clients: 9
[2026/09/25 14:41:00:9831] N: killing process, pid: 34869
[2026/09/25 14:41:00:9837] N: process killed with signal 1, pid: 34869
[2026/09/25 14:41:01:1855] N: WS closed from (unix skt), clients: 8
[2026/09/25 14:41:01:1855] N: killing process, pid: 34865
[2026/09/25 14:41:01:2600] N: process killed with signal 0, pid: 34865
[2026/09/25 14:41:01:2981] N: WS closed from (unix skt), clients: 7
[2026/09/25 14:41:01:2988] N: killing process, pid: 34864
[2026/09/25 14:41:01:4294] N: process killed with signal 0, pid: 34864
[2026/09/25 14:41:01:5368] N: WS closed from (unix skt), clients: 6
[2026/09/25 14:41:01:5368] N: killing process, pid: 34873
[2026/09/25 14:41:01:5643] N: WS closed from (unix skt), clients: 5
[2026/09/25 14:41:01:5643] N: killing process, pid: 34875
[2026/09/25 14:41:01:5649] N: process killed with signal 1, pid: 34875
[2026/09/25 14:41:01:5715] N: process killed with signal 0, pid: 34873
[2026/09/25 14:41:01:7727] N: WS closed from (unix skt), clients: 4
[2026/09/25 14:41:01:7727] N: killing process, pid: 34872
[2026/09/25 14:41:01:7928] N: process killed with signal 0, pid: 34872
[2026/09/25 14:41:01:9051] N: WS closed from (unix skt), clients: 3
[2026/09/25 14:41:01:9069] N: killing process, pid: 34867
[2026/09/25 14:41:01:9080] N: process killed with signal 0, pid: 34867
[2026/09/25 14:41:02:2688] N: WS closed from (unix skt), clients: 2
[2026/09/25 14:41:02:2689] N: killing process, pid: 34874
[2026/09/25 14:41:02:2707] N: process killed with signal 0, pid: 34874
[2026/09/25 14:41:02:7010] N: WS closed from (unix skt), clients: 1
[2026/09/25 14:41:02:7010] N: killing process, pid: 34871
[2026/09/25 14:41:02:7010] N: WS closed from (unix skt), clients: 0
[2026/09/25 14:41:02:7010] N: killing process, pid: 34876
[2026/09/25 14:41:02:7061] N: process killed with signal 0, pid: 34876
[2026/09/25 14:41:02:7062] N: process killed with signal 0, pid: 34871
[2026/09/25 14:41:02:7153] N: WS   /ws - (unix skt), clients: 1
[2026/09/25 14:41:02:7153] N: WS   /ws - (unix skt), clients: 2
[2026/09/25 14:41:02:7153] N: WS   /ws - (unix skt), clients: 3
[2026/09/25 14:41:02:7154] N: WS   /ws - (unix skt), clients: 4
[2026/09/25 14:41:02:7154] N: WS   /ws - (unix skt), clients: 5
[2026/09/25 14:41:02:7154] N: WS   /ws - (unix skt), clients: 6
[2026/09/25 14:41:02:7154] N: WS   /ws - (unix skt), clients: 7
[2026/09/25 14:41:02:7154] N: WS   /ws - (unix skt), clients: 8
[2026/09/25 14:41:02:7155] N: WS   /ws - (unix skt), clients: 9
[2026/09/25 14:41:02:7155] N: WS   /ws - (unix skt), clients: 10
[2026/09/25 14:41:02:7173] N: started process, pid: 35243
[2026/09/25 14:41:02:7188] N: started process, pid: 35244
[2026/09/25 14:41:02:7211] N: started process, pid: 35245
[2026/09/25 14:41:02:7230] N: started process, pid: 35246
[2026/09/25 14:41:02:7240] N: started process, pid: 35247
[2026/09/25 14:41:02:7248] N: started process, pid: 35248
[2026/09/25 14:41:02:7258] N: started process, pid: 35249
[2026/09/25 14:41:02:7276] N: started process, pid: 35252
[2026/09/25 14:41:02:7296] N: started process, pid: 35259
[2026/09/25 14:41:02:7316] N: started process, pid: 35265
[2026/09/25 14:41:03:0581] N: WS closed from (unix skt), clients: 9
[2026/09/25 14:41:03:0582] N: killing process, pid: 35243
[2026/09/25 14:41:03:1896] N: WS closed from (unix skt), clients: 8
[2026/09/25 14:41:03:1897] N: killing process, pid: 35246
[2026/09/25 14:41:03:1904] N: process killed with signal 1, pid: 35246
[2026/09/25 14:41:03:2897] N: process killed with signal 0, pid: 35243
[2026/09/25 14:41:03:3925] N: WS closed from (unix skt), clients: 7
[2026/09/25 14:41:03:3926] N: killing process, pid: 35248
[2026/09/25 14:41:03:4739] N: WS closed from (unix skt), clients: 6
[2026/09/25 14:41:03:4740] N: killing process, pid: 35259
[2026/09/25 14:41:03:4743] N: process killed with signal 1, pid: 35259
[2026/09/25 14:41:03:4770] N: process killed with signal 0, pid: 35248
[2026/09/25 14:41:03:4959] N: WS closed from (unix skt), clients: 5
[2026/09/25 14:41:03:4960] N: killing process, pid: 35244
[2026/09/25 14:41:03:5653] N: process killed with signal 0, pid: 35244
[2026/09/25 14:41:03:7843] N: WS closed from (unix skt), clients: 4
[2026/09/25 14:41:03:7844] N: killing process, pid: 35249
[2026/09/25 14:41:03:7855] N: process killed with signal 0, pid: 35249
[2026/09/25 14:41:03:8429] N: WS closed from (unix skt), clients: 3
[2026/09/25 14:41:03:8429] N: killing process, pid: 35245
[2026/09/25 14:41:03:8442] N: process killed with signal 0, pid: 35245
[2026/09/25 14:41:04:0470] N: WS closed from (unix skt), clients: 2
[2026/09/25 14:41:04:0471] N: killing process, pid: 35252
[2026/09/25 14:41:04:0494] N: process killed with signal 0, pid: 35252
[2026/09/25 14:41:04:7171] N: WS closed from (unix skt), clients: 1
[2026/09/25 14:41:04:7172] N: killing process, pid: 35247
[2026/09/25 14:41:04:7173] N: WS closed from (unix skt), clients: 0
[2026/09/25 14:41:04:7173] N: killing process, pid: 35265
[2026/09/25 14:41:04:7181] N: process killed with signal 0, pid: 35247
[2026/09/25 14:41:04:7193] N: process killed with signal 0, pid: 35265
[2026/09/25 14:41:04:7449] N: WS   /ws - (unix skt), clients: 1
[2026/09/25 14:41:04:7449] N: WS   /ws - (unix skt), clients: 2
[2026/09/25 14:41:04:7449] N: WS   /ws - (unix skt), clients: 3
[2026/09/25 14:41:04:7450] N: WS   /ws - (unix skt), clients: 4
[2026/09/25 14:41:04:7450] N: WS   /ws - (unix skt), clients: 5
[2026/09/25 14:41:04:7450] N: WS   /ws - (unix skt), clients: 6
[2026/09/25 14:41:04:7450] N: WS   /ws - (unix skt), clients: 7
[2026/09/25 14:41:04:7450] N: WS   /ws - (unix skt), clients: 8
[2026/09/25 14:41:04:7451] N: WS   /ws - (unix skt), clients: 9
[2026/09/25 14:41:04:7451] N: WS   /ws - (unix skt), clients: 10
[2026/09/25 14:41:04:7472] N: started process, pid: 35634
[2026/09/25 14:41:04:7480] N: started process, pid: 35635
[2026/09/25 14:41:04:7495] N: started process, pid: 35636
[2026/09/25 14:41:04:7511] N: started process, pid: 35637
[2026/09/25 14:41:04:7527] N: started process, pid: 35641
[2026/09/25 14:41:04:7552] N: started process, pid: 35646
[2026/09/25 14:41:04:7567] N: started process, pid: 35649
[2026/09/25 14:41:04:7589] N: started process, pid: 35655
[2026/09/25 14:41:04:7613] N: started process, pid: 35660
[2026/09/25 14:41:04:7654] N: started process, pid: 35663
[2026/09/25 14:41:05:0877] N: WS closed from (unix skt), clients: 9
[2026/09/25 14:41:05:0878] N: killing process, pid: 35635
[2026/09/25 14:41:05:1913] N: process killed with signal 0, pid: 35635
[2026/09/25 14:41:05:2111] N: WS closed from (unix skt), clients: 8
[2026/09/25 14:41:05:2111] N: killing process, pid: 35634
[2026/09/25 14:41:05:3183] N: WS closed from (unix skt), clients: 7
[2026/09/25 14:41:05:3183] N: killing process, pid: 35637
[2026/09/25 14:41:05:3186] N: process killed with signal 1, pid: 35637
[2026/09/25 14:41:05:4952] N: process killed with signal 0, pid: 35634
[2026/09/25 14:41:05:5448] N: WS closed from (unix skt), clients: 6
[2026/09/25 14:41:05:5449] N: killing process, pid: 35660
[2026/09/25 14:41:05:5453] N: process killed with signal 1, pid: 35660
[2026/09/25 14:41:05:5865] N: WS closed from (unix skt), clients: 5
[2026/09/25 14:41:05:5866] N: killing process, pid: 35646
[2026/09/25 14:41:05:6446] N: process killed with signal 0, pid: 35646
[2026/09/25 14:41:05:6868] N: WS closed from (unix skt), clients: 4
[2026/09/25 14:41:05:6868] N: killing process, pid: 35649
[2026/09/25 14:41:05:6970] N: process killed with signal 0, pid: 35649
[2026/09/25 14:41:05:8244] N: WS closed from (unix skt), clients: 3
[2026/09/25 14:41:05:8246] N: killing process, pid: 35636
[2026/09/25 14:41:05:8261] N: process killed with signal 0, pid: 35636
[2026/09/25 14:41:06:0885] N: WS closed from (unix skt), clients: 2
[2026/09/25 14:41:06:0887] N: killing process, pid: 35655
[2026/09/25 14:41:06:0900] N: process killed with signal 0, pid: 35655
[2026/09/25 14:41:06:7461] N: WS closed from (unix skt), clients: 1
[2026/09/25 14:41:06:7462] N: killing process, pid: 35641
[2026/09/25 14:41:06:7462] N: WS closed from (unix skt), clients: 0
[2026/09/25 14:41:06:7462] N: killing process, pid: 35663
[2026/09/25 14:41:06:7495] N: process killed with signal 0, pid: 35641
[2026/09/25 14:41:06:7496] N: process killed with signal 0, pid: 35663
[2026/09/25 14:41:06:7818] N: WS   /ws - (unix skt), clients: 1
[2026/09/25 14:41:06:7819] N: WS   /ws - (unix skt), clients: 2
[2026/09/25 14:41:06:7820] N: WS   /ws - (unix skt), clients: 3
[2026/09/25 14:41:06:7820] N: WS   /ws - (unix skt), clients: 4
[2026/09/25 14:41:06:7820] N: WS   /ws - (unix skt), clients: 5
[2026/09/25 14:41:06:7820] N: WS   /ws - (unix skt), clients: 6
[2026/09/25 14:41:06:7820] N: WS   /ws - (unix skt), clients: 7
[2026/09/25 14:41:06:7820] N: WS   /ws - (unix skt), clients: 8
[2026/09/25 14:41:06:7821] N: WS   /ws - (unix skt), clients: 9
[2026/09/25 14:41:06:7821] N: WS   /ws - (unix skt), clients: 10
[2026/09/25 14:41:06:7854] N: started process, pid: 35971
[2026/09/25 14:41:06:7915] N: started process, pid: 35972
[2026/09/25 14:41:06:7953] N: started process, pid: 35973
[2026/09/25 14:41:06:7978] N: started process, pid: 35975
[2026/09/25 14:41:06:8017] N: started process, pid: 35976
[2026/09/25 14:41:06:8059] N: started process, pid: 35977
[2026/09/25 14:41:06:8174] N: started process, pid: 35980
[2026/09/25 14:41:06:8411] N: started process, pid: 35984
[2026/09/25 14:41:06:8438] N: started process, pid: 35987
[2026/09/25 14:41:06:8475] N: started process, pid: 36001
[2026/09/25 14:41:07:2523] N: WS closed from (unix skt), clients: 9
[2026/09/25 14:41:07:2524] N: killing process, pid: 35971
[2026/09/25 14:41:07:4446] N: process killed with signal 0, pid: 35971
[2026/09/25 14:41:07:5590] N: WS closed from (unix skt), clients: 8
[2026/09/25 14:41:07:5590] N: killing process, pid: 35987
[2026/09/25 14:41:07:5595] N: process killed with signal 1, pid: 35987
[2026/09/25 14:41:07:6426] N: WS closed from (unix skt), clients: 7
[2026/09/25 14:41:07:6426] N: killing process, pid: 35980
[2026/09/25 14:41:07:6428] N: WS closed from (unix skt), clients: 6
[2026/09/25 14:41:07:6428] N: killing process, pid: 35977
[2026/09/25 14:41:07:7085] N: WS closed from (unix skt), clients: 5
[2026/09/25 14:41:07:7085] N: killing process, pid: 35975
[2026/09/25 14:41:07:7091] N: process killed with signal 1, pid: 35975
[2026/09/25 14:41:07:7325] N: process killed with signal 0, pid: 35977
[2026/09/25 14:41:07:7504] N: process killed with signal 0, pid: 35980
[2026/09/25 14:41:07:7518] N: WS closed from (unix skt), clients: 4
[2026/09/25 14:41:07:7519] N: killing process, pid: 35973
[2026/09/25 14:41:07:7593] N: process killed with signal 0, pid: 35973
[2026/09/25 14:41:07:9055] N: WS closed from (unix skt), clients: 3
[2026/09/25 14:41:07:9056] N: killing process, pid: 35972
[2026/09/25 14:41:07:9067] N: process killed with signal 0, pid: 35972
[2026/09/25 14:41:08:0999] N: WS closed from (unix skt), clients: 2
[2026/09/25 14:41:08:1000] N: killing process, pid: 35984
[2026/09/25 14:41:08:1009] N: process killed with signal 0, pid: 35984
[2026/09/25 14:41:08:7827] N: WS closed from (unix skt), clients: 1
[2026/09/25 14:41:08:7834] N: killing process, pid: 35976
[2026/09/25 14:41:08:7834] N: WS closed from (unix skt), clients: 0
[2026/09/25 14:41:08:7834] N: killing process, pid: 36001
[2026/09/25 14:41:08:7849] N: process killed with signal 0, pid: 35976
[2026/09/25 14:41:08:7850] N: process killed with signal 0, pid: 36001
[2026/09/25 14:41:08:8067] N: WS   /ws - (unix skt), clients: 1
[2026/09/25 14:41:08:8068] N: WS   /ws - (unix skt), clients: 2
[2026/09/25 14:41:08:8069] N: WS   /ws - (unix skt), clients: 3
[2026/09/25 14:41:08:8069] N: WS   /ws - (unix skt), clients: 4
[2026/09/25 14:41:08:8070] N: WS   /ws - (unix skt), clients: 5
[2026/09/25 14:41:08:8070] N: WS   /ws - (unix skt), clients: 6
[2026/09/25 14:41:08:8070] N: WS   /ws - (unix skt), clients: 7
[2026/09/25 14:41:08:8071] N: WS   /ws - (unix skt), clients: 8
[2026/09/25 14:41:08:8071] N: WS   /ws - (unix skt), clients: 9
[2026/09/25 14:41:08:8071] N: WS   /ws - (unix skt), clients: 10
[2026/09/25 14:41:08:8083] N: started process, pid: 36337
[2026/09/25 14:41:08:8094] N: started process, pid: 36338
[2026/09/25 14:41:08:8115] N: started process, pid: 36339
[2026/09/25 14:41:08:8122] N: started process, pid: 36340
[2026/09/25 14:41:08:8131] N: started process, pid: 36341
[2026/09/25 14:41:08:8137] N: started process, pid: 36343
[2026/09/25 14:41:08:8145] N: started process, pid: 36345
[2026/09/25 14:41:08:8154] N: started process, pid: 36349
[2026/09/25 14:41:08:8172] N: started process, pid: 36352
[2026/09/25 14:41:08:8192] N: started process, pid: 36358
[2026/09/25 14:41:09:1227] N: WS closed from (unix skt), clients: 9
[2026/09/25 14:41:09:1227] N: killing process, pid: 36337
[2026/09/25 14:41:09:3414] N: process killed with signal 0, pid: 36337
[2026/09/25 14:41:09:3490] N: WS closed from (unix skt), clients: 8
[2026/09/25 14:41:09:3491] N: killing process, pid: 36340
[2026/09/25 14:41:09:3497] N: process killed with signal 1, pid: 36340
[2026/09/25 14:41:09:4925] N: WS closed from (unix skt), clients: 7
[2026/09/25 14:41:09:4925] N: killing process, pid: 36352
[2026/09/25 14:41:09:4930] N: process killed with signal 1, pid: 36352
[2026/09/25 14:41:09:6517] N: WS closed from (unix skt), clients: 6
[2026/09/25 14:41:09:6518] N: killing process, pid: 36339
[2026/09/25 14:41:09:6518] N: WS closed from (unix skt), clients: 5
[2026/09/25 14:41:09:6518] N: killing process, pid: 36343
[2026/09/25 14:41:09:6730] N: process killed with signal 0, pid: 36343
[2026/09/25 14:41:09:6931] N: WS closed from (unix skt), clients: 4
[2026/09/25 14:41:09:6932] N: killing process, pid: 36345
[2026/09/25 14:41:09:6945] N: process killed with signal 0, pid: 36345
[2026/09/25 14:41:09:6953] N: process killed with signal 0, pid: 36339
[2026/09/25 14:41:10:1544] N: WS closed from (unix skt), clients: 3
[2026/09/25 14:41:10:1545] N: killing process, pid: 36338
[2026/09/25 14:41:10:1558] N: process killed with signal 0, pid: 36338
[2026/09/25 14:41:10:3887] N: WS closed from (unix skt), clients: 2
[2026/09/25 14:41:10:3888] N: killing process, pid: 36349
[2026/09/25 14:41:10:3906] N: process killed with signal 0, pid: 36349
[2026/09/25 14:41:10:8092] N: WS closed from (unix skt), clients: 1
[2026/09/25 14:41:10:8095] N: killing process, pid: 36341
[2026/09/25 14:41:10:8098] N: WS closed from (unix skt), clients: 0
[2026/09/25 14:41:10:8098] N: killing process, pid: 36358
[2026/09/25 14:41:10:8127] N: process killed with signal 0, pid: 36341
[2026/09/25 14:41:10:8129] N: process killed with signal 0, pid: 36358
[2026/09/25 14:41:10:8420] N: WS   /ws - (unix skt), clients: 1
[2026/09/25 14:41:10:8421] N: WS   /ws - (unix skt), clients: 2
[2026/09/25 14:41:10:8421] N: WS   /ws - (unix skt), clients: 3
[2026/09/25 14:41:10:8434] N: started process, pid: 36812
[2026/09/25 14:41:10:8436] N: WS   /ws - (unix skt), clients: 4
[2026/09/25 14:41:10:8437] N: WS   /ws - (unix skt), clients: 5
[2026/09/25 14:41:10:8438] N: WS   /ws - (unix skt), clients: 6
[2026/09/25 14:41:10:8439] N: WS   /ws - (unix skt), clients: 7
[2026/09/25 14:41:10:8440] N: WS   /ws - (unix skt), clients: 8
[2026/09/25 14:41:10:8440] N: WS   /ws - (unix skt), clients: 9
[2026/09/25 14:41:10:8440] N: WS   /ws - (unix skt), clients: 10
[2026/09/25 14:41:10:8449] N: started process, pid: 36814
[2026/09/25 14:41:10:8455] N: started process, pid: 36820
[2026/09/25 14:41:10:8461] N: started process, pid: 36824
[2026/09/25 14:41:10:8491] N: started process, pid: 36828
[2026/09/25 14:41:10:8498] N: started process, pid: 36829
[2026/09/25 14:41:10:8507] N: started process, pid: 36830
[2026/09/25 14:41:10:8532] N: started process, pid: 36831
[2026/09/25 14:41:10:8566] N: started process, pid: 36837
[2026/09/25 14:41:10:8616] N: started process, pid: 36849
[2026/09/25 14:41:11:2637] N: WS closed from (unix skt), clients: 9
[2026/09/25 14:41:11:2637] N: killing process, pid: 36812
[2026/09/25 14:41:11:3005] N: WS closed from (unix skt), clients: 8
[2026/09/25 14:41:11:3005] N: killing process, pid: 36814
[2026/09/25 14:41:11:3010] N: process killed with signal 1, pid: 36814
[2026/09/25 14:41:11:3064] N: process killed with signal 0, pid: 36812
[2026/09/25 14:41:11:8470] N: WS closed from (unix skt), clients: 7
[2026/09/25 14:41:11:8471] N: killing process, pid: 36820
[2026/09/25 14:41:11:8471] N: WS closed from (unix skt), clients: 6
[2026/09/25 14:41:11:8472] N: killing process, pid: 36830
[2026/09/25 14:41:11:9052] N: WS closed from (unix skt), clients: 5
[2026/09/25 14:41:11:9052] N: killing process, pid: 36837
[2026/09/25 14:41:11:9056] N: process killed with signal 1, pid: 36837
[2026/09/25 14:41:11:9124] N: process killed with signal 0, pid: 36830
[2026/09/25 14:41:11:9243] N: process killed with signal 0, pid: 36820
[2026/09/25 14:41:12:0786] N: WS closed from (unix skt), clients: 4
[2026/09/25 14:41:12:0787] N: killing process, pid: 36824
[2026/09/25 14:41:12:1139] N: process killed with signal 0, pid: 36824
[2026/09/25 14:41:12:1211] N: WS closed from (unix skt), clients: 3
[2026/09/25 14:41:12:1212] N: killing process, pid: 36829
[2026/09/25 14:41:12:1373] N: process killed with signal 0, pid: 36829
[2026/09/25 14:41:12:6346] N: WS closed from (unix skt), clients: 2
[2026/09/25 14:41:12:6346] N: killing process, pid: 36831
[2026/09/25 14:41:12:6804] N: process killed with signal 0, pid: 36831
[2026/09/25 14:41:12:8474] N: WS closed from (unix skt), clients: 1
[2026/09/25 14:41:12:8475] N: killing process, pid: 36828
[2026/09/25 14:41:12:8476] N: WS closed from (unix skt), clients: 0
[2026/09/25 14:41:12:8476] N: killing process, pid: 36849
[2026/09/25 14:41:12:8505] N: process killed with signal 0, pid: 36828
[2026/09/25 14:41:12:8506] N: process killed with signal 0, pid: 36849
[2026/09/25 14:41:12:9766] N: WS   /ws - (unix skt), clients: 1
[2026/09/25 14:41:12:9767] N: WS   /ws - (unix skt), clients: 2
[2026/09/25 14:41:12:9768] N: WS   /ws - (unix skt), clients: 3
[2026/09/25 14:41:12:9768] N: WS   /ws - (unix skt), clients: 4
[2026/09/25 14:41:12:9769] N: WS   /ws - (unix skt), clients: 5
[2026/09/25 14:41:12:9770] N: WS   /ws - (unix skt), clients: 6
[2026/09/25 14:41:12:9771] N: WS   /ws - (unix skt), clients: 7
[2026/09/25 14:41:12:9772] N: WS   /ws - (unix skt), clients: 8
[2026/09/25 14:41:12:9773] N: WS   /ws - (unix skt), clients: 9
[2026/09/25 14:41:12:9774] N: WS   /ws - (unix skt), clients: 10
[2026/09/25 14:41:12:9801] N: started process, pid: 37232
[2026/09/25 14:41:12:9822] N: started process, pid: 37233
[2026/09/25 14:41:12:9841] N: started process, pid: 37234
[2026/09/25 14:41:12:9862] N: started process, pid: 37235
[2026/09/25 14:41:12:9888] N: started process, pid: 37236
[2026/09/25 14:41:12:9909] N: started process, pid: 37237
[2026/09/25 14:41:12:9932] N: started process, pid: 37238
[2026/09/25 14:41:12:9949] N: started process, pid: 37239
[2026/09/25 14:41:12:9969] N: started process, pid: 37240
[2026/09/25 14:41:13:0025] N: started process, pid: 37241
[2026/09/25 14:41:13:3841] N: WS closed from (unix skt), clients: 9
[2026/09/25 14:41:13:3842] N: killing process, pid: 37239
[2026/09/25 14:41:13:3849] N: process killed with signal 1, pid: 37239
[2026/09/25 14:41:13:5013] N: WS closed from (unix skt), clients: 8
[2026/09/25 14:41:13:5014] N: killing process, pid: 37236
[2026/09/25 14:41:13:5857] N: WS closed from (unix skt), clients: 7
[2026/09/25 14:41:13:5857] N: killing process, pid: 37232
[2026/09/25 14:41:13:7376] N: process killed with signal 0, pid: 37236
[2026/09/25 14:41:13:8553] N: process killed with signal 0, pid: 37232
[2026/09/25 14:41:13:9385] N: WS closed from (unix skt), clients: 6
[2026/09/25 14:41:13:9386] N: killing process, pid: 37237
[2026/09/25 14:41:13:9387] N: WS closed from (unix skt), clients: 5
[2026/09/25 14:41:13:9387] N: killing process, pid: 37240
[2026/09/25 14:41:13:9803] N: WS closed from (unix skt), clients: 4
[2026/09/25 14:41:13:9804] N: killing process, pid: 37234
[2026/09/25 14:41:13:9808] N: process killed with signal 1, pid: 37234
[2026/09/25 14:41:13:9902] N: process killed with signal 0, pid: 37240
[2026/09/25 14:41:13:9957] N: process killed with signal 0, pid: 37237
[2026/09/25 14:41:14:1670] N: WS closed from (unix skt), clients: 3
[2026/09/25 14:41:14:1671] N: killing process, pid: 37233
[2026/09/25 14:41:14:1970] N: process killed with signal 0, pid: 37233
[2026/09/25 14:41:14:6961] N: WS closed from (unix skt), clients: 2
[2026/09/25 14:41:14:6961] N: killing process, pid: 37238
[2026/09/25 14:41:14:7007] N: process killed with signal 0, pid: 37238
[2026/09/25 14:41:14:9824] N: WS closed from (unix skt), clients: 1
[2026/09/25 14:41:14:9825] N: killing process, pid: 37235
[2026/09/25 14:41:14:9825] N: WS closed from (unix skt), clients: 0
[2026/09/25 14:41:14:9826] N: killing process, pid: 37241
[2026/09/25 14:41:14:9863] N: process killed with signal 0, pid: 37235
[2026/09/25 14:41:14:9864] N: process killed with signal 0, pid: 37241
[2026/09/25 14:41:15:0327] N: WS   /ws - (unix skt), clients: 1
[2026/09/25 14:41:15:0328] N: WS   /ws - (unix skt), clients: 2
[2026/09/25 14:41:15:0328] N: WS   /ws - (unix skt), clients: 3
[2026/09/25 14:41:15:0328] N: WS   /ws - (unix skt), clients: 4
[2026/09/25 14:41:15:0329] N: WS   /ws - (unix skt), clients: 5
[2026/09/25 14:41:15:0329] N: WS   /ws - (unix skt), clients: 6
[2026/09/25 14:41:15:0329] N: WS   /ws - (unix skt), clients: 7
[2026/09/25 14:41:15:0329] N: WS   /ws - (unix skt), clients: 8
[2026/09/25 14:41:15:0329] N: WS   /ws - (unix skt), clients: 9
[2026/09/25 14:41:15:0330] N: WS   /ws - (unix skt), clients: 10
[2026/09/25 14:41:15:0353] N: started process, pid: 37652
[2026/09/25 14:41:15:0370] N: started process, pid: 37657
[2026/09/25 14:41:15:0380] N: started process, pid: 37658
[2026/09/25 14:41:15:0387] N: started process, pid: 37659
[2026/09/25 14:41:15:0395] N: started process, pid: 37660
[2026/09/25 14:41:15:0403] N: started process, pid: 37661
[2026/09/25 14:41:15:0410] N: started process, pid: 37662
[2026/09/25 14:41:15:0421] N: started process, pid: 37663
[2026/09/25 14:41:15:0428] N: started process, pid: 37668
[2026/09/25 14:41:15:0442] N: started process, pid: 37675
[2026/09/25 14:41:15:1946] N: WS closed from (unix skt), clients: 9
[2026/09/25 14:41:15:1947] N: killing process, pid: 37658
[2026/09/25 14:41:15:1951] N: process killed with signal 1, pid: 37658
[2026/09/25 14:41:15:6944] N: WS closed from (unix skt), clients: 8
[2026/09/25 14:41:15:6945] N: killing process, pid: 37668
[2026/09/25 14:41:15:6953] N: process killed with signal 1, pid: 37668
[2026/09/25 14:41:15:8958] N: WS closed from (unix skt), clients: 7
[2026/09/25 14:41:15:8958] N: killing process, pid: 37652
[2026/09/25 14:41:15:8959] N: WS closed from (unix skt), clients: 6
[2026/09/25 14:41:15:8959] N: killing process, pid: 37661
[2026/09/25 14:41:15:8994] N: WS closed from (unix skt), clients: 5
[2026/09/25 14:41:15:8994] N: killing process, pid: 37662
[2026/09/25 14:41:15:9059] N: WS closed from (unix skt), clients: 4
[2026/09/25 14:41:15:9060] N: killing process, pid: 37657
[2026/09/25 14:41:15:9081] N: process killed with signal 0, pid: 37661
[2026/09/25 14:41:15:9092] N: process killed with signal 0, pid: 37652
[2026/09/25 14:41:15:9100] N: process killed with signal 0, pid: 37657
[2026/09/25 14:41:15:9101] N: process killed with signal 0, pid: 37662
[2026/09/25 14:41:16:0611] N: WS closed from (unix skt), clients: 3
[2026/09/25 14:41:16:0612] N: killing process, pid: 37660
[2026/09/25 14:41:16:0769] N: process killed with signal 0, pid: 37660
[2026/09/25 14:41:16:3999] N: WS closed from (unix skt), clients: 2
[2026/09/25 14:41:16:3999] N: killing process, pid: 37663
[2026/09/25 14:41:16:4008] N: process killed with signal 0, pid: 37663
[2026/09/25 14:41:17:0353] N: WS closed from (unix skt), clients: 1
[2026/09/25 14:41:17:0353] N: killing process, pid: 37659
[2026/09/25 14:41:17:0354] N: WS closed from (unix skt), clients: 0
[2026/09/25 14:41:17:0355] N: killing process, pid: 37675
[2026/09/25 14:41:17:0377] N: process killed with signal 0, pid: 37659
[2026/09/25 14:41:17:0378] N: process killed with signal 0, pid: 37675
[2026/09/25 14:41:17:0621] N: WS   /ws - (unix skt), clients: 1
[2026/09/25 14:41:17:0622] N: WS   /ws - (unix skt), clients: 2
[2026/09/25 14:41:17:0623] N: WS   /ws - (unix skt), clients: 3
[2026/09/25 14:41:17:0623] N: WS   /ws - (unix skt), clients: 4
[2026/09/25 14:41:17:0623] N: WS   /ws - (unix skt), clients: 5
[2026/09/25 14:41:17:0623] N: WS   /ws - (unix skt), clients: 6
[2026/09/25 14:41:17:0624] N: WS   /ws - (unix skt), clients: 7
[2026/09/25 14:41:17:0624] N: WS   /ws - (unix skt), clients: 8
[2026/09/25 14:41:17:0624] N: WS   /ws - (unix skt), clients: 9
[2026/09/25 14:41:17:0624] N: WS   /ws - (unix skt), clients: 10
[2026/09/25 14:41:17:0646] N: started process, pid: 38003
[2026/09/25 14:41:17:0669] N: started process, pid: 38004
[2026/09/25 14:41:17:0687] N: started process, pid: 38005
[2026/09/25 14:41:17:0705] N: started process, pid: 38006
[2026/09/25 14:41:17:0729] N: started process, pid: 38007
[2026/09/25 14:41:17:0753] N: started process, pid: 38009
[2026/09/25 14:41:17:0784] N: started process, pid: 38010
[2026/09/25 14:41:17:0809] N: started process, pid: 38012
[2026/09/25 14:41:17:0832] N: started process, pid: 38014
[2026/09/25 14:41:17:0861] N: started process, pid: 38015
[2026/09/25 14:41:17:4439] N: WS closed from (unix skt), clients: 9
[2026/09/25 14:41:17:4440] N: killing process, pid: 38003
[2026/09/25 14:41:17:5752] N: WS closed from (unix skt), clients: 8
[2026/09/25 14:41:17:5753] N: killing process, pid: 38006
[2026/09/25 14:41:17:5764] N: process killed with signal 1, pid: 38006
[2026/09/25 14:41:17:7037] N: WS closed from (unix skt), clients: 7
[2026/09/25 14:41:17:7038] N: killing process, pid: 38004
[2026/09/25 14:41:17:7304] N: process killed with signal 0, pid: 38003
[2026/09/25 14:41:17:7879] N: process killed with signal 0, pid: 38004
[2026/09/25 14:41:17:8787] N: WS closed from (unix skt), clients: 6
[2026/09/25 14:41:17:8788] N: killing process, pid: 38014
[2026/09/25 14:41:17:8792] N: process killed with signal 1, pid: 38014
[2026/09/25 14:41:17:9311] N: WS closed from (unix skt), clients: 5
[2026/09/25 14:41:17:9311] N: killing process, pid: 38010
[2026/09/25 14:41:17:9325] N: process killed with signal 0, pid: 38010
[2026/09/25 14:41:18:0802] N: WS closed from (unix skt), clients: 4
[2026/09/25 14:41:18:0803] N: killing process, pid: 38009
[2026/09/25 14:41:18:0812] N: process killed with signal 0, pid: 38009
[2026/09/25 14:41:18:2783] N: WS closed from (unix skt), clients: 3
[2026/09/25 14:41:18:2784] N: killing process, pid: 38005
[2026/09/25 14:41:18:2792] N: process killed with signal 0, pid: 38005
[2026/09/25 14:41:18:5062] N: WS closed from (unix skt), clients: 2
[2026/09/25 14:41:18:5063] N: killing process, pid: 38012
[2026/09/25 14:41:18:5259] N: process killed with signal 0, pid: 38012
[2026/09/25 14:41:19:0638] N: WS closed from (unix skt), clients: 1
[2026/09/25 14:41:19:0639] N: killing process, pid: 38007
[2026/09/25 14:41:19:0639] N: WS closed from (unix skt), clients: 0
[2026/09/25 14:41:19:0639] N: killing process, pid: 38015
[2026/09/25 14:41:19:0654] N: process killed with signal 0, pid: 38007
[2026/09/25 14:41:19:0655] N: process killed with signal 0, pid: 38015
[2026/09/25 14:41:19:0872] N: WS   /ws - (unix skt), clients: 1
[2026/09/25 14:41:19:0873] N: WS   /ws - (unix skt), clients: 2
[2026/09/25 14:41:19:0873] N: WS   /ws - (unix skt), clients: 3
[2026/09/25 14:41:19:0873] N: WS   /ws - (unix skt), clients: 4
[2026/09/25 14:41:19:0874] N: WS   /ws - (unix skt), clients: 5
[2026/09/25 14:41:19:0874] N: WS   /ws - (unix skt), clients: 6
[2026/09/25 14:41:19:0874] N: WS   /ws - (unix skt), clients: 7
[2026/09/25 14:41:19:0874] N: WS   /ws - (unix skt), clients: 8
[2026/09/25 14:41:19:0874] N: WS   /ws - (unix skt), clients: 9
[2026/09/25 14:41:19:0874] N: WS   /ws - (unix skt), clients: 10
[2026/09/25 14:41:19:0895] N: started process, pid: 38359
[2026/09/25 14:41:19:0925] N: started process, pid: 38360
[2026/09/25 14:41:19:0943] N: started process, pid: 38361
[2026/09/25 14:41:19:0959] N: started process, pid: 38362
[2026/09/25 14:41:19:0970] N: started process, pid: 38364
[2026/09/25 14:41:19:0987] N: started process, pid: 38365
[2026/09/25 14:41:19:0999] N: started process, pid: 38367
[2026/09/25 14:41:19:1011] N: started process, pid: 38371
[2026/09/25 14:41:19:1036] N: started process, pid: 38376
[2026/09/25 14:41:19:1059] N: started process, pid: 38386
[2026/09/25 14:41:19:5576] N: WS closed from (unix skt), clients: 9
[2026/09/25 14:41:19:5577] N: killing process, pid: 38376
[2026/09/25 14:41:19:5581] N: process killed with signal 1, pid: 38376
[2026/09/25 14:41:19:7082] N: WS closed from (unix skt), clients: 8
[2026/09/25 14:41:19:7083] N: killing process, pid: 38359
[2026/09/25 14:41:19:8606] N: process killed with signal 0, pid: 38359
[2026/09/25 14:41:19:8727] N: WS closed from (unix skt), clients: 7
[2026/09/25 14:41:19:8728] N: killing process, pid: 38367
[2026/09/25 14:41:19:9720] N: WS closed from (unix skt), clients: 6
[2026/09/25 14:41:19:9721] N: killing process, pid: 38365
[2026/09/25 14:41:19:9756] N: WS closed from (unix skt), clients: 5
[2026/09/25 14:41:19:9756] N: killing process, pid: 38361
[2026/09/25 14:41:20:0236] N: process killed with signal 0, pid: 38361
[2026/09/25 14:41:20:0395] N: process killed with signal 0, pid: 38365
[2026/09/25 14:41:20:0395] N: process killed with signal 0, pid: 38367
[2026/09/25 14:41:20:1180] N: WS closed from (unix skt), clients: 4
[2026/09/25 14:41:20:1181] N: killing process, pid: 38362
[2026/09/25 14:41:20:1185] N: process killed with signal 1, pid: 38362
[2026/09/25 14:41:20:3213] N: WS closed from (unix skt), clients: 3
[2026/09/25 14:41:20:3214] N: killing process, pid: 38360
[2026/09/25 14:41:20:3234] N: process killed with signal 0, pid: 38360
[2026/09/25 14:41:20:7273] N: WS closed from (unix skt), clients: 2
[2026/09/25 14:41:20:7273] N: killing process, pid: 38371
[2026/09/25 14:41:20:7286] N: process killed with signal 0, pid: 38371
[2026/09/25 14:41:21:0930] N: WS closed from (unix skt), clients: 1
[2026/09/25 14:41:21:0931] N: killing process, pid: 38364
[2026/09/25 14:41:21:0932] N: WS closed from (unix skt), clients: 0
[2026/09/25 14:41:21:0932] N: killing process, pid: 38386
[2026/09/25 14:41:21:0961] N: process killed with signal 0, pid: 38364
[2026/09/25 14:41:21:0962] N: process killed with signal 0, pid: 38386
[2026/09/25 14:41:21:1425] N: WS   /ws - (unix skt), clients: 1
[2026/09/25 14:41:21:1425] N: WS   /ws - (unix skt), clients: 2
[2026/09/25 14:41:21:1426] N: WS   /ws - (unix skt), clients: 3
[2026/09/25 14:41:21:1426] N: WS   /ws - (unix skt), clients: 4
[2026/09/25 14:41:21:1426] N: WS   /ws - (unix skt), clients: 5
[2026/09/25 14:41:21:1426] N: WS   /ws - (unix skt), clients: 6
[2026/09/25 14:41:21:1426] N: WS   /ws - (unix skt), clients: 7
[2026/09/25 14:41:21:1427] N: WS   /ws - (unix skt), clients: 8
[2026/09/25 14:41:21:1427] N: WS   /ws - (unix skt), clients: 9
[2026/09/25 14:41:21:1427] N: WS   /ws - (unix skt), clients: 10
[2026/09/25 14:41:21:1447] N: started process, pid: 38707
[2026/09/25 14:41:21:1468] N: started process, pid: 38708
[2026/09/25 14:41:21:1489] N: started process, pid: 38709
[2026/09/25 14:41:21:1508] N: started process, pid: 38710
[2026/09/25 14:41:21:1526] N: started process, pid: 38711
[2026/09/25 14:41:21:1543] N: started process, pid: 38712
[2026/09/25 14:41:21:1563] N: started process, pid: 38713
[2026/09/25 14:41:21:1583] N: started process, pid: 38714
[2026/09/25 14:41:21:1607] N: started process, pid: 38715
[2026/09/25 14:41:21:1648] N: started process, pid: 38716
[2026/09/25 14:41:21:4831] N: WS closed from (unix skt), clients: 9
[2026/09/25 14:41:21:4832] N: killing process, pid: 38707
[2026/09/25 14:41:21:6599] N: process killed with signal 0, pid: 38707
[2026/09/25 14:41:21:7046] N: WS closed from (unix skt), clients: 8
[2026/09/25 14:41:21:7047] N: killing process, pid: 38715
[2026/09/25 14:41:21:7051] N: process killed with signal 1, pid: 38715
[2026/09/25 14:41:21:9071] N: WS closed from (unix skt), clients: 7
[2026/09/25 14:41:21:9072] N: killing process, pid: 38712
[2026/09/25 14:41:21:9106] N: WS closed from (unix skt), clients: 6
[2026/09/25 14:41:21:9106] N: killing process, pid: 38713
[2026/09/25 14:41:21:9747] N: process killed with signal 0, pid: 38712
[2026/09/25 14:41:22:0568] N: WS closed from (unix skt), clients: 5
[2026/09/25 14:41:22:0569] N: killing process, pid: 38710
[2026/09/25 14:41:22:0574] N: process killed with signal 1, pid: 38710
[2026/09/25 14:41:22:1492] N: process killed with signal 0, pid: 38713
[2026/09/25 14:41:22:2735] N: WS closed from (unix skt), clients: 4
[2026/09/25 14:41:22:2736] N: killing process, pid: 38708
[2026/09/25 14:41:22:2863] N: process killed with signal 0, pid: 38708
[2026/09/25 14:41:22:4092] N: WS closed from (unix skt), clients: 3
[2026/09/25 14:41:22:4093] N: killing process, pid: 38709
[2026/09/25 14:41:22:4093] N: WS closed from (unix skt), clients: 2
[2026/09/25 14:41:22:4094] N: killing process, pid: 38714
[2026/09/25 14:41:22:4103] N: process killed with signal 0, pid: 38709
[2026/09/25 14:41:22:4104] N: process killed with signal 0, pid: 38714
[2026/09/25 14:41:23:1454] N: WS closed from (unix skt), clients: 1
[2026/09/25 14:41:23:1455] N: killing process, pid: 38711
[2026/09/25 14:41:23:1455] N: WS closed from (unix skt), clients: 0
[2026/09/25 14:41:23:1456] N: killing process, pid: 38716
[2026/09/25 14:41:23:1472] N: process killed with signal 0, pid: 38716
[2026/09/25 14:41:23:1476] N: process killed with signal 0, pid: 38711
[2026/09/25 14:41:23:1741] N: WS   /ws - (unix skt), clients: 1
[2026/09/25 14:41:23:1742] N: WS   /ws - (unix skt), clients: 2
[2026/09/25 14:41:23:1742] N: WS   /ws - (unix skt), clients: 3
[2026/09/25 14:41:23:1742] N: WS   /ws - (unix skt), clients: 4
[2026/09/25 14:41:23:1742] N: WS   /ws - (unix skt), clients: 5
[2026/09/25 14:41:23:1742] N: WS   /ws - (unix skt), clients: 6
[2026/09/25 14:41:23:1743] N: WS   /ws - (unix skt), clients: 7
[2026/09/25 14:41:23:1743] N: WS   /ws - (unix skt), clients: 8
[2026/09/25 14:41:23:1743] N: WS   /ws - (unix skt), clients: 9
[2026/09/25 14:41:23:1743] N: WS   /ws - (unix skt), clients: 10
[2026/09/25 14:41:23:1762] N: started process, pid: 38998
[2026/09/25 14:41:23:1786] N: started process, pid: 38999
[2026/09/25 14:41:23:1805] N: started process, pid: 39001
[2026/09/25 14:41:23:1827] N: started process, pid: 39002
[2026/09/25 14:41:23:1847] N: started process, pid: 39003
[2026/09/25 14:41:23:1869] N: started process, pid: 39005
[2026/09/25 14:41:23:1886] N: started process, pid: 39007
[2026/09/25 14:41:23:1900] N: started process, pid: 39010
[2026/09/25 14:41:23:1910] N: started process, pid: 39016
[2026/09/25 14:41:23:1926] N: started process, pid: 39017
[2026/09/25 14:41:23:7400] N: WS closed from (unix skt), clients: 9
[2026/09/25 14:41:23:7401] N: killing process, pid: 38998
[2026/09/25 14:41:24:1277] N: WS closed from (unix skt), clients: 8
[2026/09/25 14:41:24:1278] N: killing process, pid: 38999
[2026/09/25 14:41:24:2139] N: process killed with signal 0, pid: 38999
[2026/09/25 14:41:24:2630] N: WS closed from (unix skt), clients: 7
[2026/09/25 14:41:24:2631] N: killing process, pid: 39002
[2026/09/25 14:41:24:2637] N: process killed with signal 0, pid: 38998
[2026/09/25 14:41:24:2638] N: process killed with signal 1, pid: 39002
[2026/09/25 14:41:24:3654] N: WS closed from (unix skt), clients: 6
[2026/09/25 14:41:24:3655] N: killing process, pid: 39007
[2026/09/25 14:41:24:4653] N: WS closed from (unix skt), clients: 5
[2026/09/25 14:41:24:4653] N: killing process, pid: 39001
[2026/09/25 14:41:24:4654] N: WS closed from (unix skt), clients: 4
[2026/09/25 14:41:24:4654] N: killing process, pid: 39005
[2026/09/25 14:41:24:4731] N: process killed with signal 0, pid: 39007
[2026/09/25 14:41:24:4748] N: process killed with signal 0, pid: 39001
[2026/09/25 14:41:24:4807] N: process killed with signal 0, pid: 39005
[2026/09/25 14:41:24:4811] N: WS closed from (unix skt), clients: 3
[2026/09/25 14:41:24:4812] N: killing process, pid: 39016
[2026/09/25 14:41:24:4816] N: process killed with signal 1, pid: 39016
[2026/09/25 14:41:24:5178] N: WS closed from (unix skt), clients: 2
[2026/09/25 14:41:24:5178] N: killing process, pid: 39010
[2026/09/25 14:41:24:5218] N: process killed with signal 0, pid: 39010
[2026/09/25 14:41:25:1770] N: WS closed from (unix skt), clients: 1
[2026/09/25 14:41:25:1771] N: killing process, pid: 39003
[2026/09/25 14:41:25:1771] N: WS closed from (unix skt), clients: 0
[2026/09/25 14:41:25:1773] N: killing process, pid: 39017
[2026/09/25 14:41:25:1783] N: process killed with signal 0, pid: 39003
[2026/09/25 14:41:25:1795] N: process killed with signal 0, pid: 39017
[2026/09/25 14:41:25:2169] N: WS   /ws - (unix skt), clients: 1
[2026/09/25 14:41:25:2170] N: WS   /ws - (unix skt), clients: 2
[2026/09/25 14:41:25:2170] N: WS   /ws - (unix skt), clients: 3
[2026/09/25 14:41:25:2170] N: WS   /ws - (unix skt), clients: 4
[2026/09/25 14:41:25:2171] N: WS   /ws - (unix skt), clients: 5
[2026/09/25 14:41:25:2171] N: WS   /ws - (unix skt), clients: 6
[2026/09/25 14:41:25:2172] N: WS   /ws - (unix skt), clients: 7
[2026/09/25 14:41:25:2172] N: WS   /ws - (unix skt), clients: 8
[2026/09/25 14:41:25:2172] N: WS   /ws - (unix skt), clients: 9
[2026/09/25 14:41:25:2172] N: WS   /ws - (unix skt), clients: 10
[2026/09/25 14:41:25:2186] N: started process, pid: 39440
[2026/09/25 14:41:25:2194] N: started process, pid: 39441
[2026/09/25 14:41:25:2205] N: started process, pid: 39442
[2026/09/25 14:41:25:2221] N: started process, pid: 39443
[2026/09/25 14:41:25:2253] N: started process, pid: 39444
[2026/09/25 14:41:25:2272] N: started process, pid: 39450
[2026/09/25 14:41:25:2279] N: started process, pid: 39458
[2026/09/25 14:41:25:2295] N: started process, pid: 39463
[2026/09/25 14:41:25:2310] N: started process, pid: 39469
[2026/09/25 14:41:25:2331] N: started process, pid: 39476
[2026/09/25 14:41:25:6967] N: WS closed from (unix skt), clients: 9
[2026/09/25 14:41:25:6968] N: killing process, pid: 39440
[2026/09/25 14:41:26:2777] N: WS closed from (unix skt), clients: 8
[2026/09/25 14:41:26:2779] N: killing process, pid: 39442
[2026/09/25 14:41:26:2780] N: process killed with signal 0, pid: 39440
[2026/09/25 14:41:26:2783] N: process killed with signal 1, pid: 39442
[2026/09/25 14:41:26:3271] N: WS closed from (unix skt), clients: 7
[2026/09/25 14:41:26:3272] N: killing process, pid: 39469
[2026/09/25 14:41:26:3277] N: process killed with signal 1, pid: 39469
[2026/09/25 14:41:26:5280] N: WS closed from (unix skt), clients: 6
[2026/09/25 14:41:26:5281] N: killing process, pid: 39444
[2026/09/25 14:41:26:5978] N: process killed with signal 0, pid: 39444
[2026/09/25 14:41:26:6644] N: WS closed from (unix skt), clients: 5
[2026/09/25 14:41:26:6645] N: killing process, pid: 39450
[2026/09/25 14:41:26:6646] N: WS closed from (unix skt), clients: 4
[2026/09/25 14:41:26:6646] N: killing process, pid: 39458
[2026/09/25 14:41:26:6714] N: process killed with signal 0, pid: 39458
[2026/09/25 14:41:26:6740] N: process killed with signal 0, pid: 39450
[2026/09/25 14:41:26:9996] N: WS closed from (unix skt), clients: 3
[2026/09/25 14:41:26:9996] N: killing process, pid: 39441
[2026/09/25 14:41:27:0011] N: process killed with signal 0, pid: 39441
[2026/09/25 14:41:27:1759] N: WS closed from (unix skt), clients: 2
[2026/09/25 14:41:27:1760] N: killing process, pid: 39463
[2026/09/25 14:41:27:1774] N: process killed with signal 0, pid: 39463
[2026/09/25 14:41:27:2189] N: WS closed from (unix skt), clients: 1
[2026/09/25 14:41:27:2190] N: killing process, pid: 39443
[2026/09/25 14:41:27:2191] N: WS closed from (unix skt), clients: 0
[2026/09/25 14:41:27:2191] N: killing process, pid: 39476
[2026/09/25 14:41:27:2220] N: process killed with signal 0, pid: 39443
[2026/09/25 14:41:27:2221] N: process killed with signal 0, pid: 39476
[2026/09/25 14:41:27:2593] N: WS   /ws - (unix skt), clients: 1
[2026/09/25 14:41:27:2594] N: WS   /ws - (unix skt), clients: 2
[2026/09/25 14:41:27:2595] N: WS   /ws - (unix skt), clients: 3
[2026/09/25 14:41:27:2595] N: WS   /ws - (unix skt), clients: 4
[2026/09/25 14:41:27:2606] N: WS   /ws - (unix skt), clients: 5
[2026/09/25 14:41:27:2607] N: WS   /ws - (unix skt), clients: 6
[2026/09/25 14:41:27:2608] N: WS   /ws - (unix skt), clients: 7
[2026/09/25 14:41:27:2608] N: WS   /ws - (unix skt), clients: 8
[2026/09/25 14:41:27:2609] N: WS   /ws - (unix skt), clients: 9
[2026/09/25 14:41:27:2609] N: WS   /ws - (unix skt), clients: 10
[2026/09/25 14:41:27:2633] N: started process, pid: 39849
[2026/09/25 14:41:27:2684] N: started process, pid: 39851
[2026/09/25 14:41:27:2750] N: started process, pid: 39852
[2026/09/25 14:41:27:2772] N: started process, pid: 39853
[2026/09/25 14:41:27:2790] N: started process, pid: 39854
[2026/09/25 14:41:27:2814] N: started process, pid: 39855
[2026/09/25 14:41:27:2883] N: started process, pid: 39856
[2026/09/25 14:41:27:2973] N: started process, pid: 39857
[2026/09/25 14:41:27:3084] N: started process, pid: 39858
[2026/09/25 14:41:27:3311] N: started process, pid: 39859
[2026/09/25 14:41:27:8806] N: WS closed from (unix skt), clients: 9
[2026/09/25 14:41:27:8807] N: killing process, pid: 39851
[2026/09/25 14:41:27:9390] N: WS closed from (unix skt), clients: 8
[2026/09/25 14:41:27:9391] N: killing process, pid: 39849
[2026/09/25 14:41:27:9882] N: WS closed from (unix skt), clients: 7
[2026/09/25 14:41:27:9882] N: killing process, pid: 39853
[2026/09/25 14:41:27:9891] N: process killed with signal 1, pid: 39853
[2026/09/25 14:41:28:0780] N: WS closed from (unix skt), clients: 6
[2026/09/25 14:41:28:0781] N: killing process, pid: 39855
[2026/09/25 14:41:28:2538] N: process killed with signal 0, pid: 39851
[2026/09/25 14:41:28:3389] N: process killed with signal 0, pid: 39855
[2026/09/25 14:41:28:3834] N: WS closed from (unix skt), clients: 5
[2026/09/25 14:41:28:3835] N: killing process, pid: 39852
[2026/09/25 14:41:28:4050] N: process killed with signal 0, pid: 39852
[2026/09/25 14:41:28:4111] N: process killed with signal 0, pid: 39849
[2026/09/25 14:41:28:4903] N: WS closed from (unix skt), clients: 4
[2026/09/25 14:41:28:4904] N: killing process, pid: 39858
[2026/09/25 14:41:28:4909] N: process killed with signal 1, pid: 39858
[2026/09/25 14:41:28:5393] N: WS closed from (unix skt), clients: 3
[2026/09/25 14:41:28:5394] N: killing process, pid: 39856
[2026/09/25 14:41:28:5405] N: process killed with signal 0, pid: 39856
[2026/09/25 14:41:29:0419] N: WS closed from (unix skt), clients: 2
[2026/09/25 14:41:29:0420] N: killing process, pid: 39857
[2026/09/25 14:41:29:0439] N: process killed with signal 0, pid: 39857
[2026/09/25 14:41:29:2681] N: WS closed from (unix skt), clients: 1
[2026/09/25 14:41:29:2682] N: killing process, pid: 39854
[2026/09/25 14:41:29:2682] N: WS closed from (unix skt), clients: 0
[2026/09/25 14:41:29:2682] N: killing process, pid: 39859
[2026/09/25 14:41:29:2927] N: process killed with signal 0, pid: 39854
[2026/09/25 14:41:29:2928] N: process killed with signal 0, pid: 39859
[2026/09/25 14:41:29:3790] N: WS   /ws - (unix skt), clients: 1
[2026/09/25 14:41:29:3791] N: WS   /ws - (unix skt), clients: 2
[2026/09/25 14:41:29:3791] N: WS   /ws - (unix skt), clients: 3
[2026/09/25 14:41:29:3791] N: WS   /ws - (unix skt), clients: 4
[2026/09/25 14:41:29:3791] N: WS   /ws - (unix skt), clients: 5
[2026/09/25 14:41:29:3792] N: WS   /ws - (unix skt), clients: 6
[2026/09/25 14:41:29:3792] N: WS   /ws - (unix skt), clients: 7
[2026/09/25 14:41:29:3792] N: WS   /ws - (unix skt), clients: 8
[2026/09/25 14:41:29:3792] N: WS   /ws - (unix skt), clients: 9
[2026/09/25 14:41:29:3792] N: WS   /ws - (unix skt), clients: 10
[2026/09/25 14:41:29:3816] N: started process, pid: 40152
[2026/09/25 14:41:29:3844] N: started process, pid: 40153
[2026/09/25 14:41:29:3864] N: started process, pid: 40154
[2026/09/25 14:41:29:3893] N: started process, pid: 40155
[2026/09/25 14:41:29:3924] N: started process, pid: 40157
[2026/09/25 14:41:29:3934] N: started process, pid: 40158
[2026/09/25 14:41:29:3946] N: started process, pid: 40159
[2026/09/25 14:41:29:3954] N: started process, pid: 40160
[2026/09/25 14:41:29:3967] N: started process, pid: 40161
[2026/09/25 14:41:29:3993] N: started process, pid: 40169
[2026/09/25 14:41:29:5360] N: WS closed from (unix skt), clients: 9
[2026/09/25 14:41:29:5361] N: killing process, pid: 40154
[2026/09/25 14:41:29:5366] N: process killed with signal 1, pid: 40154
[2026/09/25 14:41:30:0592] N: WS closed from (unix skt), clients: 8
[2026/09/25 14:41:30:0593] N: killing process, pid: 40158
[2026/09/25 14:41:30:0593] N: WS closed from (unix skt), clients: 7
[2026/09/25 14:41:30:0593] N: killing process, pid: 40159
[2026/09/25 14:41:30:0834] N: WS closed from (unix skt), clients: 6
[2026/09/25 14:41:30:0835] N: killing process, pid: 40157
[2026/09/25 14:41:30:2613] N: process killed with signal 0, pid: 40158
[2026/09/25 14:41:30:2666] N: process killed with signal 0, pid: 40157
[2026/09/25 14:41:30:2667] N: process killed with signal 0, pid: 40159
[2026/09/25 14:41:30:5485] N: WS closed from (unix skt), clients: 5
[2026/09/25 14:41:30:5486] N: killing process, pid: 40161
[2026/09/25 14:41:30:5490] N: process killed with signal 1, pid: 40161
[2026/09/25 14:41:30:7137] N: WS closed from (unix skt), clients: 4
[2026/09/25 14:41:30:7138] N: killing process, pid: 40152
[2026/09/25 14:41:30:7235] N: process killed with signal 0, pid: 40152
[2026/09/25 14:41:30:9621] N: WS closed from (unix skt), clients: 3
[2026/09/25 14:41:30:9622] N: killing process, pid: 40160
[2026/09/25 14:41:30:9633] N: process killed with signal 0, pid: 40160
[2026/09/25 14:41:30:9760] N: WS closed from (unix skt), clients: 2
[2026/09/25 14:41:30:9761] N: killing process, pid: 40153
[2026/09/25 14:41:30:9784] N: process killed with signal 0, pid: 40153
[2026/09/25 14:41:31:3798] N: WS closed from (unix skt), clients: 1
[2026/09/25 14:41:31:3798] N: killing process, pid: 40155
[2026/09/25 14:41:31:3801] N: WS closed from (unix skt), clients: 0
[2026/09/25 14:41:31:3802] N: killing process, pid: 40169
[2026/09/25 14:41:31:3818] N: process killed with signal 0, pid: 40155
[2026/09/25 14:41:31:3819] N: process killed with signal 0, pid: 40169
[2026/09/25 14:41:31:4426] N: WS   /ws - (unix skt), clients: 1
[2026/09/25 14:41:31:4426] N: WS   /ws - (unix skt), clients: 2
[2026/09/25 14:41:31:4427] N: WS   /ws - (unix skt), clients: 3
[2026/09/25 14:41:31:4427] N: WS   /ws - (unix skt), clients: 4
[2026/09/25 14:41:31:4428] N: WS   /ws - (unix skt), clients: 5
[2026/09/25 14:41:31:4428] N: WS   /ws - (unix skt), clients: 6
[2026/09/25 14:41:31:4428] N: WS   /ws - (unix skt), clients: 7
[2026/09/25 14:41:31:4428] N: WS   /ws - (unix skt), clients: 8
[2026/09/25 14:41:31:4429] N: WS   /ws - (unix skt), clients: 9
[2026/09/25 14:41:31:4429] N: WS   /ws - (unix skt), clients: 10
[2026/09/25 14:41:31:4449] N: started process, pid: 40655
[2026/09/25 14:41:31:4488] N: started process, pid: 40657
[2026/09/25 14:41:31:4516] N: started process, pid: 40661
[2026/09/25 14:41:31:4536] N: started process, pid: 40663
[2026/09/25 14:41:31:4560] N: started process, pid: 40666
[2026/09/25 14:41:31:4586] N: started process, pid: 40670
[2026/09/25 14:41:31:4608] N: started process, pid: 40673
[2026/09/25 14:41:31:4630] N: started process, pid: 40675
[2026/09/25 14:41:31:4654] N: started process, pid: 40676
[2026/09/25 14:41:31:4678] N: started process, pid: 40677
[2026/09/25 14:41:31:8531] N: WS closed from (unix skt), clients: 9
[2026/09/25 14:41:31:8532] N: killing process, pid: 40655
[2026/09/25 14:41:32:6510] N: WS closed from (unix skt), clients: 8
[2026/09/25 14:41:32:6511] N: killing process, pid: 40676
[2026/09/25 14:41:32:6518] N: process killed with signal 1, pid: 40676
[2026/09/25 14:41:32:6531] N: WS closed from (unix skt), clients: 7
[2026/09/25 14:41:32:6532] N: killing process, pid: 40661
[2026/09/25 14:41:32:6539] N: process killed with signal 1, pid: 40661
[2026/09/25 14:41:32:7329] N: process killed with signal 0, pid: 40655
[2026/09/25 14:41:32:8516] N: WS closed from (unix skt), clients: 6
[2026/09/25 14:41:32:8517] N: killing process, pid: 40673
[2026/09/25 14:41:32:8517] N: WS closed from (unix skt), clients: 5
[2026/09/25 14:41:32:8517] N: killing process, pid: 40666
[2026/09/25 14:41:32:8543] N: WS closed from (unix skt), clients: 4
[2026/09/25 14:41:32:8543] N: killing process, pid: 40670
[2026/09/25 14:41:32:8575] N: process killed with signal 0, pid: 40673
[2026/09/25 14:41:32:8582] N: process killed with signal 0, pid: 40666
[2026/09/25 14:41:32:8600] N: process killed with signal 0, pid: 40670
[2026/09/25 14:41:33:3522] N: WS closed from (unix skt), clients: 3
[2026/09/25 14:41:33:3523] N: killing process, pid: 40675
[2026/09/25 14:41:33:3523] N: WS closed from (unix skt), clients: 2
[2026/09/25 14:41:33:3524] N: killing process, pid: 40657
[2026/09/25 14:41:33:3543] N: process killed with signal 0, pid: 40657
[2026/09/25 14:41:33:3544] N: process killed with signal 0, pid: 40675
[2026/09/25 14:41:33:4463] N: WS closed from (unix skt), clients: 1
[2026/09/25 14:41:33:4464] N: killing process, pid: 40663
[2026/09/25 14:41:33:4465] N: WS closed from (unix skt), clients: 0
[2026/09/25 14:41:33:4465] N: killing process, pid: 40677
[2026/09/25 14:41:33:4471] N: process killed with signal 0, pid: 40663
[2026/09/25 14:41:33:4474] N: process killed with signal 0, pid: 40677
[2026/09/25 14:41:33:4744] N: WS   /ws - (unix skt), clients: 1
[2026/09/25 14:41:33:4745] N: WS   /ws - (unix skt), clients: 2
[2026/09/25 14:41:33:4745] N: WS   /ws - (unix skt), clients: 3
[2026/09/25 14:41:33:4745] N: WS   /ws - (unix skt), clients: 4
[2026/09/25 14:41:33:4746] N: WS   /ws - (unix skt), clients: 5
[2026/09/25 14:41:33:4746] N: WS   /ws - (unix skt), clients: 6
[2026/09/25 14:41:33:4746] N: WS   /ws - (unix skt), clients: 7
[2026/09/25 14:41:33:4746] N: WS   /ws - (unix skt), clients: 8
[2026/09/25 14:41:33:4746] N: WS   /ws - (unix skt), clients: 9
[2026/09/25 14:41:33:4746] N: WS   /ws - (unix skt), clients: 10
[2026/09/25 14:41:33:4798] N: started process, pid: 41178
[2026/09/25 14:41:33:4865] N: started process, pid: 41180
[2026/09/25 14:41:33:4925] N: started process, pid: 41182
[2026/09/25 14:41:33:4965] N: started process, pid: 41184
[2026/09/25 14:41:33:4999] N: started process, pid: 41185
[2026/09/25 14:41:33:5027] N: started process, pid: 41187
[2026/09/25 14:41:33:5057] N: started process, pid: 41188
[2026/09/25 14:41:33:5096] N: started process, pid: 41189
[2026/09/25 14:41:33:5146] N: started process, pid: 41191
[2026/09/25 14:41:33:5169] N: started process, pid: 41192
[2026/09/25 14:41:34:0000] N: WS closed from (unix skt), clients: 9
[2026/09/25 14:41:34:0001] N: killing process, pid: 41178
[2026/09/25 14:41:34:3186] N: WS closed from (unix skt), clients: 8
[2026/09/25 14:41:34:3187] N: killing process, pid: 41191
[2026/09/25 14:41:34:3196] N: process killed with signal 1, pid: 41191
[2026/09/25 14:41:34:5024] N: WS closed from (unix skt), clients: 7
[2026/09/25 14:41:34:5025] N: killing process, pid: 41180
[2026/09/25 14:41:34:5034] N: process killed with signal 0, pid: 41180
[2026/09/25 14:41:34:6394] N: WS closed from (unix skt), clients: 6
[2026/09/25 14:41:34:6394] N: killing process, pid: 41184
[2026/09/25 14:41:34:6648] N: process killed with signal 0, pid: 41178
[2026/09/25 14:41:34:7099] N: WS closed from (unix skt), clients: 5
[2026/09/25 14:41:34:7099] N: killing process, pid: 41188
[2026/09/25 14:41:34:7987] N: process killed with signal 0, pid: 41184
[2026/09/25 14:41:34:8599] N: WS closed from (unix skt), clients: 4
[2026/09/25 14:41:34:8600] N: killing process, pid: 41187
[2026/09/25 14:41:34:8680] N: WS closed from (unix skt), clients: 3
[2026/09/25 14:41:34:8681] N: killing process, pid: 41182
[2026/09/25 14:41:34:8690] N: process killed with signal 1, pid: 41182
[2026/09/25 14:41:34:8695] N: process killed with signal 0, pid: 41188
[2026/09/25 14:41:34:8705] N: process killed with signal 0, pid: 41187
[2026/09/25 14:41:35:3783] N: WS closed from (unix skt), clients: 2
[2026/09/25 14:41:35:3783] N: killing process, pid: 41189
[2026/09/25 14:41:35:3933] N: process killed with signal 0, pid: 41189
[2026/09/25 14:41:35:4770] N: WS closed from (unix skt), clients: 1
[2026/09/25 14:41:35:4771] N: killing process, pid: 41185
[2026/09/25 14:41:35:4771] N: WS closed from (unix skt), clients: 0
[2026/09/25 14:41:35:4772] N: killing process, pid: 41192
[2026/09/25 14:41:35:4792] N: process killed with signal 0, pid: 41185
[2026/09/25 14:41:35:4793] N: process killed with signal 0, pid: 41192
[2026/09/25 14:41:35:5088] N: WS   /ws - (unix skt), clients: 1
[2026/09/25 14:41:35:5089] N: WS   /ws - (unix skt), clients: 2
[2026/09/25 14:41:35:5089] N: WS   /ws - (unix skt), clients: 3
[2026/09/25 14:41:35:5090] N: WS   /ws - (unix skt), clients: 4
[2026/09/25 14:41:35:5090] N: WS   /ws - (unix skt), clients: 5
[2026/09/25 14:41:35:5095] N: WS   /ws - (unix skt), clients: 6
[2026/09/25 14:41:35:5096] N: WS   /ws - (unix skt), clients: 7
[2026/09/25 14:41:35:5097] N: WS   /ws - (unix skt), clients: 8
[2026/09/25 14:41:35:5124] N: started process, pid: 41559
[2026/09/25 14:41:35:5154] N: started process, pid: 41563
[2026/09/25 14:41:35:5227] N: started process, pid: 41566
[2026/09/25 14:41:35:5287] N: started process, pid: 41568
[2026/09/25 14:41:35:5327] N: started process, pid: 41569
[2026/09/25 14:41:35:5346] N: started process, pid: 41570
[2026/09/25 14:41:35:5400] N: started process, pid: 41571
[2026/09/25 14:41:35:5402] N: WS   /ws - (unix skt), clients: 9
[2026/09/25 14:41:35:5403] N: WS   /ws - (unix skt), clients: 10
[2026/09/25 14:41:35:5435] N: started process, pid: 41575
[2026/09/25 14:41:35:5454] N: started process, pid: 41578
[2026/09/25 14:41:35:5476] N: started process, pid: 41580
[2026/09/25 14:41:35:9353] N: WS closed from (unix skt), clients: 9
[2026/09/25 14:41:35:9353] N: killing process, pid: 41559
[2026/09/25 14:41:35:9363] N: process killed with signal 1, pid: 41559
[2026/09/25 14:41:36:2669] N: WS closed from (unix skt), clients: 8
[2026/09/25 14:41:36:2670] N: killing process, pid: 41578
[2026/09/25 14:41:36:2674] N: process killed with signal 1, pid: 41578
[2026/09/25 14:41:36:4459] N: WS closed from (unix skt), clients: 7
[2026/09/25 14:41:36:4460] N: killing process, pid: 41569
[2026/09/25 14:41:36:4683] N: WS closed from (unix skt), clients: 6
[2026/09/25 14:41:36:4684] N: killing process, pid: 41575
[2026/09/25 14:41:36:6870] N: WS closed from (unix skt), clients: 5
[2026/09/25 14:41:36:6870] N: killing process, pid: 41566
[2026/09/25 14:41:36:6876] N: process killed with signal 1, pid: 41566
[2026/09/25 14:41:36:7307] N: process killed with signal 0, pid: 41569
[2026/09/25 14:41:36:8645] N: process killed with signal 0, pid: 41575
[2026/09/25 14:41:36:8752] N: WS closed from (unix skt), clients: 4
[2026/09/25 14:41:36:8753] N: killing process, pid: 41570
[2026/09/25 14:41:36:8929] N: process killed with signal 0, pid: 41570
[2026/09/25 14:41:36:9729] N: WS closed from (unix skt), clients: 3
[2026/09/25 14:41:36:9729] N: killing process, pid: 41563
[2026/09/25 14:41:36:9752] N: process killed with signal 0, pid: 41563
[2026/09/25 14:41:37:5103] N: WS closed from (unix skt), clients: 2
[2026/09/25 14:41:37:5104] N: killing process, pid: 41568
[2026/09/25 14:41:37:5115] N: process killed with signal 0, pid: 41568
[2026/09/25 14:41:37:5417] N: WS closed from (unix skt), clients: 1
[2026/09/25 14:41:37:5418] N: killing process, pid: 41580
[2026/09/25 14:41:37:5429] N: process killed with signal 0, pid: 41580
[2026/09/25 14:41:37:5699] N: WS closed from (unix skt), clients: 0
[2026/09/25 14:41:37:5700] N: killing process, pid: 41571
[2026/09/25 14:41:37:5712] N: process killed with signal 0, pid: 41571
[2026/09/25 14:41:37:6357] N: WS   /ws - (unix skt), clients: 1
[2026/09/25 14:41:37:6358] N: WS   /ws - (unix skt), clients: 2
[2026/09/25 14:41:37:6358] N: WS   /ws - (unix skt), clients: 3
[2026/09/25 14:41:37:6359] N: WS   /ws - (unix skt), clients: 4
[2026/09/25 14:41:37:6359] N: WS   /ws - (unix skt), clients: 5
[2026/09/25 14:41:37:6359] N: WS   /ws - (unix skt), clients: 6
[2026/09/25 14:41:37:6360] N: WS   /ws - (unix skt), clients: 7
[2026/09/25 14:41:37:6360] N: WS   /ws - (unix skt), clients: 8
[2026/09/25 14:41:37:6360] N: WS   /ws - (unix skt), clients: 9
[2026/09/25 14:41:37:6360] N: WS   /ws - (unix skt), clients: 10
[2026/09/25 14:41:37:6414] N: started process, pid: 41925
[2026/09/25 14:41:37:6431] N: started process, pid: 41927
[2026/09/25 14:41:37:6441] N: started process, pid: 41928
[2026/09/25 14:41:37:6456] N: started process, pid: 41930
[2026/09/25 14:41:37:6472] N: started process, pid: 41931
[2026/09/25 14:41:37:6520] N: started process, pid: 41932
[2026/09/25 14:41:37:6540] N: started process, pid: 41946
[2026/09/25 14:41:37:6559] N: started process, pid: 41948
[2026/09/25 14:41:37:6598] N: started process, pid: 41956
[2026/09/25 14:41:37:6686] N: started process, pid: 41963
[2026/09/25 14:41:38:1631] N: WS closed from (unix skt), clients: 9
[2026/09/25 14:41:38:1631] N: killing process, pid: 41925
[2026/09/25 14:41:38:1632] N: WS closed from (unix skt), clients: 8
[2026/09/25 14:41:38:1633] N: killing process, pid: 41932
[2026/09/25 14:41:38:4086] N: WS closed from (unix skt), clients: 7
[2026/09/25 14:41:38:4087] N: killing process, pid: 41930
[2026/09/25 14:41:38:4093] N: process killed with signal 1, pid: 41930
[2026/09/25 14:41:38:4129] N: process killed with signal 0, pid: 41925
[2026/09/25 14:41:38:5297] N: process killed with signal 0, pid: 41932
[2026/09/25 14:41:38:8730] N: WS closed from (unix skt), clients: 6
[2026/09/25 14:41:38:8730] N: killing process, pid: 41956
[2026/09/25 14:41:38:8737] N: process killed with signal 1, pid: 41956
[2026/09/25 14:41:38:9119] N: WS closed from (unix skt), clients: 5
[2026/09/25 14:41:38:9120] N: killing process, pid: 41946
[2026/09/25 14:41:38:9999] N: process killed with signal 0, pid: 41946
[2026/09/25 14:41:39:0233] N: WS closed from (unix skt), clients: 4
[2026/09/25 14:41:39:0233] N: killing process, pid: 41927
[2026/09/25 14:41:39:0244] N: process killed with signal 0, pid: 41927
[2026/09/25 14:41:39:2319] N: WS closed from (unix skt), clients: 3
[2026/09/25 14:41:39:2320] N: killing process, pid: 41948
[2026/09/25 14:41:39:2328] N: process killed with signal 0, pid: 41948
[2026/09/25 14:41:39:3622] N: WS closed from (unix skt), clients: 2
[2026/09/25 14:41:39:3622] N: killing process, pid: 41928
[2026/09/25 14:41:39:3809] N: process killed with signal 0, pid: 41928
[2026/09/25 14:41:39:6381] N: WS closed from (unix skt), clients: 1
[2026/09/25 14:41:39:6382] N: killing process, pid: 41931
[2026/09/25 14:41:39:6382] N: WS closed from (unix skt), clients: 0
[2026/09/25 14:41:39:6382] N: killing process, pid: 41963
[2026/09/25 14:41:39:6397] N: process killed with signal 0, pid: 41931
[2026/09/25 14:41:39:6398] N: process killed with signal 0, pid: 41963
[2026/09/25 14:41:39:6917] N: WS   /ws - (unix skt), clients: 1
[2026/09/25 14:41:39:6918] N: WS   /ws - (unix skt), clients: 2
[2026/09/25 14:41:39:6919] N: WS   /ws - (unix skt), clients: 3
[2026/09/25 14:41:39:6919] N: WS   /ws - (unix skt), clients: 4
[2026/09/25 14:41:39:6920] N: WS   /ws - (unix skt), clients: 5
[2026/09/25 14:41:39:6920] N: WS   /ws - (unix skt), clients: 6
[2026/09/25 14:41:39:6920] N: WS   /ws - (unix skt), clients: 7
[2026/09/25 14:41:39:6921] N: WS   /ws - (unix skt), clients: 8
[2026/09/25 14:41:39:6921] N: WS   /ws - (unix skt), clients: 9
[2026/09/25 14:41:39:6922] N: WS   /ws - (unix skt), clients: 10
[2026/09/25 14:41:39:6943] N: started process, pid: 42366
[2026/09/25 14:41:39:6969] N: started process, pid: 42367
[2026/09/25 14:41:39:6994] N: started process, pid: 42368
[2026/09/25 14:41:39:7014] N: started process, pid: 42369
[2026/09/25 14:41:39:7034] N: started process, pid: 42370
[2026/09/25 14:41:39:7056] N: started process, pid: 42371
[2026/09/25 14:41:39:7067] N: started process, pid: 42372
[2026/09/25 14:41:39:7093] N: started process, pid: 42373
[2026/09/25 14:41:39:7118] N: started process, pid: 42376
[2026/09/25 14:41:39:7137] N: started process, pid: 42377
[2026/09/25 14:41:40:0647] N: WS closed from (unix skt), clients: 9
[2026/09/25 14:41:40:0648] N: killing process, pid: 42366
[2026/09/25 14:41:40:3156] N: WS closed from (unix skt), clients: 8
[2026/09/25 14:41:40:3157] N: killing process, pid: 42368
[2026/09/25 14:41:40:3162] N: process killed with signal 1, pid: 42368
[2026/09/25 14:41:40:3868] N: WS closed from (unix skt), clients: 7
[2026/09/25 14:41:40:3869] N: killing process, pid: 42370
[2026/09/25 14:41:40:4134] N: process killed with signal 0, pid: 42366
[2026/09/25 14:41:40:4898] N: process killed with signal 0, pid: 42370
[2026/09/25 14:41:40:5164] N: WS closed from (unix skt), clients: 6
[2026/09/25 14:41:40:5164] N: killing process, pid: 42371
[2026/09/25 14:41:40:6078] N: process killed with signal 0, pid: 42371
[2026/09/25 14:41:40:6109] N: WS closed from (unix skt), clients: 5
[2026/09/25 14:41:40:6110] N: killing process, pid: 42376
[2026/09/25 14:41:40:6113] N: process killed with signal 1, pid: 42376
[2026/09/25 14:41:40:8206] N: WS closed from (unix skt), clients: 4
[2026/09/25 14:41:40:8207] N: killing process, pid: 42373
[2026/09/25 14:41:40:8385] N: process killed with signal 0, pid: 42373
[2026/09/25 14:41:41:0193] N: WS closed from (unix skt), clients: 3
[2026/09/25 14:41:41:0194] N: killing process, pid: 42367
[2026/09/25 14:41:41:0206] N: process killed with signal 0, pid: 42367
[2026/09/25 14:41:41:1880] N: WS closed from (unix skt), clients: 2
[2026/09/25 14:41:41:1880] N: killing process, pid: 42372
[2026/09/25 14:41:41:1907] N: process killed with signal 0, pid: 42372
[2026/09/25 14:41:41:7031] N: WS closed from (unix skt), clients: 1
[2026/09/25 14:41:41:7031] N: killing process, pid: 42369
[2026/09/25 14:41:41:7032] N: WS closed from (unix skt), clients: 0
[2026/09/25 14:41:41:7032] N: killing process, pid: 42377
[2026/09/25 14:41:41:7183] N: process killed with signal 0, pid: 42369
[2026/09/25 14:41:41:7184] N: process killed with signal 0, pid: 42377
[2026/09/25 14:41:41:7626] N: WS   /ws - (unix skt), clients: 1
[2026/09/25 14:41:41:7627] N: WS   /ws - (unix skt), clients: 2
[2026/09/25 14:41:41:7627] N: WS   /ws - (unix skt), clients: 3
[2026/09/25 14:41:41:7628] N: WS   /ws - (unix skt), clients: 4
[2026/09/25 14:41:41:7628] N: WS   /ws - (unix skt), clients: 5
[2026/09/25 14:41:41:7629] N: WS   /ws - (unix skt), clients: 6
[2026/09/25 14:41:41:7629] N: WS   /ws - (unix skt), clients: 7
[2026/09/25 14:41:41:7629] N: WS   /ws - (unix skt), clients: 8
[2026/09/25 14:41:41:7630] N: WS   /ws - (unix skt), clients: 9
[2026/09/25 14:41:41:7631] N: WS   /ws - (unix skt), clients: 10
[2026/09/25 14:41:41:7657] N: started process, pid: 42641
[2026/09/25 14:41:41:7682] N: started process, pid: 42642
[2026/09/25 14:41:41:7703] N: started process, pid: 42643
[2026/09/25 14:41:41:7734] N: started process, pid: 42645
[2026/09/25 14:41:41:7770] N: started process, pid: 42646
[2026/09/25 14:41:41:7792] N: started process, pid: 42647
[2026/09/25 14:41:41:7816] N: started process, pid: 42648
[2026/09/25 14:41:41:7837] N: started process, pid: 42649
[2026/09/25 14:41:41:7864] N: started process, pid: 42650
[2026/09/25 14:41:41:7887] N: started process, pid: 42651
[2026/09/25 14:41:42:7942] N: WS closed from (unix skt), clients: 9
[2026/09/25 14:41:42:7942] N: killing process, pid: 42641
[2026/09/25 14:41:42:7943] N: WS closed from (unix skt), clients: 8
[2026/09/25 14:41:42:7943] N: killing process, pid: 42646
[2026/09/25 14:41:42:7954] N: process killed with signal 1, pid: 42641
[2026/09/25 14:41:42:8526] N: WS closed from (unix skt), clients: 7
[2026/09/25 14:41:42:8527] N: killing process, pid: 42643
[2026/09/25 14:41:42:8534] N: process killed with signal 1, pid: 42643
[2026/09/25 14:41:43:2825] N: WS closed from (unix skt), clients: 6
[2026/09/25 14:41:43:2826] N: killing process, pid: 42650
[2026/09/25 14:41:43:2830] N: process killed with signal 0, pid: 42646
[2026/09/25 14:41:43:2832] N: process killed with signal 1, pid: 42650
[2026/09/25 14:41:43:2965] N: WS closed from (unix skt), clients: 5
[2026/09/25 14:41:43:2966] N: killing process, pid: 42642
[2026/09/25 14:41:43:3293] N: process killed with signal 0, pid: 42642
[2026/09/25 14:41:43:3298] N: WS closed from (unix skt), clients: 4
[2026/09/25 14:41:43:3299] N: killing process, pid: 42647
[2026/09/25 14:41:43:4181] N: process killed with signal 0, pid: 42647
[2026/09/25 14:41:43:6825] N: WS closed from (unix skt), clients: 3
[2026/09/25 14:41:43:6826] N: killing process, pid: 42649
[2026/09/25 14:41:43:6837] N: process killed with signal 0, pid: 42649
[2026/09/25 14:41:43:7634] N: WS closed from (unix skt), clients: 2
[2026/09/25 14:41:43:7635] N: killing process, pid: 42645
[2026/09/25 14:41:43:7636] N: WS closed from (unix skt), clients: 1
[2026/09/25 14:41:43:7637] N: killing process, pid: 42651
[2026/09/25 14:41:43:7645] N: process killed with signal 0, pid: 42645
[2026/09/25 14:41:43:7653] N: process killed with signal 0, pid: 42651
[2026/09/25 14:41:44:0442] N: WS closed from (unix skt), clients: 0
[2026/09/25 14:41:44:0443] N: killing process, pid: 42648
[2026/09/25 14:41:44:0897] N: process killed with signal 0, pid: 42648
[2026/09/25 14:41:44:1847] N: WS   /ws - (unix skt), clients: 1
[2026/09/25 14:41:44:1848] N: WS   /ws - (unix skt), clients: 2
[2026/09/25 14:41:44:1849] N: WS   /ws - (unix skt), clients: 3
[2026/09/25 14:41:44:1849] N: WS   /ws - (unix skt), clients: 4
[2026/09/25 14:41:44:1850] N: WS   /ws - (unix skt), clients: 5
[2026/09/25 14:41:44:1850] N: WS   /ws - (unix skt), clients: 6
[2026/09/25 14:41:44:1850] N: WS   /ws - (unix skt), clients: 7
[2026/09/25 14:41:44:1850] N: WS   /ws - (unix skt), clients: 8
[2026/09/25 14:41:44:1850] N: WS   /ws - (unix skt), clients: 9
[2026/09/25 14:41:44:1851] N: WS   /ws - (unix skt), clients: 10
[2026/09/25 14:41:44:1865] N: started process, pid: 43132
[2026/09/25 14:41:44:1902] N: started process, pid: 43135
[2026/09/25 14:41:44:1922] N: started process, pid: 43137
[2026/09/25 14:41:44:1932] N: started process, pid: 43139
[2026/09/25 14:41:44:1944] N: started process, pid: 43140
[2026/09/25 14:41:44:1965] N: started process, pid: 43141
[2026/09/25 14:41:44:1976] N: started process, pid: 43145
[2026/09/25 14:41:44:1990] N: started process, pid: 43148
[2026/09/25 14:41:44:2011] N: started process, pid: 43149
[2026/09/25 14:41:44:2034] N: started process, pid: 43155
[2026/09/25 14:41:44:6378] N: WS closed from (unix skt), clients: 9
[2026/09/25 14:41:44:6379] N: killing process, pid: 43132
[2026/09/25 14:41:44:6968] N: process killed with signal 0, pid: 43132
[2026/09/25 14:41:44:9217] N: WS closed from (unix skt), clients: 8
[2026/09/25 14:41:44:9218] N: killing process, pid: 43149
[2026/09/25 14:41:44:9223] N: process killed with signal 1, pid: 43149
[2026/09/25 14:41:45:0512] N: WS closed from (unix skt), clients: 7
[2026/09/25 14:41:45:0513] N: killing process, pid: 43145
[2026/09/25 14:41:45:2192] N: WS closed from (unix skt), clients: 6
[2026/09/25 14:41:45:2193] N: killing process, pid: 43135
[2026/09/25 14:41:45:3212] N: process killed with signal 0, pid: 43145
[2026/09/25 14:41:45:3225] N: WS closed from (unix skt), clients: 5
[2026/09/25 14:41:45:3225] N: killing process, pid: 43139
[2026/09/25 14:41:45:3229] N: process killed with signal 1, pid: 43139
[2026/09/25 14:41:45:4631] N: process killed with signal 0, pid: 43135
[2026/09/25 14:41:45:5927] N: WS closed from (unix skt), clients: 4
[2026/09/25 14:41:45:5928] N: killing process, pid: 43141
[2026/09/25 14:41:45:5962] N: process killed with signal 0, pid: 43141
[2026/09/25 14:41:46:0241] N: WS closed from (unix skt), clients: 3
[2026/09/25 14:41:46:0242] N: killing process, pid: 43137
[2026/09/25 14:41:46:0261] N: process killed with signal 0, pid: 43137
[2026/09/25 14:41:46:1159] N: WS closed from (unix skt), clients: 2
[2026/09/25 14:41:46:1160] N: killing process, pid: 43148
[2026/09/25 14:41:46:1562] N: process killed with signal 0, pid: 43148
[2026/09/25 14:41:46:2037] N: WS closed from (unix skt), clients: 1
[2026/09/25 14:41:46:2038] N: killing process, pid: 43140
[2026/09/25 14:41:46:2038] N: WS closed from (unix skt), clients: 0
[2026/09/25 14:41:46:2038] N: killing process, pid: 43155
[2026/09/25 14:41:46:2190] N: process killed with signal 0, pid: 43140
[2026/09/25 14:41:46:2256] N: process killed with signal 0, pid: 43155
[2026/09/25 14:41:46:2782] N: WS   /ws - (unix skt), clients: 1
[2026/09/25 14:41:46:2783] N: WS   /ws - (unix skt), clients: 2
[2026/09/25 14:41:46:2783] N: WS   /ws - (unix skt), clients: 3
[2026/09/25 14:41:46:2783] N: WS   /ws - (unix skt), clients: 4
[2026/09/25 14:41:46:2783] N: WS   /ws - (unix skt), clients: 5
[2026/09/25 14:41:46:2784] N: WS   /ws - (unix skt), clients: 6
[2026/09/25 14:41:46:2784] N: WS   /ws - (unix skt), clients: 7
[2026/09/25 14:41:46:2784] N: WS   /ws - (unix skt), clients: 8
[2026/09/25 14:41:46:2784] N: WS   /ws - (unix skt), clients: 9
[2026/09/25 14:41:46:2784] N: WS   /ws - (unix skt), clients: 10
[2026/09/25 14:41:46:2801] N: started process, pid: 43455
[2026/09/25 14:41:46:2806] N: started process, pid: 43456
[2026/09/25 14:41:46:2811] N: started process, pid: 43458
[2026/09/25 14:41:46:2823] N: started process, pid: 43459
[2026/09/25 14:41:46:2844] N: started process, pid: 43460
[2026/09/25 14:41:46:2865] N: started process, pid: 43462
[2026/09/25 14:41:46:2875] N: started process, pid: 43463
[2026/09/25 14:41:46:2887] N: started process, pid: 43467
[2026/09/25 14:41:46:2903] N: started process, pid: 43472
[2026/09/25 14:41:46:2935] N: started process, pid: 43482
[2026/09/25 14:41:46:6596] N: WS closed from (unix skt), clients: 9
[2026/09/25 14:41:46:6601] N: killing process, pid: 43455
[2026/09/25 14:41:47:0603] N: WS closed from (unix skt), clients: 8
[2026/09/25 14:41:47:0604] N: killing process, pid: 43472
[2026/09/25 14:41:47:0611] N: process killed with signal 1, pid: 43472
[2026/09/25 14:41:47:0763] N: process killed with signal 0, pid: 43455
[2026/09/25 14:41:47:1890] N: WS closed from (unix skt), clients: 7
[2026/09/25 14:41:47:1891] N: killing process, pid: 43459
[2026/09/25 14:41:47:1898] N: process killed with signal 1, pid: 43459
[2026/09/25 14:41:47:3888] N: WS closed from (unix skt), clients: 6
[2026/09/25 14:41:47:3889] N: killing process, pid: 43456
[2026/09/25 14:41:47:3900] N: process killed with signal 0, pid: 43456
[2026/09/25 14:41:47:7683] N: WS closed from (unix skt), clients: 5
[2026/09/25 14:41:47:7683] N: killing process, pid: 43463
[2026/09/25 14:41:47:7694] N: process killed with signal 0, pid: 43463
[2026/09/25 14:41:47:8063] N: WS closed from (unix skt), clients: 4
[2026/09/25 14:41:47:8064] N: killing process, pid: 43462
[2026/09/25 14:41:47:8073] N: process killed with signal 0, pid: 43462
[2026/09/25 14:41:47:8947] N: WS closed from (unix skt), clients: 3
[2026/09/25 14:41:47:8948] N: killing process, pid: 43458
[2026/09/25 14:41:47:9287] N: process killed with signal 0, pid: 43458
[2026/09/25 14:41:48:0908] N: WS closed from (unix skt), clients: 2
[2026/09/25 14:41:48:0909] N: killing process, pid: 43467
[2026/09/25 14:41:48:0918] N: process killed with signal 0, pid: 43467
[2026/09/25 14:41:48:2812] N: WS closed from (unix skt), clients: 1
[2026/09/25 14:41:48:2812] N: killing process, pid: 43460
[2026/09/25 14:41:48:2814] N: WS closed from (unix skt), clients: 0
[2026/09/25 14:41:48:2814] N: killing process, pid: 43482
[2026/09/25 14:41:48:2836] N: process killed with signal 0, pid: 43460
[2026/09/25 14:41:48:2837] N: process killed with signal 0, pid: 43482
[2026/09/25 14:41:48:3219] N: WS   /ws - (unix skt), clients: 1
[2026/09/25 14:41:48:3220] N: WS   /ws - (unix skt), clients: 2
[2026/09/25 14:41:48:3221] N: WS   /ws - (unix skt), clients: 3
[2026/09/25 14:41:48:3221] N: WS   /ws - (unix skt), clients: 4
[2026/09/25 14:41:48:3221] N: WS   /ws - (unix skt), clients: 5
[2026/09/25 14:41:48:3222] N: WS   /ws - (unix skt), clients: 6
[2026/09/25 14:41:48:3222] N: WS   /ws - (unix skt), clients: 7
[2026/09/25 14:41:48:3222] N: WS   /ws - (unix skt), clients: 8
[2026/09/25 14:41:48:3222] N: WS   /ws - (unix skt), clients: 9
[2026/09/25 14:41:48:3222] N: WS   /ws - (unix skt), clients: 10
[2026/09/25 14:41:48:3235] N: started process, pid: 43780
[2026/09/25 14:41:48:3247] N: started process, pid: 43781
[2026/09/25 14:41:48:3266] N: started process, pid: 43782
[2026/09/25 14:41:48:3279] N: started process, pid: 43783
[2026/09/25 14:41:48:3290] N: started process, pid: 43784
[2026/09/25 14:41:48:3298] N: started process, pid: 43785
[2026/09/25 14:41:48:3306] N: started process, pid: 43786
[2026/09/25 14:41:48:3317] N: started process, pid: 43788
[2026/09/25 14:41:48:3329] N: started process, pid: 43796
[2026/09/25 14:41:48:3347] N: started process, pid: 43801
[2026/09/25 14:41:48:5878] N: WS closed from (unix skt), clients: 9
[2026/09/25 14:41:48:5878] N: killing process, pid: 43783
[2026/09/25 14:41:48:5883] N: process killed with signal 1, pid: 43783
[2026/09/25 14:41:48:9116] N: WS closed from (unix skt), clients: 8
[2026/09/25 14:41:48:9116] N: killing process, pid: 43796
[2026/09/25 14:41:48:9121] N: process killed with signal 1, pid: 43796
[2026/09/25 14:41:49:1117] N: WS closed from (unix skt), clients: 7
[2026/09/25 14:41:49:1118] N: killing process, pid: 43786
[2026/09/25 14:41:49:1138] N: process killed with signal 0, pid: 43786
[2026/09/25 14:41:49:2906] N: WS closed from (unix skt), clients: 6
[2026/09/25 14:41:49:2907] N: killing process, pid: 43782
[2026/09/25 14:41:49:3823] N: process killed with signal 0, pid: 43782
[2026/09/25 14:41:49:5828] N: WS closed from (unix skt), clients: 5
[2026/09/25 14:41:49:5829] N: killing process, pid: 43780
[2026/09/25 14:41:49:5849] N: process killed with signal 0, pid: 43780
[2026/09/25 14:41:49:6561] N: WS closed from (unix skt), clients: 4
[2026/09/25 14:41:49:6562] N: killing process, pid: 43788
[2026/09/25 14:41:49:6751] N: WS closed from (unix skt), clients: 3
[2026/09/25 14:41:49:6752] N: killing process, pid: 43781
[2026/09/25 14:41:49:6756] N: WS closed from (unix skt), clients: 2
[2026/09/25 14:41:49:6757] N: killing process, pid: 43785
[2026/09/25 14:41:49:6777] N: process killed with signal 0, pid: 43788
[2026/09/25 14:41:49:7070] N: process killed with signal 0, pid: 43781
[2026/09/25 14:41:49:7180] N: process killed with signal 0, pid: 43785
[2026/09/25 14:41:50:3241] N: WS closed from (unix skt), clients: 1
[2026/09/25 14:41:50:3243] N: killing process, pid: 43784
[2026/09/25 14:41:50:3246] N: WS closed from (unix skt), clients: 0
[2026/09/25 14:41:50:3247] N: killing process, pid: 43801
[2026/09/25 14:41:50:3271] N: process killed with signal 0, pid: 43784
[2026/09/25 14:41:50:3272] N: process killed with signal 0, pid: 43801
[2026/09/25 14:41:50:4101] N: WS   /ws - (unix skt), clients: 1
[2026/09/25 14:41:50:4102] N: WS   /ws - (unix skt), clients: 2
[2026/09/25 14:41:50:4103] N: WS   /ws - (unix skt), clients: 3
[2026/09/25 14:41:50:4104] N: WS   /ws - (unix skt), clients: 4
[2026/09/25 14:41:50:4104] N: WS   /ws - (unix skt), clients: 5
[2026/09/25 14:41:50:4105] N: WS   /ws - (unix skt), clients: 6
[2026/09/25 14:41:50:4105] N: WS   /ws - (unix skt), clients: 7
[2026/09/25 14:41:50:4106] N: WS   /ws - (unix skt), clients: 8
[2026/09/25 14:41:50:4106] N: WS   /ws - (unix skt), clients: 9
[2026/09/25 14:41:50:4107] N: WS   /ws - (unix skt), clients: 10
[2026/09/25 14:41:50:4323] N: started process, pid: 44112
[2026/09/25 14:41:50:4456] N: started process, pid: 44113
[2026/09/25 14:41:50:4590] N: started process, pid: 44114
[2026/09/25 14:41:50:4704] N: started process, pid: 44115
[2026/09/25 14:41:50:4726] N: started process, pid: 44116
[2026/09/25 14:41:50:4807] N: started process, pid: 44119
[2026/09/25 14:41:50:4852] N: started process, pid: 44123
[2026/09/25 14:41:50:4886] N: started process, pid: 44128
[2026/09/25 14:41:50:4918] N: started process, pid: 44131
[2026/09/25 14:41:50:4951] N: started process, pid: 44134
[2026/09/25 14:41:50:8671] N: WS closed from (unix skt), clients: 9
[2026/09/25 14:41:50:8672] N: killing process, pid: 44112
[2026/09/25 14:41:51:3545] N: process killed with signal 0, pid: 44112
[2026/09/25 14:41:51:4490] N: WS closed from (unix skt), clients: 8
[2026/09/25 14:41:51:4491] N: killing process, pid: 44115
[2026/09/25 14:41:51:4497] N: process killed with signal 1, pid: 44115
[2026/09/25 14:41:51:4534] N: WS closed from (unix skt), clients: 7
[2026/09/25 14:41:51:4534] N: killing process, pid: 44131
[2026/09/25 14:41:51:4538] N: process killed with signal 1, pid: 44131
[2026/09/25 14:41:51:6501] N: WS closed from (unix skt), clients: 6
[2026/09/25 14:41:51:6501] N: killing process, pid: 44113
[2026/09/25 14:41:51:6560] N: process killed with signal 0, pid: 44113
[2026/09/25 14:41:51:6567] N: WS closed from (unix skt), clients: 5
[2026/09/25 14:41:51:6567] N: killing process, pid: 44119
[2026/09/25 14:41:51:7542] N: WS closed from (unix skt), clients: 4
[2026/09/25 14:41:51:7543] N: killing process, pid: 44123
[2026/09/25 14:41:51:7905] N: process killed with signal 0, pid: 44119
[2026/09/25 14:41:51:7973] N: process killed with signal 0, pid: 44123
[2026/09/25 14:41:52:1513] N: WS closed from (unix skt), clients: 3
[2026/09/25 14:41:52:1514] N: killing process, pid: 44114
[2026/09/25 14:41:52:1526] N: process killed with signal 0, pid: 44114
[2026/09/25 14:41:52:4140] N: WS closed from (unix skt), clients: 2
[2026/09/25 14:41:52:4141] N: killing process, pid: 44116
[2026/09/25 14:41:52:4141] N: WS closed from (unix skt), clients: 1
[2026/09/25 14:41:52:4142] N: killing process, pid: 44134
[2026/09/25 14:41:52:4158] N: process killed with signal 0, pid: 44116
[2026/09/25 14:41:52:4159] N: process killed with signal 0, pid: 44134
[2026/09/25 14:41:52:5551] N: WS closed from (unix skt), clients: 0
[2026/09/25 14:41:52:5552] N: killing process, pid: 44128
[2026/09/25 14:41:52:5617] N: process killed with signal 0, pid: 44128
[2026/09/25 14:41:52:6354] N: WS   /ws - (unix skt), clients: 1
[2026/09/25 14:41:52:6354] N: WS   /ws - (unix skt), clients: 2
[2026/09/25 14:41:52:6355] N: WS   /ws - (unix skt), clients: 3
[2026/09/25 14:41:52:6355] N: WS   /ws - (unix skt), clients: 4
[2026/09/25 14:41:52:6355] N: WS   /ws - (unix skt), clients: 5
[2026/09/25 14:41:52:6355] N: WS   /ws - (unix skt), clients: 6
[2026/09/25 14:41:52:6356] N: WS   /ws - (unix skt), clients: 7
[2026/09/25 14:41:52:6356] N: WS   /ws - (unix skt), clients: 8
[2026/09/25 14:41:52:6356] N: WS   /ws - (unix skt), clients: 9
[2026/09/25 14:41:52:6365] N: started process, pid: 44403
[2026/09/25 14:41:52:6367] N: WS   /ws - (unix skt), clients: 10
[2026/09/25 14:41:52:6384] N: started process, pid: 44404
[2026/09/25 14:41:52:6403] N: started process, pid: 44405
[2026/09/25 14:41:52:6425] N: started process, pid: 44406
[2026/09/25 14:41:52:6446] N: started process, pid: 44408
[2026/09/25 14:41:52:6465] N: started process, pid: 44409
[2026/09/25 14:41:52:6481] N: started process, pid: 44410
[2026/09/25 14:41:52:6496] N: started process, pid: 44411
[2026/09/25 14:41:52:6515] N: started process, pid: 44412
[2026/09/25 14:41:52:6533] N: started process, pid: 44413
[2026/09/25 14:41:53:1043] N: WS closed from (unix skt), clients: 9
[2026/09/25 14:41:53:1044] N: killing process, pid: 44408
[2026/09/25 14:41:53:1069] N: process killed with signal 1, pid: 44408
[2026/09/25 14:41:53:2994] N: WS closed from (unix skt), clients: 8
[2026/09/25 14:41:53:2995] N: killing process, pid: 44403
[2026/09/25 14:41:53:8462] N: process killed with signal 0, pid: 44403
[2026/09/25 14:41:54:0165] N: WS closed from (unix skt), clients: 7
[2026/09/25 14:41:54:0166] N: killing process, pid: 44413
[2026/09/25 14:41:54:0175] N: process killed with signal 1, pid: 44413
[2026/09/25 14:41:54:0425] N: WS closed from (unix skt), clients: 6
[2026/09/25 14:41:54:0426] N: killing process, pid: 44411
[2026/09/25 14:41:54:1989] N: process killed with signal 0, pid: 44411
[2026/09/25 14:41:54:2175] N: WS closed from (unix skt), clients: 5
[2026/09/25 14:41:54:2175] N: killing process, pid: 44404
[2026/09/25 14:41:54:2213] N: process killed with signal 0, pid: 44404
[2026/09/25 14:41:54:3438] N: WS closed from (unix skt), clients: 4
[2026/09/25 14:41:54:3439] N: killing process, pid: 44406
[2026/09/25 14:41:54:3582] N: process killed with signal 0, pid: 44406
[2026/09/25 14:41:54:3899] N: WS closed from (unix skt), clients: 3
[2026/09/25 14:41:54:3900] N: killing process, pid: 44410
[2026/09/25 14:41:54:3929] N: process killed with signal 0, pid: 44410
[2026/09/25 14:41:54:6366] N: WS closed from (unix skt), clients: 2
[2026/09/25 14:41:54:6367] N: killing process, pid: 44409
[2026/09/25 14:41:54:6368] N: WS closed from (unix skt), clients: 1
[2026/09/25 14:41:54:6368] N: killing process, pid: 44405
[2026/09/25 14:41:54:6378] N: process killed with signal 0, pid: 44409
[2026/09/25 14:41:54:6379] N: process killed with signal 0, pid: 44405
[2026/09/25 14:41:54:6974] N: WS closed from (unix skt), clients: 0
[2026/09/25 14:41:54:6974] N: killing process, pid: 44412
[2026/09/25 14:41:54:7001] N: process killed with signal 0, pid: 44412
[2026/09/25 14:41:54:7246] N: WS   /ws - (unix skt), clients: 1
[2026/09/25 14:41:54:7248] N: WS   /ws - (unix skt), clients: 2
[2026/09/25 14:41:54:7248] N: WS   /ws - (unix skt), clients: 3
[2026/09/25 14:41:54:7248] N: WS   /ws - (unix skt), clients: 4
[2026/09/25 14:41:54:7248] N: WS   /ws - (unix skt), clients: 5
[2026/09/25 14:41:54:7248] N: WS   /ws - (unix skt), clients: 6
[2026/09/25 14:41:54:7249] N: WS   /ws - (unix skt), clients: 7
[2026/09/25 14:41:54:7250] N: WS   /ws - (unix skt), clients: 8
[2026/09/25 14:41:54:7250] N: WS   /ws - (unix skt), clients: 9
[2026/09/25 14:41:54:7251] N: WS   /ws - (unix skt), clients: 10
[2026/09/25 14:41:54:7331] N: started process, pid: 44777
[2026/09/25 14:41:54:7359] N: started process, pid: 44778
[2026/09/25 14:41:54:7584] N: started process, pid: 44779
[2026/09/25 14:41:54:7911] N: started process, pid: 44780
[2026/09/25 14:41:54:8174] N: started process, pid: 44783
[2026/09/25 14:41:54:8380] N: started process, pid: 44787
[2026/09/25 14:41:54:8407] N: started process, pid: 44789
[2026/09/25 14:41:54:8521] N: started process, pid: 44790
[2026/09/25 14:41:54:8557] N: started process, pid: 44805
[2026/09/25 14:41:54:8594] N: started process, pid: 44815
[2026/09/25 14:41:55:3557] N: WS closed from (unix skt), clients: 9
[2026/09/25 14:41:55:3558] N: killing process, pid: 44777
[2026/09/25 14:41:55:8562] N: WS closed from (unix skt), clients: 8
[2026/09/25 14:41:55:8563] N: killing process, pid: 44778
[2026/09/25 14:41:55:9617] N: WS closed from (unix skt), clients: 7
[2026/09/25 14:41:55:9618] N: killing process, pid: 44787
[2026/09/25 14:41:55:9620] N: WS closed from (unix skt), clients: 6
[2026/09/25 14:41:55:9620] N: killing process, pid: 44790
[2026/09/25 14:41:55:9670] N: WS closed from (unix skt), clients: 5
[2026/09/25 14:41:55:9671] N: killing process, pid: 44805
[2026/09/25 14:41:55:9679] N: process killed with signal 1, pid: 44805
[2026/09/25 14:41:55:9683] N: process killed with signal 0, pid: 44777
[2026/09/25 14:41:55:9690] N: process killed with signal 0, pid: 44778
[2026/09/25 14:41:56:0982] N: WS closed from (unix skt), clients: 4
[2026/09/25 14:41:56:0982] N: killing process, pid: 44779
[2026/09/25 14:41:56:0991] N: process killed with signal 1, pid: 44779
[2026/09/25 14:41:56:2300] N: process killed with signal 0, pid: 44790
[2026/09/25 14:41:56:2349] N: process killed with signal 0, pid: 44787
[2026/09/25 14:41:56:3111] N: WS closed from (unix skt), clients: 3
[2026/09/25 14:41:56:3112] N: killing process, pid: 44783
[2026/09/25 14:41:56:3767] N: process killed with signal 0, pid: 44783
[2026/09/25 14:41:56:7277] N: WS closed from (unix skt), clients: 2
[2026/09/25 14:41:56:7278] N: killing process, pid: 44780
[2026/09/25 14:41:56:7279] N: WS closed from (unix skt), clients: 1
[2026/09/25 14:41:56:7279] N: killing process, pid: 44815
[2026/09/25 14:41:56:7288] N: process killed with signal 0, pid: 44780
[2026/09/25 14:41:56:7344] N: process killed with signal 0, pid: 44815
[2026/09/25 14:41:56:8918] N: WS closed from (unix skt), clients: 0
[2026/09/25 14:41:56:8919] N: killing process, pid: 44789
[2026/09/25 14:41:56:8939] N: process killed with signal 0, pid: 44789
[2026/09/25 14:41:56:9496] N: WS   /ws - (unix skt), clients: 1
[2026/09/25 14:41:56:9497] N: WS   /ws - (unix skt), clients: 2
[2026/09/25 14:41:56:9497] N: WS   /ws - (unix skt), clients: 3
[2026/09/25 14:41:56:9498] N: WS   /ws - (unix skt), clients: 4
[2026/09/25 14:41:56:9508] N: started process, pid: 45139
[2026/09/25 14:41:56:9515] N: started process, pid: 45140
[2026/09/25 14:41:56:9526] N: started process, pid: 45141
[2026/09/25 14:41:56:9528] N: WS   /ws - (unix skt), clients: 5
[2026/09/25 14:41:56:9528] N: WS   /ws - (unix skt), clients: 6
[2026/09/25 14:41:56:9531] N: WS   /ws - (unix skt), clients: 7
[2026/09/25 14:41:56:9532] N: WS   /ws - (unix skt), clients: 8
[2026/09/25 14:41:56:9532] N: WS   /ws - (unix skt), clients: 9
[2026/09/25 14:41:56:9533] N: WS   /ws - (unix skt), clients: 10
[2026/09/25 14:41:56:9537] N: started process, pid: 45142
[2026/09/25 14:41:56:9546] N: started process, pid: 45143
[2026/09/25 14:41:56:9552] N: started process, pid: 45144
[2026/09/25 14:41:56:9564] N: started process, pid: 45145
[2026/09/25 14:41:56:9577] N: started process, pid: 45147
[2026/09/25 14:41:56:9594] N: started process, pid: 45152
[2026/09/25 14:41:56:9614] N: started process, pid: 45163
[2026/09/25 14:41:57:8796] N: WS closed from (unix skt), clients: 9
[2026/09/25 14:41:57:8797] N: killing process, pid: 45152
[2026/09/25 14:41:57:8812] N: process killed with signal 1, pid: 45152
[2026/09/25 14:41:57:8840] N: WS closed from (unix skt), clients: 8
[2026/09/25 14:41:57:8840] N: killing process, pid: 45147
[2026/09/25 14:41:57:8847] N: process killed with signal 1, pid: 45147
[2026/09/25 14:41:58:0812] N: WS closed from (unix skt), clients: 7
[2026/09/25 14:41:58:0812] N: killing process, pid: 45139
[2026/09/25 14:41:58:0813] N: WS closed from (unix skt), clients: 6
[2026/09/25 14:41:58:0813] N: killing process, pid: 45143
[2026/09/25 14:41:58:0852] N: WS closed from (unix skt), clients: 5
[2026/09/25 14:41:58:0853] N: killing process, pid: 45140
[2026/09/25 14:41:58:0853] N: WS closed from (unix skt), clients: 4
[2026/09/25 14:41:58:0853] N: killing process, pid: 45144
[2026/09/25 14:41:58:1243] N: process killed with signal 0, pid: 45143
[2026/09/25 14:41:58:1247] N: process killed with signal 0, pid: 45144
[2026/09/25 14:41:58:1248] N: process killed with signal 0, pid: 45139
[2026/09/25 14:41:58:1734] N: process killed with signal 0, pid: 45140
[2026/09/25 14:41:58:5967] N: WS closed from (unix skt), clients: 3
[2026/09/25 14:41:58:5969] N: killing process, pid: 45145
[2026/09/25 14:41:58:5970] N: WS closed from (unix skt), clients: 2
[2026/09/25 14:41:58:5970] N: killing process, pid: 45141
[2026/09/25 14:41:58:5990] N: process killed with signal 0, pid: 45141
[2026/09/25 14:41:58:5992] N: process killed with signal 0, pid: 45145
[2026/09/25 14:41:58:9572] N: WS closed from (unix skt), clients: 1
[2026/09/25 14:41:58:9573] N: killing process, pid: 45142
[2026/09/25 14:41:58:9573] N: WS closed from (unix skt), clients: 0
[2026/09/25 14:41:58:9573] N: killing process, pid: 45163
[2026/09/25 14:41:58:9760] N: process killed with signal 0, pid: 45142
[2026/09/25 14:41:58:9761] N: process killed with signal 0, pid: 45163
[2026/09/25 14:41:59:0441] N: WS   /ws - (unix skt), clients: 1
[2026/09/25 14:41:59:0441] N: WS   /ws - (unix skt), clients: 2
[2026/09/25 14:41:59:0442] N: WS   /ws - (unix skt), clients: 3
[2026/09/25 14:41:59:0442] N: WS   /ws - (unix skt), clients: 4
[2026/09/25 14:41:59:0442] N: WS   /ws - (unix skt), clients: 5
[2026/09/25 14:41:59:0442] N: WS   /ws - (unix skt), clients: 6
[2026/09/25 14:41:59:0442] N: WS   /ws - (unix skt), clients: 7
[2026/09/25 14:41:59:0442] N: WS   /ws - (unix skt), clients: 8
[2026/09/25 14:41:59:0443] N: WS   /ws - (unix skt), clients: 9
[2026/09/25 14:41:59:0443] N: WS   /ws - (unix skt), clients: 10
[2026/09/25 14:41:59:0464] N: started process, pid: 45527
[2026/09/25 14:41:59:0485] N: started process, pid: 45528
[2026/09/25 14:41:59:0505] N: started process, pid: 45529
[2026/09/25 14:41:59:0527] N: started process, pid: 45531
[2026/09/25 14:41:59:0548] N: started process, pid: 45532
[2026/09/25 14:41:59:0569] N: started process, pid: 45533
[2026/09/25 14:41:59:0599] N: started process, pid: 45534
[2026/09/25 14:41:59:0644] N: started process, pid: 45535
[2026/09/25 14:41:59:0671] N: started process, pid: 45536
[2026/09/25 14:41:59:0703] N: started process, pid: 45537
[2026/09/25 14:42:00:1704] N: WS closed from (unix skt), clients: 9
[2026/09/25 14:42:00:1705] N: killing process, pid: 45536
[2026/09/25 14:42:00:1711] N: process killed with signal 1, pid: 45536
[2026/09/25 14:42:00:3092] N: WS closed from (unix skt), clients: 8
[2026/09/25 14:42:00:3092] N: killing process, pid: 45527
[2026/09/25 14:42:00:3093] N: WS closed from (unix skt), clients: 7
[2026/09/25 14:42:00:3094] N: killing process, pid: 45533
[2026/09/25 14:42:00:3735] N: WS closed from (unix skt), clients: 6
[2026/09/25 14:42:00:3736] N: killing process, pid: 45534
[2026/09/25 14:42:00:6645] N: process killed with signal 0, pid: 45533
[2026/09/25 14:42:00:7147] N: WS closed from (unix skt), clients: 5
[2026/09/25 14:42:00:7147] N: killing process, pid: 45531
[2026/09/25 14:42:00:7153] N: process killed with signal 1, pid: 45531
[2026/09/25 14:42:00:7325] N: process killed with signal 0, pid: 45534
[2026/09/25 14:42:00:7343] N: process killed with signal 0, pid: 45527
[2026/09/25 14:42:00:8099] N: WS closed from (unix skt), clients: 4
[2026/09/25 14:42:00:8099] N: killing process, pid: 45535
[2026/09/25 14:42:00:8109] N: process killed with signal 0, pid: 45535
[2026/09/25 14:42:00:8731] N: WS closed from (unix skt), clients: 3
[2026/09/25 14:42:00:8732] N: killing process, pid: 45528
[2026/09/25 14:42:00:8742] N: process killed with signal 0, pid: 45528
[2026/09/25 14:42:01:0661] N: WS closed from (unix skt), clients: 2
[2026/09/25 14:42:01:0661] N: killing process, pid: 45532
[2026/09/25 14:42:01:0662] N: WS closed from (unix skt), clients: 1
[2026/09/25 14:42:01:0662] N: killing process, pid: 45537
[2026/09/25 14:42:01:1113] N: process killed with signal 0, pid: 45532
[2026/09/25 14:42:01:1123] N: process killed with signal 0, pid: 45537
[2026/09/25 14:42:01:2148] N: WS closed from (unix skt), clients: 0
[2026/09/25 14:42:01:2149] N: killing process, pid: 45529
[2026/09/25 14:42:01:2174] N: process killed with signal 0, pid: 45529
[2026/09/25 14:42:01:2761] N: WS   /ws - (unix skt), clients: 1
[2026/09/25 14:42:01:2762] N: WS   /ws - (unix skt), clients: 2
[2026/09/25 14:42:01:2762] N: WS   /ws - (unix skt), clients: 3
[2026/09/25 14:42:01:2763] N: WS   /ws - (unix skt), clients: 4
[2026/09/25 14:42:01:2763] N: WS   /ws - (unix skt), clients: 5
[2026/09/25 14:42:01:2763] N: WS   /ws - (unix skt), clients: 6
[2026/09/25 14:42:01:2764] N: WS   /ws - (unix skt), clients: 7
[2026/09/25 14:42:01:2764] N: WS   /ws - (unix skt), clients: 8
[2026/09/25 14:42:01:2764] N: WS   /ws - (unix skt), clients: 9
[2026/09/25 14:42:01:2764] N: WS   /ws - (unix skt), clients: 10
[2026/09/25 14:42:01:2789] N: started process, pid: 45925
[2026/09/25 14:42:01:2815] N: started process, pid: 45926
[2026/09/25 14:42:01:2837] N: started process, pid: 45928
[2026/09/25 14:42:01:2853] N: started process, pid: 45929
[2026/09/25 14:42:01:2873] N: started process, pid: 45930
[2026/09/25 14:42:01:2894] N: started process, pid: 45931
[2026/09/25 14:42:01:2916] N: started process, pid: 45933
[2026/09/25 14:42:01:2936] N: started process, pid: 45934
[2026/09/25 14:42:01:2959] N: started process, pid: 45936
[2026/09/25 14:42:01:2980] N: started process, pid: 45937
[2026/09/25 14:42:01:8107] N: WS closed from (unix skt), clients: 9
[2026/09/25 14:42:01:8108] N: killing process, pid: 45926
[2026/09/25 14:42:02:0998] N: process killed with signal 0, pid: 45926
[2026/09/25 14:42:02:3103] N: WS closed from (unix skt), clients: 8
[2026/09/25 14:42:02:3105] N: killing process, pid: 45931
[2026/09/25 14:42:02:6288] N: WS closed from (unix skt), clients: 7
[2026/09/25 14:42:02:6289] N: killing process, pid: 45929
[2026/09/25 14:42:02:6294] N: process killed with signal 1, pid: 45929
[2026/09/25 14:42:02:7704] N: WS closed from (unix skt), clients: 6
[2026/09/25 14:42:02:7705] N: killing process, pid: 45934
[2026/09/25 14:42:02:8102] N: WS closed from (unix skt), clients: 5
[2026/09/25 14:42:02:8103] N: killing process, pid: 45928
[2026/09/25 14:42:02:8305] N: WS closed from (unix skt), clients: 4
[2026/09/25 14:42:02:8306] N: killing process, pid: 45933
[2026/09/25 14:42:02:8450] N: process killed with signal 0, pid: 45928
[2026/09/25 14:42:02:8564] N: WS closed from (unix skt), clients: 3
[2026/09/25 14:42:02:8565] N: killing process, pid: 45936
[2026/09/25 14:42:02:8568] N: process killed with signal 1, pid: 45936
[2026/09/25 14:42:02:8575] N: process killed with signal 0, pid: 45931
[2026/09/25 14:42:03:0900] N: process killed with signal 0, pid: 45934
[2026/09/25 14:42:03:1092] N: process killed with signal 0, pid: 45933
[2026/09/25 14:42:03:2789] N: WS closed from (unix skt), clients: 2
[2026/09/25 14:42:03:2790] N: killing process, pid: 45930
[2026/09/25 14:42:03:2791] N: WS closed from (unix skt), clients: 1
[2026/09/25 14:42:03:2791] N: killing process, pid: 45937
[2026/09/25 14:42:03:2799] N: process killed with signal 0, pid: 45930
[2026/09/25 14:42:03:2800] N: process killed with signal 0, pid: 45937
[2026/09/25 14:42:03:2923] N: WS closed from (unix skt), clients: 0
[2026/09/25 14:42:03:2924] N: killing process, pid: 45925
[2026/09/25 14:42:03:2938] N: process killed with signal 0, pid: 45925
[2026/09/25 14:42:03:3518] N: WS   /ws - (unix skt), clients: 1
[2026/09/25 14:42:03:3518] N: WS   /ws - (unix skt), clients: 2
[2026/09/25 14:42:03:3519] N: WS   /ws - (unix skt), clients: 3
[2026/09/25 14:42:03:3519] N: WS   /ws - (unix skt), clients: 4
[2026/09/25 14:42:03:3519] N: WS   /ws - (unix skt), clients: 5
[2026/09/25 14:42:03:3520] N: WS   /ws - (unix skt), clients: 6
[2026/09/25 14:42:03:3520] N: WS   /ws - (unix skt), clients: 7
[2026/09/25 14:42:03:3520] N: WS   /ws - (unix skt), clients: 8
[2026/09/25 14:42:03:3520] N: WS   /ws - (unix skt), clients: 9
[2026/09/25 14:42:03:3520] N: WS   /ws - (unix skt), clients: 10
[2026/09/25 14:42:03:3539] N: started process, pid: 46293
[2026/09/25 14:42:03:3552] N: started process, pid: 46294
[2026/09/25 14:42:03:3564] N: started process, pid: 46295
[2026/09/25 14:42:03:3579] N: started process, pid: 46296
[2026/09/25 14:42:03:3600] N: started process, pid: 46298
[2026/09/25 14:42:03:3620] N: started process, pid: 46299
[2026/09/25 14:42:03:3642] N: started process, pid: 46300
[2026/09/25 14:42:03:3677] N: started process, pid: 46301
[2026/09/25 14:42:03:3712] N: started process, pid: 46305
[2026/09/25 14:42:03:3744] N: started process, pid: 46309
[2026/09/25 14:42:03:7754] N: WS closed from (unix skt), clients: 9
[2026/09/25 14:42:03:7755] N: killing process, pid: 46293
[2026/09/25 14:42:04:2953] N: process killed with signal 0, pid: 46293
[2026/09/25 14:42:04:3098] N: WS closed from (unix skt), clients: 8
[2026/09/25 14:42:04:3098] N: killing process, pid: 46296
[2026/09/25 14:42:04:3102] N: process killed with signal 1, pid: 46296
[2026/09/25 14:42:04:6288] N: WS closed from (unix skt), clients: 7
[2026/09/25 14:42:04:6289] N: killing process, pid: 46294
[2026/09/25 14:42:04:8579] N: WS closed from (unix skt), clients: 6
[2026/09/25 14:42:04:8580] N: killing process, pid: 46299
[2026/09/25 14:42:05:0384] N: WS closed from (unix skt), clients: 5
[2026/09/25 14:42:05:0385] N: killing process, pid: 46305
[2026/09/25 14:42:05:0401] N: process killed with signal 1, pid: 46305
[2026/09/25 14:42:05:0809] N: process killed with signal 0, pid: 46294
[2026/09/25 14:42:05:1290] N: WS closed from (unix skt), clients: 4
[2026/09/25 14:42:05:1291] N: killing process, pid: 46295
[2026/09/25 14:42:05:1583] N: process killed with signal 0, pid: 46295
[2026/09/25 14:42:05:3120] N: process killed with signal 0, pid: 46299
[2026/09/25 14:42:05:3538] N: WS closed from (unix skt), clients: 3
[2026/09/25 14:42:05:3538] N: killing process, pid: 46298
[2026/09/25 14:42:05:3539] N: WS closed from (unix skt), clients: 2
[2026/09/25 14:42:05:3540] N: killing process, pid: 46309
[2026/09/25 14:42:05:3549] N: process killed with signal 0, pid: 46298
[2026/09/25 14:42:05:3549] N: process killed with signal 0, pid: 46309
[2026/09/25 14:42:05:3604] N: WS closed from (unix skt), clients: 1
[2026/09/25 14:42:05:3604] N: killing process, pid: 46300
[2026/09/25 14:42:05:3615] N: process killed with signal 0, pid: 46300
[2026/09/25 14:42:05:7426] N: WS closed from (unix skt), clients: 0
[2026/09/25 14:42:05:7427] N: killing process, pid: 46301
[2026/09/25 14:42:05:7438] N: process killed with signal 0, pid: 46301
[2026/09/25 14:42:05:8218] N: WS   /ws - (unix skt), clients: 1
[2026/09/25 14:42:05:8220] N: WS   /ws - (unix skt), clients: 2
[2026/09/25 14:42:05:8220] N: WS   /ws - (unix skt), clients: 3
[2026/09/25 14:42:05:8221] N: WS   /ws - (unix skt), clients: 4
[2026/09/25 14:42:05:8222] N: WS   /ws - (unix skt), clients: 5
[2026/09/25 14:42:05:8222] N: WS   /ws - (unix skt), clients: 6
[2026/09/25 14:42:05:8223] N: WS   /ws - (unix skt), clients: 7
[2026/09/25 14:42:05:8224] N: WS   /ws - (unix skt), clients: 8
[2026/09/25 14:42:05:8224] N: WS   /ws - (unix skt), clients: 9
[2026/09/25 14:42:05:8225] N: WS   /ws - (unix skt), clients: 10
[2026/09/25 14:42:05:8250] N: started process, pid: 47017
[2026/09/25 14:42:05:8283] N: started process, pid: 47018
[2026/09/25 14:42:05:8317] N: started process, pid: 47019
[2026/09/25 14:42:05:8344] N: started process, pid: 47021
[2026/09/25 14:42:05:8385] N: started process, pid: 47022
[2026/09/25 14:42:05:8421] N: started process, pid: 47024
[2026/09/25 14:42:05:8464] N: started process, pid: 47025
[2026/09/25 14:42:05:8486] N: started process, pid: 47027
[2026/09/25 14:42:05:8504] N: started process, pid: 47028
[2026/09/25 14:42:05:8521] N: started process, pid: 47029
[2026/09/25 14:42:06:3235] N: WS closed from (unix skt), clients: 9
[2026/09/25 14:42:06:3236] N: killing process, pid: 47017
[2026/09/25 14:42:06:3243] N: process killed with signal 1, pid: 47017
[2026/09/25 14:42:06:8812] N: WS closed from (unix skt), clients: 8
[2026/09/25 14:42:06:8813] N: killing process, pid: 47028
[2026/09/25 14:42:06:8819] N: process killed with signal 1, pid: 47028
[2026/09/25 14:42:07:0111] N: WS closed from (unix skt), clients: 7
[2026/09/25 14:42:07:0111] N: killing process, pid: 47019
[2026/09/25 14:42:07:0116] N: process killed with signal 1, pid: 47019
[2026/09/25 14:42:07:0821] N: WS closed from (unix skt), clients: 6
[2026/09/25 14:42:07:0821] N: killing process, pid: 47021
[2026/09/25 14:42:07:0822] N: WS closed from (unix skt), clients: 5
[2026/09/25 14:42:07:0822] N: killing process, pid: 47024
[2026/09/25 14:42:07:3629] N: process killed with signal 0, pid: 47024
[2026/09/25 14:42:07:7057] N: process killed with signal 0, pid: 47021
[2026/09/25 14:42:07:8175] N: WS closed from (unix skt), clients: 4
[2026/09/25 14:42:07:8176] N: killing process, pid: 47025
[2026/09/25 14:42:07:8226] N: WS closed from (unix skt), clients: 3
[2026/09/25 14:42:07:8226] N: killing process, pid: 47022
[2026/09/25 14:42:07:8227] N: WS closed from (unix skt), clients: 2
[2026/09/25 14:42:07:8227] N: killing process, pid: 47029
[2026/09/25 14:42:07:8234] N: process killed with signal 1, pid: 47029
[2026/09/25 14:42:07:8238] N: process killed with signal 1, pid: 47022
[2026/09/25 14:42:07:8730] N: process killed with signal 0, pid: 47025
[2026/09/25 14:42:07:8902] N: WS closed from (unix skt), clients: 1
[2026/09/25 14:42:07:8902] N: killing process, pid: 47018
[2026/09/25 14:42:07:9061] N: process killed with signal 0, pid: 47018
[2026/09/25 14:42:08:0280] N: WS closed from (unix skt), clients: 0
[2026/09/25 14:42:08:0280] N: killing process, pid: 47027
[2026/09/25 14:42:08:0471] N: process killed with signal 0, pid: 47027
[2026/09/25 14:42:08:0790] N: WS   /ws - (unix skt), clients: 1
[2026/09/25 14:42:08:0791] N: WS   /ws - (unix skt), clients: 2
[2026/09/25 14:42:08:0791] N: WS   /ws - (unix skt), clients: 3
[2026/09/25 14:42:08:0791] N: WS   /ws - (unix skt), clients: 4
[2026/09/25 14:42:08:0791] N: WS   /ws - (unix skt), clients: 5
[2026/09/25 14:42:08:0791] N: WS   /ws - (unix skt), clients: 6
[2026/09/25 14:42:08:0791] N: WS   /ws - (unix skt), clients: 7
[2026/09/25 14:42:08:0810] N: started process, pid: 47399
[2026/09/25 14:42:08:0829] N: started process, pid: 47401
[2026/09/25 14:42:08:0830] N: WS   /ws - (unix skt), clients: 8
[2026/09/25 14:42:08:0830] N: WS   /ws - (unix skt), clients: 9
[2026/09/25 14:42:08:0830] N: WS   /ws - (unix skt), clients: 10
[2026/09/25 14:42:08:0836] N: started process, pid: 47402
[2026/09/25 14:42:08:0844] N: started process, pid: 47403
[2026/09/25 14:42:08:0867] N: started process, pid: 47404
[2026/09/25 14:42:08:0879] N: started process, pid: 47409
[2026/09/25 14:42:08:0891] N: started process, pid: 47410
[2026/09/25 14:42:08:0910] N: started process, pid: 47418
[2026/09/25 14:42:08:0980] N: started process, pid: 47429
[2026/09/25 14:42:08:1803] N: started process, pid: 47436
[2026/09/25 14:42:09:1204] N: WS closed from (unix skt), clients: 9
[2026/09/25 14:42:09:1205] N: killing process, pid: 47402
[2026/09/25 14:42:09:1634] N: process killed with signal 0, pid: 47402
[2026/09/25 14:42:09:2624] N: WS closed from (unix skt), clients: 8
[2026/09/25 14:42:09:2625] N: killing process, pid: 47429
[2026/09/25 14:42:09:2634] N: process killed with signal 1, pid: 47429
[2026/09/25 14:42:09:4642] N: WS closed from (unix skt), clients: 7
[2026/09/25 14:42:09:4643] N: killing process, pid: 47399
[2026/09/25 14:42:09:4643] N: WS closed from (unix skt), clients: 6
[2026/09/25 14:42:09:4643] N: killing process, pid: 47409
[2026/09/25 14:42:09:6160] N: WS closed from (unix skt), clients: 5
[2026/09/25 14:42:09:6161] N: killing process, pid: 47401
[2026/09/25 14:42:09:6843] N: WS closed from (unix skt), clients: 4
[2026/09/25 14:42:09:6844] N: killing process, pid: 47403
[2026/09/25 14:42:09:6848] N: process killed with signal 1, pid: 47403
[2026/09/25 14:42:09:6864] N: process killed with signal 0, pid: 47399
[2026/09/25 14:42:09:6893] N: process killed with signal 0, pid: 47401
[2026/09/25 14:42:09:6911] N: process killed with signal 0, pid: 47409
[2026/09/25 14:42:09:8900] N: WS closed from (unix skt), clients: 3
[2026/09/25 14:42:09:8901] N: killing process, pid: 47410
[2026/09/25 14:42:09:9449] N: process killed with signal 0, pid: 47410
[2026/09/25 14:42:09:9655] N: WS closed from (unix skt), clients: 2
[2026/09/25 14:42:09:9656] N: killing process, pid: 47418
[2026/09/25 14:42:09:9681] N: process killed with signal 0, pid: 47418
[2026/09/25 14:42:10:1377] N: WS closed from (unix skt), clients: 1
[2026/09/25 14:42:10:1378] N: killing process, pid: 47404
[2026/09/25 14:42:10:1378] N: WS closed from (unix skt), clients: 0
[2026/09/25 14:42:10:1378] N: killing process, pid: 47436
[2026/09/25 14:42:10:1491] N: process killed with signal 0, pid: 47404
[2026/09/25 14:42:10:1492] N: process killed with signal 0, pid: 47436
[2026/09/25 14:42:10:1664] N: WS   /ws - (unix skt), clients: 1
[2026/09/25 14:42:10:1664] N: WS   /ws - (unix skt), clients: 2
[2026/09/25 14:42:10:1665] N: WS   /ws - (unix skt), clients: 3
[2026/09/25 14:42:10:1665] N: WS   /ws - (unix skt), clients: 4
[2026/09/25 14:42:10:1665] N: WS   /ws - (unix skt), clients: 5
[2026/09/25 14:42:10:1665] N: WS   /ws - (unix skt), clients: 6
[2026/09/25 14:42:10:1665] N: WS   /ws - (unix skt), clients: 7
[2026/09/25 14:42:10:1666] N: WS   /ws - (unix skt), clients: 8
[2026/09/25 14:42:10:1666] N: WS   /ws - (unix skt), clients: 9
[2026/09/25 14:42:10:1666] N: WS   /ws - (unix skt), clients: 10
[2026/09/25 14:42:10:1700] N: started process, pid: 47722
[2026/09/25 14:42:10:1715] N: started process, pid: 47723
[2026/09/25 14:42:10:1729] N: started process, pid: 47724
[2026/09/25 14:42:10:1736] N: started process, pid: 47725
[2026/09/25 14:42:10:1745] N: started process, pid: 47727
[2026/09/25 14:42:10:1751] N: started process, pid: 47728
[2026/09/25 14:42:10:1763] N: started process, pid: 47729
[2026/09/25 14:42:10:1784] N: started process, pid: 47732
[2026/09/25 14:42:10:1795] N: started process, pid: 47736
[2026/09/25 14:42:10:1819] N: started process, pid: 47741
[2026/09/25 14:42:10:4222] N: WS closed from (unix skt), clients: 9
[2026/09/25 14:42:10:4222] N: killing process, pid: 47725
[2026/09/25 14:42:10:4227] N: process killed with signal 1, pid: 47725
[2026/09/25 14:42:10:6278] N: WS closed from (unix skt), clients: 8
[2026/09/25 14:42:10:6279] N: killing process, pid: 47736
[2026/09/25 14:42:10:6284] N: process killed with signal 1, pid: 47736
[2026/09/25 14:42:11:1877] N: WS closed from (unix skt), clients: 7
[2026/09/25 14:42:11:1878] N: killing process, pid: 47729
[2026/09/25 14:42:11:2956] N: WS closed from (unix skt), clients: 6
[2026/09/25 14:42:11:2956] N: killing process, pid: 47723
[2026/09/25 14:42:11:3996] N: process killed with signal 0, pid: 47729
[2026/09/25 14:42:11:5966] N: WS closed from (unix skt), clients: 5
[2026/09/25 14:42:11:5967] N: killing process, pid: 47728
[2026/09/25 14:42:11:6021] N: process killed with signal 0, pid: 47723
[2026/09/25 14:42:11:6113] N: process killed with signal 0, pid: 47728
[2026/09/25 14:42:11:7531] N: WS closed from (unix skt), clients: 4
[2026/09/25 14:42:11:7534] N: killing process, pid: 47722
[2026/09/25 14:42:11:7639] N: process killed with signal 0, pid: 47722
[2026/09/25 14:42:12:1707] N: WS closed from (unix skt), clients: 3
[2026/09/25 14:42:12:1707] N: killing process, pid: 47727
[2026/09/25 14:42:12:1707] N: WS closed from (unix skt), clients: 2
[2026/09/25 14:42:12:1708] N: killing process, pid: 47741
[2026/09/25 14:42:12:1731] N: process killed with signal 0, pid: 47727
[2026/09/25 14:42:12:1742] N: process killed with signal 0, pid: 47741
[2026/09/25 14:42:12:2506] N: WS closed from (unix skt), clients: 1
[2026/09/25 14:42:12:2508] N: killing process, pid: 47724
[2026/09/25 14:42:12:2524] N: process killed with signal 0, pid: 47724
[2026/09/25 14:42:12:2532] N: WS closed from (unix skt), clients: 0
[2026/09/25 14:42:12:2532] N: killing process, pid: 47732
[2026/09/25 14:42:12:2559] N: process killed with signal 0, pid: 47732
[2026/09/25 14:42:12:2977] N: WS   /ws - (unix skt), clients: 1
[2026/09/25 14:42:12:2978] N: WS   /ws - (unix skt), clients: 2
[2026/09/25 14:42:12:2978] N: WS   /ws - (unix skt), clients: 3
[2026/09/25 14:42:12:2978] N: WS   /ws - (unix skt), clients: 4
[2026/09/25 14:42:12:2978] N: WS   /ws - (unix skt), clients: 5
[2026/09/25 14:42:12:2978] N: WS   /ws - (unix skt), clients: 6
[2026/09/25 14:42:12:2978] N: WS   /ws - (unix skt), clients: 7
[2026/09/25 14:42:12:2978] N: WS   /ws - (unix skt), clients: 8
[2026/09/25 14:42:12:2979] N: WS   /ws - (unix skt), clients: 9
[2026/09/25 14:42:12:2979] N: WS   /ws - (unix skt), clients: 10
[2026/09/25 14:42:12:2998] N: started process, pid: 48011
[2026/09/25 14:42:12:3021] N: started process, pid: 48012
[2026/09/25 14:42:12:3039] N: started process, pid: 48013
[2026/09/25 14:42:12:3060] N: started process, pid: 48014
[2026/09/25 14:42:12:3078] N: started process, pid: 48015
[2026/09/25 14:42:12:3099] N: started process, pid: 48016
[2026/09/25 14:42:12:3107] N: started process, pid: 48017
[2026/09/25 14:42:12:3114] N: started process, pid: 48018
[2026/09/25 14:42:12:3131] N: started process, pid: 48019
[2026/09/25 14:42:12:3141] N: started process, pid: 48021
[2026/09/25 14:42:13:3587] N: WS closed from (unix skt), clients: 9
[2026/09/25 14:42:13:3589] N: killing process, pid: 48011
[2026/09/25 14:42:13:3590] N: WS closed from (unix skt), clients: 8
[2026/09/25 14:42:13:3590] N: killing process, pid: 48017
[2026/09/25 14:42:13:3591] N: WS closed from (unix skt), clients: 7
[2026/09/25 14:42:13:3591] N: killing process, pid: 48013
[2026/09/25 14:42:13:3591] N: WS closed from (unix skt), clients: 6
[2026/09/25 14:42:13:3592] N: killing process, pid: 48016
[2026/09/25 14:42:13:4376] N: process killed with signal 0, pid: 48011
[2026/09/25 14:42:13:4381] N: WS closed from (unix skt), clients: 5
[2026/09/25 14:42:13:4381] N: killing process, pid: 48014
[2026/09/25 14:42:13:4385] N: process killed with signal 1, pid: 48014
[2026/09/25 14:42:13:5527] N: process killed with signal 0, pid: 48013
[2026/09/25 14:42:13:5536] N: process killed with signal 0, pid: 48017
[2026/09/25 14:42:13:5544] N: process killed with signal 0, pid: 48016
[2026/09/25 14:42:13:5593] N: WS closed from (unix skt), clients: 4
[2026/09/25 14:42:13:5594] N: killing process, pid: 48019
[2026/09/25 14:42:13:5600] N: process killed with signal 1, pid: 48019
[2026/09/25 14:42:13:8606] N: WS closed from (unix skt), clients: 3
[2026/09/25 14:42:13:8607] N: killing process, pid: 48012
[2026/09/25 14:42:13:8622] N: process killed with signal 0, pid: 48012
[2026/09/25 14:42:14:2631] N: WS closed from (unix skt), clients: 2
[2026/09/25 14:42:14:2632] N: killing process, pid: 48018
[2026/09/25 14:42:14:2640] N: process killed with signal 0, pid: 48018
[2026/09/25 14:42:14:3062] N: WS closed from (unix skt), clients: 1
[2026/09/25 14:42:14:3064] N: killing process, pid: 48015
[2026/09/25 14:42:14:3067] N: WS closed from (unix skt), clients: 0
[2026/09/25 14:42:14:3067] N: killing process, pid: 48021
[2026/09/25 14:42:14:3137] N: process killed with signal 0, pid: 48015
[2026/09/25 14:42:14:3138] N: process killed with signal 0, pid: 48021
[2026/09/25 14:42:14:3485] N: WS   /ws - (unix skt), clients: 1
[2026/09/25 14:42:14:3486] N: WS   /ws - (unix skt), clients: 2
[2026/09/25 14:42:14:3487] N: WS   /ws - (unix skt), clients: 3
[2026/09/25 14:42:14:3487] N: WS   /ws - (unix skt), clients: 4
[2026/09/25 14:42:14:3487] N: WS   /ws - (unix skt), clients: 5
[2026/09/25 14:42:14:3488] N: WS   /ws - (unix skt), clients: 6
[2026/09/25 14:42:14:3488] N: WS   /ws - (unix skt), clients: 7
[2026/09/25 14:42:14:3488] N: WS   /ws - (unix skt), clients: 8
[2026/09/25 14:42:14:3489] N: WS   /ws - (unix skt), clients: 9
[2026/09/25 14:42:14:3489] N: WS   /ws - (unix skt), clients: 10
[2026/09/25 14:42:14:3509] N: started process, pid: 48307
[2026/09/25 14:42:14:3528] N: started process, pid: 48308
[2026/09/25 14:42:14:3547] N: started process, pid: 48309
[2026/09/25 14:42:14:3580] N: started process, pid: 48310
[2026/09/25 14:42:14:3600] N: started process, pid: 48312
[2026/09/25 14:42:14:3624] N: started process, pid: 48313
[2026/09/25 14:42:14:3643] N: started process, pid: 48314
[2026/09/25 14:42:14:3661] N: started process, pid: 48315
[2026/09/25 14:42:14:3685] N: started process, pid: 48317
[2026/09/25 14:42:14:3704] N: started process, pid: 48318
[2026/09/25 14:42:14:9115] N: WS closed from (unix skt), clients: 9
[2026/09/25 14:42:14:9116] N: killing process, pid: 48308
[2026/09/25 14:42:15:2658] N: WS closed from (unix skt), clients: 8
[2026/09/25 14:42:15:2659] N: killing process, pid: 48310
[2026/09/25 14:42:15:2669] N: process killed with signal 1, pid: 48310
[2026/09/25 14:42:15:3589] N: WS closed from (unix skt), clients: 7
[2026/09/25 14:42:15:3590] N: killing process, pid: 48313
[2026/09/25 14:42:15:4364] N: WS closed from (unix skt), clients: 6
[2026/09/25 14:42:15:4364] N: killing process, pid: 48317
[2026/09/25 14:42:15:4369] N: process killed with signal 1, pid: 48317
[2026/09/25 14:42:15:7581] N: process killed with signal 0, pid: 48308
[2026/09/25 14:42:15:8007] N: WS closed from (unix skt), clients: 5
[2026/09/25 14:42:15:8008] N: killing process, pid: 48314
[2026/09/25 14:42:15:9446] N: process killed with signal 0, pid: 48313
[2026/09/25 14:42:16:0049] N: process killed with signal 0, pid: 48314
[2026/09/25 14:42:16:1447] N: WS closed from (unix skt), clients: 4
[2026/09/25 14:42:16:1448] N: killing process, pid: 48307
[2026/09/25 14:42:16:1682] N: process killed with signal 0, pid: 48307
[2026/09/25 14:42:16:3506] N: WS closed from (unix skt), clients: 3
[2026/09/25 14:42:16:3506] N: killing process, pid: 48312
[2026/09/25 14:42:16:3506] N: WS closed from (unix skt), clients: 2
[2026/09/25 14:42:16:3506] N: killing process, pid: 48318
[2026/09/25 14:42:16:3534] N: process killed with signal 0, pid: 48318
[2026/09/25 14:42:16:3535] N: process killed with signal 0, pid: 48312
[2026/09/25 14:42:16:4312] N: WS closed from (unix skt), clients: 1
[2026/09/25 14:42:16:4313] N: killing process, pid: 48315
[2026/09/25 14:42:16:4350] N: process killed with signal 0, pid: 48315
[2026/09/25 14:42:16:6855] N: WS closed from (unix skt), clients: 0
[2026/09/25 14:42:16:6856] N: killing process, pid: 48309
[2026/09/25 14:42:16:6872] N: process killed with signal 0, pid: 48309
[2026/09/25 14:42:16:7326] N: WS   /ws - (unix skt), clients: 1
[2026/09/25 14:42:16:7326] N: WS   /ws - (unix skt), clients: 2
[2026/09/25 14:42:16:7327] N: WS   /ws - (unix skt), clients: 3
[2026/09/25 14:42:16:7327] N: WS   /ws - (unix skt), clients: 4
[2026/09/25 14:42:16:7328] N: WS   /ws - (unix skt), clients: 5
[2026/09/25 14:42:16:7328] N: WS   /ws - (unix skt), clients: 6
[2026/09/25 14:42:16:7328] N: WS   /ws - (unix skt), clients: 7
[2026/09/25 14:42:16:7328] N: WS   /ws - (unix skt), clients: 8
[2026/09/25 14:42:16:7329] N: WS   /ws - (unix skt), clients: 9
[2026/09/25 14:42:16:7329] N: WS   /ws - (unix skt), clients: 10
[2026/09/25 14:42:16:7350] N: started process, pid: 48734
[2026/09/25 14:42:16:7370] N: started process, pid: 48735
[2026/09/25 14:42:16:7390] N: started process, pid: 48736
[2026/09/25 14:42:16:7411] N: started process, pid: 48737
[2026/09/25 14:42:16:7430] N: started process, pid: 48738
[2026/09/25 14:42:16:7448] N: started process, pid: 48739
[2026/09/25 14:42:16:7466] N: started process, pid: 48740
[2026/09/25 14:42:16:7489] N: started process, pid: 48742
[2026/09/25 14:42:16:7512] N: started process, pid: 48743
[2026/09/25 14:42:16:7537] N: started process, pid: 48745
[2026/09/25 14:42:17:4785] N: WS closed from (unix skt), clients: 9
[2026/09/25 14:42:17:4786] N: killing process, pid: 48736
[2026/09/25 14:42:17:4791] N: process killed with signal 1, pid: 48736
[2026/09/25 14:42:17:4950] N: WS closed from (unix skt), clients: 8
[2026/09/25 14:42:17:4950] N: killing process, pid: 48739
[2026/09/25 14:42:17:4957] N: process killed with signal 1, pid: 48739
[2026/09/25 14:42:17:7483] N: WS closed from (unix skt), clients: 7
[2026/09/25 14:42:17:7484] N: killing process, pid: 48735
[2026/09/25 14:42:17:8706] N: WS closed from (unix skt), clients: 6
[2026/09/25 14:42:17:8707] N: killing process, pid: 48743
[2026/09/25 14:42:17:8712] N: process killed with signal 1, pid: 48743
[2026/09/25 14:42:17:8741] N: process killed with signal 0, pid: 48735
[2026/09/25 14:42:18:2627] N: WS closed from (unix skt), clients: 5
[2026/09/25 14:42:18:2628] N: killing process, pid: 48734
[2026/09/25 14:42:18:2629] N: WS closed from (unix skt), clients: 4
[2026/09/25 14:42:18:2629] N: killing process, pid: 48738
[2026/09/25 14:42:18:2651] N: process killed with signal 0, pid: 48734
[2026/09/25 14:42:18:2660] N: process killed with signal 0, pid: 48738
[2026/09/25 14:42:18:3690] N: WS closed from (unix skt), clients: 3
[2026/09/25 14:42:18:3691] N: killing process, pid: 48740
[2026/09/25 14:42:18:3703] N: process killed with signal 0, pid: 48740
[2026/09/25 14:42:18:4259] N: WS closed from (unix skt), clients: 2
[2026/09/25 14:42:18:4260] N: killing process, pid: 48742
[2026/09/25 14:42:18:4421] N: process killed with signal 0, pid: 48742
[2026/09/25 14:42:18:7345] N: WS closed from (unix skt), clients: 1
[2026/09/25 14:42:18:7346] N: killing process, pid: 48737
[2026/09/25 14:42:18:7347] N: WS closed from (unix skt), clients: 0
[2026/09/25 14:42:18:7347] N: killing process, pid: 48745
[2026/09/25 14:42:18:7370] N: process killed with signal 0, pid: 48737
[2026/09/25 14:42:18:7371] N: process killed with signal 0, pid: 48745
[2026/09/25 14:42:18:9301] N: WS   /ws - (unix skt), clients: 1
[2026/09/25 14:42:18:9302] N: WS   /ws - (unix skt), clients: 2
[2026/09/25 14:42:18:9303] N: WS   /ws - (unix skt), clients: 3
[2026/09/25 14:42:18:9303] N: WS   /ws - (unix skt), clients: 4
[2026/09/25 14:42:18:9304] N: WS   /ws - (unix skt), clients: 5
[2026/09/25 14:42:18:9304] N: WS   /ws - (unix skt), clients: 6
[2026/09/25 14:42:18:9304] N: WS   /ws - (unix skt), clients: 7
[2026/09/25 14:42:18:9305] N: WS   /ws - (unix skt), clients: 8
[2026/09/25 14:42:18:9305] N: WS   /ws - (unix skt), clients: 9
[2026/09/25 14:42:18:9305] N: WS   /ws - (unix skt), clients: 10
[2026/09/25 14:42:18:9372] N: started process, pid: 49060
[2026/09/25 14:42:18:9416] N: started process, pid: 49061
[2026/09/25 14:42:18:9465] N: started process, pid: 49062
[2026/09/25 14:42:18:9483] N: started process, pid: 49063
[2026/09/25 14:42:18:9501] N: started process, pid: 49064
[2026/09/25 14:42:18:9514] N: started process, pid: 49065
[2026/09/25 14:42:18:9530] N: started process, pid: 49066
[2026/09/25 14:42:18:9552] N: started process, pid: 49075
[2026/09/25 14:42:18:9580] N: started process, pid: 49084
[2026/09/25 14:42:18:9601] N: started process, pid: 49091
[2026/09/25 14:42:19:5043] N: WS closed from (unix skt), clients: 9
[2026/09/25 14:42:19:5044] N: killing process, pid: 49060
[2026/09/25 14:42:20:0791] N: process killed with signal 0, pid: 49060
[2026/09/25 14:42:20:2245] N: WS closed from (unix skt), clients: 8
[2026/09/25 14:42:20:2246] N: killing process, pid: 49084
[2026/09/25 14:42:20:2251] N: process killed with signal 1, pid: 49084
[2026/09/25 14:42:20:2993] N: WS closed from (unix skt), clients: 7
[2026/09/25 14:42:20:2994] N: killing process, pid: 49063
[2026/09/25 14:42:20:3003] N: process killed with signal 1, pid: 49063
[2026/09/25 14:42:20:4274] N: WS closed from (unix skt), clients: 6
[2026/09/25 14:42:20:4275] N: killing process, pid: 49066
[2026/09/25 14:42:20:4277] N: WS closed from (unix skt), clients: 5
[2026/09/25 14:42:20:4277] N: killing process, pid: 49065
[2026/09/25 14:42:20:5525] N: process killed with signal 0, pid: 49066
[2026/09/25 14:42:20:5691] N: process killed with signal 0, pid: 49065
[2026/09/25 14:42:20:5706] N: WS closed from (unix skt), clients: 4
[2026/09/25 14:42:20:5707] N: killing process, pid: 49061
[2026/09/25 14:42:20:5756] N: process killed with signal 0, pid: 49061
[2026/09/25 14:42:20:7839] N: WS closed from (unix skt), clients: 3
[2026/09/25 14:42:20:7840] N: killing process, pid: 49062
[2026/09/25 14:42:20:7921] N: process killed with signal 0, pid: 49062
[2026/09/25 14:42:20:9276] N: WS closed from (unix skt), clients: 2
[2026/09/25 14:42:20:9277] N: killing process, pid: 49075
[2026/09/25 14:42:20:9284] N: process killed with signal 0, pid: 49075
[2026/09/25 14:42:20:9313] N: WS closed from (unix skt), clients: 1
[2026/09/25 14:42:20:9313] N: killing process, pid: 49064
[2026/09/25 14:42:20:9320] N: process killed with signal 0, pid: 49064
[2026/09/25 14:42:20:9327] N: WS closed from (unix skt), clients: 0
[2026/09/25 14:42:20:9327] N: killing process, pid: 49091
[2026/09/25 14:42:20:9335] N: process killed with signal 0, pid: 49091
[2026/09/25 14:42:20:9410] N: WS   /ws - (unix skt), clients: 1
[2026/09/25 14:42:20:9410] N: WS   /ws - (unix skt), clients: 2
[2026/09/25 14:42:20:9410] N: WS   /ws - (unix skt), clients: 3
[2026/09/25 14:42:20:9410] N: WS   /ws - (unix skt), clients: 4
[2026/09/25 14:42:20:9410] N: WS   /ws - (unix skt), clients: 5
[2026/09/25 14:42:20:9411] N: WS   /ws - (unix skt), clients: 6
[2026/09/25 14:42:20:9411] N: WS   /ws - (unix skt), clients: 7
[2026/09/25 14:42:20:9411] N: WS   /ws - (unix skt), clients: 8
[2026/09/25 14:42:20:9411] N: WS   /ws - (unix skt), clients: 9
[2026/09/25 14:42:20:9411] N: WS   /ws - (unix skt), clients: 10
[2026/09/25 14:42:20:9420] N: started process, pid: 49321
[2026/09/25 14:42:20:9435] N: started process, pid: 49322
[2026/09/25 14:42:20:9439] N: started process, pid: 49324
[2026/09/25 14:42:20:9447] N: started process, pid: 49325
[2026/09/25 14:42:20:9453] N: started process, pid: 49326
[2026/09/25 14:42:20:9463] N: started process, pid: 49328
[2026/09/25 14:42:20:9474] N: started process, pid: 49329
[2026/09/25 14:42:20:9499] N: started process, pid: 49330
[2026/09/25 14:42:20:9543] N: started process, pid: 49331
[2026/09/25 14:42:20:9577] N: started process, pid: 49349
[2026/09/25 14:42:21:5109] N: WS closed from (unix skt), clients: 9
[2026/09/25 14:42:21:5110] N: killing process, pid: 49325
[2026/09/25 14:42:21:5214] N: process killed with signal 1, pid: 49325
[2026/09/25 14:42:21:6412] N: WS closed from (unix skt), clients: 8
[2026/09/25 14:42:21:6412] N: killing process, pid: 49331
[2026/09/25 14:42:21:6425] N: process killed with signal 1, pid: 49331
[2026/09/25 14:42:21:6633] N: WS closed from (unix skt), clients: 7
[2026/09/25 14:42:21:6633] N: killing process, pid: 49329
[2026/09/25 14:42:21:6635] N: WS closed from (unix skt), clients: 6
[2026/09/25 14:42:21:6635] N: killing process, pid: 49328
[2026/09/25 14:42:21:6810] N: process killed with signal 0, pid: 49328
[2026/09/25 14:42:21:6843] N: process killed with signal 0, pid: 49329
[2026/09/25 14:42:21:7202] N: WS closed from (unix skt), clients: 5
[2026/09/25 14:42:21:7203] N: killing process, pid: 49322
[2026/09/25 14:42:21:7204] N: WS closed from (unix skt), clients: 4
[2026/09/25 14:42:21:7204] N: killing process, pid: 49321
[2026/09/25 14:42:21:7315] N: process killed with signal 0, pid: 49322
[2026/09/25 14:42:21:7325] N: process killed with signal 0, pid: 49321
[2026/09/25 14:42:22:2193] N: WS closed from (unix skt), clients: 3
[2026/09/25 14:42:22:2194] N: killing process, pid: 49330
[2026/09/25 14:42:22:2202] N: process killed with signal 0, pid: 49330
[2026/09/25 14:42:22:3432] N: WS closed from (unix skt), clients: 2
[2026/09/25 14:42:22:3432] N: killing process, pid: 49324
[2026/09/25 14:42:22:3443] N: process killed with signal 0, pid: 49324
[2026/09/25 14:42:22:9429] N: WS closed from (unix skt), clients: 1
[2026/09/25 14:42:22:9430] N: killing process, pid: 49326
[2026/09/25 14:42:22:9430] N: WS closed from (unix skt), clients: 0
[2026/09/25 14:42:22:9430] N: killing process, pid: 49349
[2026/09/25 14:42:22:9437] N: process killed with signal 0, pid: 49326
[2026/09/25 14:42:22:9446] N: process killed with signal 0, pid: 49349
[2026/09/25 14:42:22:9555] N: WS   /ws - (unix skt), clients: 1
[2026/09/25 14:42:22:9556] N: WS   /ws - (unix skt), clients: 2
[2026/09/25 14:42:22:9556] N: WS   /ws - (unix skt), clients: 3
[2026/09/25 14:42:22:9556] N: WS   /ws - (unix skt), clients: 4
[2026/09/25 14:42:22:9556] N: WS   /ws - (unix skt), clients: 5
[2026/09/25 14:42:22:9557] N: WS   /ws - (unix skt), clients: 6
[2026/09/25 14:42:22:9557] N: WS   /ws - (unix skt), clients: 7
[2026/09/25 14:42:22:9557] N: WS   /ws - (unix skt), clients: 8
[2026/09/25 14:42:22:9557] N: WS   /ws - (unix skt), clients: 9
[2026/09/25 14:42:22:9557] N: WS   /ws - (unix skt), clients: 10
[2026/09/25 14:42:22:9566] N: started process, pid: 49683
[2026/09/25 14:42:22:9574] N: started process, pid: 49684
[2026/09/25 14:42:22:9581] N: started process, pid: 49685
[2026/09/25 14:42:22:9590] N: started process, pid: 49686
[2026/09/25 14:42:22:9597] N: started process, pid: 49687
[2026/09/25 14:42:22:9601] N: started process, pid: 49688
[2026/09/25 14:42:22:9608] N: started process, pid: 49689
[2026/09/25 14:42:22:9617] N: started process, pid: 49690
[2026/09/25 14:42:22:9644] N: started process, pid: 49692
[2026/09/25 14:42:22:9659] N: started process, pid: 49702
[2026/09/25 14:42:23:2852] N: WS closed from (unix skt), clients: 9
[2026/09/25 14:42:23:2853] N: killing process, pid: 49685
[2026/09/25 14:42:23:2872] N: process killed with signal 1, pid: 49685
[2026/09/25 14:42:23:3695] N: WS closed from (unix skt), clients: 8
[2026/09/25 14:42:23:3695] N: killing process, pid: 49692
[2026/09/25 14:42:23:3717] N: process killed with signal 1, pid: 49692
[2026/09/25 14:42:23:4151] N: WS closed from (unix skt), clients: 7
[2026/09/25 14:42:23:4153] N: killing process, pid: 49683
[2026/09/25 14:42:23:4185] N: process killed with signal 0, pid: 49683
[2026/09/25 14:42:23:4532] N: WS closed from (unix skt), clients: 6
[2026/09/25 14:42:23:4532] N: killing process, pid: 49688
[2026/09/25 14:42:23:4540] N: process killed with signal 0, pid: 49688
[2026/09/25 14:42:23:5115] N: WS closed from (unix skt), clients: 5
[2026/09/25 14:42:23:5115] N: killing process, pid: 49687
[2026/09/25 14:42:23:5123] N: process killed with signal 0, pid: 49687
[2026/09/25 14:42:23:5652] N: WS closed from (unix skt), clients: 4
[2026/09/25 14:42:23:5652] N: killing process, pid: 49689
[2026/09/25 14:42:23:5661] N: process killed with signal 0, pid: 49689
[2026/09/25 14:42:23:9168] N: WS closed from (unix skt), clients: 3
[2026/09/25 14:42:23:9168] N: killing process, pid: 49684
[2026/09/25 14:42:23:9176] N: process killed with signal 0, pid: 49684
[2026/09/25 14:42:23:9545] N: WS closed from (unix skt), clients: 2
[2026/09/25 14:42:23:9545] N: killing process, pid: 49690
[2026/09/25 14:42:23:9552] N: process killed with signal 0, pid: 49690
[2026/09/25 14:42:24:9577] N: WS closed from (unix skt), clients: 1
[2026/09/25 14:42:24:9577] N: killing process, pid: 49686
[2026/09/25 14:42:24:9578] N: WS closed from (unix skt), clients: 0
[2026/09/25 14:42:24:9578] N: killing process, pid: 49702
[2026/09/25 14:42:24:9584] N: process killed with signal 0, pid: 49686
[2026/09/25 14:42:24:9590] N: process killed with signal 0, pid: 49702
[2026/09/25 14:42:24:9687] N: WS   /ws - (unix skt), clients: 1
[2026/09/25 14:42:24:9688] N: WS   /ws - (unix skt), clients: 2
[2026/09/25 14:42:24:9688] N: WS   /ws - (unix skt), clients: 3
[2026/09/25 14:42:24:9688] N: WS   /ws - (unix skt), clients: 4
[2026/09/25 14:42:24:9688] N: WS   /ws - (unix skt), clients: 5
[2026/09/25 14:42:24:9688] N: WS   /ws - (unix skt), clients: 6
[2026/09/25 14:42:24:9689] N: WS   /ws - (unix skt), clients: 7
[2026/09/25 14:42:24:9689] N: WS   /ws - (unix skt), clients: 8
[2026/09/25 14:42:24:9689] N: WS   /ws - (unix skt), clients: 9
[2026/09/25 14:42:24:9689] N: WS   /ws - (unix skt), clients: 10
[2026/09/25 14:42:24:9697] N: started process, pid: 49941
[2026/09/25 14:42:24:9702] N: started process, pid: 49942
[2026/09/25 14:42:24:9705] N: started process, pid: 49943
[2026/09/25 14:42:24:9710] N: started process, pid: 49944
[2026/09/25 14:42:24:9716] N: started process, pid: 49945
[2026/09/25 14:42:24:9721] N: started process, pid: 49946
[2026/09/25 14:42:24:9727] N: started process, pid: 49947
[2026/09/25 14:42:24:9732] N: started process, pid: 49948
[2026/09/25 14:42:24:9747] N: started process, pid: 49953
[2026/09/25 14:42:24:9766] N: started process, pid: 49962
[2026/09/25 14:42:25:1561] N: WS closed from (unix skt), clients: 9
[2026/09/25 14:42:25:1562] N: killing process, pid: 49944
[2026/09/25 14:42:25:1566] N: process killed with signal 1, pid: 49944
[2026/09/25 14:42:25:2103] N: WS closed from (unix skt), clients: 8
[2026/09/25 14:42:25:2104] N: killing process, pid: 49948
[2026/09/25 14:42:25:2108] N: process killed with signal 1, pid: 49948
[2026/09/25 14:42:25:2332] N: WS closed from (unix skt), clients: 7
[2026/09/25 14:42:25:2333] N: killing process, pid: 49941
[2026/09/25 14:42:25:2767] N: process killed with signal 0, pid: 49941
[2026/09/25 14:42:25:3315] N: WS closed from (unix skt), clients: 6
[2026/09/25 14:42:25:3316] N: killing process, pid: 49942
[2026/09/25 14:42:25:3321] N: process killed with signal 0, pid: 49942
[2026/09/25 14:42:25:5064] N: WS closed from (unix skt), clients: 5
[2026/09/25 14:42:25:5064] N: killing process, pid: 49962
[2026/09/25 14:42:25:5064] N: WS closed from (unix skt), clients: 4
[2026/09/25 14:42:25:5065] N: killing process, pid: 49946
[2026/09/25 14:42:25:5071] N: process killed with signal 0, pid: 49962
[2026/09/25 14:42:25:5071] N: process killed with signal 0, pid: 49946
[2026/09/25 14:42:25:8336] N: WS closed from (unix skt), clients: 3
[2026/09/25 14:42:25:8337] N: killing process, pid: 49943
[2026/09/25 14:42:25:8343] N: process killed with signal 0, pid: 49943
[2026/09/25 14:42:25:9160] N: WS closed from (unix skt), clients: 2
[2026/09/25 14:42:25:9161] N: killing process, pid: 49947
[2026/09/25 14:42:25:9166] N: process killed with signal 0, pid: 49947
[2026/09/25 14:42:26:9705] N: WS closed from (unix skt), clients: 1
[2026/09/25 14:42:26:9706] N: killing process, pid: 49953
[2026/09/25 14:42:26:9706] N: WS closed from (unix skt), clients: 0
[2026/09/25 14:42:26:9706] N: killing process, pid: 49945
[2026/09/25 14:42:26:9712] N: process killed with signal 0, pid: 49953
[2026/09/25 14:42:26:9716] N: process killed with signal 0, pid: 49945
[2026/09/25 14:42:26:9814] N: WS   /ws - (unix skt), clients: 1
[2026/09/25 14:42:26:9815] N: WS   /ws - (unix skt), clients: 2
[2026/09/25 14:42:26:9815] N: WS   /ws - (unix skt), clients: 3
[2026/09/25 14:42:26:9815] N: WS   /ws - (unix skt), clients: 4
[2026/09/25 14:42:26:9815] N: WS   /ws - (unix skt), clients: 5
[2026/09/25 14:42:26:9815] N: WS   /ws - (unix skt), clients: 6
[2026/09/25 14:42:26:9816] N: WS   /ws - (unix skt), clients: 7
[2026/09/25 14:42:26:9816] N: WS   /ws - (unix skt), clients: 8
[2026/09/25 14:42:26:9816] N: WS   /ws - (unix skt), clients: 9
[2026/09/25 14:42:26:9816] N: WS   /ws - (unix skt), clients: 10
[2026/09/25 14:42:26:9823] N: started process, pid: 50344
[2026/09/25 14:42:26:9827] N: started process, pid: 50345
[2026/09/25 14:42:26:9832] N: started process, pid: 50346
[2026/09/25 14:42:26:9836] N: started process, pid: 50347
[2026/09/25 14:42:26:9844] N: started process, pid: 50348
[2026/09/25 14:42:26:9849] N: started process, pid: 50349
[2026/09/25 14:42:26:9856] N: started process, pid: 50350
[2026/09/25 14:42:26:9869] N: started process, pid: 50351
[2026/09/25 14:42:26:9887] N: started process, pid: 50356
[2026/09/25 14:42:26:9898] N: started process, pid: 50365
[2026/09/25 14:42:27:0519] N: WS closed from (unix skt), clients: 9
[2026/09/25 14:42:27:0519] N: killing process, pid: 50346
[2026/09/25 14:42:27:0523] N: process killed with signal 1, pid: 50346
[2026/09/25 14:42:27:1745] N: WS closed from (unix skt), clients: 8
[2026/09/25 14:42:27:1746] N: killing process, pid: 50356
[2026/09/25 14:42:27:1750] N: process killed with signal 1, pid: 50356
[2026/09/25 14:42:27:3326] N: WS closed from (unix skt), clients: 7
[2026/09/25 14:42:27:3327] N: killing process, pid: 50344
[2026/09/25 14:42:27:3335] N: process killed with signal 0, pid: 50344
[2026/09/25 14:42:27:3755] N: WS closed from (unix skt), clients: 6
[2026/09/25 14:42:27:3756] N: killing process, pid: 50348
[2026/09/25 14:42:27:3762] N: process killed with signal 0, pid: 50348
[2026/09/25 14:42:27:4092] N: WS closed from (unix skt), clients: 5
[2026/09/25 14:42:27:4092] N: killing process, pid: 50350
[2026/09/25 14:42:27:4096] N: process killed with signal 0, pid: 50350
[2026/09/25 14:42:27:4726] N: WS closed from (unix skt), clients: 4
[2026/09/25 14:42:27:4727] N: killing process, pid: 50349
[2026/09/25 14:42:27:4734] N: process killed with signal 0, pid: 50349
[2026/09/25 14:42:27:8335] N: WS closed from (unix skt), clients: 3
[2026/09/25 14:42:27:8336] N: killing process, pid: 50345
[2026/09/25 14:42:27:8343] N: process killed with signal 0, pid: 50345
[2026/09/25 14:42:27:9308] N: WS closed from (unix skt), clients: 2
[2026/09/25 14:42:27:9309] N: killing process, pid: 50351
[2026/09/25 14:42:27:9315] N: process killed with signal 0, pid: 50351
[2026/09/25 14:42:28:9831] N: WS closed from (unix skt), clients: 1
[2026/09/25 14:42:28:9832] N: killing process, pid: 50347
[2026/09/25 14:42:28:9832] N: WS closed from (unix skt), clients: 0
[2026/09/25 14:42:28:9832] N: killing process, pid: 50365
[2026/09/25 14:42:28:9842] N: process killed with signal 0, pid: 50365
[2026/09/25 14:42:28:9843] N: process killed with signal 0, pid: 50347
[2026/09/25 14:42:28:9931] N: WS   /ws - (unix skt), clients: 1
[2026/09/25 14:42:28:9931] N: WS   /ws - (unix skt), clients: 2
[2026/09/25 14:42:28:9931] N: WS   /ws - (unix skt), clients: 3
[2026/09/25 14:42:28:9931] N: WS   /ws - (unix skt), clients: 4
[2026/09/25 14:42:28:9931] N: WS   /ws - (unix skt), clients: 5
[2026/09/25 14:42:28:9931] N: WS   /ws - (unix skt), clients: 6
[2026/09/25 14:42:28:9932] N: WS   /ws - (unix skt), clients: 7
[2026/09/25 14:42:28:9932] N: WS   /ws - (unix skt), clients: 8
[2026/09/25 14:42:28:9932] N: WS   /ws - (unix skt), clients: 9
[2026/09/25 14:42:28:9932] N: WS   /ws - (unix skt), clients: 10
[2026/09/25 14:42:28:9939] N: started process, pid: 50642
[2026/09/25 14:42:28:9945] N: started process, pid: 50643
[2026/09/25 14:42:28:9949] N: started process, pid: 50645
[2026/09/25 14:42:28:9954] N: started process, pid: 50646
[2026/09/25 14:42:28:9961] N: started process, pid: 50647
[2026/09/25 14:42:28:9968] N: started process, pid: 50648
[2026/09/25 14:42:28:9977] N: started process, pid: 50649
[2026/09/25 14:42:28:9991] N: started process, pid: 50652
[2026/09/25 14:42:29:0002] N: started process, pid: 50658
[2026/09/25 14:42:29:0009] N: started process, pid: 50662
[2026/09/25 14:42:29:2239] N: WS closed from (unix skt), clients: 9
[2026/09/25 14:42:29:2239] N: killing process, pid: 50649
[2026/09/25 14:42:29:2244] N: process killed with signal 1, pid: 50649
[2026/09/25 14:42:29:2481] N: WS closed from (unix skt), clients: 8
[2026/09/25 14:42:29:2482] N: killing process, pid: 50645
[2026/09/25 14:42:29:2485] N: process killed with signal 1, pid: 50645
[2026/09/25 14:42:29:2789] N: WS closed from (unix skt), clients: 7
[2026/09/25 14:42:29:2790] N: killing process, pid: 50642
[2026/09/25 14:42:29:2794] N: process killed with signal 0, pid: 50642
[2026/09/25 14:42:29:3034] N: WS closed from (unix skt), clients: 6
[2026/09/25 14:42:29:3035] N: killing process, pid: 50647
[2026/09/25 14:42:29:3040] N: process killed with signal 0, pid: 50647
[2026/09/25 14:42:29:4705] N: WS closed from (unix skt), clients: 5
[2026/09/25 14:42:29:4706] N: killing process, pid: 50658
[2026/09/25 14:42:29:4716] N: process killed with signal 0, pid: 50658
[2026/09/25 14:42:29:4719] N: WS closed from (unix skt), clients: 4
[2026/09/25 14:42:29:4719] N: killing process, pid: 50662
[2026/09/25 14:42:29:4726] N: process killed with signal 0, pid: 50662
[2026/09/25 14:42:29:8635] N: WS closed from (unix skt), clients: 3
[2026/09/25 14:42:29:8636] N: killing process, pid: 50643
[2026/09/25 14:42:29:8648] N: process killed with signal 0, pid: 50643
[2026/09/25 14:42:29:9071] N: WS closed from (unix skt), clients: 2
[2026/09/25 14:42:29:9072] N: killing process, pid: 50648
[2026/09/25 14:42:29:9079] N: process killed with signal 0, pid: 50648
[2026/09/25 14:42:30:9952] N: WS closed from (unix skt), clients: 1
[2026/09/25 14:42:30:9953] N: killing process, pid: 50652
[2026/09/25 14:42:30:9954] N: WS closed from (unix skt), clients: 0
[2026/09/25 14:42:30:9954] N: killing process, pid: 50646
[2026/09/25 14:42:30:9968] N: process killed with signal 0, pid: 50646
[2026/09/25 14:42:30:9969] N: process killed with signal 0, pid: 50652
[2026/09/25 14:42:31:0098] N: WS   /ws - (unix skt), clients: 1
[2026/09/25 14:42:31:0098] N: WS   /ws - (unix skt), clients: 2
[2026/09/25 14:42:31:0099] N: WS   /ws - (unix skt), clients: 3
[2026/09/25 14:42:31:0099] N: WS   /ws - (unix skt), clients: 4
[2026/09/25 14:42:31:0099] N: WS   /ws - (unix skt), clients: 5
[2026/09/25 14:42:31:0099] N: WS   /ws - (unix skt), clients: 6
[2026/09/25 14:42:31:0099] N: WS   /ws - (unix skt), clients: 7
[2026/09/25 14:42:31:0099] N: WS   /ws - (unix skt), clients: 8
[2026/09/25 14:42:31:0100] N: WS   /ws - (unix skt), clients: 9
[2026/09/25 14:42:31:0100] N: WS   /ws - (unix skt), clients: 10
[2026/09/25 14:42:31:0109] N: started process, pid: 50948
[2026/09/25 14:42:31:0116] N: started process, pid: 50949
[2026/09/25 14:42:31:0122] N: started process, pid: 50950
[2026/09/25 14:42:31:0133] N: started process, pid: 50951
[2026/09/25 14:42:31:0144] N: started process, pid: 50952
[2026/09/25 14:42:31:0164] N: started process, pid: 50953
[2026/09/25 14:42:31:0179] N: started process, pid: 50954
[2026/09/25 14:42:31:0194] N: started process, pid: 50955
[2026/09/25 14:42:31:0205] N: started process, pid: 50959
[2026/09/25 14:42:31:0227] N: started process, pid: 50964
[2026/09/25 14:42:31:1473] N: WS closed from (unix skt), clients: 9
[2026/09/25 14:42:31:1473] N: killing process, pid: 50949
[2026/09/25 14:42:31:1477] N: process killed with signal 1, pid: 50949
[2026/09/25 14:42:31:1714] N: WS closed from (unix skt), clients: 8
[2026/09/25 14:42:31:1716] N: killing process, pid: 50953
[2026/09/25 14:42:31:1726] N: process killed with signal 1, pid: 50953
[2026/09/25 14:42:31:2769] N: WS closed from (unix skt), clients: 7
[2026/09/25 14:42:31:2769] N: killing process, pid: 50948
[2026/09/25 14:42:31:2775] N: process killed with signal 0, pid: 50948
[2026/09/25 14:42:31:3230] N: WS closed from (unix skt), clients: 6
[2026/09/25 14:42:31:3230] N: killing process, pid: 50951
[2026/09/25 14:42:31:3235] N: process killed with signal 0, pid: 50951
[2026/09/25 14:42:31:4697] N: WS closed from (unix skt), clients: 5
[2026/09/25 14:42:31:4697] N: killing process, pid: 50959
[2026/09/25 14:42:31:4697] N: WS closed from (unix skt), clients: 4
[2026/09/25 14:42:31:4697] N: killing process, pid: 50955
[2026/09/25 14:42:31:4703] N: process killed with signal 0, pid: 50955
[2026/09/25 14:42:31:4704] N: process killed with signal 0, pid: 50959
[2026/09/25 14:42:31:9349] N: WS closed from (unix skt), clients: 3
[2026/09/25 14:42:31:9350] N: killing process, pid: 50952
[2026/09/25 14:42:31:9377] N: process killed with signal 0, pid: 50952
[2026/09/25 14:42:31:9719] N: WS closed from (unix skt), clients: 2
[2026/09/25 14:42:31:9719] N: killing process, pid: 50964
[2026/09/25 14:42:31:9727] N: process killed with signal 0, pid: 50964
[2026/09/25 14:42:33:0117] N: WS closed from (unix skt), clients: 1
[2026/09/25 14:42:33:0118] N: killing process, pid: 50954
[2026/09/25 14:42:33:0118] N: WS closed from (unix skt), clients: 0
[2026/09/25 14:42:33:0118] N: killing process, pid: 50950
[2026/09/25 14:42:33:0124] N: process killed with signal 0, pid: 50954
[2026/09/25 14:42:33:0130] N: process killed with signal 0, pid: 50950
[2026/09/25 14:42:33:0193] N: WS   /ws - (unix skt), clients: 1
[2026/09/25 14:42:33:0193] N: WS   /ws - (unix skt), clients: 2
[2026/09/25 14:42:33:0193] N: WS   /ws - (unix skt), clients: 3
[2026/09/25 14:42:33:0194] N: WS   /ws - (unix skt), clients: 4
[2026/09/25 14:42:33:0194] N: WS   /ws - (unix skt), clients: 5
[2026/09/25 14:42:33:0194] N: WS   /ws - (unix skt), clients: 6
[2026/09/25 14:42:33:0194] N: WS   /ws - (unix skt), clients: 7
[2026/09/25 14:42:33:0194] N: WS   /ws - (unix skt), clients: 8
[2026/09/25 14:42:33:0194] N: WS   /ws - (unix skt), clients: 9
[2026/09/25 14:42:33:0194] N: WS   /ws - (unix skt), clients: 10
[2026/09/25 14:42:33:0200] N: started process, pid: 51344
[2026/09/25 14:42:33:0205] N: started process, pid: 51345
[2026/09/25 14:42:33:0209] N: started process, pid: 51346
[2026/09/25 14:42:33:0216] N: started process, pid: 51347
[2026/09/25 14:42:33:0222] N: started process, pid: 51348
[2026/09/25 14:42:33:0229] N: started process, pid: 51349
[2026/09/25 14:42:33:0241] N: started process, pid: 51350
[2026/09/25 14:42:33:0251] N: started process, pid: 51352
[2026/09/25 14:42:33:0260] N: started process, pid: 51357
[2026/09/25 14:42:33:0270] N: started process, pid: 51362
[2026/09/25 14:42:33:1870] N: WS closed from (unix skt), clients: 9
[2026/09/25 14:42:33:1870] N: killing process, pid: 51347
[2026/09/25 14:42:33:1887] N: process killed with signal 1, pid: 51347
[2026/09/25 14:42:33:2443] N: WS closed from (unix skt), clients: 8
[2026/09/25 14:42:33:2443] N: killing process, pid: 51357
[2026/09/25 14:42:33:2447] N: process killed with signal 1, pid: 51357
[2026/09/25 14:42:33:3895] N: WS closed from (unix skt), clients: 7
[2026/09/25 14:42:33:3895] N: killing process, pid: 51344
[2026/09/25 14:42:33:3896] N: WS closed from (unix skt), clients: 6
[2026/09/25 14:42:33:3896] N: killing process, pid: 51349
[2026/09/25 14:42:33:3901] N: process killed with signal 0, pid: 51344
[2026/09/25 14:42:33:3901] N: process killed with signal 0, pid: 51349
[2026/09/25 14:42:33:4665] N: WS closed from (unix skt), clients: 5
[2026/09/25 14:42:33:4666] N: killing process, pid: 51346
[2026/09/25 14:42:33:4667] N: WS closed from (unix skt), clients: 4
[2026/09/25 14:42:33:4667] N: killing process, pid: 51350
[2026/09/25 14:42:33:4673] N: process killed with signal 0, pid: 51346
[2026/09/25 14:42:33:4674] N: process killed with signal 0, pid: 51350
[2026/09/25 14:42:33:8918] N: WS closed from (unix skt), clients: 3
[2026/09/25 14:42:33:8918] N: killing process, pid: 51345
[2026/09/25 14:42:33:8925] N: process killed with signal 0, pid: 51345
[2026/09/25 14:42:33:9257] N: WS closed from (unix skt), clients: 2
[2026/09/25 14:42:33:9258] N: killing process, pid: 51352
[2026/09/25 14:42:33:9262] N: process killed with signal 0, pid: 51352
[2026/09/25 14:42:35:0220] N: WS closed from (unix skt), clients: 1
[2026/09/25 14:42:35:0221] N: killing process, pid: 51348
[2026/09/25 14:42:35:0221] N: WS closed from (unix skt), clients: 0
[2026/09/25 14:42:35:0221] N: killing process, pid: 51362
[2026/09/25 14:42:35:0227] N: process killed with signal 0, pid: 51348
[2026/09/25 14:42:35:0232] N: process killed with signal 0, pid: 51362
[2026/09/25 14:42:35:0294] N: WS   /ws - (unix skt), clients: 1
[2026/09/25 14:42:35:0294] N: WS   /ws - (unix skt), clients: 2
[2026/09/25 14:42:35:0294] N: WS   /ws - (unix skt), clients: 3
[2026/09/25 14:42:35:0294] N: WS   /ws - (unix skt), clients: 4
[2026/09/25 14:42:35:0294] N: WS   /ws - (unix skt), clients: 5
[2026/09/25 14:42:35:0294] N: WS   /ws - (unix skt), clients: 6
[2026/09/25 14:42:35:0295] N: WS   /ws - (unix skt), clients: 7
[2026/09/25 14:42:35:0295] N: WS   /ws - (unix skt), clients: 8
[2026/09/25 14:42:35:0295] N: WS   /ws - (unix skt), clients: 9
[2026/09/25 14:42:35:0295] N: WS   /ws - (unix skt), clients: 10
[2026/09/25 14:42:35:0301] N: started process, pid: 51723
[2026/09/25 14:42:35:0304] N: started process, pid: 51724
[2026/09/25 14:42:35:0309] N: started process, pid: 51725
[2026/09/25 14:42:35:0313] N: started process, pid: 51726
[2026/09/25 14:42:35:0321] N: started process, pid: 51727
[2026/09/25 14:42:35:0325] N: started process, pid: 51728
[2026/09/25 14:42:35:0337] N: started process, pid: 51729
[2026/09/25 14:42:35:0344] N: started process, pid: 51731
[2026/09/25 14:42:35:0356] N: started process, pid: 51737
[2026/09/25 14:42:35:0374] N: started process, pid: 51743
[2026/09/25 14:42:35:1247] N: WS closed from (unix skt), clients: 9
[2026/09/25 14:42:35:1248] N: killing process, pid: 51724
[2026/09/25 14:42:35:1252] N: process killed with signal 1, pid: 51724
[2026/09/25 14:42:35:2700] N: WS closed from (unix skt), clients: 8
[2026/09/25 14:42:35:2701] N: killing process, pid: 51728
[2026/09/25 14:42:35:2706] N: process killed with signal 1, pid: 51728
[2026/09/25 14:42:35:4130] N: WS closed from (unix skt), clients: 7
[2026/09/25 14:42:35:4130] N: killing process, pid: 51723
[2026/09/25 14:42:35:4136] N: process killed with signal 0, pid: 51723
[2026/09/25 14:42:35:4315] N: WS closed from (unix skt), clients: 6
[2026/09/25 14:42:35:4316] N: killing process, pid: 51726
[2026/09/25 14:42:35:4321] N: process killed with signal 0, pid: 51726
[2026/09/25 14:42:35:4903] N: WS closed from (unix skt), clients: 5
[2026/09/25 14:42:35:4903] N: killing process, pid: 51731
[2026/09/25 14:42:35:4904] N: WS closed from (unix skt), clients: 4
[2026/09/25 14:42:35:4904] N: killing process, pid: 51737
[2026/09/25 14:42:35:4911] N: process killed with signal 0, pid: 51731
[2026/09/25 14:42:35:4911] N: process killed with signal 0, pid: 51737
[2026/09/25 14:42:35:9525] N: WS closed from (unix skt), clients: 3
[2026/09/25 14:42:35:9526] N: killing process, pid: 51727
[2026/09/25 14:42:35:9531] N: process killed with signal 0, pid: 51727
[2026/09/25 14:42:35:9960] N: WS closed from (unix skt), clients: 2
[2026/09/25 14:42:35:9961] N: killing process, pid: 51743
[2026/09/25 14:42:35:9967] N: process killed with signal 0, pid: 51743
[2026/09/25 14:42:37:0316] N: WS closed from (unix skt), clients: 1
[2026/09/25 14:42:37:0317] N: killing process, pid: 51729
[2026/09/25 14:42:37:0318] N: WS closed from (unix skt), clients: 0
[2026/09/25 14:42:37:0319] N: killing process, pid: 51725
[2026/09/25 14:42:37:0341] N: process killed with signal 0, pid: 51725
[2026/09/25 14:42:37:0342] N: process killed with signal 0, pid: 51729
[2026/09/25 14:42:37:0436] N: WS   /ws - (unix skt), clients: 1
[2026/09/25 14:42:37:0436] N: WS   /ws - (unix skt), clients: 2
[2026/09/25 14:42:37:0436] N: WS   /ws - (unix skt), clients: 3
[2026/09/25 14:42:37:0436] N: WS   /ws - (unix skt), clients: 4
[2026/09/25 14:42:37:0436] N: WS   /ws - (unix skt), clients: 5
[2026/09/25 14:42:37:0436] N: WS   /ws - (unix skt), clients: 6
[2026/09/25 14:42:37:0436] N: WS   /ws - (unix skt), clients: 7
[2026/09/25 14:42:37:0436] N: WS   /ws - (unix skt), clients: 8
[2026/09/25 14:42:37:0436] N: WS   /ws - (unix skt), clients: 9
[2026/09/25 14:42:37:0441] N: started process, pid: 52483
[2026/09/25 14:42:37:0442] N: WS   /ws - (unix skt), clients: 10
[2026/09/25 14:42:37:0447] N: started process, pid: 52484
[2026/09/25 14:42:37:0451] N: started process, pid: 52485
[2026/09/25 14:42:37:0457] N: started process, pid: 52486
[2026/09/25 14:42:37:0469] N: started process, pid: 52487
[2026/09/25 14:42:37:0476] N: started process, pid: 52488
[2026/09/25 14:42:37:0482] N: started process, pid: 52490
[2026/09/25 14:42:37:0492] N: started process, pid: 52497
[2026/09/25 14:42:37:0502] N: started process, pid: 52499
[2026/09/25 14:42:37:0517] N: started process, pid: 52501
[2026/09/25 14:42:37:3263] N: WS closed from (unix skt), clients: 9
[2026/09/25 14:42:37:3263] N: killing process, pid: 52487
[2026/09/25 14:42:37:3268] N: process killed with signal 1, pid: 52487
[2026/09/25 14:42:37:3284] N: WS closed from (unix skt), clients: 8
[2026/09/25 14:42:37:3284] N: killing process, pid: 52501
[2026/09/25 14:42:37:3296] N: process killed with signal 1, pid: 52501
[2026/09/25 14:42:37:3571] N: WS closed from (unix skt), clients: 7
[2026/09/25 14:42:37:3571] N: killing process, pid: 52484
[2026/09/25 14:42:37:3572] N: WS closed from (unix skt), clients: 6
[2026/09/25 14:42:37:3572] N: killing process, pid: 52483
[2026/09/25 14:42:37:3578] N: process killed with signal 0, pid: 52484
[2026/09/25 14:42:37:3578] N: process killed with signal 0, pid: 52483
[2026/09/25 14:42:37:4820] N: WS closed from (unix skt), clients: 5
[2026/09/25 14:42:37:4820] N: killing process, pid: 52490
[2026/09/25 14:42:37:4827] N: process killed with signal 0, pid: 52490
[2026/09/25 14:42:37:5304] N: WS closed from (unix skt), clients: 4
[2026/09/25 14:42:37:5305] N: killing process, pid: 52497
[2026/09/25 14:42:37:5310] N: process killed with signal 0, pid: 52497
[2026/09/25 14:42:37:9621] N: WS closed from (unix skt), clients: 3
[2026/09/25 14:42:37:9621] N: killing process, pid: 52486
[2026/09/25 14:42:37:9627] N: process killed with signal 0, pid: 52486
[2026/09/25 14:42:38:0060] N: WS closed from (unix skt), clients: 2
[2026/09/25 14:42:38:0060] N: killing process, pid: 52499
[2026/09/25 14:42:38:0066] N: process killed with signal 0, pid: 52499
[2026/09/25 14:42:39:0461] N: WS closed from (unix skt), clients: 1
[2026/09/25 14:42:39:0462] N: killing process, pid: 52488
[2026/09/25 14:42:39:0462] N: WS closed from (unix skt), clients: 0
[2026/09/25 14:42:39:0462] N: killing process, pid: 52485
[2026/09/25 14:42:39:0472] N: process killed with signal 0, pid: 52485
[2026/09/25 14:42:39:0472] N: process killed with signal 0, pid: 52488
[2026/09/25 14:42:39:0547] N: WS   /ws - (unix skt), clients: 1
[2026/09/25 14:42:39:0547] N: WS   /ws - (unix skt), clients: 2
[2026/09/25 14:42:39:0547] N: WS   /ws - (unix skt), clients: 3
[2026/09/25 14:42:39:0548] N: WS   /ws - (unix skt), clients: 4
[2026/09/25 14:42:39:0548] N: WS   /ws - (unix skt), clients: 5
[2026/09/25 14:42:39:0548] N: WS   /ws - (unix skt), clients: 6
[2026/09/25 14:42:39:0548] N: WS   /ws - (unix skt), clients: 7
[2026/09/25 14:42:39:0548] N: WS   /ws - (unix skt), clients: 8
[2026/09/25 14:42:39:0548] N: WS   /ws - (unix skt), clients: 9
[2026/09/25 14:42:39:0548] N: WS   /ws - (unix skt), clients: 10
[2026/09/25 14:42:39:0557] N: started process, pid: 52932
[2026/09/25 14:42:39:0563] N: started process, pid: 52933
[2026/09/25 14:42:39:0569] N: started process, pid: 52934
[2026/09/25 14:42:39:0575] N: started process, pid: 52935
[2026/09/25 14:42:39:0585] N: started process, pid: 52936
[2026/09/25 14:42:39:0590] N: started process, pid: 52937
[2026/09/25 14:42:39:0601] N: started process, pid: 52938
[2026/09/25 14:42:39:0620] N: started process, pid: 52940
[2026/09/25 14:42:39:0642] N: started process, pid: 52948
[2026/09/25 14:42:39:0668] N: started process, pid: 52958
[2026/09/25 14:42:39:2248] N: WS closed from (unix skt), clients: 9
[2026/09/25 14:42:39:2256] N: killing process, pid: 52934
[2026/09/25 14:42:39:2260] N: process killed with signal 1, pid: 52934
[2026/09/25 14:42:39:2980] N: WS closed from (unix skt), clients: 8
[2026/09/25 14:42:39:2981] N: killing process, pid: 52938
[2026/09/25 14:42:39:2986] N: process killed with signal 1, pid: 52938
[2026/09/25 14:42:39:4266] N: WS closed from (unix skt), clients: 7
[2026/09/25 14:42:39:4266] N: killing process, pid: 52932
[2026/09/25 14:42:39:4271] N: process killed with signal 0, pid: 52932
[2026/09/25 14:42:39:4779] N: WS closed from (unix skt), clients: 6
[2026/09/25 14:42:39:4779] N: killing process, pid: 52936
[2026/09/25 14:42:39:4785] N: process killed with signal 0, pid: 52936
[2026/09/25 14:42:39:5457] N: WS closed from (unix skt), clients: 5
[2026/09/25 14:42:39:5457] N: killing process, pid: 52958
[2026/09/25 14:42:39:5458] N: WS closed from (unix skt), clients: 4
[2026/09/25 14:42:39:5458] N: killing process, pid: 52948
[2026/09/25 14:42:39:5465] N: process killed with signal 0, pid: 52948
[2026/09/25 14:42:39:5465] N: process killed with signal 0, pid: 52958
[2026/09/25 14:42:39:8814] N: WS closed from (unix skt), clients: 3
[2026/09/25 14:42:39:8814] N: killing process, pid: 52933
[2026/09/25 14:42:39:8821] N: process killed with signal 0, pid: 52933
[2026/09/25 14:42:39:9572] N: WS closed from (unix skt), clients: 2
[2026/09/25 14:42:39:9573] N: killing process, pid: 52937
[2026/09/25 14:42:39:9578] N: process killed with signal 0, pid: 52937
[2026/09/25 14:42:41:0566] N: WS closed from (unix skt), clients: 1
[2026/09/25 14:42:41:0567] N: killing process, pid: 52940
[2026/09/25 14:42:41:0567] N: WS closed from (unix skt), clients: 0
[2026/09/25 14:42:41:0567] N: killing process, pid: 52935
[2026/09/25 14:42:41:0575] N: process killed with signal 0, pid: 52935
[2026/09/25 14:42:41:0576] N: process killed with signal 0, pid: 52940
[2026/09/25 14:42:41:0643] N: WS   /ws - (unix skt), clients: 1
[2026/09/25 14:42:41:0643] N: WS   /ws - (unix skt), clients: 2
[2026/09/25 14:42:41:0643] N: WS   /ws - (unix skt), clients: 3
[2026/09/25 14:42:41:0643] N: WS   /ws - (unix skt), clients: 4
[2026/09/25 14:42:41:0643] N: WS   /ws - (unix skt), clients: 5
[2026/09/25 14:42:41:0643] N: WS   /ws - (unix skt), clients: 6
[2026/09/25 14:42:41:0643] N: WS   /ws - (unix skt), clients: 7
[2026/09/25 14:42:41:0643] N: WS   /ws - (unix skt), clients: 8
[2026/09/25 14:42:41:0643] N: WS   /ws - (unix skt), clients: 9
[2026/09/25 14:42:41:0648] N: started process, pid: 53346
[2026/09/25 14:42:41:0650] N: WS   /ws - (unix skt), clients: 10
[2026/09/25 14:42:41:0653] N: started process, pid: 53347
[2026/09/25 14:42:41:0657] N: started process, pid: 53348
[2026/09/25 14:42:41:0662] N: started process, pid: 53349
[2026/09/25 14:42:41:0670] N: started process, pid: 53350
[2026/09/25 14:42:41:0678] N: started process, pid: 53351
[2026/09/25 14:42:41:0691] N: started process, pid: 53354
[2026/09/25 14:42:41:0705] N: started process, pid: 53361
[2026/09/25 14:42:41:0730] N: started process, pid: 53369
[2026/09/25 14:42:41:0744] N: started process, pid: 53373
[2026/09/25 14:42:41:3935] N: WS closed from (unix skt), clients: 9
[2026/09/25 14:42:41:3935] N: killing process, pid: 53350
[2026/09/25 14:42:41:3941] N: process killed with signal 1, pid: 53350
[2026/09/25 14:42:41:3973] N: WS closed from (unix skt), clients: 8
[2026/09/25 14:42:41:3974] N: killing process, pid: 53373
[2026/09/25 14:42:41:3977] N: process killed with signal 1, pid: 53373
[2026/09/25 14:42:41:4007] N: WS closed from (unix skt), clients: 7
[2026/09/25 14:42:41:4007] N: killing process, pid: 53347
[2026/09/25 14:42:41:4044] N: process killed with signal 0, pid: 53347
[2026/09/25 14:42:41:4577] N: WS closed from (unix skt), clients: 6
[2026/09/25 14:42:41:4578] N: killing process, pid: 53346
[2026/09/25 14:42:41:4585] N: process killed with signal 0, pid: 53346
[2026/09/25 14:42:41:5207] N: WS closed from (unix skt), clients: 5
[2026/09/25 14:42:41:5208] N: killing process, pid: 53354
[2026/09/25 14:42:41:5215] N: process killed with signal 0, pid: 53354
[2026/09/25 14:42:41:5981] N: WS closed from (unix skt), clients: 4
[2026/09/25 14:42:41:5981] N: killing process, pid: 53361
[2026/09/25 14:42:41:5988] N: process killed with signal 0, pid: 53361
[2026/09/25 14:42:42:0011] N: WS closed from (unix skt), clients: 3
[2026/09/25 14:42:42:0011] N: killing process, pid: 53369
[2026/09/25 14:42:42:0017] N: process killed with signal 0, pid: 53369
[2026/09/25 14:42:42:0450] N: WS closed from (unix skt), clients: 2
[2026/09/25 14:42:42:0450] N: killing process, pid: 53349
[2026/09/25 14:42:42:0457] N: process killed with signal 0, pid: 53349
[2026/09/25 14:42:43:0670] N: WS closed from (unix skt), clients: 1
[2026/09/25 14:42:43:0671] N: killing process, pid: 53351
[2026/09/25 14:42:43:0671] N: WS closed from (unix skt), clients: 0
[2026/09/25 14:42:43:0671] N: killing process, pid: 53348
[2026/09/25 14:42:43:0680] N: process killed with signal 0, pid: 53351
[2026/09/25 14:42:43:0681] N: process killed with signal 0, pid: 53348
[2026/09/25 14:42:43:0756] N: WS   /ws - (unix skt), clients: 1
[2026/09/25 14:42:43:0757] N: WS   /ws - (unix skt), clients: 2
[2026/09/25 14:42:43:0757] N: WS   /ws - (unix skt), clients: 3
[2026/09/25 14:42:43:0757] N: WS   /ws - (unix skt), clients: 4
[2026/09/25 14:42:43:0757] N: WS   /ws - (unix skt), clients: 5
[2026/09/25 14:42:43:0757] N: WS   /ws - (unix skt), clients: 6
[2026/09/25 14:42:43:0757] N: WS   /ws - (unix skt), clients: 7
[2026/09/25 14:42:43:0758] N: WS   /ws - (unix skt), clients: 8
[2026/09/25 14:42:43:0758] N: WS   /ws - (unix skt), clients: 9
[2026/09/25 14:42:43:0758] N: WS   /ws - (unix skt), clients: 10
[2026/09/25 14:42:43:0765] N: started process, pid: 53775
[2026/09/25 14:42:43:0772] N: started process, pid: 53776
[2026/09/25 14:42:43:0775] N: started process, pid: 53777
[2026/09/25 14:42:43:0779] N: started process, pid: 53778
[2026/09/25 14:42:43:0786] N: started process, pid: 53779
[2026/09/25 14:42:43:0797] N: started process, pid: 53780
[2026/09/25 14:42:43:0805] N: started process, pid: 53781
[2026/09/25 14:42:43:0822] N: started process, pid: 53782
[2026/09/25 14:42:43:0847] N: started process, pid: 53794
[2026/09/25 14:42:43:0869] N: started process, pid: 53806
[2026/09/25 14:42:43:3283] N: WS closed from (unix skt), clients: 9
[2026/09/25 14:42:43:3284] N: killing process, pid: 53778
[2026/09/25 14:42:43:3289] N: process killed with signal 1, pid: 53778
[2026/09/25 14:42:43:4193] N: WS closed from (unix skt), clients: 8
[2026/09/25 14:42:43:4193] N: killing process, pid: 53794
[2026/09/25 14:42:43:4197] N: process killed with signal 1, pid: 53794
[2026/09/25 14:42:43:5071] N: WS closed from (unix skt), clients: 7
[2026/09/25 14:42:43:5072] N: killing process, pid: 53775
[2026/09/25 14:42:43:5073] N: WS closed from (unix skt), clients: 6
[2026/09/25 14:42:43:5074] N: killing process, pid: 53776
[2026/09/25 14:42:43:5087] N: process killed with signal 0, pid: 53775
[2026/09/25 14:42:43:5088] N: process killed with signal 0, pid: 53776
[2026/09/25 14:42:43:6587] N: WS closed from (unix skt), clients: 5
[2026/09/25 14:42:43:6588] N: killing process, pid: 53781
[2026/09/25 14:42:43:6589] N: WS closed from (unix skt), clients: 4
[2026/09/25 14:42:43:6589] N: killing process, pid: 53780
[2026/09/25 14:42:43:6598] N: process killed with signal 0, pid: 53780
[2026/09/25 14:42:43:6602] N: process killed with signal 0, pid: 53781
[2026/09/25 14:42:43:8591] N: WS closed from (unix skt), clients: 3
[2026/09/25 14:42:43:8591] N: killing process, pid: 53777
[2026/09/25 14:42:43:8599] N: process killed with signal 0, pid: 53777
[2026/09/25 14:42:44:0659] N: WS closed from (unix skt), clients: 2
[2026/09/25 14:42:44:0660] N: killing process, pid: 53782
[2026/09/25 14:42:44:0668] N: process killed with signal 0, pid: 53782
[2026/09/25 14:42:45:0783] N: WS closed from (unix skt), clients: 1
[2026/09/25 14:42:45:0784] N: killing process, pid: 53779
[2026/09/25 14:42:45:0784] N: WS closed from (unix skt), clients: 0
[2026/09/25 14:42:45:0785] N: killing process, pid: 53806
[2026/09/25 14:42:45:0805] N: process killed with signal 0, pid: 53806
[2026/09/25 14:42:45:0807] N: process killed with signal 0, pid: 53779
[2026/09/25 14:42:45:0903] N: WS   /ws - (unix skt), clients: 1
[2026/09/25 14:42:45:0903] N: WS   /ws - (unix skt), clients: 2
[2026/09/25 14:42:45:0903] N: WS   /ws - (unix skt), clients: 3
[2026/09/25 14:42:45:0904] N: WS   /ws - (unix skt), clients: 4
[2026/09/25 14:42:45:0904] N: WS   /ws - (unix skt), clients: 5
[2026/09/25 14:42:45:0904] N: WS   /ws - (unix skt), clients: 6
[2026/09/25 14:42:45:0904] N: WS   /ws - (unix skt), clients: 7
[2026/09/25 14:42:45:0904] N: WS   /ws - (unix skt), clients: 8
[2026/09/25 14:42:45:0905] N: WS   /ws - (unix skt), clients: 9
[2026/09/25 14:42:45:0905] N: WS   /ws - (unix skt), clients: 10
[2026/09/25 14:42:45:0915] N: started process, pid: 54139
[2026/09/25 14:42:45:0922] N: started process, pid: 54140
[2026/09/25 14:42:45:0927] N: started process, pid: 54141
[2026/09/25 14:42:45:0935] N: started process, pid: 54142
[2026/09/25 14:42:45:0944] N: started process, pid: 54143
[2026/09/25 14:42:45:0953] N: started process, pid: 54144
[2026/09/25 14:42:45:0959] N: started process, pid: 54145
[2026/09/25 14:42:45:0972] N: started process, pid: 54149
[2026/09/25 14:42:45:1004] N: started process, pid: 54162
[2026/09/25 14:42:45:1031] N: started process, pid: 54168
[2026/09/25 14:42:45:2817] N: WS closed from (unix skt), clients: 9
[2026/09/25 14:42:45:2884] N: killing process, pid: 54141
[2026/09/25 14:42:45:2952] N: process killed with signal 1, pid: 54141
[2026/09/25 14:42:45:4085] N: WS closed from (unix skt), clients: 8
[2026/09/25 14:42:45:4085] N: killing process, pid: 54162
[2026/09/25 14:42:45:4100] N: process killed with signal 1, pid: 54162
[2026/09/25 14:42:45:5072] N: WS closed from (unix skt), clients: 7
[2026/09/25 14:42:45:5072] N: killing process, pid: 54143
[2026/09/25 14:42:45:5079] N: process killed with signal 0, pid: 54143
[2026/09/25 14:42:45:5333] N: WS closed from (unix skt), clients: 6
[2026/09/25 14:42:45:5333] N: killing process, pid: 54139
[2026/09/25 14:42:45:5342] N: process killed with signal 0, pid: 54139
[2026/09/25 14:42:45:5537] N: WS closed from (unix skt), clients: 5
[2026/09/25 14:42:45:5538] N: killing process, pid: 54145
[2026/09/25 14:42:45:5544] N: process killed with signal 0, pid: 54145
[2026/09/25 14:42:45:5757] N: WS closed from (unix skt), clients: 4
[2026/09/25 14:42:45:5758] N: killing process, pid: 54144
[2026/09/25 14:42:45:5763] N: process killed with signal 0, pid: 54144
[2026/09/25 14:42:46:0329] N: WS closed from (unix skt), clients: 3
[2026/09/25 14:42:46:0330] N: killing process, pid: 54140
[2026/09/25 14:42:46:0339] N: process killed with signal 0, pid: 54140
[2026/09/25 14:42:46:1020] N: WS closed from (unix skt), clients: 2
[2026/09/25 14:42:46:1020] N: killing process, pid: 54149
[2026/09/25 14:42:46:1026] N: process killed with signal 0, pid: 54149
[2026/09/25 14:42:47:0919] N: WS closed from (unix skt), clients: 1
[2026/09/25 14:42:47:0919] N: killing process, pid: 54142
[2026/09/25 14:42:47:0919] N: WS closed from (unix skt), clients: 0
[2026/09/25 14:42:47:0919] N: killing process, pid: 54168
[2026/09/25 14:42:47:0929] N: process killed with signal 0, pid: 54142
[2026/09/25 14:42:47:0930] N: process killed with signal 0, pid: 54168
[2026/09/25 14:42:47:1030] N: WS   /ws - (unix skt), clients: 1
[2026/09/25 14:42:47:1031] N: WS   /ws - (unix skt), clients: 2
[2026/09/25 14:42:47:1031] N: WS   /ws - (unix skt), clients: 3
[2026/09/25 14:42:47:1031] N: WS   /ws - (unix skt), clients: 4
[2026/09/25 14:42:47:1032] N: WS   /ws - (unix skt), clients: 5
[2026/09/25 14:42:47:1032] N: WS   /ws - (unix skt), clients: 6
[2026/09/25 14:42:47:1032] N: WS   /ws - (unix skt), clients: 7
[2026/09/25 14:42:47:1032] N: WS   /ws - (unix skt), clients: 8
[2026/09/25 14:42:47:1032] N: WS   /ws - (unix skt), clients: 9
[2026/09/25 14:42:47:1040] N: started process, pid: 54551
[2026/09/25 14:42:47:1046] N: started process, pid: 54552
[2026/09/25 14:42:47:1053] N: started process, pid: 54553
[2026/09/25 14:42:47:1056] N: WS   /ws - (unix skt), clients: 10
[2026/09/25 14:42:47:1064] N: started process, pid: 54554
[2026/09/25 14:42:47:1071] N: started process, pid: 54555
[2026/09/25 14:42:47:1080] N: started process, pid: 54556
[2026/09/25 14:42:47:1091] N: started process, pid: 54557
[2026/09/25 14:42:47:1108] N: started process, pid: 54558
[2026/09/25 14:42:47:1123] N: started process, pid: 54561
[2026/09/25 14:42:47:1139] N: started process, pid: 54567
[2026/09/25 14:42:47:1989] N: WS closed from (unix skt), clients: 9
[2026/09/25 14:42:47:1990] N: killing process, pid: 54553
[2026/09/25 14:42:47:1994] N: process killed with signal 1, pid: 54553
[2026/09/25 14:42:47:4195] N: WS closed from (unix skt), clients: 8
[2026/09/25 14:42:47:4196] N: killing process, pid: 54554
[2026/09/25 14:42:47:4744] N: WS closed from (unix skt), clients: 7
[2026/09/25 14:42:47:4745] N: killing process, pid: 54551
[2026/09/25 14:42:47:4751] N: process killed with signal 0, pid: 54551
[2026/09/25 14:42:47:4798] N: WS closed from (unix skt), clients: 6
[2026/09/25 14:42:47:4799] N: killing process, pid: 54567
[2026/09/25 14:42:47:4802] N: process killed with signal 0, pid: 54554
[2026/09/25 14:42:47:4806] N: process killed with signal 1, pid: 54567
[2026/09/25 14:42:47:6173] N: WS closed from (unix skt), clients: 5
[2026/09/25 14:42:47:6173] N: killing process, pid: 54557
[2026/09/25 14:42:47:6180] N: process killed with signal 0, pid: 54557
[2026/09/25 14:42:47:6830] N: WS closed from (unix skt), clients: 4
[2026/09/25 14:42:47:6831] N: killing process, pid: 54558
[2026/09/25 14:42:47:6837] N: process killed with signal 0, pid: 54558
[2026/09/25 14:42:47:9758] N: WS closed from (unix skt), clients: 3
[2026/09/25 14:42:47:9758] N: killing process, pid: 54552
[2026/09/25 14:42:47:9766] N: process killed with signal 0, pid: 54552
[2026/09/25 14:42:48:1205] N: WS closed from (unix skt), clients: 2
[2026/09/25 14:42:48:1205] N: killing process, pid: 54561
[2026/09/25 14:42:48:1213] N: process killed with signal 0, pid: 54561
[2026/09/25 14:42:49:1054] N: WS closed from (unix skt), clients: 1
[2026/09/25 14:42:49:1054] N: killing process, pid: 54556
[2026/09/25 14:42:49:1089] N: WS closed from (unix skt), clients: 0
[2026/09/25 14:42:49:1090] N: killing process, pid: 54555
[2026/09/25 14:42:49:1101] N: process killed with signal 0, pid: 54556
[2026/09/25 14:42:49:1112] N: process killed with signal 0, pid: 54555
[2026/09/25 14:42:49:1195] N: WS   /ws - (unix skt), clients: 1
[2026/09/25 14:42:49:1196] N: WS   /ws - (unix skt), clients: 2
[2026/09/25 14:42:49:1196] N: WS   /ws - (unix skt), clients: 3
[2026/09/25 14:42:49:1196] N: WS   /ws - (unix skt), clients: 4
[2026/09/25 14:42:49:1196] N: WS   /ws - (unix skt), clients: 5
[2026/09/25 14:42:49:1196] N: WS   /ws - (unix skt), clients: 6
[2026/09/25 14:42:49:1196] N: WS   /ws - (unix skt), clients: 7
[2026/09/25 14:42:49:1197] N: WS   /ws - (unix skt), clients: 8
[2026/09/25 14:42:49:1197] N: WS   /ws - (unix skt), clients: 9
[2026/09/25 14:42:49:1197] N: WS   /ws - (unix skt), clients: 10
[2026/09/25 14:42:49:1204] N: started process, pid: 54836
[2026/09/25 14:42:49:1209] N: started process, pid: 54837
[2026/09/25 14:42:49:1215] N: started process, pid: 54838
[2026/09/25 14:42:49:1220] N: started process, pid: 54839
[2026/09/25 14:42:49:1225] N: started process, pid: 54840
[2026/09/25 14:42:49:1230] N: started process, pid: 54841
[2026/09/25 14:42:49:1235] N: started process, pid: 54842
[2026/09/25 14:42:49:1240] N: started process, pid: 54843
[2026/09/25 14:42:49:1253] N: started process, pid: 54844
[2026/09/25 14:42:49:1259] N: started process, pid: 54851
[2026/09/25 14:42:49:2363] N: WS closed from (unix skt), clients: 9
[2026/09/25 14:42:49:2364] N: killing process, pid: 54838
[2026/09/25 14:42:49:2367] N: process killed with signal 1, pid: 54838
[2026/09/25 14:42:49:4237] N: WS closed from (unix skt), clients: 8
[2026/09/25 14:42:49:4237] N: killing process, pid: 54844
[2026/09/25 14:42:49:4245] N: process killed with signal 1, pid: 54844
[2026/09/25 14:42:49:4403] N: WS closed from (unix skt), clients: 7
[2026/09/25 14:42:49:4404] N: killing process, pid: 54840
[2026/09/25 14:42:49:4438] N: process killed with signal 0, pid: 54840
[2026/09/25 14:42:49:4879] N: WS closed from (unix skt), clients: 6
[2026/09/25 14:42:49:4880] N: killing process, pid: 54836
[2026/09/25 14:42:49:4887] N: process killed with signal 0, pid: 54836
[2026/09/25 14:42:49:5451] N: WS closed from (unix skt), clients: 5
[2026/09/25 14:42:49:5452] N: killing process, pid: 54842
[2026/09/25 14:42:49:5460] N: process killed with signal 0, pid: 54842
[2026/09/25 14:42:49:5728] N: WS closed from (unix skt), clients: 4
[2026/09/25 14:42:49:5729] N: killing process, pid: 54841
[2026/09/25 14:42:49:5735] N: process killed with signal 0, pid: 54841
[2026/09/25 14:42:49:9380] N: WS closed from (unix skt), clients: 3
[2026/09/25 14:42:49:9381] N: killing process, pid: 54837
[2026/09/25 14:42:49:9391] N: process killed with signal 0, pid: 54837
[2026/09/25 14:42:50:0775] N: WS closed from (unix skt), clients: 2
[2026/09/25 14:42:50:0775] N: killing process, pid: 54843
[2026/09/25 14:42:50:0780] N: process killed with signal 0, pid: 54843
[2026/09/25 14:42:51:1219] N: WS closed from (unix skt), clients: 1
[2026/09/25 14:42:51:1219] N: killing process, pid: 54839
[2026/09/25 14:42:51:1220] N: WS closed from (unix skt), clients: 0
[2026/09/25 14:42:51:1220] N: killing process, pid: 54851
[2026/09/25 14:42:51:1226] N: process killed with signal 0, pid: 54839
[2026/09/25 14:42:51:1230] N: process killed with signal 0, pid: 54851
[2026/09/25 14:42:51:1317] N: WS   /ws - (unix skt), clients: 1
[2026/09/25 14:42:51:1318] N: WS   /ws - (unix skt), clients: 2
[2026/09/25 14:42:51:1318] N: WS   /ws - (unix skt), clients: 3
[2026/09/25 14:42:51:1318] N: WS   /ws - (unix skt), clients: 4
[2026/09/25 14:42:51:1318] N: WS   /ws - (unix skt), clients: 5
[2026/09/25 14:42:51:1318] N: WS   /ws - (unix skt), clients: 6
[2026/09/25 14:42:51:1318] N: WS   /ws - (unix skt), clients: 7
[2026/09/25 14:42:51:1318] N: WS   /ws - (unix skt), clients: 8
[2026/09/25 14:42:51:1325] N: started process, pid: 55193
[2026/09/25 14:42:51:1325] N: WS   /ws - (unix skt), clients: 9
[2026/09/25 14:42:51:1326] N: WS   /ws - (unix skt), clients: 10
[2026/09/25 14:42:51:1329] N: started process, pid: 55194
[2026/09/25 14:42:51:1334] N: started process, pid: 55195
[2026/09/25 14:42:51:1341] N: started process, pid: 55196
[2026/09/25 14:42:51:1348] N: started process, pid: 55197
[2026/09/25 14:42:51:1353] N: started process, pid: 55198
[2026/09/25 14:42:51:1361] N: started process, pid: 55199
[2026/09/25 14:42:51:1372] N: started process, pid: 55200
[2026/09/25 14:42:51:1388] N: started process, pid: 55205
[2026/09/25 14:42:51:1408] N: started process, pid: 55212
[2026/09/25 14:42:51:2554] N: WS closed from (unix skt), clients: 9
[2026/09/25 14:42:51:2555] N: killing process, pid: 55195
[2026/09/25 14:42:51:2561] N: process killed with signal 1, pid: 55195
[2026/09/25 14:42:51:3371] N: WS closed from (unix skt), clients: 8
[2026/09/25 14:42:51:3371] N: killing process, pid: 55198
[2026/09/25 14:42:51:3374] N: process killed with signal 1, pid: 55198
[2026/09/25 14:42:51:4363] N: WS closed from (unix skt), clients: 7
[2026/09/25 14:42:51:4364] N: killing process, pid: 55194
[2026/09/25 14:42:51:4370] N: process killed with signal 0, pid: 55194
[2026/09/25 14:42:51:4775] N: WS closed from (unix skt), clients: 6
[2026/09/25 14:42:51:4775] N: killing process, pid: 55193
[2026/09/25 14:42:51:4780] N: process killed with signal 0, pid: 55193
[2026/09/25 14:42:51:4987] N: WS closed from (unix skt), clients: 5
[2026/09/25 14:42:51:4987] N: killing process, pid: 55200
[2026/09/25 14:42:51:4991] N: process killed with signal 0, pid: 55200
[2026/09/25 14:42:51:5807] N: WS closed from (unix skt), clients: 4
[2026/09/25 14:42:51:5808] N: killing process, pid: 55205
[2026/09/25 14:42:51:5813] N: process killed with signal 0, pid: 55205
[2026/09/25 14:42:52:0223] N: WS closed from (unix skt), clients: 3
[2026/09/25 14:42:52:0223] N: killing process, pid: 55212
[2026/09/25 14:42:52:0229] N: process killed with signal 0, pid: 55212
[2026/09/25 14:42:52:0839] N: WS closed from (unix skt), clients: 2
[2026/09/25 14:42:52:0839] N: killing process, pid: 55197
[2026/09/25 14:42:52:0846] N: process killed with signal 0, pid: 55197
[2026/09/25 14:42:53:1336] N: WS closed from (unix skt), clients: 1
[2026/09/25 14:42:53:1337] N: killing process, pid: 55199
[2026/09/25 14:42:53:1337] N: WS closed from (unix skt), clients: 0
[2026/09/25 14:42:53:1337] N: killing process, pid: 55196
[2026/09/25 14:42:53:1351] N: process killed with signal 0, pid: 55196
[2026/09/25 14:42:53:1351] N: process killed with signal 0, pid: 55199
[2026/09/25 14:42:53:1464] N: WS   /ws - (unix skt), clients: 1
[2026/09/25 14:42:53:1465] N: WS   /ws - (unix skt), clients: 2
[2026/09/25 14:42:53:1466] N: WS   /ws - (unix skt), clients: 3
[2026/09/25 14:42:53:1466] N: WS   /ws - (unix skt), clients: 4
[2026/09/25 14:42:53:1466] N: WS   /ws - (unix skt), clients: 5
[2026/09/25 14:42:53:1466] N: WS   /ws - (unix skt), clients: 6
[2026/09/25 14:42:53:1467] N: WS   /ws - (unix skt), clients: 7
[2026/09/25 14:42:53:1467] N: WS   /ws - (unix skt), clients: 8
[2026/09/25 14:42:53:1467] N: WS   /ws - (unix skt), clients: 9
[2026/09/25 14:42:53:1467] N: WS   /ws - (unix skt), clients: 10
[2026/09/25 14:42:53:1484] N: started process, pid: 55466
[2026/09/25 14:42:53:1494] N: started process, pid: 55467
[2026/09/25 14:42:53:1504] N: started process, pid: 55469
[2026/09/25 14:42:53:1514] N: started process, pid: 55470
[2026/09/25 14:42:53:1523] N: started process, pid: 55471
[2026/09/25 14:42:53:1530] N: started process, pid: 55472
[2026/09/25 14:42:53:1541] N: started process, pid: 55473
[2026/09/25 14:42:53:1553] N: started process, pid: 55476
[2026/09/25 14:42:53:1571] N: started process, pid: 55484
[2026/09/25 14:42:53:1581] N: started process, pid: 55489
[2026/09/25 14:42:53:3114] N: WS closed from (unix skt), clients: 9
[2026/09/25 14:42:53:3115] N: killing process, pid: 55470
[2026/09/25 14:42:53:3118] N: process killed with signal 1, pid: 55470
[2026/09/25 14:42:53:4058] N: WS closed from (unix skt), clients: 8
[2026/09/25 14:42:53:4058] N: killing process, pid: 55484
[2026/09/25 14:42:53:4062] N: process killed with signal 1, pid: 55484
[2026/09/25 14:42:53:4331] N: WS closed from (unix skt), clients: 7
[2026/09/25 14:42:53:4332] N: killing process, pid: 55466
[2026/09/25 14:42:53:4338] N: process killed with signal 0, pid: 55466
[2026/09/25 14:42:53:5086] N: WS closed from (unix skt), clients: 6
[2026/09/25 14:42:53:5087] N: killing process, pid: 55467
[2026/09/25 14:42:53:5093] N: process killed with signal 0, pid: 55467
[2026/09/25 14:42:53:5385] N: WS closed from (unix skt), clients: 5
[2026/09/25 14:42:53:5385] N: killing process, pid: 55473
[2026/09/25 14:42:53:5393] N: process killed with signal 0, pid: 55473
[2026/09/25 14:42:53:5617] N: WS closed from (unix skt), clients: 4
[2026/09/25 14:42:53:5617] N: killing process, pid: 55472
[2026/09/25 14:42:53:5624] N: process killed with signal 0, pid: 55472
[2026/09/25 14:42:53:9761] N: WS closed from (unix skt), clients: 3
[2026/09/25 14:42:53:9762] N: killing process, pid: 55469
[2026/09/25 14:42:53:9773] N: process killed with signal 0, pid: 55469
[2026/09/25 14:42:54:1063] N: WS closed from (unix skt), clients: 2
[2026/09/25 14:42:54:1063] N: killing process, pid: 55476
[2026/09/25 14:42:54:1068] N: process killed with signal 0, pid: 55476
[2026/09/25 14:42:55:1477] N: WS closed from (unix skt), clients: 1
[2026/09/25 14:42:55:1478] N: killing process, pid: 55471
[2026/09/25 14:42:55:1478] N: WS closed from (unix skt), clients: 0
[2026/09/25 14:42:55:1479] N: killing process, pid: 55489
[2026/09/25 14:42:55:1492] N: process killed with signal 0, pid: 55471
[2026/09/25 14:42:55:1493] N: process killed with signal 0, pid: 55489
[2026/09/25 14:42:55:1617] N: WS   /ws - (unix skt), clients: 1
[2026/09/25 14:42:55:1618] N: WS   /ws - (unix skt), clients: 2
[2026/09/25 14:42:55:1618] N: WS   /ws - (unix skt), clients: 3
[2026/09/25 14:42:55:1618] N: WS   /ws - (unix skt), clients: 4
[2026/09/25 14:42:55:1619] N: WS   /ws - (unix skt), clients: 5
[2026/09/25 14:42:55:1619] N: WS   /ws - (unix skt), clients: 6
[2026/09/25 14:42:55:1619] N: WS   /ws - (unix skt), clients: 7
[2026/09/25 14:42:55:1619] N: WS   /ws - (unix skt), clients: 8
[2026/09/25 14:42:55:1619] N: WS   /ws - (unix skt), clients: 9
[2026/09/25 14:42:55:1619] N: WS   /ws - (unix skt), clients: 10
[2026/09/25 14:42:55:1633] N: started process, pid: 55760
[2026/09/25 14:42:55:1641] N: started process, pid: 55761
[2026/09/25 14:42:55:1647] N: started process, pid: 55762
[2026/09/25 14:42:55:1654] N: started process, pid: 55763
[2026/09/25 14:42:55:1664] N: started process, pid: 55764
[2026/09/25 14:42:55:1670] N: started process, pid: 55765
[2026/09/25 14:42:55:1680] N: started process, pid: 55766
[2026/09/25 14:42:55:1692] N: started process, pid: 55767
[2026/09/25 14:42:55:1705] N: started process, pid: 55775
[2026/09/25 14:42:55:1737] N: started process, pid: 55781
[2026/09/25 14:42:55:2641] N: WS closed from (unix skt), clients: 9
[2026/09/25 14:42:55:2642] N: killing process, pid: 55762
[2026/09/25 14:42:55:2647] N: process killed with signal 1, pid: 55762
[2026/09/25 14:42:55:3973] N: WS closed from (unix skt), clients: 8
[2026/09/25 14:42:55:3973] N: killing process, pid: 55775
[2026/09/25 14:42:55:3977] N: process killed with signal 1, pid: 55775
[2026/09/25 14:42:55:4248] N: WS closed from (unix skt), clients: 7
[2026/09/25 14:42:55:4249] N: killing process, pid: 55760
[2026/09/25 14:42:55:4254] N: process killed with signal 0, pid: 55760
[2026/09/25 14:42:55:5066] N: WS closed from (unix skt), clients: 6
[2026/09/25 14:42:55:5067] N: killing process, pid: 55766
[2026/09/25 14:42:55:5071] N: process killed with signal 0, pid: 55766
[2026/09/25 14:42:55:5268] N: WS closed from (unix skt), clients: 5
[2026/09/25 14:42:55:5268] N: killing process, pid: 55764
[2026/09/25 14:42:55:5273] N: process killed with signal 0, pid: 55764
[2026/09/25 14:42:55:5623] N: WS closed from (unix skt), clients: 4
[2026/09/25 14:42:55:5623] N: killing process, pid: 55765
[2026/09/25 14:42:55:5628] N: process killed with signal 0, pid: 55765
[2026/09/25 14:42:55:9873] N: WS closed from (unix skt), clients: 3
[2026/09/25 14:42:55:9874] N: killing process, pid: 55761
[2026/09/25 14:42:55:9887] N: process killed with signal 0, pid: 55761
[2026/09/25 14:42:56:0809] N: WS closed from (unix skt), clients: 2
[2026/09/25 14:42:56:0811] N: killing process, pid: 55767
[2026/09/25 14:42:56:0828] N: process killed with signal 0, pid: 55767
[2026/09/25 14:42:57:1639] N: WS closed from (unix skt), clients: 1
[2026/09/25 14:42:57:1639] N: killing process, pid: 55763
[2026/09/25 14:42:57:1640] N: WS closed from (unix skt), clients: 0
[2026/09/25 14:42:57:1640] N: killing process, pid: 55781
[2026/09/25 14:42:57:1651] N: process killed with signal 0, pid: 55763
[2026/09/25 14:42:57:1652] N: process killed with signal 0, pid: 55781
[2026/09/25 14:42:57:1763] N: WS   /ws - (unix skt), clients: 1
[2026/09/25 14:42:57:1763] N: WS   /ws - (unix skt), clients: 2
[2026/09/25 14:42:57:1764] N: WS   /ws - (unix skt), clients: 3
[2026/09/25 14:42:57:1764] N: WS   /ws - (unix skt), clients: 4
[2026/09/25 14:42:57:1764] N: WS   /ws - (unix skt), clients: 5
[2026/09/25 14:42:57:1764] N: WS   /ws - (unix skt), clients: 6
[2026/09/25 14:42:57:1764] N: WS   /ws - (unix skt), clients: 7
[2026/09/25 14:42:57:1764] N: WS   /ws - (unix skt), clients: 8
[2026/09/25 14:42:57:1764] N: WS   /ws - (unix skt), clients: 9
[2026/09/25 14:42:57:1765] N: WS   /ws - (unix skt), clients: 10
[2026/09/25 14:42:57:1773] N: started process, pid: 56034
[2026/09/25 14:42:57:1779] N: started process, pid: 56035
[2026/09/25 14:42:57:1787] N: started process, pid: 56036
[2026/09/25 14:42:57:1794] N: started process, pid: 56037
[2026/09/25 14:42:57:1804] N: started process, pid: 56038
[2026/09/25 14:42:57:1814] N: started process, pid: 56039
[2026/09/25 14:42:57:1832] N: started process, pid: 56040
[2026/09/25 14:42:57:1860] N: started process, pid: 56041
[2026/09/25 14:42:57:1878] N: started process, pid: 56051
[2026/09/25 14:42:57:1903] N: started process, pid: 56058
[2026/09/25 14:42:57:3281] N: WS closed from (unix skt), clients: 9
[2026/09/25 14:42:57:3281] N: killing process, pid: 56036
[2026/09/25 14:42:57:3285] N: process killed with signal 1, pid: 56036
[2026/09/25 14:42:57:3712] N: WS closed from (unix skt), clients: 8
[2026/09/25 14:42:57:3712] N: killing process, pid: 56051
[2026/09/25 14:42:57:3715] N: process killed with signal 1, pid: 56051
[2026/09/25 14:42:57:4831] N: WS closed from (unix skt), clients: 7
[2026/09/25 14:42:57:4831] N: killing process, pid: 56038
[2026/09/25 14:42:57:4837] N: process killed with signal 0, pid: 56038
[2026/09/25 14:42:57:5463] N: WS closed from (unix skt), clients: 6
[2026/09/25 14:42:57:5463] N: killing process, pid: 56034
[2026/09/25 14:42:57:5471] N: process killed with signal 0, pid: 56034
[2026/09/25 14:42:57:5586] N: WS closed from (unix skt), clients: 5
[2026/09/25 14:42:57:5587] N: killing process, pid: 56039
[2026/09/25 14:42:57:5594] N: process killed with signal 0, pid: 56039
[2026/09/25 14:42:57:5919] N: WS closed from (unix skt), clients: 4
[2026/09/25 14:42:57:5919] N: killing process, pid: 56040
[2026/09/25 14:42:57:5926] N: process killed with signal 0, pid: 56040
[2026/09/25 14:42:58:0490] N: WS closed from (unix skt), clients: 3
[2026/09/25 14:42:58:0490] N: killing process, pid: 56035
[2026/09/25 14:42:58:0499] N: process killed with signal 0, pid: 56035
[2026/09/25 14:42:58:0920] N: WS closed from (unix skt), clients: 2
[2026/09/25 14:42:58:0921] N: killing process, pid: 56041
[2026/09/25 14:42:58:0930] N: process killed with signal 0, pid: 56041
[2026/09/25 14:42:59:1781] N: WS closed from (unix skt), clients: 1
[2026/09/25 14:42:59:1782] N: killing process, pid: 56037
[2026/09/25 14:42:59:1783] N: WS closed from (unix skt), clients: 0
[2026/09/25 14:42:59:1783] N: killing process, pid: 56058
[2026/09/25 14:42:59:1792] N: process killed with signal 0, pid: 56037
[2026/09/25 14:42:59:1802] N: process killed with signal 0, pid: 56058
[2026/09/25 14:42:59:1901] N: WS   /ws - (unix skt), clients: 1
[2026/09/25 14:42:59:1901] N: WS   /ws - (unix skt), clients: 2
[2026/09/25 14:42:59:1902] N: WS   /ws - (unix skt), clients: 3
[2026/09/25 14:42:59:1902] N: WS   /ws - (unix skt), clients: 4
[2026/09/25 14:42:59:1902] N: WS   /ws - (unix skt), clients: 5
[2026/09/25 14:42:59:1902] N: WS   /ws - (unix skt), clients: 6
[2026/09/25 14:42:59:1902] N: WS   /ws - (unix skt), clients: 7
[2026/09/25 14:42:59:1902] N: WS   /ws - (unix skt), clients: 8
[2026/09/25 14:42:59:1902] N: WS   /ws - (unix skt), clients: 9
[2026/09/25 14:42:59:1903] N: WS   /ws - (unix skt), clients: 10
[2026/09/25 14:42:59:1911] N: started process, pid: 56366
[2026/09/25 14:42:59:1918] N: started process, pid: 56367
[2026/09/25 14:42:59:1923] N: started process, pid: 56368
[2026/09/25 14:42:59:1930] N: started process, pid: 56369
[2026/09/25 14:42:59:1941] N: started process, pid: 56370
[2026/09/25 14:42:59:1949] N: started process, pid: 56371
[2026/09/25 14:42:59:1969] N: started process, pid: 56372
[2026/09/25 14:42:59:1982] N: started process, pid: 56381
[2026/09/25 14:42:59:1990] N: started process, pid: 56385
[2026/09/25 14:42:59:2005] N: started process, pid: 56389
[2026/09/25 14:42:59:3858] N: WS closed from (unix skt), clients: 9
[2026/09/25 14:42:59:3858] N: killing process, pid: 56369
[2026/09/25 14:42:59:3866] N: process killed with signal 1, pid: 56369
[2026/09/25 14:42:59:4009] N: WS closed from (unix skt), clients: 8
[2026/09/25 14:42:59:4010] N: killing process, pid: 56385
[2026/09/25 14:42:59:4014] N: process killed with signal 1, pid: 56385
[2026/09/25 14:42:59:5041] N: WS closed from (unix skt), clients: 7
[2026/09/25 14:42:59:5042] N: killing process, pid: 56366
[2026/09/25 14:42:59:5048] N: process killed with signal 0, pid: 56366
[2026/09/25 14:42:59:5183] N: WS closed from (unix skt), clients: 6
[2026/09/25 14:42:59:5183] N: killing process, pid: 56368
[2026/09/25 14:42:59:5187] N: process killed with signal 0, pid: 56368
[2026/09/25 14:42:59:5564] N: WS closed from (unix skt), clients: 5
[2026/09/25 14:42:59:5565] N: killing process, pid: 56371
[2026/09/25 14:42:59:5570] N: process killed with signal 0, pid: 56371
[2026/09/25 14:42:59:5716] N: WS closed from (unix skt), clients: 4
[2026/09/25 14:42:59:5716] N: killing process, pid: 56372
[2026/09/25 14:42:59:5722] N: process killed with signal 0, pid: 56372
[2026/09/25 14:43:00:0056] N: WS closed from (unix skt), clients: 3
[2026/09/25 14:43:00:0056] N: killing process, pid: 56367
[2026/09/25 14:43:00:0062] N: process killed with signal 0, pid: 56367
[2026/09/25 14:43:00:1186] N: WS closed from (unix skt), clients: 2
[2026/09/25 14:43:00:1187] N: killing process, pid: 56381
[2026/09/25 14:43:00:1191] N: process killed with signal 0, pid: 56381
[2026/09/25 14:43:01:1916] N: WS closed from (unix skt), clients: 1
[2026/09/25 14:43:01:1917] N: killing process, pid: 56370
[2026/09/25 14:43:01:1918] N: WS closed from (unix skt), clients: 0
[2026/09/25 14:43:01:1918] N: killing process, pid: 56389
[2026/09/25 14:43:01:1928] N: process killed with signal 0, pid: 56370
[2026/09/25 14:43:01:1937] N: process killed with signal 0, pid: 56389
[2026/09/25 14:43:01:2059] N: WS   /ws - (unix skt), clients: 1
[2026/09/25 14:43:01:2059] N: WS   /ws - (unix skt), clients: 2
[2026/09/25 14:43:01:2059] N: WS   /ws - (unix skt), clients: 3
[2026/09/25 14:43:01:2060] N: WS   /ws - (unix skt), clients: 4
[2026/09/25 14:43:01:2060] N: WS   /ws - (unix skt), clients: 5
[2026/09/25 14:43:01:2060] N: WS   /ws - (unix skt), clients: 6
[2026/09/25 14:43:01:2060] N: WS   /ws - (unix skt), clients: 7
[2026/09/25 14:43:01:2060] N: WS   /ws - (unix skt), clients: 8
[2026/09/25 14:43:01:2061] N: WS   /ws - (unix skt), clients: 9
[2026/09/25 14:43:01:2061] N: WS   /ws - (unix skt), clients: 10
[2026/09/25 14:43:01:2073] N: started process, pid: 56643
[2026/09/25 14:43:01:2082] N: started process, pid: 56644
[2026/09/25 14:43:01:2091] N: started process, pid: 56645
[2026/09/25 14:43:01:2104] N: started process, pid: 56646
[2026/09/25 14:43:01:2113] N: started process, pid: 56647
[2026/09/25 14:43:01:2124] N: started process, pid: 56648
[2026/09/25 14:43:01:2140] N: started process, pid: 56650
[2026/09/25 14:43:01:2152] N: started process, pid: 56660
[2026/09/25 14:43:01:2160] N: started process, pid: 56663
[2026/09/25 14:43:01:2177] N: started process, pid: 56665
[2026/09/25 14:43:01:3943] N: WS closed from (unix skt), clients: 9
[2026/09/25 14:43:01:3944] N: killing process, pid: 56645
[2026/09/25 14:43:01:3948] N: process killed with signal 1, pid: 56645
[2026/09/25 14:43:01:4357] N: WS closed from (unix skt), clients: 8
[2026/09/25 14:43:01:4358] N: killing process, pid: 56663
[2026/09/25 14:43:01:4362] N: process killed with signal 1, pid: 56663
[2026/09/25 14:43:01:5798] N: WS closed from (unix skt), clients: 7
[2026/09/25 14:43:01:5799] N: killing process, pid: 56647
[2026/09/25 14:43:01:5806] N: process killed with signal 0, pid: 56647
[2026/09/25 14:43:01:5960] N: WS closed from (unix skt), clients: 6
[2026/09/25 14:43:01:5960] N: killing process, pid: 56643
[2026/09/25 14:43:01:5960] N: WS closed from (unix skt), clients: 5
[2026/09/25 14:43:01:5961] N: killing process, pid: 56650
[2026/09/25 14:43:01:5966] N: process killed with signal 0, pid: 56643
[2026/09/25 14:43:01:5966] N: process killed with signal 0, pid: 56650
[2026/09/25 14:43:01:6142] N: WS closed from (unix skt), clients: 4
[2026/09/25 14:43:01:6143] N: killing process, pid: 56648
[2026/09/25 14:43:01:6147] N: process killed with signal 0, pid: 56648
[2026/09/25 14:43:01:9826] N: WS closed from (unix skt), clients: 3
[2026/09/25 14:43:01:9827] N: killing process, pid: 56644
[2026/09/25 14:43:01:9834] N: process killed with signal 0, pid: 56644
[2026/09/25 14:43:02:0981] N: WS closed from (unix skt), clients: 2
[2026/09/25 14:43:02:0982] N: killing process, pid: 56660
[2026/09/25 14:43:02:0992] N: process killed with signal 0, pid: 56660
[2026/09/25 14:43:03:2077] N: WS closed from (unix skt), clients: 1
[2026/09/25 14:43:03:2077] N: killing process, pid: 56646
[2026/09/25 14:43:03:2078] N: WS closed from (unix skt), clients: 0
[2026/09/25 14:43:03:2078] N: killing process, pid: 56665
[2026/09/25 14:43:03:2087] N: process killed with signal 0, pid: 56646
[2026/09/25 14:43:03:2088] N: process killed with signal 0, pid: 56665
[2026/09/25 14:43:03:2155] N: WS   /ws - (unix skt), clients: 1
[2026/09/25 14:43:03:2155] N: WS   /ws - (unix skt), clients: 2
[2026/09/25 14:43:03:2155] N: WS   /ws - (unix skt), clients: 3
[2026/09/25 14:43:03:2156] N: WS   /ws - (unix skt), clients: 4
[2026/09/25 14:43:03:2156] N: WS   /ws - (unix skt), clients: 5
[2026/09/25 14:43:03:2156] N: WS   /ws - (unix skt), clients: 6
[2026/09/25 14:43:03:2156] N: WS   /ws - (unix skt), clients: 7
[2026/09/25 14:43:03:2156] N: WS   /ws - (unix skt), clients: 8
[2026/09/25 14:43:03:2156] N: WS   /ws - (unix skt), clients: 9
[2026/09/25 14:43:03:2156] N: WS   /ws - (unix skt), clients: 10
[2026/09/25 14:43:03:2167] N: started process, pid: 56992
[2026/09/25 14:43:03:2178] N: started process, pid: 56993
[2026/09/25 14:43:03:2186] N: started process, pid: 56994
[2026/09/25 14:43:03:2195] N: started process, pid: 56995
[2026/09/25 14:43:03:2201] N: started process, pid: 56996
[2026/09/25 14:43:03:2207] N: started process, pid: 56997
[2026/09/25 14:43:03:2213] N: started process, pid: 56998
[2026/09/25 14:43:03:2218] N: started process, pid: 56999
[2026/09/25 14:43:03:2228] N: started process, pid: 57002
[2026/09/25 14:43:03:2240] N: started process, pid: 57009
[2026/09/25 14:43:03:2937] N: WS closed from (unix skt), clients: 9
[2026/09/25 14:43:03:2938] N: killing process, pid: 56994
[2026/09/25 14:43:03:2942] N: process killed with signal 1, pid: 56994
[2026/09/25 14:43:03:4068] N: WS closed from (unix skt), clients: 8
[2026/09/25 14:43:03:4068] N: killing process, pid: 57002
[2026/09/25 14:43:03:4071] N: process killed with signal 1, pid: 57002
[2026/09/25 14:43:03:5389] N: WS closed from (unix skt), clients: 7
[2026/09/25 14:43:03:5390] N: killing process, pid: 56997
[2026/09/25 14:43:03:5398] N: process killed with signal 0, pid: 56997
[2026/09/25 14:43:03:5520] N: WS closed from (unix skt), clients: 6
[2026/09/25 14:43:03:5521] N: killing process, pid: 56992
[2026/09/25 14:43:03:5526] N: process killed with signal 0, pid: 56992
[2026/09/25 14:43:03:5662] N: WS closed from (unix skt), clients: 5
[2026/09/25 14:43:03:5662] N: killing process, pid: 56996
[2026/09/25 14:43:03:5667] N: process killed with signal 0, pid: 56996
[2026/09/25 14:43:03:5932] N: WS closed from (unix skt), clients: 4
[2026/09/25 14:43:03:5933] N: killing process, pid: 56999
[2026/09/25 14:43:03:5939] N: process killed with signal 0, pid: 56999
[2026/09/25 14:43:04:0129] N: WS closed from (unix skt), clients: 3
[2026/09/25 14:43:04:0130] N: killing process, pid: 56993
[2026/09/25 14:43:04:0137] N: process killed with signal 0, pid: 56993
[2026/09/25 14:43:04:0794] N: WS closed from (unix skt), clients: 2
[2026/09/25 14:43:04:0795] N: killing process, pid: 56998
[2026/09/25 14:43:04:0805] N: process killed with signal 0, pid: 56998
[2026/09/25 14:43:05:2164] N: WS closed from (unix skt), clients: 1
[2026/09/25 14:43:05:2165] N: killing process, pid: 56995
[2026/09/25 14:43:05:2165] N: WS closed from (unix skt), clients: 0
[2026/09/25 14:43:05:2165] N: killing process, pid: 57009
[2026/09/25 14:43:05:2180] N: process killed with signal 0, pid: 56995
[2026/09/25 14:43:05:2180] N: process killed with signal 0, pid: 57009
[2026/09/25 14:43:05:2313] N: WS   /ws - (unix skt), clients: 1
[2026/09/25 14:43:05:2314] N: WS   /ws - (unix skt), clients: 2
[2026/09/25 14:43:05:2314] N: WS   /ws - (unix skt), clients: 3
[2026/09/25 14:43:05:2314] N: WS   /ws - (unix skt), clients: 4
[2026/09/25 14:43:05:2315] N: WS   /ws - (unix skt), clients: 5
[2026/09/25 14:43:05:2315] N: WS   /ws - (unix skt), clients: 6
[2026/09/25 14:43:05:2315] N: WS   /ws - (unix skt), clients: 7
[2026/09/25 14:43:05:2315] N: WS   /ws - (unix skt), clients: 8
[2026/09/25 14:43:05:2315] N: WS   /ws - (unix skt), clients: 9
[2026/09/25 14:43:05:2325] N: started process, pid: 57227
[2026/09/25 14:43:05:2332] N: started process, pid: 57228
[2026/09/25 14:43:05:2333] N: WS   /ws - (unix skt), clients: 10
[2026/09/25 14:43:05:2340] N: started process, pid: 57229
[2026/09/25 14:43:05:2346] N: started process, pid: 57230
[2026/09/25 14:43:05:2354] N: started process, pid: 57231
[2026/09/25 14:43:05:2367] N: started process, pid: 57232
[2026/09/25 14:43:05:2384] N: started process, pid: 57233
[2026/09/25 14:43:05:2400] N: started process, pid: 57235
[2026/09/25 14:43:05:2422] N: started process, pid: 57239
[2026/09/25 14:43:05:2436] N: started process, pid: 57250
[2026/09/25 14:43:05:3668] N: WS closed from (unix skt), clients: 9
[2026/09/25 14:43:05:3668] N: killing process, pid: 57231
[2026/09/25 14:43:05:3671] N: process killed with signal 1, pid: 57231
[2026/09/25 14:43:05:4390] N: WS closed from (unix skt), clients: 8
[2026/09/25 14:43:05:4391] N: killing process, pid: 57250
[2026/09/25 14:43:05:4396] N: process killed with signal 1, pid: 57250
[2026/09/25 14:43:05:5387] N: WS closed from (unix skt), clients: 7
[2026/09/25 14:43:05:5388] N: killing process, pid: 57227
[2026/09/25 14:43:05:5394] N: process killed with signal 0, pid: 57227
[2026/09/25 14:43:05:5833] N: WS closed from (unix skt), clients: 6
[2026/09/25 14:43:05:5834] N: killing process, pid: 57229
[2026/09/25 14:43:05:5839] N: process killed with signal 0, pid: 57229
[2026/09/25 14:43:05:6249] N: WS closed from (unix skt), clients: 5
[2026/09/25 14:43:05:6249] N: killing process, pid: 57235
[2026/09/25 14:43:05:6255] N: process killed with signal 0, pid: 57235
[2026/09/25 14:43:05:6399] N: WS closed from (unix skt), clients: 4
[2026/09/25 14:43:05:6399] N: killing process, pid: 57233
[2026/09/25 14:43:05:6404] N: process killed with signal 0, pid: 57233
[2026/09/25 14:43:06:1013] N: WS closed from (unix skt), clients: 3
[2026/09/25 14:43:06:1014] N: killing process, pid: 57228
[2026/09/25 14:43:06:1023] N: process killed with signal 0, pid: 57228
[2026/09/25 14:43:06:1416] N: WS closed from (unix skt), clients: 2
[2026/09/25 14:43:06:1418] N: killing process, pid: 57239
[2026/09/25 14:43:06:1432] N: process killed with signal 0, pid: 57239
[2026/09/25 14:43:07:2334] N: WS closed from (unix skt), clients: 1
[2026/09/25 14:43:07:2335] N: killing process, pid: 57232
[2026/09/25 14:43:07:2335] N: WS closed from (unix skt), clients: 0
[2026/09/25 14:43:07:2335] N: killing process, pid: 57230
[2026/09/25 14:43:07:2343] N: process killed with signal 0, pid: 57230
[2026/09/25 14:43:07:2343] N: process killed with signal 0, pid: 57232
[2026/09/25 14:43:07:2399] N: WS   /ws - (unix skt), clients: 1
[2026/09/25 14:43:07:2399] N: WS   /ws - (unix skt), clients: 2
[2026/09/25 14:43:07:2399] N: WS   /ws - (unix skt), clients: 3
[2026/09/25 14:43:07:2399] N: WS   /ws - (unix skt), clients: 4
[2026/09/25 14:43:07:2400] N: WS   /ws - (unix skt), clients: 5
[2026/09/25 14:43:07:2400] N: WS   /ws - (unix skt), clients: 6
[2026/09/25 14:43:07:2400] N: WS   /ws - (unix skt), clients: 7
[2026/09/25 14:43:07:2400] N: WS   /ws - (unix skt), clients: 8
[2026/09/25 14:43:07:2400] N: WS   /ws - (unix skt), clients: 9
[2026/09/25 14:43:07:2400] N: WS   /ws - (unix skt), clients: 10
[2026/09/25 14:43:07:2406] N: started process, pid: 57575
[2026/09/25 14:43:07:2410] N: started process, pid: 57576
[2026/09/25 14:43:07:2416] N: started process, pid: 57577
[2026/09/25 14:43:07:2422] N: started process, pid: 57579
[2026/09/25 14:43:07:2431] N: started process, pid: 57580
[2026/09/25 14:43:07:2438] N: started process, pid: 57581
[2026/09/25 14:43:07:2447] N: started process, pid: 57584
[2026/09/25 14:43:07:2466] N: started process, pid: 57588
[2026/09/25 14:43:07:2482] N: started process, pid: 57595
[2026/09/25 14:43:07:2498] N: started process, pid: 57600
[2026/09/25 14:43:07:3752] N: WS closed from (unix skt), clients: 9
[2026/09/25 14:43:07:3753] N: killing process, pid: 57577
[2026/09/25 14:43:07:3778] N: process killed with signal 1, pid: 57577
[2026/09/25 14:43:07:4640] N: WS closed from (unix skt), clients: 8
[2026/09/25 14:43:07:4641] N: killing process, pid: 57595
[2026/09/25 14:43:07:4643] N: process killed with signal 1, pid: 57595
[2026/09/25 14:43:07:5119] N: WS closed from (unix skt), clients: 7
[2026/09/25 14:43:07:5120] N: killing process, pid: 57575
[2026/09/25 14:43:07:5124] N: process killed with signal 0, pid: 57575
[2026/09/25 14:43:07:6147] N: WS closed from (unix skt), clients: 6
[2026/09/25 14:43:07:6147] N: killing process, pid: 57581
[2026/09/25 14:43:07:6151] N: process killed with signal 0, pid: 57581
[2026/09/25 14:43:07:6424] N: WS closed from (unix skt), clients: 5
[2026/09/25 14:43:07:6424] N: killing process, pid: 57579
[2026/09/25 14:43:07:6429] N: process killed with signal 0, pid: 57579
[2026/09/25 14:43:07:6664] N: WS closed from (unix skt), clients: 4
[2026/09/25 14:43:07:6664] N: killing process, pid: 57584
[2026/09/25 14:43:07:6668] N: process killed with signal 0, pid: 57584
[2026/09/25 14:43:08:0327] N: WS closed from (unix skt), clients: 3
[2026/09/25 14:43:08:0327] N: killing process, pid: 57576
[2026/09/25 14:43:08:0333] N: process killed with signal 0, pid: 57576
[2026/09/25 14:43:08:1610] N: WS closed from (unix skt), clients: 2
[2026/09/25 14:43:08:1610] N: killing process, pid: 57588
[2026/09/25 14:43:08:1618] N: process killed with signal 0, pid: 57588
[2026/09/25 14:43:09:2415] N: WS closed from (unix skt), clients: 1
[2026/09/25 14:43:09:2416] N: killing process, pid: 57580
[2026/09/25 14:43:09:2416] N: WS closed from (unix skt), clients: 0
[2026/09/25 14:43:09:2416] N: killing process, pid: 57600
[2026/09/25 14:43:09:2422] N: process killed with signal 0, pid: 57580
[2026/09/25 14:43:09:2424] N: process killed with signal 0, pid: 57600
[2026/09/25 14:43:09:2486] N: WS   /ws - (unix skt), clients: 1
[2026/09/25 14:43:09:2486] N: WS   /ws - (unix skt), clients: 2
[2026/09/25 14:43:09:2486] N: WS   /ws - (unix skt), clients: 3
[2026/09/25 14:43:09:2486] N: WS   /ws - (unix skt), clients: 4
[2026/09/25 14:43:09:2486] N: WS   /ws - (unix skt), clients: 5
[2026/09/25 14:43:09:2486] N: WS   /ws - (unix skt), clients: 6
[2026/09/25 14:43:09:2486] N: WS   /ws - (unix skt), clients: 7
[2026/09/25 14:43:09:2486] N: WS   /ws - (unix skt), clients: 8
[2026/09/25 14:43:09:2487] N: WS   /ws - (unix skt), clients: 9
[2026/09/25 14:43:09:2487] N: WS   /ws - (unix skt), clients: 10
[2026/09/25 14:43:09:2493] N: started process, pid: 58189
[2026/09/25 14:43:09:2497] N: started process, pid: 58190
[2026/09/25 14:43:09:2502] N: started process, pid: 58191
[2026/09/25 14:43:09:2509] N: started process, pid: 58192
[2026/09/25 14:43:09:2516] N: started process, pid: 58193
[2026/09/25 14:43:09:2522] N: started process, pid: 58194
[2026/09/25 14:43:09:2530] N: started process, pid: 58195
[2026/09/25 14:43:09:2538] N: started process, pid: 58200
[2026/09/25 14:43:09:2551] N: started process, pid: 58203
[2026/09/25 14:43:09:2565] N: started process, pid: 58212
[2026/09/25 14:43:09:3940] N: WS closed from (unix skt), clients: 9
[2026/09/25 14:43:09:3941] N: killing process, pid: 58191
[2026/09/25 14:43:09:3944] N: process killed with signal 1, pid: 58191
[2026/09/25 14:43:09:4496] N: WS closed from (unix skt), clients: 8
[2026/09/25 14:43:09:4497] N: killing process, pid: 58203
[2026/09/25 14:43:09:4500] N: process killed with signal 1, pid: 58203
[2026/09/25 14:43:09:5809] N: WS closed from (unix skt), clients: 7
[2026/09/25 14:43:09:5810] N: killing process, pid: 58189
[2026/09/25 14:43:09:5814] N: process killed with signal 0, pid: 58189
[2026/09/25 14:43:09:6223] N: WS closed from (unix skt), clients: 6
[2026/09/25 14:43:09:6223] N: killing process, pid: 58195
[2026/09/25 14:43:09:6229] N: process killed with signal 0, pid: 58195
[2026/09/25 14:43:09:6375] N: WS closed from (unix skt), clients: 5
[2026/09/25 14:43:09:6375] N: killing process, pid: 58194
[2026/09/25 14:43:09:6378] N: process killed with signal 0, pid: 58194
[2026/09/25 14:43:09:6664] N: WS closed from (unix skt), clients: 4
[2026/09/25 14:43:09:6664] N: killing process, pid: 58193
[2026/09/25 14:43:09:6669] N: process killed with signal 0, pid: 58193
[2026/09/25 14:43:10:0500] N: WS closed from (unix skt), clients: 3
[2026/09/25 14:43:10:0500] N: killing process, pid: 58190
[2026/09/25 14:43:10:0508] N: process killed with signal 0, pid: 58190
[2026/09/25 14:43:10:1690] N: WS closed from (unix skt), clients: 2
[2026/09/25 14:43:10:1691] N: killing process, pid: 58200
[2026/09/25 14:43:10:1698] N: process killed with signal 0, pid: 58200
[2026/09/25 14:43:11:2492] N: WS closed from (unix skt), clients: 1
[2026/09/25 14:43:11:2493] N: killing process, pid: 58192
[2026/09/25 14:43:11:2493] N: WS closed from (unix skt), clients: 0
[2026/09/25 14:43:11:2493] N: killing process, pid: 58212
[2026/09/25 14:43:11:2502] N: process killed with signal 0, pid: 58212
[2026/09/25 14:43:11:2502] N: process killed with signal 0, pid: 58192
[2026/09/25 14:43:11:2578] N: WS   /ws - (unix skt), clients: 1
[2026/09/25 14:43:11:2579] N: WS   /ws - (unix skt), clients: 2
[2026/09/25 14:43:11:2579] N: WS   /ws - (unix skt), clients: 3
[2026/09/25 14:43:11:2579] N: WS   /ws - (unix skt), clients: 4
[2026/09/25 14:43:11:2579] N: WS   /ws - (unix skt), clients: 5
[2026/09/25 14:43:11:2579] N: WS   /ws - (unix skt), clients: 6
[2026/09/25 14:43:11:2580] N: WS   /ws - (unix skt), clients: 7
[2026/09/25 14:43:11:2586] N: started process, pid: 58568
[2026/09/25 14:43:11:2587] N: WS   /ws - (unix skt), clients: 8
[2026/09/25 14:43:11:2587] N: WS   /ws - (unix skt), clients: 9
[2026/09/25 14:43:11:2587] N: WS   /ws - (unix skt), clients: 10
[2026/09/25 14:43:11:2592] N: started process, pid: 58569
[2026/09/25 14:43:11:2597] N: started process, pid: 58570
[2026/09/25 14:43:11:2604] N: started process, pid: 58571
[2026/09/25 14:43:11:2612] N: started process, pid: 58573
[2026/09/25 14:43:11:2620] N: started process, pid: 58574
[2026/09/25 14:43:11:2627] N: started process, pid: 58575
[2026/09/25 14:43:11:2638] N: started process, pid: 58578
[2026/09/25 14:43:11:2652] N: started process, pid: 58582
[2026/09/25 14:43:11:2660] N: started process, pid: 58590
[2026/09/25 14:43:11:3904] N: WS closed from (unix skt), clients: 9
[2026/09/25 14:43:11:3905] N: killing process, pid: 58571
[2026/09/25 14:43:11:3909] N: process killed with signal 1, pid: 58571
[2026/09/25 14:43:11:4343] N: WS closed from (unix skt), clients: 8
[2026/09/25 14:43:11:4343] N: killing process, pid: 58575
[2026/09/25 14:43:11:4345] N: process killed with signal 1, pid: 58575
[2026/09/25 14:43:11:5305] N: WS closed from (unix skt), clients: 7
[2026/09/25 14:43:11:5305] N: killing process, pid: 58568
[2026/09/25 14:43:11:5310] N: process killed with signal 0, pid: 58568
[2026/09/25 14:43:11:5617] N: WS closed from (unix skt), clients: 6
[2026/09/25 14:43:11:5617] N: killing process, pid: 58569
[2026/09/25 14:43:11:5621] N: process killed with signal 0, pid: 58569
[2026/09/25 14:43:11:6500] N: WS closed from (unix skt), clients: 5
[2026/09/25 14:43:11:6500] N: killing process, pid: 58582
[2026/09/25 14:43:11:6507] N: process killed with signal 0, pid: 58582
[2026/09/25 14:43:11:6527] N: WS closed from (unix skt), clients: 4
[2026/09/25 14:43:11:6527] N: killing process, pid: 58590
[2026/09/25 14:43:11:6531] N: process killed with signal 0, pid: 58590
[2026/09/25 14:43:12:0790] N: WS closed from (unix skt), clients: 3
[2026/09/25 14:43:12:0792] N: killing process, pid: 58570
[2026/09/25 14:43:12:0808] N: process killed with signal 0, pid: 58570
[2026/09/25 14:43:12:1523] N: WS closed from (unix skt), clients: 2
[2026/09/25 14:43:12:1524] N: killing process, pid: 58574
[2026/09/25 14:43:12:1542] N: process killed with signal 0, pid: 58574
[2026/09/25 14:43:13:2603] N: WS closed from (unix skt), clients: 1
[2026/09/25 14:43:13:2603] N: killing process, pid: 58578
[2026/09/25 14:43:13:2604] N: WS closed from (unix skt), clients: 0
[2026/09/25 14:43:13:2604] N: killing process, pid: 58573
[2026/09/25 14:43:13:2616] N: process killed with signal 0, pid: 58578
[2026/09/25 14:43:13:2616] N: process killed with signal 0, pid: 58573
[2026/09/25 14:43:13:2727] N: WS   /ws - (unix skt), clients: 1
[2026/09/25 14:43:13:2727] N: WS   /ws - (unix skt), clients: 2
[2026/09/25 14:43:13:2727] N: WS   /ws - (unix skt), clients: 3
[2026/09/25 14:43:13:2727] N: WS   /ws - (unix skt), clients: 4
[2026/09/25 14:43:13:2727] N: WS   /ws - (unix skt), clients: 5
[2026/09/25 14:43:13:2728] N: WS   /ws - (unix skt), clients: 6
[2026/09/25 14:43:13:2728] N: WS   /ws - (unix skt), clients: 7
[2026/09/25 14:43:13:2728] N: WS   /ws - (unix skt), clients: 8
[2026/09/25 14:43:13:2728] N: WS   /ws - (unix skt), clients: 9
[2026/09/25 14:43:13:2728] N: WS   /ws - (unix skt), clients: 10
[2026/09/25 14:43:13:2737] N: started process, pid: 58819
[2026/09/25 14:43:13:2743] N: started process, pid: 58820
[2026/09/25 14:43:13:2748] N: started process, pid: 58821
[2026/09/25 14:43:13:2754] N: started process, pid: 58822
[2026/09/25 14:43:13:2765] N: started process, pid: 58823
[2026/09/25 14:43:13:2779] N: started process, pid: 58824
[2026/09/25 14:43:13:2805] N: started process, pid: 58825
[2026/09/25 14:43:13:2822] N: started process, pid: 58836
[2026/09/25 14:43:13:2848] N: started process, pid: 58841
[2026/09/25 14:43:13:2872] N: started process, pid: 58846
[2026/09/25 14:43:13:4656] N: WS closed from (unix skt), clients: 9
[2026/09/25 14:43:13:4656] N: killing process, pid: 58822
[2026/09/25 14:43:13:4661] N: process killed with signal 1, pid: 58822
[2026/09/25 14:43:13:4803] N: WS closed from (unix skt), clients: 8
[2026/09/25 14:43:13:4803] N: killing process, pid: 58841
[2026/09/25 14:43:13:4807] N: process killed with signal 1, pid: 58841
[2026/09/25 14:43:13:5664] N: WS closed from (unix skt), clients: 7
[2026/09/25 14:43:13:5665] N: killing process, pid: 58820
[2026/09/25 14:43:13:5669] N: process killed with signal 0, pid: 58820
[2026/09/25 14:43:13:6676] N: WS closed from (unix skt), clients: 6
[2026/09/25 14:43:13:6677] N: killing process, pid: 58824
[2026/09/25 14:43:13:6677] N: WS closed from (unix skt), clients: 5
[2026/09/25 14:43:13:6677] N: killing process, pid: 58825
[2026/09/25 14:43:13:6678] N: WS closed from (unix skt), clients: 4
[2026/09/25 14:43:13:6678] N: killing process, pid: 58819
[2026/09/25 14:43:13:6686] N: process killed with signal 0, pid: 58824
[2026/09/25 14:43:13:6687] N: process killed with signal 0, pid: 58825
[2026/09/25 14:43:13:6687] N: process killed with signal 0, pid: 58819
[2026/09/25 14:43:14:0689] N: WS closed from (unix skt), clients: 3
[2026/09/25 14:43:14:0690] N: killing process, pid: 58821
[2026/09/25 14:43:14:0696] N: process killed with signal 0, pid: 58821
[2026/09/25 14:43:14:1808] N: WS closed from (unix skt), clients: 2
[2026/09/25 14:43:14:1808] N: killing process, pid: 58836
[2026/09/25 14:43:14:1821] N: process killed with signal 0, pid: 58836
[2026/09/25 14:43:15:2752] N: WS closed from (unix skt), clients: 1
[2026/09/25 14:43:15:2753] N: killing process, pid: 58823
[2026/09/25 14:43:15:2754] N: WS closed from (unix skt), clients: 0
[2026/09/25 14:43:15:2754] N: killing process, pid: 58846
[2026/09/25 14:43:15:2762] N: process killed with signal 0, pid: 58823
[2026/09/25 14:43:15:2772] N: process killed with signal 0, pid: 58846
[2026/09/25 14:43:15:2905] N: WS   /ws - (unix skt), clients: 1
[2026/09/25 14:43:15:2905] N: WS   /ws - (unix skt), clients: 2
[2026/09/25 14:43:15:2906] N: WS   /ws - (unix skt), clients: 3
[2026/09/25 14:43:15:2906] N: WS   /ws - (unix skt), clients: 4
[2026/09/25 14:43:15:2906] N: WS   /ws - (unix skt), clients: 5
[2026/09/25 14:43:15:2906] N: WS   /ws - (unix skt), clients: 6
[2026/09/25 14:43:15:2906] N: WS   /ws - (unix skt), clients: 7
[2026/09/25 14:43:15:2906] N: WS   /ws - (unix skt), clients: 8
[2026/09/25 14:43:15:2907] N: WS   /ws - (unix skt), clients: 9
[2026/09/25 14:43:15:2907] N: WS   /ws - (unix skt), clients: 10
[2026/09/25 14:43:15:2916] N: started process, pid: 59104
[2026/09/25 14:43:15:2923] N: started process, pid: 59105
[2026/09/25 14:43:15:2929] N: started process, pid: 59106
[2026/09/25 14:43:15:2936] N: started process, pid: 59107
[2026/09/25 14:43:15:2949] N: started process, pid: 59108
[2026/09/25 14:43:15:2959] N: started process, pid: 59109
[2026/09/25 14:43:15:2969] N: started process, pid: 59110
[2026/09/25 14:43:15:2988] N: started process, pid: 59112
[2026/09/25 14:43:15:3002] N: started process, pid: 59117
[2026/09/25 14:43:15:3017] N: started process, pid: 59123
[2026/09/25 14:43:15:4226] N: WS closed from (unix skt), clients: 9
[2026/09/25 14:43:15:4227] N: killing process, pid: 59117
[2026/09/25 14:43:15:4239] N: process killed with signal 1, pid: 59117
[2026/09/25 14:43:15:4780] N: WS closed from (unix skt), clients: 8
[2026/09/25 14:43:15:4780] N: killing process, pid: 59106
[2026/09/25 14:43:15:4784] N: process killed with signal 1, pid: 59106
[2026/09/25 14:43:15:5968] N: WS closed from (unix skt), clients: 7
[2026/09/25 14:43:15:5968] N: killing process, pid: 59104
[2026/09/25 14:43:15:5973] N: process killed with signal 0, pid: 59104
[2026/09/25 14:43:15:6092] N: WS closed from (unix skt), clients: 6
[2026/09/25 14:43:15:6093] N: killing process, pid: 59107
[2026/09/25 14:43:15:6100] N: process killed with signal 0, pid: 59107
[2026/09/25 14:43:15:6923] N: WS closed from (unix skt), clients: 5
[2026/09/25 14:43:15:6924] N: killing process, pid: 59109
[2026/09/25 14:43:15:6924] N: WS closed from (unix skt), clients: 4
[2026/09/25 14:43:15:6924] N: killing process, pid: 59110
[2026/09/25 14:43:15:6930] N: process killed with signal 0, pid: 59109
[2026/09/25 14:43:15:6931] N: process killed with signal 0, pid: 59110
[2026/09/25 14:43:16:1398] N: WS closed from (unix skt), clients: 3
[2026/09/25 14:43:16:1399] N: killing process, pid: 59105
[2026/09/25 14:43:16:1411] N: process killed with signal 0, pid: 59105
[2026/09/25 14:43:16:1539] N: WS closed from (unix skt), clients: 2
[2026/09/25 14:43:16:1540] N: killing process, pid: 59112
[2026/09/25 14:43:16:1550] N: process killed with signal 0, pid: 59112
[2026/09/25 14:43:17:2923] N: WS closed from (unix skt), clients: 1
[2026/09/25 14:43:17:2924] N: killing process, pid: 59108
[2026/09/25 14:43:17:2925] N: WS closed from (unix skt), clients: 0
[2026/09/25 14:43:17:2925] N: killing process, pid: 59123
[2026/09/25 14:43:17:2933] N: process killed with signal 0, pid: 59108
[2026/09/25 14:43:17:2940] N: process killed with signal 0, pid: 59123
[2026/09/25 14:43:17:3036] N: WS   /ws - (unix skt), clients: 1
[2026/09/25 14:43:17:3036] N: WS   /ws - (unix skt), clients: 2
[2026/09/25 14:43:17:3037] N: WS   /ws - (unix skt), clients: 3
[2026/09/25 14:43:17:3037] N: WS   /ws - (unix skt), clients: 4
[2026/09/25 14:43:17:3037] N: WS   /ws - (unix skt), clients: 5
[2026/09/25 14:43:17:3037] N: WS   /ws - (unix skt), clients: 6
[2026/09/25 14:43:17:3037] N: WS   /ws - (unix skt), clients: 7
[2026/09/25 14:43:17:3037] N: WS   /ws - (unix skt), clients: 8
[2026/09/25 14:43:17:3037] N: WS   /ws - (unix skt), clients: 9
[2026/09/25 14:43:17:3038] N: WS   /ws - (unix skt), clients: 10
[2026/09/25 14:43:17:3050] N: started process, pid: 59365
[2026/09/25 14:43:17:3057] N: started process, pid: 59366
[2026/09/25 14:43:17:3063] N: started process, pid: 59367
[2026/09/25 14:43:17:3072] N: started process, pid: 59368
[2026/09/25 14:43:17:3087] N: started process, pid: 59369
[2026/09/25 14:43:17:3098] N: started process, pid: 59370
[2026/09/25 14:43:17:3107] N: started process, pid: 59374
[2026/09/25 14:43:17:3121] N: started process, pid: 59380
[2026/09/25 14:43:17:3132] N: started process, pid: 59383
[2026/09/25 14:43:17:3145] N: started process, pid: 59387
[2026/09/25 14:43:17:4139] N: WS closed from (unix skt), clients: 9
[2026/09/25 14:43:17:4140] N: killing process, pid: 59367
[2026/09/25 14:43:17:4146] N: process killed with signal 1, pid: 59367
[2026/09/25 14:43:17:4871] N: WS closed from (unix skt), clients: 8
[2026/09/25 14:43:17:4872] N: killing process, pid: 59383
[2026/09/25 14:43:17:4876] N: process killed with signal 1, pid: 59383
[2026/09/25 14:43:17:5744] N: WS closed from (unix skt), clients: 7
[2026/09/25 14:43:17:5744] N: killing process, pid: 59365
[2026/09/25 14:43:17:5748] N: process killed with signal 0, pid: 59365
[2026/09/25 14:43:17:6617] N: WS closed from (unix skt), clients: 6
[2026/09/25 14:43:17:6617] N: killing process, pid: 59374
[2026/09/25 14:43:17:6624] N: process killed with signal 0, pid: 59374
[2026/09/25 14:43:17:6732] N: WS closed from (unix skt), clients: 5
[2026/09/25 14:43:17:6733] N: killing process, pid: 59369
[2026/09/25 14:43:17:6739] N: process killed with signal 0, pid: 59369
[2026/09/25 14:43:17:6894] N: WS closed from (unix skt), clients: 4
[2026/09/25 14:43:17:6895] N: killing process, pid: 59370
[2026/09/25 14:43:17:6900] N: process killed with signal 0, pid: 59370
[2026/09/25 14:43:18:0771] N: WS closed from (unix skt), clients: 3
[2026/09/25 14:43:18:0772] N: killing process, pid: 59366
[2026/09/25 14:43:18:0779] N: process killed with signal 0, pid: 59366
[2026/09/25 14:43:18:1353] N: WS closed from (unix skt), clients: 2
[2026/09/25 14:43:18:1354] N: killing process, pid: 59380
[2026/09/25 14:43:18:1364] N: process killed with signal 0, pid: 59380
[2026/09/25 14:43:19:3059] N: WS closed from (unix skt), clients: 1
[2026/09/25 14:43:19:3059] N: killing process, pid: 59368
[2026/09/25 14:43:19:3060] N: WS closed from (unix skt), clients: 0
[2026/09/25 14:43:19:3060] N: killing process, pid: 59387
[2026/09/25 14:43:19:3071] N: process killed with signal 0, pid: 59387
[2026/09/25 14:43:19:3072] N: process killed with signal 0, pid: 59368
[2026/09/25 14:43:19:3170] N: WS   /ws - (unix skt), clients: 1
[2026/09/25 14:43:19:3170] N: WS   /ws - (unix skt), clients: 2
[2026/09/25 14:43:19:3170] N: WS   /ws - (unix skt), clients: 3
[2026/09/25 14:43:19:3170] N: WS   /ws - (unix skt), clients: 4
[2026/09/25 14:43:19:3170] N: WS   /ws - (unix skt), clients: 5
[2026/09/25 14:43:19:3170] N: WS   /ws - (unix skt), clients: 6
[2026/09/25 14:43:19:3171] N: WS   /ws - (unix skt), clients: 7
[2026/09/25 14:43:19:3171] N: WS   /ws - (unix skt), clients: 8
[2026/09/25 14:43:19:3178] N: started process, pid: 59672
[2026/09/25 14:43:19:3178] N: WS   /ws - (unix skt), clients: 9
[2026/09/25 14:43:19:3179] N: WS   /ws - (unix skt), clients: 10
[2026/09/25 14:43:19:3183] N: started process, pid: 59673
[2026/09/25 14:43:19:3188] N: started process, pid: 59674
[2026/09/25 14:43:19:3193] N: started process, pid: 59675
[2026/09/25 14:43:19:3203] N: started process, pid: 59676
[2026/09/25 14:43:19:3210] N: started process, pid: 59677
[2026/09/25 14:43:19:3217] N: started process, pid: 59678
[2026/09/25 14:43:19:3224] N: started process, pid: 59679
[2026/09/25 14:43:19:3236] N: started process, pid: 59683
[2026/09/25 14:43:19:3256] N: started process, pid: 59690
[2026/09/25 14:43:19:4336] N: WS closed from (unix skt), clients: 9
[2026/09/25 14:43:19:4336] N: killing process, pid: 59674
[2026/09/25 14:43:19:4349] N: process killed with signal 1, pid: 59674
[2026/09/25 14:43:19:4569] N: WS closed from (unix skt), clients: 8
[2026/09/25 14:43:19:4569] N: killing process, pid: 59677
[2026/09/25 14:43:19:4572] N: process killed with signal 1, pid: 59677
[2026/09/25 14:43:19:6098] N: WS closed from (unix skt), clients: 7
[2026/09/25 14:43:19:6098] N: killing process, pid: 59672
[2026/09/25 14:43:19:6102] N: process killed with signal 0, pid: 59672
[2026/09/25 14:43:19:6470] N: WS closed from (unix skt), clients: 6
[2026/09/25 14:43:19:6470] N: killing process, pid: 59673
[2026/09/25 14:43:19:6476] N: process killed with signal 0, pid: 59673
[2026/09/25 14:43:19:6721] N: WS closed from (unix skt), clients: 5
[2026/09/25 14:43:19:6721] N: killing process, pid: 59683
[2026/09/25 14:43:19:6727] N: process killed with signal 0, pid: 59683
[2026/09/25 14:43:19:6983] N: WS closed from (unix skt), clients: 4
[2026/09/25 14:43:19:6984] N: killing process, pid: 59679
[2026/09/25 14:43:19:6991] N: process killed with signal 0, pid: 59679
[2026/09/25 14:43:20:1875] N: WS closed from (unix skt), clients: 3
[2026/09/25 14:43:20:1876] N: killing process, pid: 59676
[2026/09/25 14:43:20:1891] N: process killed with signal 0, pid: 59676
[2026/09/25 14:43:20:1998] N: WS closed from (unix skt), clients: 2
[2026/09/25 14:43:20:1999] N: killing process, pid: 59690
[2026/09/25 14:43:20:2012] N: process killed with signal 0, pid: 59690
[2026/09/25 14:43:21:3183] N: WS closed from (unix skt), clients: 1
[2026/09/25 14:43:21:3184] N: killing process, pid: 59678
[2026/09/25 14:43:21:3184] N: WS closed from (unix skt), clients: 0
[2026/09/25 14:43:21:3184] N: killing process, pid: 59675
[2026/09/25 14:43:21:3195] N: process killed with signal 0, pid: 59675
[2026/09/25 14:43:21:3195] N: process killed with signal 0, pid: 59678
[2026/09/25 14:43:21:3289] N: WS   /ws - (unix skt), clients: 1
[2026/09/25 14:43:21:3290] N: WS   /ws - (unix skt), clients: 2
[2026/09/25 14:43:21:3290] N: WS   /ws - (unix skt), clients: 3
[2026/09/25 14:43:21:3290] N: WS   /ws - (unix skt), clients: 4
[2026/09/25 14:43:21:3290] N: WS   /ws - (unix skt), clients: 5
[2026/09/25 14:43:21:3290] N: WS   /ws - (unix skt), clients: 6
[2026/09/25 14:43:21:3290] N: WS   /ws - (unix skt), clients: 7
[2026/09/25 14:43:21:3291] N: WS   /ws - (unix skt), clients: 8
[2026/09/25 14:43:21:3291] N: WS   /ws - (unix skt), clients: 9
[2026/09/25 14:43:21:3291] N: WS   /ws - (unix skt), clients: 10
[2026/09/25 14:43:21:3297] N: started process, pid: 59939
[2026/09/25 14:43:21:3302] N: started process, pid: 59940
[2026/09/25 14:43:21:3307] N: started process, pid: 59941
[2026/09/25 14:43:21:3313] N: started process, pid: 59942
[2026/09/25 14:43:21:3321] N: started process, pid: 59943
[2026/09/25 14:43:21:3328] N: started process, pid: 59944
[2026/09/25 14:43:21:3333] N: started process, pid: 59945
[2026/09/25 14:43:21:3344] N: started process, pid: 59946
[2026/09/25 14:43:21:3403] N: started process, pid: 59949
[2026/09/25 14:43:21:3415] N: started process, pid: 59960
[2026/09/25 14:43:21:4980] N: WS closed from (unix skt), clients: 9
[2026/09/25 14:43:21:4981] N: killing process, pid: 59949
[2026/09/25 14:43:21:5035] N: process killed with signal 1, pid: 59949
[2026/09/25 14:43:21:5139] N: WS closed from (unix skt), clients: 8
[2026/09/25 14:43:21:5140] N: killing process, pid: 59942
[2026/09/25 14:43:21:5148] N: process killed with signal 1, pid: 59942
[2026/09/25 14:43:21:6034] N: WS closed from (unix skt), clients: 7
[2026/09/25 14:43:21:6034] N: killing process, pid: 59940
[2026/09/25 14:43:21:6038] N: process killed with signal 0, pid: 59940
[2026/09/25 14:43:21:6448] N: WS closed from (unix skt), clients: 6
[2026/09/25 14:43:21:6448] N: killing process, pid: 59939
[2026/09/25 14:43:21:6454] N: process killed with signal 0, pid: 59939
[2026/09/25 14:43:21:6874] N: WS closed from (unix skt), clients: 5
[2026/09/25 14:43:21:6875] N: killing process, pid: 59944
[2026/09/25 14:43:21:6881] N: process killed with signal 0, pid: 59944
[2026/09/25 14:43:21:7146] N: WS closed from (unix skt), clients: 4
[2026/09/25 14:43:21:7146] N: killing process, pid: 59945
[2026/09/25 14:43:21:7151] N: process killed with signal 0, pid: 59945
[2026/09/25 14:43:22:1338] N: WS closed from (unix skt), clients: 3
[2026/09/25 14:43:22:1338] N: killing process, pid: 59941
[2026/09/25 14:43:22:1344] N: process killed with signal 0, pid: 59941
[2026/09/25 14:43:22:1590] N: WS closed from (unix skt), clients: 2
[2026/09/25 14:43:22:1590] N: killing process, pid: 59946
[2026/09/25 14:43:22:1598] N: process killed with signal 0, pid: 59946
[2026/09/25 14:43:23:3305] N: WS closed from (unix skt), clients: 1
[2026/09/25 14:43:23:3306] N: killing process, pid: 59943
[2026/09/25 14:43:23:3306] N: WS closed from (unix skt), clients: 0
[2026/09/25 14:43:23:3306] N: killing process, pid: 59960
[2026/09/25 14:43:23:3314] N: process killed with signal 0, pid: 59943
[2026/09/25 14:43:23:3323] N: process killed with signal 0, pid: 59960
[2026/09/25 14:43:23:3474] N: WS   /ws - (unix skt), clients: 1
[2026/09/25 14:43:23:3483] N: started process, pid: 60249
[2026/09/25 14:43:23:3484] N: WS   /ws - (unix skt), clients: 2
[2026/09/25 14:43:23:3485] N: WS   /ws - (unix skt), clients: 3
[2026/09/25 14:43:23:3485] N: WS   /ws - (unix skt), clients: 4
[2026/09/25 14:43:23:3485] N: WS   /ws - (unix skt), clients: 5
[2026/09/25 14:43:23:3485] N: WS   /ws - (unix skt), clients: 6
[2026/09/25 14:43:23:3486] N: WS   /ws - (unix skt), clients: 7
[2026/09/25 14:43:23:3486] N: WS   /ws - (unix skt), clients: 8
[2026/09/25 14:43:23:3486] N: WS   /ws - (unix skt), clients: 9
[2026/09/25 14:43:23:3486] N: WS   /ws - (unix skt), clients: 10
[2026/09/25 14:43:23:3493] N: started process, pid: 60250
[2026/09/25 14:43:23:3500] N: started process, pid: 60251
[2026/09/25 14:43:23:3508] N: started process, pid: 60252
[2026/09/25 14:43:23:3520] N: started process, pid: 60253
[2026/09/25 14:43:23:3535] N: started process, pid: 60254
[2026/09/25 14:43:23:3542] N: started process, pid: 60257
[2026/09/25 14:43:23:3559] N: started process, pid: 60262
[2026/09/25 14:43:23:3570] N: started process, pid: 60266
[2026/09/25 14:43:23:3585] N: started process, pid: 60269
[2026/09/25 14:43:23:4657] N: WS closed from (unix skt), clients: 9
[2026/09/25 14:43:23:4658] N: killing process, pid: 60252
[2026/09/25 14:43:23:4661] N: process killed with signal 1, pid: 60252
[2026/09/25 14:43:23:5306] N: WS closed from (unix skt), clients: 8
[2026/09/25 14:43:23:5306] N: killing process, pid: 60266
[2026/09/25 14:43:23:5309] N: process killed with signal 1, pid: 60266
[2026/09/25 14:43:23:6211] N: WS closed from (unix skt), clients: 7
[2026/09/25 14:43:23:6211] N: killing process, pid: 60250
[2026/09/25 14:43:23:6216] N: process killed with signal 0, pid: 60250
[2026/09/25 14:43:23:6373] N: WS closed from (unix skt), clients: 6
[2026/09/25 14:43:23:6373] N: killing process, pid: 60249
[2026/09/25 14:43:23:6379] N: process killed with signal 0, pid: 60249
[2026/09/25 14:43:23:7056] N: WS closed from (unix skt), clients: 5
[2026/09/25 14:43:23:7057] N: killing process, pid: 60254
[2026/09/25 14:43:23:7061] N: process killed with signal 0, pid: 60254
[2026/09/25 14:43:23:7178] N: WS closed from (unix skt), clients: 4
[2026/09/25 14:43:23:7178] N: killing process, pid: 60257
[2026/09/25 14:43:23:7183] N: process killed with signal 0, pid: 60257
[2026/09/25 14:43:24:1958] N: WS closed from (unix skt), clients: 3
[2026/09/25 14:43:24:1959] N: killing process, pid: 60251
[2026/09/25 14:43:24:1978] N: process killed with signal 0, pid: 60251
[2026/09/25 14:43:24:2311] N: WS closed from (unix skt), clients: 2
[2026/09/25 14:43:24:2312] N: killing process, pid: 60262
[2026/09/25 14:43:24:2338] N: process killed with signal 0, pid: 60262
[2026/09/25 14:43:25:3493] N: WS closed from (unix skt), clients: 1
[2026/09/25 14:43:25:3494] N: killing process, pid: 60253
[2026/09/25 14:43:25:3494] N: WS closed from (unix skt), clients: 0
[2026/09/25 14:43:25:3494] N: killing process, pid: 60269
[2026/09/25 14:43:25:3510] N: process killed with signal 0, pid: 60253
[2026/09/25 14:43:25:3510] N: process killed with signal 0, pid: 60269
[2026/09/25 14:43:25:3622] N: WS   /ws - (unix skt), clients: 1
[2026/09/25 14:43:25:3623] N: WS   /ws - (unix skt), clients: 2
[2026/09/25 14:43:25:3623] N: WS   /ws - (unix skt), clients: 3
[2026/09/25 14:43:25:3623] N: WS   /ws - (unix skt), clients: 4
[2026/09/25 14:43:25:3623] N: WS   /ws - (unix skt), clients: 5
[2026/09/25 14:43:25:3624] N: WS   /ws - (unix skt), clients: 6
[2026/09/25 14:43:25:3624] N: WS   /ws - (unix skt), clients: 7
[2026/09/25 14:43:25:3624] N: WS   /ws - (unix skt), clients: 8
[2026/09/25 14:43:25:3624] N: WS   /ws - (unix skt), clients: 9
[2026/09/25 14:43:25:3624] N: WS   /ws - (unix skt), clients: 10
[2026/09/25 14:43:25:3633] N: started process, pid: 60529
[2026/09/25 14:43:25:3640] N: started process, pid: 60530
[2026/09/25 14:43:25:3646] N: started process, pid: 60531
[2026/09/25 14:43:25:3657] N: started process, pid: 60532
[2026/09/25 14:43:25:3669] N: started process, pid: 60533
[2026/09/25 14:43:25:3675] N: started process, pid: 60534
[2026/09/25 14:43:25:3683] N: started process, pid: 60535
[2026/09/25 14:43:25:3692] N: started process, pid: 60536
[2026/09/25 14:43:25:3708] N: started process, pid: 60544
[2026/09/25 14:43:25:3719] N: started process, pid: 60551
[2026/09/25 14:43:25:4721] N: WS closed from (unix skt), clients: 9
[2026/09/25 14:43:25:4722] N: killing process, pid: 60531
[2026/09/25 14:43:25:4728] N: process killed with signal 1, pid: 60531
[2026/09/25 14:43:25:5597] N: WS closed from (unix skt), clients: 8
[2026/09/25 14:43:25:5598] N: killing process, pid: 60544
[2026/09/25 14:43:25:5601] N: process killed with signal 1, pid: 60544
[2026/09/25 14:43:25:6158] N: WS closed from (unix skt), clients: 7
[2026/09/25 14:43:25:6158] N: killing process, pid: 60529
[2026/09/25 14:43:25:6162] N: process killed with signal 0, pid: 60529
[2026/09/25 14:43:25:7258] N: WS closed from (unix skt), clients: 6
[2026/09/25 14:43:25:7259] N: killing process, pid: 60533
[2026/09/25 14:43:25:7265] N: process killed with signal 0, pid: 60533
[2026/09/25 14:43:25:7400] N: WS closed from (unix skt), clients: 5
[2026/09/25 14:43:25:7400] N: killing process, pid: 60535
[2026/09/25 14:43:25:7400] N: WS closed from (unix skt), clients: 4
[2026/09/25 14:43:25:7400] N: killing process, pid: 60534
[2026/09/25 14:43:25:7406] N: process killed with signal 0, pid: 60534
[2026/09/25 14:43:25:7406] N: process killed with signal 0, pid: 60535
[2026/09/25 14:43:26:1625] N: WS closed from (unix skt), clients: 3
[2026/09/25 14:43:26:1626] N: killing process, pid: 60530
[2026/09/25 14:43:26:1629] N: process killed with signal 0, pid: 60530
[2026/09/25 14:43:26:2777] N: WS closed from (unix skt), clients: 2
[2026/09/25 14:43:26:2777] N: killing process, pid: 60536
[2026/09/25 14:43:26:2784] N: process killed with signal 0, pid: 60536
[2026/09/25 14:43:27:3644] N: WS closed from (unix skt), clients: 1
[2026/09/25 14:43:27:3645] N: killing process, pid: 60532
[2026/09/25 14:43:27:3645] N: WS closed from (unix skt), clients: 0
[2026/09/25 14:43:27:3645] N: killing process, pid: 60551
[2026/09/25 14:43:27:3649] N: process killed with signal 0, pid: 60532
[2026/09/25 14:43:27:3653] N: process killed with signal 0, pid: 60551
[2026/09/25 14:43:27:3711] N: WS   /ws - (unix skt), clients: 1
[2026/09/25 14:43:27:3711] N: WS   /ws - (unix skt), clients: 2
[2026/09/25 14:43:27:3711] N: WS   /ws - (unix skt), clients: 3
[2026/09/25 14:43:27:3711] N: WS   /ws - (unix skt), clients: 4
[2026/09/25 14:43:27:3711] N: WS   /ws - (unix skt), clients: 5
[2026/09/25 14:43:27:3711] N: WS   /ws - (unix skt), clients: 6
[2026/09/25 14:43:27:3711] N: WS   /ws - (unix skt), clients: 7
[2026/09/25 14:43:27:3711] N: WS   /ws - (unix skt), clients: 8
[2026/09/25 14:43:27:3712] N: WS   /ws - (unix skt), clients: 9
[2026/09/25 14:43:27:3712] N: WS   /ws - (unix skt), clients: 10
[2026/09/25 14:43:27:3717] N: started process, pid: 60834
[2026/09/25 14:43:27:3720] N: started process, pid: 60835
[2026/09/25 14:43:27:3723] N: started process, pid: 60836
[2026/09/25 14:43:27:3727] N: started process, pid: 60837
[2026/09/25 14:43:27:3737] N: started process, pid: 60838
[2026/09/25 14:43:27:3745] N: started process, pid: 60839
[2026/09/25 14:43:27:3753] N: started process, pid: 60840
[2026/09/25 14:43:27:3765] N: started process, pid: 60844
[2026/09/25 14:43:27:3774] N: started process, pid: 60850
[2026/09/25 14:43:27:3785] N: started process, pid: 60854
[2026/09/25 14:43:27:5327] N: WS closed from (unix skt), clients: 9
[2026/09/25 14:43:27:5328] N: killing process, pid: 60836
[2026/09/25 14:43:27:5331] N: process killed with signal 1, pid: 60836
[2026/09/25 14:43:27:5868] N: WS closed from (unix skt), clients: 8
[2026/09/25 14:43:27:5869] N: killing process, pid: 60850
[2026/09/25 14:43:27:5872] N: process killed with signal 1, pid: 60850
[2026/09/25 14:43:27:6752] N: WS closed from (unix skt), clients: 7
[2026/09/25 14:43:27:6753] N: killing process, pid: 60834
[2026/09/25 14:43:27:6757] N: process killed with signal 0, pid: 60834
[2026/09/25 14:43:27:6974] N: WS closed from (unix skt), clients: 6
[2026/09/25 14:43:27:6974] N: killing process, pid: 60837
[2026/09/25 14:43:27:6978] N: process killed with signal 0, pid: 60837
[2026/09/25 14:43:27:7165] N: WS closed from (unix skt), clients: 5
[2026/09/25 14:43:27:7166] N: killing process, pid: 60840
[2026/09/25 14:43:27:7170] N: process killed with signal 0, pid: 60840
[2026/09/25 14:43:27:7748] N: WS closed from (unix skt), clients: 4
[2026/09/25 14:43:27:7748] N: killing process, pid: 60839
[2026/09/25 14:43:27:7751] N: process killed with signal 0, pid: 60839
[2026/09/25 14:43:28:1601] N: WS closed from (unix skt), clients: 3
[2026/09/25 14:43:28:1602] N: killing process, pid: 60835
[2026/09/25 14:43:28:1607] N: process killed with signal 0, pid: 60835
[2026/09/25 14:43:28:2918] N: WS closed from (unix skt), clients: 2
[2026/09/25 14:43:28:2919] N: killing process, pid: 60844
[2026/09/25 14:43:28:2930] N: process killed with signal 0, pid: 60844
[2026/09/25 14:43:29:3726] N: WS closed from (unix skt), clients: 1
[2026/09/25 14:43:29:3726] N: killing process, pid: 60838
[2026/09/25 14:43:29:3726] N: WS closed from (unix skt), clients: 0
[2026/09/25 14:43:29:3726] N: killing process, pid: 60854
[2026/09/25 14:43:29:3731] N: process killed with signal 0, pid: 60838
[2026/09/25 14:43:29:3736] N: process killed with signal 0, pid: 60854
[2026/09/25 14:43:29:3790] N: WS   /ws - (unix skt), clients: 1
[2026/09/25 14:43:29:3790] N: WS   /ws - (unix skt), clients: 2
[2026/09/25 14:43:29:3790] N: WS   /ws - (unix skt), clients: 3
[2026/09/25 14:43:29:3790] N: WS   /ws - (unix skt), clients: 4
[2026/09/25 14:43:29:3790] N: WS   /ws - (unix skt), clients: 5
[2026/09/25 14:43:29:3790] N: WS   /ws - (unix skt), clients: 6
[2026/09/25 14:43:29:3790] N: WS   /ws - (unix skt), clients: 7
[2026/09/25 14:43:29:3790] N: WS   /ws - (unix skt), clients: 8
[2026/09/25 14:43:29:3791] N: WS   /ws - (unix skt), clients: 9
[2026/09/25 14:43:29:3791] N: WS   /ws - (unix skt), clients: 10
[2026/09/25 14:43:29:3796] N: started process, pid: 61191
[2026/09/25 14:43:29:3799] N: started process, pid: 61192
[2026/09/25 14:43:29:3803] N: started process, pid: 61193
[2026/09/25 14:43:29:3807] N: started process, pid: 61194
[2026/09/25 14:43:29:3817] N: started process, pid: 61195
[2026/09/25 14:43:29:3826] N: started process, pid: 61196
[2026/09/25 14:43:29:3839] N: started process, pid: 61199
[2026/09/25 14:43:29:3857] N: started process, pid: 61210
[2026/09/25 14:43:29:3866] N: started process, pid: 61215
[2026/09/25 14:43:29:3877] N: started process, pid: 61219
[2026/09/25 14:43:29:4712] N: WS closed from (unix skt), clients: 9
[2026/09/25 14:43:29:4712] N: killing process, pid: 61192
[2026/09/25 14:43:29:4715] N: process killed with signal 1, pid: 61192
[2026/09/25 14:43:29:5177] N: WS closed from (unix skt), clients: 8
[2026/09/25 14:43:29:5177] N: killing process, pid: 61196
[2026/09/25 14:43:29:5180] N: process killed with signal 1, pid: 61196
[2026/09/25 14:43:29:6450] N: WS closed from (unix skt), clients: 7
[2026/09/25 14:43:29:6450] N: killing process, pid: 61191
[2026/09/25 14:43:29:6459] N: process killed with signal 0, pid: 61191
[2026/09/25 14:43:29:6973] N: WS closed from (unix skt), clients: 6
[2026/09/25 14:43:29:6973] N: killing process, pid: 61194
[2026/09/25 14:43:29:6977] N: process killed with signal 0, pid: 61194
[2026/09/25 14:43:29:7426] N: WS closed from (unix skt), clients: 5
[2026/09/25 14:43:29:7427] N: killing process, pid: 61210
[2026/09/25 14:43:29:7427] N: WS closed from (unix skt), clients: 4
[2026/09/25 14:43:29:7427] N: killing process, pid: 61215
[2026/09/25 14:43:29:7433] N: process killed with signal 0, pid: 61210
[2026/09/25 14:43:29:7433] N: process killed with signal 0, pid: 61215
[2026/09/25 14:43:30:2085] N: WS closed from (unix skt), clients: 3
[2026/09/25 14:43:30:2086] N: killing process, pid: 61195
[2026/09/25 14:43:30:2094] N: process killed with signal 0, pid: 61195
[2026/09/25 14:43:30:2440] N: WS closed from (unix skt), clients: 2
[2026/09/25 14:43:30:2440] N: killing process, pid: 61219
[2026/09/25 14:43:30:2448] N: process killed with signal 0, pid: 61219
[2026/09/25 14:43:31:3800] N: WS closed from (unix skt), clients: 1
[2026/09/25 14:43:31:3801] N: killing process, pid: 61199
[2026/09/25 14:43:31:3802] N: WS closed from (unix skt), clients: 0
[2026/09/25 14:43:31:3802] N: killing process, pid: 61193
[2026/09/25 14:43:31:3810] N: process killed with signal 0, pid: 61199
[2026/09/25 14:43:31:3818] N: process killed with signal 0, pid: 61193
[2026/09/25 14:43:31:3933] N: WS   /ws - (unix skt), clients: 1
[2026/09/25 14:43:31:3933] N: WS   /ws - (unix skt), clients: 2
[2026/09/25 14:43:31:3934] N: WS   /ws - (unix skt), clients: 3
[2026/09/25 14:43:31:3934] N: WS   /ws - (unix skt), clients: 4
[2026/09/25 14:43:31:3934] N: WS   /ws - (unix skt), clients: 5
[2026/09/25 14:43:31:3934] N: WS   /ws - (unix skt), clients: 6
[2026/09/25 14:43:31:3934] N: WS   /ws - (unix skt), clients: 7
[2026/09/25 14:43:31:3934] N: WS   /ws - (unix skt), clients: 8
[2026/09/25 14:43:31:3935] N: WS   /ws - (unix skt), clients: 9
[2026/09/25 14:43:31:3946] N: started process, pid: 61491
[2026/09/25 14:43:31:3954] N: started process, pid: 61492
[2026/09/25 14:43:31:3961] N: started process, pid: 61493
[2026/09/25 14:43:31:3963] N: WS   /ws - (unix skt), clients: 10
[2026/09/25 14:43:31:3971] N: started process, pid: 61494
[2026/09/25 14:43:31:3982] N: started process, pid: 61495
[2026/09/25 14:43:31:3992] N: started process, pid: 61496
[2026/09/25 14:43:31:4000] N: started process, pid: 61497
[2026/09/25 14:43:31:4013] N: started process, pid: 61499
[2026/09/25 14:43:31:4028] N: started process, pid: 61511
[2026/09/25 14:43:31:4043] N: started process, pid: 61516
[2026/09/25 14:43:31:5205] N: WS closed from (unix skt), clients: 9
[2026/09/25 14:43:31:5205] N: killing process, pid: 61493
[2026/09/25 14:43:31:5207] N: process killed with signal 1, pid: 61493
[2026/09/25 14:43:31:5329] N: WS closed from (unix skt), clients: 8
[2026/09/25 14:43:31:5329] N: killing process, pid: 61516
[2026/09/25 14:43:31:5333] N: process killed with signal 1, pid: 61516
[2026/09/25 14:43:31:6533] N: WS closed from (unix skt), clients: 7
[2026/09/25 14:43:31:6533] N: killing process, pid: 61491
[2026/09/25 14:43:31:6538] N: process killed with signal 0, pid: 61491
[2026/09/25 14:43:31:7222] N: WS closed from (unix skt), clients: 6
[2026/09/25 14:43:31:7222] N: killing process, pid: 61494
[2026/09/25 14:43:31:7227] N: process killed with signal 0, pid: 61494
[2026/09/25 14:43:31:7575] N: WS closed from (unix skt), clients: 5
[2026/09/25 14:43:31:7576] N: killing process, pid: 61497
[2026/09/25 14:43:31:7576] N: WS closed from (unix skt), clients: 4
[2026/09/25 14:43:31:7577] N: killing process, pid: 61499
[2026/09/25 14:43:31:7584] N: process killed with signal 0, pid: 61499
[2026/09/25 14:43:31:7585] N: process killed with signal 0, pid: 61497
[2026/09/25 14:43:32:2240] N: WS closed from (unix skt), clients: 3
[2026/09/25 14:43:32:2240] N: killing process, pid: 61492
[2026/09/25 14:43:32:2250] N: process killed with signal 0, pid: 61492
[2026/09/25 14:43:32:2602] N: WS closed from (unix skt), clients: 2
[2026/09/25 14:43:32:2603] N: killing process, pid: 61511
[2026/09/25 14:43:32:2622] N: process killed with signal 0, pid: 61511
[2026/09/25 14:43:33:3959] N: WS closed from (unix skt), clients: 1
[2026/09/25 14:43:33:3959] N: killing process, pid: 61496
[2026/09/25 14:43:33:3960] N: WS closed from (unix skt), clients: 0
[2026/09/25 14:43:33:3960] N: killing process, pid: 61495
[2026/09/25 14:43:33:3965] N: process killed with signal 0, pid: 61496
[2026/09/25 14:43:33:3970] N: process killed with signal 0, pid: 61495
[2026/09/25 14:43:33:4040] N: WS   /ws - (unix skt), clients: 1
[2026/09/25 14:43:33:4040] N: WS   /ws - (unix skt), clients: 2
[2026/09/25 14:43:33:4040] N: WS   /ws - (unix skt), clients: 3
[2026/09/25 14:43:33:4040] N: WS   /ws - (unix skt), clients: 4
[2026/09/25 14:43:33:4040] N: WS   /ws - (unix skt), clients: 5
[2026/09/25 14:43:33:4040] N: WS   /ws - (unix skt), clients: 6
[2026/09/25 14:43:33:4041] N: WS   /ws - (unix skt), clients: 7
[2026/09/25 14:43:33:4041] N: WS   /ws - (unix skt), clients: 8
[2026/09/25 14:43:33:4041] N: WS   /ws - (unix skt), clients: 9
[2026/09/25 14:43:33:4041] N: WS   /ws - (unix skt), clients: 10
[2026/09/25 14:43:33:4047] N: started process, pid: 61854
[2026/09/25 14:43:33:4051] N: started process, pid: 61855
[2026/09/25 14:43:33:4054] N: started process, pid: 61856
[2026/09/25 14:43:33:4058] N: started process, pid: 61857
[2026/09/25 14:43:33:4063] N: started process, pid: 61858
[2026/09/25 14:43:33:4069] N: started process, pid: 61859
[2026/09/25 14:43:33:4076] N: started process, pid: 61860
[2026/09/25 14:43:33:4081] N: started process, pid: 61861
[2026/09/25 14:43:33:4092] N: started process, pid: 61863
[2026/09/25 14:43:33:4110] N: started process, pid: 61869
[2026/09/25 14:43:33:4794] N: WS closed from (unix skt), clients: 9
[2026/09/25 14:43:33:4794] N: killing process, pid: 61856
[2026/09/25 14:43:33:4799] N: process killed with signal 1, pid: 61856
[2026/09/25 14:43:33:5927] N: WS closed from (unix skt), clients: 8
[2026/09/25 14:43:33:5928] N: killing process, pid: 61860
[2026/09/25 14:43:33:5931] N: process killed with signal 1, pid: 61860
[2026/09/25 14:43:33:7293] N: WS closed from (unix skt), clients: 7
[2026/09/25 14:43:33:7294] N: killing process, pid: 61854
[2026/09/25 14:43:33:7301] N: process killed with signal 0, pid: 61854
[2026/09/25 14:43:33:7430] N: WS closed from (unix skt), clients: 6
[2026/09/25 14:43:33:7431] N: killing process, pid: 61858
[2026/09/25 14:43:33:7435] N: process killed with signal 0, pid: 61858
[2026/09/25 14:43:33:8113] N: WS closed from (unix skt), clients: 5
[2026/09/25 14:43:33:8114] N: killing process, pid: 61863
[2026/09/25 14:43:33:8115] N: WS closed from (unix skt), clients: 4
[2026/09/25 14:43:33:8115] N: killing process, pid: 61869
[2026/09/25 14:43:33:8126] N: process killed with signal 0, pid: 61863
[2026/09/25 14:43:33:8128] N: process killed with signal 0, pid: 61869
[2026/09/25 14:43:34:2570] N: WS closed from (unix skt), clients: 3
[2026/09/25 14:43:34:2570] N: killing process, pid: 61855
[2026/09/25 14:43:34:2573] N: process killed with signal 0, pid: 61855
[2026/09/25 14:43:34:2689] N: WS closed from (unix skt), clients: 2
[2026/09/25 14:43:34:2690] N: killing process, pid: 61859
[2026/09/25 14:43:34:2693] N: process killed with signal 0, pid: 61859
[2026/09/25 14:43:35:4043] N: WS closed from (unix skt), clients: 1
[2026/09/25 14:43:35:4044] N: killing process, pid: 61861
[2026/09/25 14:43:35:4044] N: WS closed from (unix skt), clients: 0
[2026/09/25 14:43:35:4044] N: killing process, pid: 61857
[2026/09/25 14:43:35:4052] N: process killed with signal 0, pid: 61861
[2026/09/25 14:43:35:4060] N: process killed with signal 0, pid: 61857
[2026/09/25 14:43:35:4159] N: WS   /ws - (unix skt), clients: 1
[2026/09/25 14:43:35:4160] N: WS   /ws - (unix skt), clients: 2
[2026/09/25 14:43:35:4160] N: WS   /ws - (unix skt), clients: 3
[2026/09/25 14:43:35:4160] N: WS   /ws - (unix skt), clients: 4
[2026/09/25 14:43:35:4160] N: WS   /ws - (unix skt), clients: 5
[2026/09/25 14:43:35:4161] N: WS   /ws - (unix skt), clients: 6
[2026/09/25 14:43:35:4161] N: WS   /ws - (unix skt), clients: 7
[2026/09/25 14:43:35:4161] N: WS   /ws - (unix skt), clients: 8
[2026/09/25 14:43:35:4161] N: WS   /ws - (unix skt), clients: 9
[2026/09/25 14:43:35:4161] N: WS   /ws - (unix skt), clients: 10
[2026/09/25 14:43:35:4173] N: started process, pid: 62165
[2026/09/25 14:43:35:4180] N: started process, pid: 62166
[2026/09/25 14:43:35:4188] N: started process, pid: 62167
[2026/09/25 14:43:35:4195] N: started process, pid: 62168
[2026/09/25 14:43:35:4204] N: started process, pid: 62169
[2026/09/25 14:43:35:4211] N: started process, pid: 62170
[2026/09/25 14:43:35:4220] N: started process, pid: 62171
[2026/09/25 14:43:35:4229] N: started process, pid: 62172
[2026/09/25 14:43:35:4257] N: started process, pid: 62177
[2026/09/25 14:43:35:4272] N: started process, pid: 62190
[2026/09/25 14:43:35:4722] N: WS closed from (unix skt), clients: 9
[2026/09/25 14:43:35:4723] N: killing process, pid: 62167
[2026/09/25 14:43:35:4726] N: process killed with signal 1, pid: 62167
[2026/09/25 14:43:35:6003] N: WS closed from (unix skt), clients: 8
[2026/09/25 14:43:35:6003] N: killing process, pid: 62177
[2026/09/25 14:43:35:6005] N: process killed with signal 1, pid: 62177
[2026/09/25 14:43:35:7521] N: WS closed from (unix skt), clients: 7
[2026/09/25 14:43:35:7522] N: killing process, pid: 62165
[2026/09/25 14:43:35:7527] N: process killed with signal 0, pid: 62165
[2026/09/25 14:43:35:7643] N: WS closed from (unix skt), clients: 6
[2026/09/25 14:43:35:7643] N: killing process, pid: 62169
[2026/09/25 14:43:35:7648] N: process killed with signal 0, pid: 62169
[2026/09/25 14:43:35:7765] N: WS closed from (unix skt), clients: 5
[2026/09/25 14:43:35:7765] N: killing process, pid: 62171
[2026/09/25 14:43:35:7770] N: process killed with signal 0, pid: 62171
[2026/09/25 14:43:35:7886] N: WS closed from (unix skt), clients: 4
[2026/09/25 14:43:35:7886] N: killing process, pid: 62170
[2026/09/25 14:43:35:7890] N: process killed with signal 0, pid: 62170
[2026/09/25 14:43:36:2286] N: WS closed from (unix skt), clients: 3
[2026/09/25 14:43:36:2287] N: killing process, pid: 62166
[2026/09/25 14:43:36:2305] N: process killed with signal 0, pid: 62166
[2026/09/25 14:43:36:3039] N: WS closed from (unix skt), clients: 2
[2026/09/25 14:43:36:3040] N: killing process, pid: 62172
[2026/09/25 14:43:36:3053] N: process killed with signal 0, pid: 62172
[2026/09/25 14:43:37:4184] N: WS closed from (unix skt), clients: 1
[2026/09/25 14:43:37:4185] N: killing process, pid: 62168
[2026/09/25 14:43:37:4185] N: WS closed from (unix skt), clients: 0
[2026/09/25 14:43:37:4185] N: killing process, pid: 62190
[2026/09/25 14:43:37:4199] N: process killed with signal 0, pid: 62168
[2026/09/25 14:43:37:4200] N: process killed with signal 0, pid: 62190
[2026/09/25 14:43:37:4293] N: WS   /ws - (unix skt), clients: 1
[2026/09/25 14:43:37:4293] N: WS   /ws - (unix skt), clients: 2
[2026/09/25 14:43:37:4293] N: WS   /ws - (unix skt), clients: 3
[2026/09/25 14:43:37:4293] N: WS   /ws - (unix skt), clients: 4
[2026/09/25 14:43:37:4293] N: WS   /ws - (unix skt), clients: 5
[2026/09/25 14:43:37:4294] N: WS   /ws - (unix skt), clients: 6
[2026/09/25 14:43:37:4294] N: WS   /ws - (unix skt), clients: 7
[2026/09/25 14:43:37:4294] N: WS   /ws - (unix skt), clients: 8
[2026/09/25 14:43:37:4300] N: started process, pid: 62486
[2026/09/25 14:43:37:4305] N: started process, pid: 62487
[2026/09/25 14:43:37:4307] N: WS   /ws - (unix skt), clients: 9
[2026/09/25 14:43:37:4307] N: WS   /ws - (unix skt), clients: 10
[2026/09/25 14:43:37:4313] N: started process, pid: 62488
[2026/09/25 14:43:37:4318] N: started process, pid: 62489
[2026/09/25 14:43:37:4325] N: started process, pid: 62490
[2026/09/25 14:43:37:4330] N: started process, pid: 62491
[2026/09/25 14:43:37:4336] N: started process, pid: 62492
[2026/09/25 14:43:37:4343] N: started process, pid: 62493
[2026/09/25 14:43:37:4350] N: started process, pid: 62494
[2026/09/25 14:43:37:4364] N: started process, pid: 62502
[2026/09/25 14:43:37:5564] N: WS closed from (unix skt), clients: 9
[2026/09/25 14:43:37:5565] N: killing process, pid: 62491
[2026/09/25 14:43:37:5565] N: WS closed from (unix skt), clients: 8
[2026/09/25 14:43:37:5565] N: killing process, pid: 62489
[2026/09/25 14:43:37:5568] N: process killed with signal 1, pid: 62489
[2026/09/25 14:43:37:5568] N: process killed with signal 1, pid: 62491
[2026/09/25 14:43:37:7460] N: WS closed from (unix skt), clients: 7
[2026/09/25 14:43:37:7461] N: killing process, pid: 62486
[2026/09/25 14:43:37:7465] N: process killed with signal 0, pid: 62486
[2026/09/25 14:43:37:7697] N: WS closed from (unix skt), clients: 6
[2026/09/25 14:43:37:7698] N: killing process, pid: 62488
[2026/09/25 14:43:37:7704] N: process killed with signal 0, pid: 62488
[2026/09/25 14:43:37:7838] N: WS closed from (unix skt), clients: 5
[2026/09/25 14:43:37:7838] N: killing process, pid: 62494
[2026/09/25 14:43:37:7843] N: process killed with signal 0, pid: 62494
[2026/09/25 14:43:37:8099] N: WS closed from (unix skt), clients: 4
[2026/09/25 14:43:37:8099] N: killing process, pid: 62493
[2026/09/25 14:43:37:8104] N: process killed with signal 0, pid: 62493
[2026/09/25 14:43:38:2351] N: WS closed from (unix skt), clients: 3
[2026/09/25 14:43:38:2351] N: killing process, pid: 62487
[2026/09/25 14:43:38:2358] N: process killed with signal 0, pid: 62487
[2026/09/25 14:43:38:3104] N: WS closed from (unix skt), clients: 2
[2026/09/25 14:43:38:3104] N: killing process, pid: 62502
[2026/09/25 14:43:38:3112] N: process killed with signal 0, pid: 62502
[2026/09/25 14:43:39:4306] N: WS closed from (unix skt), clients: 1
[2026/09/25 14:43:39:4307] N: killing process, pid: 62492
[2026/09/25 14:43:39:4308] N: WS closed from (unix skt), clients: 0
[2026/09/25 14:43:39:4308] N: killing process, pid: 62490
[2026/09/25 14:43:39:4319] N: process killed with signal 0, pid: 62492
[2026/09/25 14:43:39:4321] N: process killed with signal 0, pid: 62490
[2026/09/25 14:43:39:4424] N: WS   /ws - (unix skt), clients: 1
[2026/09/25 14:43:39:4425] N: WS   /ws - (unix skt), clients: 2
[2026/09/25 14:43:39:4425] N: WS   /ws - (unix skt), clients: 3
[2026/09/25 14:43:39:4425] N: WS   /ws - (unix skt), clients: 4
[2026/09/25 14:43:39:4425] N: WS   /ws - (unix skt), clients: 5
[2026/09/25 14:43:39:4426] N: WS   /ws - (unix skt), clients: 6
[2026/09/25 14:43:39:4426] N: WS   /ws - (unix skt), clients: 7
[2026/09/25 14:43:39:4426] N: WS   /ws - (unix skt), clients: 8
[2026/09/25 14:43:39:4426] N: WS   /ws - (unix skt), clients: 9
[2026/09/25 14:43:39:4426] N: WS   /ws - (unix skt), clients: 10
[2026/09/25 14:43:39:4438] N: started process, pid: 63146
[2026/09/25 14:43:39:4447] N: started process, pid: 63147
[2026/09/25 14:43:39:4457] N: started process, pid: 63148
[2026/09/25 14:43:39:4468] N: started process, pid: 63149
[2026/09/25 14:43:39:4480] N: started process, pid: 63150
[2026/09/25 14:43:39:4491] N: started process, pid: 63151
[2026/09/25 14:43:39:4499] N: started process, pid: 63154
[2026/09/25 14:43:39:4514] N: started process, pid: 63158
[2026/09/25 14:43:39:4534] N: started process, pid: 63166
[2026/09/25 14:43:39:4547] N: started process, pid: 63167
[2026/09/25 14:43:39:5678] N: WS closed from (unix skt), clients: 9
[2026/09/25 14:43:39:5679] N: killing process, pid: 63148
[2026/09/25 14:43:39:5684] N: process killed with signal 1, pid: 63148
[2026/09/25 14:43:39:6264] N: WS closed from (unix skt), clients: 8
[2026/09/25 14:43:39:6264] N: killing process, pid: 63166
[2026/09/25 14:43:39:6267] N: process killed with signal 1, pid: 63166
[2026/09/25 14:43:39:7444] N: WS closed from (unix skt), clients: 7
[2026/09/25 14:43:39:7444] N: killing process, pid: 63146
[2026/09/25 14:43:39:7449] N: process killed with signal 0, pid: 63146
[2026/09/25 14:43:39:7565] N: WS closed from (unix skt), clients: 6
[2026/09/25 14:43:39:7565] N: killing process, pid: 63150
[2026/09/25 14:43:39:7569] N: process killed with signal 0, pid: 63150
[2026/09/25 14:43:39:7826] N: WS closed from (unix skt), clients: 5
[2026/09/25 14:43:39:7827] N: killing process, pid: 63158
[2026/09/25 14:43:39:7833] N: process killed with signal 0, pid: 63158
[2026/09/25 14:43:39:8126] N: WS closed from (unix skt), clients: 4
[2026/09/25 14:43:39:8126] N: killing process, pid: 63151
[2026/09/25 14:43:39:8131] N: process killed with signal 0, pid: 63151
[2026/09/25 14:43:40:2326] N: WS closed from (unix skt), clients: 3
[2026/09/25 14:43:40:2327] N: killing process, pid: 63147
[2026/09/25 14:43:40:2337] N: process killed with signal 0, pid: 63147
[2026/09/25 14:43:40:3258] N: WS closed from (unix skt), clients: 2
[2026/09/25 14:43:40:3259] N: killing process, pid: 63154
[2026/09/25 14:43:40:3275] N: process killed with signal 0, pid: 63154
[2026/09/25 14:43:41:4443] N: WS closed from (unix skt), clients: 1
[2026/09/25 14:43:41:4444] N: killing process, pid: 63149
[2026/09/25 14:43:41:4444] N: WS closed from (unix skt), clients: 0
[2026/09/25 14:43:41:4444] N: killing process, pid: 63167
[2026/09/25 14:43:41:4451] N: process killed with signal 0, pid: 63149
[2026/09/25 14:43:41:4455] N: process killed with signal 0, pid: 63167
[2026/09/25 14:43:41:4554] N: WS   /ws - (unix skt), clients: 1
[2026/09/25 14:43:41:4554] N: WS   /ws - (unix skt), clients: 2
[2026/09/25 14:43:41:4554] N: WS   /ws - (unix skt), clients: 3
[2026/09/25 14:43:41:4554] N: WS   /ws - (unix skt), clients: 4
[2026/09/25 14:43:41:4554] N: WS   /ws - (unix skt), clients: 5
[2026/09/25 14:43:41:4555] N: WS   /ws - (unix skt), clients: 6
[2026/09/25 14:43:41:4555] N: WS   /ws - (unix skt), clients: 7
[2026/09/25 14:43:41:4555] N: WS   /ws - (unix skt), clients: 8
[2026/09/25 14:43:41:4561] N: started process, pid: 63452
[2026/09/25 14:43:41:4566] N: started process, pid: 63453
[2026/09/25 14:43:41:4567] N: WS   /ws - (unix skt), clients: 9
[2026/09/25 14:43:41:4567] N: WS   /ws - (unix skt), clients: 10
[2026/09/25 14:43:41:4572] N: started process, pid: 63454
[2026/09/25 14:43:41:4577] N: started process, pid: 63455
[2026/09/25 14:43:41:4585] N: started process, pid: 63456
[2026/09/25 14:43:41:4594] N: started process, pid: 63457
[2026/09/25 14:43:41:4603] N: started process, pid: 63458
[2026/09/25 14:43:41:4615] N: started process, pid: 63461
[2026/09/25 14:43:41:4624] N: started process, pid: 63469
[2026/09/25 14:43:41:4635] N: started process, pid: 63473
[2026/09/25 14:43:41:5736] N: WS closed from (unix skt), clients: 9
[2026/09/25 14:43:41:5736] N: killing process, pid: 63457
[2026/09/25 14:43:41:5741] N: process killed with signal 1, pid: 63457
[2026/09/25 14:43:41:6025] N: WS closed from (unix skt), clients: 8
[2026/09/25 14:43:41:6026] N: killing process, pid: 63455
[2026/09/25 14:43:41:6050] N: process killed with signal 1, pid: 63455
[2026/09/25 14:43:41:7090] N: WS closed from (unix skt), clients: 7
[2026/09/25 14:43:41:7090] N: killing process, pid: 63452
[2026/09/25 14:43:41:7094] N: process killed with signal 0, pid: 63452
[2026/09/25 14:43:41:7756] N: WS closed from (unix skt), clients: 6
[2026/09/25 14:43:41:7757] N: killing process, pid: 63454
[2026/09/25 14:43:41:7762] N: process killed with signal 0, pid: 63454
[2026/09/25 14:43:41:8240] N: WS closed from (unix skt), clients: 5
[2026/09/25 14:43:41:8240] N: killing process, pid: 63461
[2026/09/25 14:43:41:8241] N: WS closed from (unix skt), clients: 4
[2026/09/25 14:43:41:8241] N: killing process, pid: 63469
[2026/09/25 14:43:41:8247] N: process killed with signal 0, pid: 63461
[2026/09/25 14:43:41:8248] N: process killed with signal 0, pid: 63469
[2026/09/25 14:43:42:2655] N: WS closed from (unix skt), clients: 3
[2026/09/25 14:43:42:2656] N: killing process, pid: 63453
[2026/09/25 14:43:42:2670] N: process killed with signal 0, pid: 63453
[2026/09/25 14:43:42:3127] N: WS closed from (unix skt), clients: 2
[2026/09/25 14:43:42:3128] N: killing process, pid: 63473
[2026/09/25 14:43:42:3141] N: process killed with signal 0, pid: 63473
[2026/09/25 14:43:43:4578] N: WS closed from (unix skt), clients: 1
[2026/09/25 14:43:43:4578] N: killing process, pid: 63458
[2026/09/25 14:43:43:4579] N: WS closed from (unix skt), clients: 0
[2026/09/25 14:43:43:4579] N: killing process, pid: 63456
[2026/09/25 14:43:43:4586] N: process killed with signal 0, pid: 63458
[2026/09/25 14:43:43:4591] N: process killed with signal 0, pid: 63456
[2026/09/25 14:43:43:4701] N: WS   /ws - (unix skt), clients: 1
[2026/09/25 14:43:43:4702] N: WS   /ws - (unix skt), clients: 2
[2026/09/25 14:43:43:4702] N: WS   /ws - (unix skt), clients: 3
[2026/09/25 14:43:43:4702] N: WS   /ws - (unix skt), clients: 4
[2026/09/25 14:43:43:4702] N: WS   /ws - (unix skt), clients: 5
[2026/09/25 14:43:43:4702] N: WS   /ws - (unix skt), clients: 6
[2026/09/25 14:43:43:4702] N: WS   /ws - (unix skt), clients: 7
[2026/09/25 14:43:43:4703] N: WS   /ws - (unix skt), clients: 8
[2026/09/25 14:43:43:4703] N: WS   /ws - (unix skt), clients: 9
[2026/09/25 14:43:43:4703] N: WS   /ws - (unix skt), clients: 10
[2026/09/25 14:43:43:4714] N: started process, pid: 63757
[2026/09/25 14:43:43:4722] N: started process, pid: 63758
[2026/09/25 14:43:43:4730] N: started process, pid: 63759
[2026/09/25 14:43:43:4739] N: started process, pid: 63760
[2026/09/25 14:43:43:4748] N: started process, pid: 63761
[2026/09/25 14:43:43:4758] N: started process, pid: 63762
[2026/09/25 14:43:43:4775] N: started process, pid: 63765
[2026/09/25 14:43:43:4787] N: started process, pid: 63772
[2026/09/25 14:43:43:4807] N: started process, pid: 63777
[2026/09/25 14:43:43:4815] N: started process, pid: 63778
[2026/09/25 14:43:43:5639] N: WS closed from (unix skt), clients: 9
[2026/09/25 14:43:43:5640] N: killing process, pid: 63759
[2026/09/25 14:43:43:5644] N: process killed with signal 1, pid: 63759
[2026/09/25 14:43:43:6539] N: WS closed from (unix skt), clients: 8
[2026/09/25 14:43:43:6539] N: killing process, pid: 63777
[2026/09/25 14:43:43:6542] N: process killed with signal 1, pid: 63777
[2026/09/25 14:43:43:7813] N: WS closed from (unix skt), clients: 7
[2026/09/25 14:43:43:7813] N: killing process, pid: 63757
[2026/09/25 14:43:43:7818] N: process killed with signal 0, pid: 63757
[2026/09/25 14:43:43:8071] N: WS closed from (unix skt), clients: 6
[2026/09/25 14:43:43:8071] N: killing process, pid: 63761
[2026/09/25 14:43:43:8077] N: process killed with signal 0, pid: 63761
[2026/09/25 14:43:43:8193] N: WS closed from (unix skt), clients: 5
[2026/09/25 14:43:43:8193] N: killing process, pid: 63762
[2026/09/25 14:43:43:8197] N: process killed with signal 0, pid: 63762
[2026/09/25 14:43:43:8443] N: WS closed from (unix skt), clients: 4
[2026/09/25 14:43:43:8443] N: killing process, pid: 63765
[2026/09/25 14:43:43:8447] N: process killed with signal 0, pid: 63765
[2026/09/25 14:43:44:2942] N: WS closed from (unix skt), clients: 3
[2026/09/25 14:43:44:2944] N: killing process, pid: 63758
[2026/09/25 14:43:44:2967] N: process killed with signal 0, pid: 63758
[2026/09/25 14:43:44:3595] N: WS closed from (unix skt), clients: 2
[2026/09/25 14:43:44:3597] N: killing process, pid: 63772
[2026/09/25 14:43:44:3615] N: process killed with signal 0, pid: 63772
[2026/09/25 14:43:45:4707] N: WS closed from (unix skt), clients: 1
[2026/09/25 14:43:45:4707] N: killing process, pid: 63760
[2026/09/25 14:43:45:4708] N: WS closed from (unix skt), clients: 0
[2026/09/25 14:43:45:4708] N: killing process, pid: 63778
[2026/09/25 14:43:45:4718] N: process killed with signal 0, pid: 63760
[2026/09/25 14:43:45:4718] N: process killed with signal 0, pid: 63778
[2026/09/25 14:43:45:4803] N: WS   /ws - (unix skt), clients: 1
[2026/09/25 14:43:45:4803] N: WS   /ws - (unix skt), clients: 2
[2026/09/25 14:43:45:4803] N: WS   /ws - (unix skt), clients: 3
[2026/09/25 14:43:45:4803] N: WS   /ws - (unix skt), clients: 4
[2026/09/25 14:43:45:4804] N: WS   /ws - (unix skt), clients: 5
[2026/09/25 14:43:45:4804] N: WS   /ws - (unix skt), clients: 6
[2026/09/25 14:43:45:4804] N: WS   /ws - (unix skt), clients: 7
[2026/09/25 14:43:45:4804] N: WS   /ws - (unix skt), clients: 8
[2026/09/25 14:43:45:4804] N: WS   /ws - (unix skt), clients: 9
[2026/09/25 14:43:45:4805] N: WS   /ws - (unix skt), clients: 10
[2026/09/25 14:43:45:4811] N: started process, pid: 63992
[2026/09/25 14:43:45:4814] N: started process, pid: 63993
[2026/09/25 14:43:45:4822] N: started process, pid: 63994
[2026/09/25 14:43:45:4827] N: started process, pid: 63995
[2026/09/25 14:43:45:4836] N: started process, pid: 63996
[2026/09/25 14:43:45:4844] N: started process, pid: 63997
[2026/09/25 14:43:45:4854] N: started process, pid: 63998
[2026/09/25 14:43:45:4863] N: started process, pid: 63999
[2026/09/25 14:43:45:4870] N: started process, pid: 64004
[2026/09/25 14:43:45:4884] N: started process, pid: 64009
[2026/09/25 14:43:45:6021] N: WS closed from (unix skt), clients: 9
[2026/09/25 14:43:45:6021] N: killing process, pid: 63995
[2026/09/25 14:43:45:6025] N: process killed with signal 1, pid: 63995
[2026/09/25 14:43:45:6268] N: WS closed from (unix skt), clients: 8
[2026/09/25 14:43:45:6269] N: killing process, pid: 64004
[2026/09/25 14:43:45:6271] N: process killed with signal 1, pid: 64004
[2026/09/25 14:43:45:7401] N: WS closed from (unix skt), clients: 7
[2026/09/25 14:43:45:7402] N: killing process, pid: 63993
[2026/09/25 14:43:45:7405] N: process killed with signal 0, pid: 63993
[2026/09/25 14:43:45:8036] N: WS closed from (unix skt), clients: 6
[2026/09/25 14:43:45:8036] N: killing process, pid: 63992
[2026/09/25 14:43:45:8042] N: process killed with signal 0, pid: 63992
[2026/09/25 14:43:45:8407] N: WS closed from (unix skt), clients: 5
[2026/09/25 14:43:45:8407] N: killing process, pid: 63998
[2026/09/25 14:43:45:8412] N: process killed with signal 0, pid: 63998
[2026/09/25 14:43:45:8528] N: WS closed from (unix skt), clients: 4
[2026/09/25 14:43:45:8528] N: killing process, pid: 63997
[2026/09/25 14:43:45:8534] N: process killed with signal 0, pid: 63997
[2026/09/25 14:43:46:2933] N: WS closed from (unix skt), clients: 3
[2026/09/25 14:43:46:2934] N: killing process, pid: 63994
[2026/09/25 14:43:46:2947] N: process killed with signal 0, pid: 63994
[2026/09/25 14:43:46:3548] N: WS closed from (unix skt), clients: 2
[2026/09/25 14:43:46:3549] N: killing process, pid: 63999
[2026/09/25 14:43:46:3558] N: process killed with signal 0, pid: 63999
[2026/09/25 14:43:47:4828] N: WS closed from (unix skt), clients: 1
[2026/09/25 14:43:47:4828] N: killing process, pid: 63996
[2026/09/25 14:43:47:4829] N: WS closed from (unix skt), clients: 0
[2026/09/25 14:43:47:4829] N: killing process, pid: 64009
[2026/09/25 14:43:47:4843] N: process killed with signal 0, pid: 63996
[2026/09/25 14:43:47:4844] N: process killed with signal 0, pid: 64009
[2026/09/25 14:43:47:4954] N: WS   /ws - (unix skt), clients: 1
[2026/09/25 14:43:47:4955] N: WS   /ws - (unix skt), clients: 2
[2026/09/25 14:43:47:4955] N: WS   /ws - (unix skt), clients: 3
[2026/09/25 14:43:47:4955] N: WS   /ws - (unix skt), clients: 4
[2026/09/25 14:43:47:4955] N: WS   /ws - (unix skt), clients: 5
[2026/09/25 14:43:47:4956] N: WS   /ws - (unix skt), clients: 6
[2026/09/25 14:43:47:4956] N: WS   /ws - (unix skt), clients: 7
[2026/09/25 14:43:47:4956] N: WS   /ws - (unix skt), clients: 8
[2026/09/25 14:43:47:4956] N: WS   /ws - (unix skt), clients: 9
[2026/09/25 14:43:47:4956] N: WS   /ws - (unix skt), clients: 10
[2026/09/25 14:43:47:4968] N: started process, pid: 64301
[2026/09/25 14:43:47:4976] N: started process, pid: 64302
[2026/09/25 14:43:47:4982] N: started process, pid: 64303
[2026/09/25 14:43:47:4991] N: started process, pid: 64304
[2026/09/25 14:43:47:5005] N: started process, pid: 64305
[2026/09/25 14:43:47:5019] N: started process, pid: 64306
[2026/09/25 14:43:47:5041] N: started process, pid: 64309
[2026/09/25 14:43:47:5054] N: started process, pid: 64319
[2026/09/25 14:43:47:5070] N: started process, pid: 64325
[2026/09/25 14:43:47:5083] N: started process, pid: 64327
[2026/09/25 14:43:47:6183] N: WS closed from (unix skt), clients: 9
[2026/09/25 14:43:47:6183] N: killing process, pid: 64303
[2026/09/25 14:43:47:6189] N: process killed with signal 1, pid: 64303
[2026/09/25 14:43:47:6299] N: WS closed from (unix skt), clients: 8
[2026/09/25 14:43:47:6299] N: killing process, pid: 64325
[2026/09/25 14:43:47:6302] N: process killed with signal 1, pid: 64325
[2026/09/25 14:43:47:7963] N: WS closed from (unix skt), clients: 7
[2026/09/25 14:43:47:7964] N: killing process, pid: 64301
[2026/09/25 14:43:47:7971] N: process killed with signal 0, pid: 64301
[2026/09/25 14:43:47:8316] N: WS closed from (unix skt), clients: 6
[2026/09/25 14:43:47:8316] N: killing process, pid: 64305
[2026/09/25 14:43:47:8321] N: process killed with signal 0, pid: 64305
[2026/09/25 14:43:47:8447] N: WS closed from (unix skt), clients: 5
[2026/09/25 14:43:47:8447] N: killing process, pid: 64309
[2026/09/25 14:43:47:8451] N: process killed with signal 0, pid: 64309
[2026/09/25 14:43:47:8679] N: WS closed from (unix skt), clients: 4
[2026/09/25 14:43:47:8679] N: killing process, pid: 64306
[2026/09/25 14:43:47:8684] N: process killed with signal 0, pid: 64306
[2026/09/25 14:43:48:3224] N: WS closed from (unix skt), clients: 3
[2026/09/25 14:43:48:3226] N: killing process, pid: 64302
[2026/09/25 14:43:48:3239] N: process killed with signal 0, pid: 64302
[2026/09/25 14:43:48:3697] N: WS closed from (unix skt), clients: 2
[2026/09/25 14:43:48:3699] N: killing process, pid: 64319
[2026/09/25 14:43:48:3715] N: process killed with signal 0, pid: 64319
[2026/09/25 14:43:49:4971] N: WS closed from (unix skt), clients: 1
[2026/09/25 14:43:49:4972] N: killing process, pid: 64304
[2026/09/25 14:43:49:4972] N: WS closed from (unix skt), clients: 0
[2026/09/25 14:43:49:4972] N: killing process, pid: 64327
[2026/09/25 14:43:49:4980] N: process killed with signal 0, pid: 64304
[2026/09/25 14:43:49:4988] N: process killed with signal 0, pid: 64327
[2026/09/25 14:43:49:5082] N: WS   /ws - (unix skt), clients: 1
[2026/09/25 14:43:49:5082] N: WS   /ws - (unix skt), clients: 2
[2026/09/25 14:43:49:5083] N: WS   /ws - (unix skt), clients: 3
[2026/09/25 14:43:49:5083] N: WS   /ws - (unix skt), clients: 4
[2026/09/25 14:43:49:5083] N: WS   /ws - (unix skt), clients: 5
[2026/09/25 14:43:49:5083] N: WS   /ws - (unix skt), clients: 6
[2026/09/25 14:43:49:5083] N: WS   /ws - (unix skt), clients: 7
[2026/09/25 14:43:49:5090] N: started process, pid: 64579
[2026/09/25 14:43:49:5090] N: WS   /ws - (unix skt), clients: 8
[2026/09/25 14:43:49:5091] N: WS   /ws - (unix skt), clients: 9
[2026/09/25 14:43:49:5091] N: WS   /ws - (unix skt), clients: 10
[2026/09/25 14:43:49:5095] N: started process, pid: 64580
[2026/09/25 14:43:49:5099] N: started process, pid: 64581
[2026/09/25 14:43:49:5104] N: started process, pid: 64582
[2026/09/25 14:43:49:5112] N: started process, pid: 64583
[2026/09/25 14:43:49:5121] N: started process, pid: 64584
[2026/09/25 14:43:49:5131] N: started process, pid: 64585
[2026/09/25 14:43:49:5148] N: started process, pid: 64587
[2026/09/25 14:43:49:5172] N: started process, pid: 64594
[2026/09/25 14:43:49:5197] N: started process, pid: 64602
[2026/09/25 14:43:49:6403] N: WS closed from (unix skt), clients: 9
[2026/09/25 14:43:49:6403] N: killing process, pid: 64582
[2026/09/25 14:43:49:6405] N: process killed with signal 1, pid: 64582
[2026/09/25 14:43:49:6520] N: WS closed from (unix skt), clients: 8
[2026/09/25 14:43:49:6520] N: killing process, pid: 64585
[2026/09/25 14:43:49:6523] N: process killed with signal 1, pid: 64585
[2026/09/25 14:43:49:7804] N: WS closed from (unix skt), clients: 7
[2026/09/25 14:43:49:7805] N: killing process, pid: 64580
[2026/09/25 14:43:49:7809] N: process killed with signal 0, pid: 64580
[2026/09/25 14:43:49:8273] N: WS closed from (unix skt), clients: 6
[2026/09/25 14:43:49:8274] N: killing process, pid: 64579
[2026/09/25 14:43:49:8278] N: process killed with signal 0, pid: 64579
[2026/09/25 14:43:49:8783] N: WS closed from (unix skt), clients: 5
[2026/09/25 14:43:49:8783] N: killing process, pid: 64594
[2026/09/25 14:43:49:8784] N: WS closed from (unix skt), clients: 4
[2026/09/25 14:43:49:8784] N: killing process, pid: 64602
[2026/09/25 14:43:49:8789] N: process killed with signal 0, pid: 64594
[2026/09/25 14:43:49:8789] N: process killed with signal 0, pid: 64602
[2026/09/25 14:43:50:3219] N: WS closed from (unix skt), clients: 3
[2026/09/25 14:43:50:3219] N: killing process, pid: 64581
[2026/09/25 14:43:50:3228] N: process killed with signal 0, pid: 64581
[2026/09/25 14:43:50:3801] N: WS closed from (unix skt), clients: 2
[2026/09/25 14:43:50:3802] N: killing process, pid: 64584
[2026/09/25 14:43:50:3813] N: process killed with signal 0, pid: 64584
[2026/09/25 14:43:51:5092] N: WS closed from (unix skt), clients: 1
[2026/09/25 14:43:51:5093] N: killing process, pid: 64587
[2026/09/25 14:43:51:5094] N: WS closed from (unix skt), clients: 0
[2026/09/25 14:43:51:5094] N: killing process, pid: 64583
[2026/09/25 14:43:51:5104] N: process killed with signal 0, pid: 64587
[2026/09/25 14:43:51:5108] N: process killed with signal 0, pid: 64583
[2026/09/25 14:43:51:5233] N: WS   /ws - (unix skt), clients: 1
[2026/09/25 14:43:51:5233] N: WS   /ws - (unix skt), clients: 2
[2026/09/25 14:43:51:5234] N: WS   /ws - (unix skt), clients: 3
[2026/09/25 14:43:51:5234] N: WS   /ws - (unix skt), clients: 4
[2026/09/25 14:43:51:5234] N: WS   /ws - (unix skt), clients: 5
[2026/09/25 14:43:51:5234] N: WS   /ws - (unix skt), clients: 6
[2026/09/25 14:43:51:5234] N: WS   /ws - (unix skt), clients: 7
[2026/09/25 14:43:51:5234] N: WS   /ws - (unix skt), clients: 8
[2026/09/25 14:43:51:5234] N: WS   /ws - (unix skt), clients: 9
[2026/09/25 14:43:51:5235] N: WS   /ws - (unix skt), clients: 10
[2026/09/25 14:43:51:5243] N: started process, pid: 64908
[2026/09/25 14:43:51:5252] N: started process, pid: 64909
[2026/09/25 14:43:51:5259] N: started process, pid: 64910
[2026/09/25 14:43:51:5266] N: started process, pid: 64911
[2026/09/25 14:43:51:5277] N: started process, pid: 64912
[2026/09/25 14:43:51:5284] N: started process, pid: 64913
[2026/09/25 14:43:51:5297] N: started process, pid: 64914
[2026/09/25 14:43:51:5311] N: started process, pid: 64918
[2026/09/25 14:43:51:5319] N: started process, pid: 64925
[2026/09/25 14:43:51:5335] N: started process, pid: 64929
[2026/09/25 14:43:51:6421] N: WS closed from (unix skt), clients: 9
[2026/09/25 14:43:51:6422] N: killing process, pid: 64910
[2026/09/25 14:43:51:6427] N: process killed with signal 1, pid: 64910
[2026/09/25 14:43:51:6949] N: WS closed from (unix skt), clients: 8
[2026/09/25 14:43:51:6949] N: killing process, pid: 64925
[2026/09/25 14:43:51:6952] N: process killed with signal 1, pid: 64925
[2026/09/25 14:43:51:7808] N: WS closed from (unix skt), clients: 7
[2026/09/25 14:43:51:7808] N: killing process, pid: 64908
[2026/09/25 14:43:51:7813] N: process killed with signal 0, pid: 64908
[2026/09/25 14:43:51:8433] N: WS closed from (unix skt), clients: 6
[2026/09/25 14:43:51:8434] N: killing process, pid: 64911
[2026/09/25 14:43:51:8437] N: process killed with signal 0, pid: 64911
[2026/09/25 14:43:51:8816] N: WS closed from (unix skt), clients: 5
[2026/09/25 14:43:51:8816] N: killing process, pid: 64913
[2026/09/25 14:43:51:8820] N: process killed with signal 0, pid: 64913
[2026/09/25 14:43:51:8957] N: WS closed from (unix skt), clients: 4
[2026/09/25 14:43:51:8957] N: killing process, pid: 64914
[2026/09/25 14:43:51:8962] N: process killed with signal 0, pid: 64914
[2026/09/25 14:43:52:3342] N: WS closed from (unix skt), clients: 3
[2026/09/25 14:43:52:3343] N: killing process, pid: 64909
[2026/09/25 14:43:52:3355] N: process killed with signal 0, pid: 64909
[2026/09/25 14:43:52:3692] N: WS closed from (unix skt), clients: 2
[2026/09/25 14:43:52:3693] N: killing process, pid: 64918
[2026/09/25 14:43:52:3707] N: process killed with signal 0, pid: 64918
[2026/09/25 14:43:53:5253] N: WS closed from (unix skt), clients: 1
[2026/09/25 14:43:53:5254] N: killing process, pid: 64912
[2026/09/25 14:43:53:5254] N: WS closed from (unix skt), clients: 0
[2026/09/25 14:43:53:5254] N: killing process, pid: 64929
[2026/09/25 14:43:53:5262] N: process killed with signal 0, pid: 64912
[2026/09/25 14:43:53:5262] N: process killed with signal 0, pid: 64929
[2026/09/25 14:43:53:5394] N: WS   /ws - (unix skt), clients: 1
[2026/09/25 14:43:53:5394] N: WS   /ws - (unix skt), clients: 2
[2026/09/25 14:43:53:5394] N: WS   /ws - (unix skt), clients: 3
[2026/09/25 14:43:53:5394] N: WS   /ws - (unix skt), clients: 4
[2026/09/25 14:43:53:5394] N: WS   /ws - (unix skt), clients: 5
[2026/09/25 14:43:53:5394] N: WS   /ws - (unix skt), clients: 6
[2026/09/25 14:43:53:5394] N: WS   /ws - (unix skt), clients: 7
[2026/09/25 14:43:53:5394] N: WS   /ws - (unix skt), clients: 8
[2026/09/25 14:43:53:5395] N: WS   /ws - (unix skt), clients: 9
[2026/09/25 14:43:53:5395] N: WS   /ws - (unix skt), clients: 10
[2026/09/25 14:43:53:5401] N: started process, pid: 65236
[2026/09/25 14:43:53:5405] N: started process, pid: 65238
[2026/09/25 14:43:53:5410] N: started process, pid: 65239
[2026/09/25 14:43:53:5418] N: started process, pid: 65240
[2026/09/25 14:43:53:5429] N: started process, pid: 65241
[2026/09/25 14:43:53:5435] N: started process, pid: 65243
[2026/09/25 14:43:53:5446] N: started process, pid: 65244
[2026/09/25 14:43:53:5461] N: started process, pid: 65251
[2026/09/25 14:43:53:5473] N: started process, pid: 65258
[2026/09/25 14:43:53:5485] N: started process, pid: 65259
[2026/09/25 14:43:53:6452] N: WS closed from (unix skt), clients: 9
[2026/09/25 14:43:53:6453] N: killing process, pid: 65240
[2026/09/25 14:43:53:6459] N: process killed with signal 1, pid: 65240
[2026/09/25 14:43:53:7025] N: WS closed from (unix skt), clients: 8
[2026/09/25 14:43:53:7025] N: killing process, pid: 65258
[2026/09/25 14:43:53:7029] N: process killed with signal 1, pid: 65258
[2026/09/25 14:43:53:8205] N: WS closed from (unix skt), clients: 7
[2026/09/25 14:43:53:8205] N: killing process, pid: 65236
[2026/09/25 14:43:53:8206] N: WS closed from (unix skt), clients: 6
[2026/09/25 14:43:53:8206] N: killing process, pid: 65239
[2026/09/25 14:43:53:8211] N: process killed with signal 0, pid: 65236
[2026/09/25 14:43:53:8212] N: process killed with signal 0, pid: 65239
[2026/09/25 14:43:53:8906] N: WS closed from (unix skt), clients: 5
[2026/09/25 14:43:53:8906] N: killing process, pid: 65243
[2026/09/25 14:43:53:8911] N: process killed with signal 0, pid: 65243
[2026/09/25 14:43:53:9170] N: WS closed from (unix skt), clients: 4
[2026/09/25 14:43:53:9171] N: killing process, pid: 65244
[2026/09/25 14:43:53:9177] N: process killed with signal 0, pid: 65244
[2026/09/25 14:43:54:3227] N: WS closed from (unix skt), clients: 3
[2026/09/25 14:43:54:3227] N: killing process, pid: 65238
[2026/09/25 14:43:54:3236] N: process killed with signal 0, pid: 65238
[2026/09/25 14:43:54:4218] N: WS closed from (unix skt), clients: 2
[2026/09/25 14:43:54:4219] N: killing process, pid: 65251
[2026/09/25 14:43:54:4232] N: process killed with signal 0, pid: 65251
[2026/09/25 14:43:55:5420] N: WS closed from (unix skt), clients: 1
[2026/09/25 14:43:55:5421] N: killing process, pid: 65241
[2026/09/25 14:43:55:5421] N: WS closed from (unix skt), clients: 0
[2026/09/25 14:43:55:5421] N: killing process, pid: 65259
[2026/09/25 14:43:55:5429] N: process killed with signal 0, pid: 65241
[2026/09/25 14:43:55:5435] N: process killed with signal 0, pid: 65259
[2026/09/25 14:43:55:5527] N: WS   /ws - (unix skt), clients: 1
[2026/09/25 14:43:55:5527] N: WS   /ws - (unix skt), clients: 2
[2026/09/25 14:43:55:5527] N: WS   /ws - (unix skt), clients: 3
[2026/09/25 14:43:55:5527] N: WS   /ws - (unix skt), clients: 4
[2026/09/25 14:43:55:5527] N: WS   /ws - (unix skt), clients: 5
[2026/09/25 14:43:55:5527] N: WS   /ws - (unix skt), clients: 6
[2026/09/25 14:43:55:5528] N: WS   /ws - (unix skt), clients: 7
[2026/09/25 14:43:55:5528] N: WS   /ws - (unix skt), clients: 8
[2026/09/25 14:43:55:5528] N: WS   /ws - (unix skt), clients: 9
[2026/09/25 14:43:55:5528] N: WS   /ws - (unix skt), clients: 10
[2026/09/25 14:43:55:5536] N: started process, pid: 65516
[2026/09/25 14:43:55:5542] N: started process, pid: 65517
[2026/09/25 14:43:55:5548] N: started process, pid: 65518
[2026/09/25 14:43:55:5554] N: started process, pid: 65519
[2026/09/25 14:43:55:5564] N: started process, pid: 65520
[2026/09/25 14:43:55:5574] N: started process, pid: 65521
[2026/09/25 14:43:55:5591] N: started process, pid: 65522
[2026/09/25 14:43:55:5606] N: started process, pid: 65523
[2026/09/25 14:43:55:5616] N: started process, pid: 65534
[2026/09/25 14:43:55:5629] N: started process, pid: 65538
[2026/09/25 14:43:55:6848] N: WS closed from (unix skt), clients: 9
[2026/09/25 14:43:55:6848] N: killing process, pid: 65517
[2026/09/25 14:43:55:6854] N: process killed with signal 1, pid: 65517
[2026/09/25 14:43:55:7095] N: WS closed from (unix skt), clients: 8
[2026/09/25 14:43:55:7096] N: killing process, pid: 65521
[2026/09/25 14:43:55:7099] N: process killed with signal 1, pid: 65521
[2026/09/25 14:43:55:8629] N: WS closed from (unix skt), clients: 7
[2026/09/25 14:43:55:8629] N: killing process, pid: 65516
[2026/09/25 14:43:55:8635] N: process killed with signal 0, pid: 65516
[2026/09/25 14:43:55:8870] N: WS closed from (unix skt), clients: 6
[2026/09/25 14:43:55:8870] N: killing process, pid: 65519
[2026/09/25 14:43:55:8875] N: process killed with signal 0, pid: 65519
[2026/09/25 14:43:55:9264] N: WS closed from (unix skt), clients: 5
[2026/09/25 14:43:55:9265] N: killing process, pid: 65534
[2026/09/25 14:43:55:9273] N: process killed with signal 0, pid: 65534
[2026/09/25 14:43:55:9366] N: WS closed from (unix skt), clients: 4
[2026/09/25 14:43:55:9366] N: killing process, pid: 65523
[2026/09/25 14:43:55:9373] N: process killed with signal 0, pid: 65523
[2026/09/25 14:43:56:4407] N: WS closed from (unix skt), clients: 3
[2026/09/25 14:43:56:4408] N: killing process, pid: 65520
[2026/09/25 14:43:56:4409] N: WS closed from (unix skt), clients: 2
[2026/09/25 14:43:56:4409] N: killing process, pid: 65538
[2026/09/25 14:43:56:4431] N: process killed with signal 0, pid: 65520
[2026/09/25 14:43:56:4432] N: process killed with signal 0, pid: 65538
[2026/09/25 14:43:57:5543] N: WS closed from (unix skt), clients: 1
[2026/09/25 14:43:57:5543] N: killing process, pid: 65522
[2026/09/25 14:43:57:5544] N: WS closed from (unix skt), clients: 0
[2026/09/25 14:43:57:5544] N: killing process, pid: 65518
[2026/09/25 14:43:57:5558] N: process killed with signal 0, pid: 65518
[2026/09/25 14:43:57:5559] N: process killed with signal 0, pid: 65522
[2026/09/25 14:43:57:5670] N: WS   /ws - (unix skt), clients: 1
[2026/09/25 14:43:57:5670] N: WS   /ws - (unix skt), clients: 2
[2026/09/25 14:43:57:5671] N: WS   /ws - (unix skt), clients: 3
[2026/09/25 14:43:57:5671] N: WS   /ws - (unix skt), clients: 4
[2026/09/25 14:43:57:5671] N: WS   /ws - (unix skt), clients: 5
[2026/09/25 14:43:57:5671] N: WS   /ws - (unix skt), clients: 6
[2026/09/25 14:43:57:5671] N: WS   /ws - (unix skt), clients: 7
[2026/09/25 14:43:57:5671] N: WS   /ws - (unix skt), clients: 8
[2026/09/25 14:43:57:5672] N: WS   /ws - (unix skt), clients: 9
[2026/09/25 14:43:57:5672] N: WS   /ws - (unix skt), clients: 10
[2026/09/25 14:43:57:5681] N: started process, pid: 65774
[2026/09/25 14:43:57:5687] N: started process, pid: 65775
[2026/09/25 14:43:57:5693] N: started process, pid: 65776
[2026/09/25 14:43:57:5702] N: started process, pid: 65777
[2026/09/25 14:43:57:5712] N: started process, pid: 65778
[2026/09/25 14:43:57:5722] N: started process, pid: 65779
[2026/09/25 14:43:57:5732] N: started process, pid: 65780
[2026/09/25 14:43:57:5749] N: started process, pid: 65783
[2026/09/25 14:43:57:5764] N: started process, pid: 65792
[2026/09/25 14:43:57:5786] N: started process, pid: 65795
[2026/09/25 14:43:57:6645] N: WS closed from (unix skt), clients: 9
[2026/09/25 14:43:57:6645] N: killing process, pid: 65776
[2026/09/25 14:43:57:6653] N: process killed with signal 1, pid: 65776
[2026/09/25 14:43:57:7495] N: WS closed from (unix skt), clients: 8
[2026/09/25 14:43:57:7495] N: killing process, pid: 65780
[2026/09/25 14:43:57:7499] N: process killed with signal 1, pid: 65780
[2026/09/25 14:43:57:8283] N: WS closed from (unix skt), clients: 7
[2026/09/25 14:43:57:8283] N: killing process, pid: 65774
[2026/09/25 14:43:57:8287] N: process killed with signal 0, pid: 65774
[2026/09/25 14:43:57:8788] N: WS closed from (unix skt), clients: 6
[2026/09/25 14:43:57:8788] N: killing process, pid: 65778
[2026/09/25 14:43:57:8792] N: process killed with signal 0, pid: 65778
[2026/09/25 14:43:57:9231] N: WS closed from (unix skt), clients: 5
[2026/09/25 14:43:57:9231] N: killing process, pid: 65795
[2026/09/25 14:43:57:9235] N: process killed with signal 0, pid: 65795
[2026/09/25 14:43:57:9513] N: WS closed from (unix skt), clients: 4
[2026/09/25 14:43:57:9513] N: killing process, pid: 65792
[2026/09/25 14:43:57:9516] N: process killed with signal 0, pid: 65792
[2026/09/25 14:43:58:3812] N: WS closed from (unix skt), clients: 3
[2026/09/25 14:43:58:3813] N: killing process, pid: 65775
[2026/09/25 14:43:58:3825] N: process killed with signal 0, pid: 65775
[2026/09/25 14:43:58:4106] N: WS closed from (unix skt), clients: 2
[2026/09/25 14:43:58:4108] N: killing process, pid: 65779
[2026/09/25 14:43:58:4123] N: process killed with signal 0, pid: 65779
[2026/09/25 14:43:59:5667] N: WS closed from (unix skt), clients: 1
[2026/09/25 14:43:59:5667] N: killing process, pid: 65783
[2026/09/25 14:43:59:5675] N: process killed with signal 0, pid: 65783
[2026/09/25 14:43:59:5680] N: WS closed from (unix skt), clients: 0
[2026/09/25 14:43:59:5680] N: killing process, pid: 65777
[2026/09/25 14:43:59:5688] N: process killed with signal 0, pid: 65777
[2026/09/25 14:43:59:5788] N: WS   /ws - (unix skt), clients: 1
[2026/09/25 14:43:59:5789] N: WS   /ws - (unix skt), clients: 2
[2026/09/25 14:43:59:5789] N: WS   /ws - (unix skt), clients: 3
[2026/09/25 14:43:59:5789] N: WS   /ws - (unix skt), clients: 4
[2026/09/25 14:43:59:5789] N: WS   /ws - (unix skt), clients: 5
[2026/09/25 14:43:59:5789] N: WS   /ws - (unix skt), clients: 6
[2026/09/25 14:43:59:5789] N: WS   /ws - (unix skt), clients: 7
[2026/09/25 14:43:59:5789] N: WS   /ws - (unix skt), clients: 8
[2026/09/25 14:43:59:5790] N: WS   /ws - (unix skt), clients: 9
[2026/09/25 14:43:59:5790] N: WS   /ws - (unix skt), clients: 10
[2026/09/25 14:43:59:5801] N: started process, pid: 66122
[2026/09/25 14:43:59:5807] N: started process, pid: 66123
[2026/09/25 14:43:59:5813] N: started process, pid: 66124
[2026/09/25 14:43:59:5822] N: started process, pid: 66125
[2026/09/25 14:43:59:5832] N: started process, pid: 66126
[2026/09/25 14:43:59:5842] N: started process, pid: 66127
[2026/09/25 14:43:59:5856] N: started process, pid: 66128
[2026/09/25 14:43:59:5871] N: started process, pid: 66133
[2026/09/25 14:43:59:5895] N: started process, pid: 66138
[2026/09/25 14:43:59:5916] N: started process, pid: 66149
[2026/09/25 14:43:59:7522] N: WS closed from (unix skt), clients: 9
[2026/09/25 14:43:59:7523] N: killing process, pid: 66124
[2026/09/25 14:43:59:7524] N: WS closed from (unix skt), clients: 8
[2026/09/25 14:43:59:7524] N: killing process, pid: 66138
[2026/09/25 14:43:59:7527] N: process killed with signal 1, pid: 66124
[2026/09/25 14:43:59:7528] N: process killed with signal 1, pid: 66138
[2026/09/25 14:43:59:9249] N: WS closed from (unix skt), clients: 7
[2026/09/25 14:43:59:9249] N: killing process, pid: 66122
[2026/09/25 14:43:59:9250] N: WS closed from (unix skt), clients: 6
[2026/09/25 14:43:59:9250] N: killing process, pid: 66125
[2026/09/25 14:43:59:9250] N: WS closed from (unix skt), clients: 5
[2026/09/25 14:43:59:9250] N: killing process, pid: 66127
[2026/09/25 14:43:59:9255] N: process killed with signal 0, pid: 66122
[2026/09/25 14:43:59:9256] N: process killed with signal 0, pid: 66125
[2026/09/25 14:43:59:9256] N: process killed with signal 0, pid: 66127
[2026/09/25 14:43:59:9391] N: WS closed from (unix skt), clients: 4
[2026/09/25 14:43:59:9392] N: killing process, pid: 66128
[2026/09/25 14:43:59:9398] N: process killed with signal 0, pid: 66128
[2026/09/25 14:44:00:3518] N: WS closed from (unix skt), clients: 3
[2026/09/25 14:44:00:3519] N: killing process, pid: 66123
[2026/09/25 14:44:00:3532] N: process killed with signal 0, pid: 66123
[2026/09/25 14:44:00:4587] N: WS closed from (unix skt), clients: 2
[2026/09/25 14:44:00:4588] N: killing process, pid: 66133
[2026/09/25 14:44:00:4596] N: process killed with signal 0, pid: 66133
[2026/09/25 14:44:01:5805] N: WS closed from (unix skt), clients: 1
[2026/09/25 14:44:01:5805] N: killing process, pid: 66126
[2026/09/25 14:44:01:5806] N: WS closed from (unix skt), clients: 0
[2026/09/25 14:44:01:5806] N: killing process, pid: 66149
[2026/09/25 14:44:01:5816] N: process killed with signal 0, pid: 66126
[2026/09/25 14:44:01:5816] N: process killed with signal 0, pid: 66149
[2026/09/25 14:44:01:5905] N: WS   /ws - (unix skt), clients: 1
[2026/09/25 14:44:01:5906] N: WS   /ws - (unix skt), clients: 2
[2026/09/25 14:44:01:5906] N: WS   /ws - (unix skt), clients: 3
[2026/09/25 14:44:01:5906] N: WS   /ws - (unix skt), clients: 4
[2026/09/25 14:44:01:5906] N: WS   /ws - (unix skt), clients: 5
[2026/09/25 14:44:01:5906] N: WS   /ws - (unix skt), clients: 6
[2026/09/25 14:44:01:5906] N: WS   /ws - (unix skt), clients: 7
[2026/09/25 14:44:01:5906] N: WS   /ws - (unix skt), clients: 8
[2026/09/25 14:44:01:5907] N: WS   /ws - (unix skt), clients: 9
[2026/09/25 14:44:01:5907] N: WS   /ws - (unix skt), clients: 10
[2026/09/25 14:44:01:5913] N: started process, pid: 66458
[2026/09/25 14:44:01:5918] N: started process, pid: 66459
[2026/09/25 14:44:01:5922] N: started process, pid: 66460
[2026/09/25 14:44:01:5927] N: started process, pid: 66461
[2026/09/25 14:44:01:5931] N: started process, pid: 66462
[2026/09/25 14:44:01:5939] N: started process, pid: 66463
[2026/09/25 14:44:01:5950] N: started process, pid: 66464
[2026/09/25 14:44:01:5959] N: started process, pid: 66465
[2026/09/25 14:44:01:5978] N: started process, pid: 66470
[2026/09/25 14:44:01:6002] N: started process, pid: 66484
[2026/09/25 14:44:01:7254] N: WS closed from (unix skt), clients: 9
[2026/09/25 14:44:01:7254] N: killing process, pid: 66461
[2026/09/25 14:44:01:7257] N: process killed with signal 1, pid: 66461
[2026/09/25 14:44:01:7690] N: WS closed from (unix skt), clients: 8
[2026/09/25 14:44:01:7691] N: killing process, pid: 66470
[2026/09/25 14:44:01:7695] N: process killed with signal 1, pid: 66470
[2026/09/25 14:44:01:8881] N: WS closed from (unix skt), clients: 7
[2026/09/25 14:44:01:8881] N: killing process, pid: 66459
[2026/09/25 14:44:01:8887] N: process killed with signal 0, pid: 66459
[2026/09/25 14:44:01:9020] N: WS closed from (unix skt), clients: 6
[2026/09/25 14:44:01:9020] N: killing process, pid: 66458
[2026/09/25 14:44:01:9020] N: WS closed from (unix skt), clients: 5
[2026/09/25 14:44:01:9020] N: killing process, pid: 66463
[2026/09/25 14:44:01:9024] N: process killed with signal 0, pid: 66458
[2026/09/25 14:44:01:9025] N: process killed with signal 0, pid: 66463
[2026/09/25 14:44:01:9702] N: WS closed from (unix skt), clients: 4
[2026/09/25 14:44:01:9702] N: killing process, pid: 66464
[2026/09/25 14:44:01:9708] N: process killed with signal 0, pid: 66464
[2026/09/25 14:44:02:3780] N: WS closed from (unix skt), clients: 3
[2026/09/25 14:44:02:3781] N: killing process, pid: 66460
[2026/09/25 14:44:02:3788] N: process killed with signal 0, pid: 66460
[2026/09/25 14:44:02:4710] N: WS closed from (unix skt), clients: 2
[2026/09/25 14:44:02:4711] N: killing process, pid: 66465
[2026/09/25 14:44:02:4720] N: process killed with signal 0, pid: 66465
[2026/09/25 14:44:03:5934] N: WS closed from (unix skt), clients: 1
[2026/09/25 14:44:03:5935] N: killing process, pid: 66462
[2026/09/25 14:44:03:5936] N: WS closed from (unix skt), clients: 0
[2026/09/25 14:44:03:5936] N: killing process, pid: 66484
[2026/09/25 14:44:03:5952] N: process killed with signal 0, pid: 66484
[2026/09/25 14:44:03:5954] N: process killed with signal 0, pid: 66462
[2026/09/25 14:44:03:6064] N: WS   /ws - (unix skt), clients: 1
[2026/09/25 14:44:03:6065] N: WS   /ws - (unix skt), clients: 2
[2026/09/25 14:44:03:6065] N: WS   /ws - (unix skt), clients: 3
[2026/09/25 14:44:03:6065] N: WS   /ws - (unix skt), clients: 4
[2026/09/25 14:44:03:6065] N: WS   /ws - (unix skt), clients: 5
[2026/09/25 14:44:03:6065] N: WS   /ws - (unix skt), clients: 6
[2026/09/25 14:44:03:6065] N: WS   /ws - (unix skt), clients: 7
[2026/09/25 14:44:03:6066] N: WS   /ws - (unix skt), clients: 8
[2026/09/25 14:44:03:6066] N: WS   /ws - (unix skt), clients: 9
[2026/09/25 14:44:03:6066] N: WS   /ws - (unix skt), clients: 10
[2026/09/25 14:44:03:6077] N: started process, pid: 66769
[2026/09/25 14:44:03:6085] N: started process, pid: 66770
[2026/09/25 14:44:03:6092] N: started process, pid: 66771
[2026/09/25 14:44:03:6103] N: started process, pid: 66772
[2026/09/25 14:44:03:6115] N: started process, pid: 66773
[2026/09/25 14:44:03:6126] N: started process, pid: 66774
[2026/09/25 14:44:03:6136] N: started process, pid: 66775
[2026/09/25 14:44:03:6147] N: started process, pid: 66780
[2026/09/25 14:44:03:6163] N: started process, pid: 66787
[2026/09/25 14:44:03:6183] N: started process, pid: 66794
[2026/09/25 14:44:03:7053] N: WS closed from (unix skt), clients: 9
[2026/09/25 14:44:03:7053] N: killing process, pid: 66771
[2026/09/25 14:44:03:7056] N: process killed with signal 1, pid: 66771
[2026/09/25 14:44:03:8060] N: WS closed from (unix skt), clients: 8
[2026/09/25 14:44:03:8061] N: killing process, pid: 66787
[2026/09/25 14:44:03:8065] N: process killed with signal 1, pid: 66787
[2026/09/25 14:44:03:9068] N: WS closed from (unix skt), clients: 7
[2026/09/25 14:44:03:9068] N: killing process, pid: 66769
[2026/09/25 14:44:03:9075] N: process killed with signal 0, pid: 66769
[2026/09/25 14:44:03:9834] N: WS closed from (unix skt), clients: 6
[2026/09/25 14:44:03:9834] N: killing process, pid: 66773
[2026/09/25 14:44:03:9834] N: WS closed from (unix skt), clients: 5
[2026/09/25 14:44:03:9834] N: killing process, pid: 66775
[2026/09/25 14:44:03:9842] N: process killed with signal 0, pid: 66773
[2026/09/25 14:44:03:9842] N: process killed with signal 0, pid: 66775
[2026/09/25 14:44:03:9947] N: WS closed from (unix skt), clients: 4
[2026/09/25 14:44:03:9947] N: killing process, pid: 66774
[2026/09/25 14:44:03:9952] N: process killed with signal 0, pid: 66774
[2026/09/25 14:44:04:4084] N: WS closed from (unix skt), clients: 3
[2026/09/25 14:44:04:4086] N: killing process, pid: 66770
[2026/09/25 14:44:04:4102] N: process killed with signal 0, pid: 66770
[2026/09/25 14:44:04:5107] N: WS closed from (unix skt), clients: 2
[2026/09/25 14:44:04:5108] N: killing process, pid: 66780
[2026/09/25 14:44:04:5113] N: process killed with signal 0, pid: 66780
[2026/09/25 14:44:05:6085] N: WS closed from (unix skt), clients: 1
[2026/09/25 14:44:05:6086] N: killing process, pid: 66772
[2026/09/25 14:44:05:6086] N: WS closed from (unix skt), clients: 0
[2026/09/25 14:44:05:6086] N: killing process, pid: 66794
[2026/09/25 14:44:05:6100] N: process killed with signal 0, pid: 66772
[2026/09/25 14:44:05:6100] N: process killed with signal 0, pid: 66794
[2026/09/25 14:44:05:6200] N: WS   /ws - (unix skt), clients: 1
[2026/09/25 14:44:05:6201] N: WS   /ws - (unix skt), clients: 2
[2026/09/25 14:44:05:6201] N: WS   /ws - (unix skt), clients: 3
[2026/09/25 14:44:05:6201] N: WS   /ws - (unix skt), clients: 4
[2026/09/25 14:44:05:6201] N: WS   /ws - (unix skt), clients: 5
[2026/09/25 14:44:05:6201] N: WS   /ws - (unix skt), clients: 6
[2026/09/25 14:44:05:6202] N: WS   /ws - (unix skt), clients: 7
[2026/09/25 14:44:05:6202] N: WS   /ws - (unix skt), clients: 8
[2026/09/25 14:44:05:6202] N: WS   /ws - (unix skt), clients: 9
[2026/09/25 14:44:05:6202] N: WS   /ws - (unix skt), clients: 10
[2026/09/25 14:44:05:6209] N: started process, pid: 67068
[2026/09/25 14:44:05:6214] N: started process, pid: 67069
[2026/09/25 14:44:05:6218] N: started process, pid: 67070
[2026/09/25 14:44:05:6225] N: started process, pid: 67071
[2026/09/25 14:44:05:6232] N: started process, pid: 67073
[2026/09/25 14:44:05:6241] N: started process, pid: 67074
[2026/09/25 14:44:05:6248] N: started process, pid: 67075
[2026/09/25 14:44:05:6257] N: started process, pid: 67076
[2026/09/25 14:44:05:6268] N: started process, pid: 67079
[2026/09/25 14:44:05:6276] N: started process, pid: 67085
[2026/09/25 14:44:05:6857] N: WS closed from (unix skt), clients: 9
[2026/09/25 14:44:05:6858] N: killing process, pid: 67070
[2026/09/25 14:44:05:6862] N: process killed with signal 1, pid: 67070
[2026/09/25 14:44:05:8088] N: WS closed from (unix skt), clients: 8
[2026/09/25 14:44:05:8088] N: killing process, pid: 67079
[2026/09/25 14:44:05:8091] N: process killed with signal 1, pid: 67079
[2026/09/25 14:44:05:9543] N: WS closed from (unix skt), clients: 7
[2026/09/25 14:44:05:9543] N: killing process, pid: 67068
[2026/09/25 14:44:05:9544] N: WS closed from (unix skt), clients: 6
[2026/09/25 14:44:05:9544] N: killing process, pid: 67074
[2026/09/25 14:44:05:9552] N: process killed with signal 0, pid: 67068
[2026/09/25 14:44:05:9553] N: process killed with signal 0, pid: 67074
[2026/09/25 14:44:05:9738] N: WS closed from (unix skt), clients: 5
[2026/09/25 14:44:05:9738] N: killing process, pid: 67071
[2026/09/25 14:44:05:9743] N: process killed with signal 0, pid: 67071
[2026/09/25 14:44:05:9859] N: WS closed from (unix skt), clients: 4
[2026/09/25 14:44:05:9859] N: killing process, pid: 67075
[2026/09/25 14:44:05:9864] N: process killed with signal 0, pid: 67075
[2026/09/25 14:44:06:4620] N: WS closed from (unix skt), clients: 3
[2026/09/25 14:44:06:4622] N: killing process, pid: 67069
[2026/09/25 14:44:06:4643] N: process killed with signal 0, pid: 67069
[2026/09/25 14:44:06:5114] N: WS closed from (unix skt), clients: 2
[2026/09/25 14:44:06:5115] N: killing process, pid: 67076
[2026/09/25 14:44:06:5132] N: process killed with signal 0, pid: 67076
[2026/09/25 14:44:07:6215] N: WS closed from (unix skt), clients: 1
[2026/09/25 14:44:07:6215] N: killing process, pid: 67073
[2026/09/25 14:44:07:6216] N: WS closed from (unix skt), clients: 0
[2026/09/25 14:44:07:6216] N: killing process, pid: 67085
[2026/09/25 14:44:07:6221] N: process killed with signal 0, pid: 67073
[2026/09/25 14:44:07:6227] N: process killed with signal 0, pid: 67085
[2026/09/25 14:44:07:6322] N: WS   /ws - (unix skt), clients: 1
[2026/09/25 14:44:07:6323] N: WS   /ws - (unix skt), clients: 2
[2026/09/25 14:44:07:6323] N: WS   /ws - (unix skt), clients: 3
[2026/09/25 14:44:07:6323] N: WS   /ws - (unix skt), clients: 4
[2026/09/25 14:44:07:6323] N: WS   /ws - (unix skt), clients: 5
[2026/09/25 14:44:07:6323] N: WS   /ws - (unix skt), clients: 6
[2026/09/25 14:44:07:6323] N: WS   /ws - (unix skt), clients: 7
[2026/09/25 14:44:07:6324] N: WS   /ws - (unix skt), clients: 8
[2026/09/25 14:44:07:6324] N: WS   /ws - (unix skt), clients: 9
[2026/09/25 14:44:07:6324] N: WS   /ws - (unix skt), clients: 10
[2026/09/25 14:44:07:6332] N: started process, pid: 67361
[2026/09/25 14:44:07:6338] N: started process, pid: 67362
[2026/09/25 14:44:07:6345] N: started process, pid: 67363
[2026/09/25 14:44:07:6356] N: started process, pid: 67364
[2026/09/25 14:44:07:6363] N: started process, pid: 67371
[2026/09/25 14:44:07:6370] N: started process, pid: 67372
[2026/09/25 14:44:07:6380] N: started process, pid: 67373
[2026/09/25 14:44:07:6389] N: started process, pid: 67374
[2026/09/25 14:44:07:6407] N: started process, pid: 67378
[2026/09/25 14:44:07:6422] N: started process, pid: 67386
[2026/09/25 14:44:07:6940] N: WS closed from (unix skt), clients: 9
[2026/09/25 14:44:07:6940] N: killing process, pid: 67363
[2026/09/25 14:44:07:6944] N: process killed with signal 1, pid: 67363
[2026/09/25 14:44:07:8115] N: WS closed from (unix skt), clients: 8
[2026/09/25 14:44:07:8115] N: killing process, pid: 67373
[2026/09/25 14:44:07:8118] N: process killed with signal 1, pid: 67373
[2026/09/25 14:44:07:9538] N: WS closed from (unix skt), clients: 7
[2026/09/25 14:44:07:9539] N: killing process, pid: 67378
[2026/09/25 14:44:07:9544] N: process killed with signal 0, pid: 67378
[2026/09/25 14:44:07:9900] N: WS closed from (unix skt), clients: 6
[2026/09/25 14:44:07:9900] N: killing process, pid: 67361
[2026/09/25 14:44:07:9900] N: WS closed from (unix skt), clients: 5
[2026/09/25 14:44:07:9900] N: killing process, pid: 67371
[2026/09/25 14:44:07:9907] N: process killed with signal 0, pid: 67371
[2026/09/25 14:44:07:9907] N: process killed with signal 0, pid: 67361
[2026/09/25 14:44:08:0140] N: WS closed from (unix skt), clients: 4
[2026/09/25 14:44:08:0141] N: killing process, pid: 67386
[2026/09/25 14:44:08:0146] N: process killed with signal 0, pid: 67386
[2026/09/25 14:44:08:4913] N: WS closed from (unix skt), clients: 3
[2026/09/25 14:44:08:4914] N: killing process, pid: 67362
[2026/09/25 14:44:08:4931] N: process killed with signal 0, pid: 67362
[2026/09/25 14:44:08:5156] N: WS closed from (unix skt), clients: 2
[2026/09/25 14:44:08:5158] N: killing process, pid: 67372
[2026/09/25 14:44:08:5171] N: process killed with signal 0, pid: 67372
[2026/09/25 14:44:09:6346] N: WS closed from (unix skt), clients: 1
[2026/09/25 14:44:09:6346] N: killing process, pid: 67374
[2026/09/25 14:44:09:6347] N: WS closed from (unix skt), clients: 0
[2026/09/25 14:44:09:6347] N: killing process, pid: 67364
[2026/09/25 14:44:09:6352] N: process killed with signal 0, pid: 67374
[2026/09/25 14:44:09:6356] N: process killed with signal 0, pid: 67364
[2026/09/25 14:44:09:6429] N: WS   /ws - (unix skt), clients: 1
[2026/09/25 14:44:09:6430] N: WS   /ws - (unix skt), clients: 2
[2026/09/25 14:44:09:6430] N: WS   /ws - (unix skt), clients: 3
[2026/09/25 14:44:09:6430] N: WS   /ws - (unix skt), clients: 4
[2026/09/25 14:44:09:6430] N: WS   /ws - (unix skt), clients: 5
[2026/09/25 14:44:09:6430] N: WS   /ws - (unix skt), clients: 6
[2026/09/25 14:44:09:6431] N: WS   /ws - (unix skt), clients: 7
[2026/09/25 14:44:09:6431] N: WS   /ws - (unix skt), clients: 8
[2026/09/25 14:44:09:6431] N: WS   /ws - (unix skt), clients: 9
[2026/09/25 14:44:09:6431] N: WS   /ws - (unix skt), clients: 10
[2026/09/25 14:44:09:6437] N: started process, pid: 67827
[2026/09/25 14:44:09:6441] N: started process, pid: 67828
[2026/09/25 14:44:09:6446] N: started process, pid: 67829
[2026/09/25 14:44:09:6451] N: started process, pid: 67830
[2026/09/25 14:44:09:6458] N: started process, pid: 67831
[2026/09/25 14:44:09:6463] N: started process, pid: 67832
[2026/09/25 14:44:09:6469] N: started process, pid: 67833
[2026/09/25 14:44:09:6479] N: started process, pid: 67834
[2026/09/25 14:44:09:6489] N: started process, pid: 67835
[2026/09/25 14:44:09:6508] N: started process, pid: 67839
[2026/09/25 14:44:09:7776] N: WS closed from (unix skt), clients: 9
[2026/09/25 14:44:09:7777] N: killing process, pid: 67830
[2026/09/25 14:44:09:7780] N: process killed with signal 1, pid: 67830
[2026/09/25 14:44:09:8219] N: WS closed from (unix skt), clients: 8
[2026/09/25 14:44:09:8219] N: killing process, pid: 67835
[2026/09/25 14:44:09:8222] N: process killed with signal 1, pid: 67835
[2026/09/25 14:44:09:8987] N: WS closed from (unix skt), clients: 7
[2026/09/25 14:44:09:8988] N: killing process, pid: 67827
[2026/09/25 14:44:09:8992] N: process killed with signal 0, pid: 67827
[2026/09/25 14:44:09:9568] N: WS closed from (unix skt), clients: 6
[2026/09/25 14:44:09:9569] N: killing process, pid: 67828
[2026/09/25 14:44:09:9573] N: process killed with signal 0, pid: 67828
[2026/09/25 14:44:09:9670] N: WS closed from (unix skt), clients: 5
[2026/09/25 14:44:09:9671] N: killing process, pid: 67833
[2026/09/25 14:44:09:9680] N: process killed with signal 0, pid: 67833
[2026/09/25 14:44:09:9797] N: WS closed from (unix skt), clients: 4
[2026/09/25 14:44:09:9798] N: killing process, pid: 67832
[2026/09/25 14:44:09:9802] N: process killed with signal 0, pid: 67832
[2026/09/25 14:44:10:4692] N: WS closed from (unix skt), clients: 3
[2026/09/25 14:44:10:4693] N: killing process, pid: 67829
[2026/09/25 14:44:10:4709] N: process killed with signal 0, pid: 67829
[2026/09/25 14:44:10:5147] N: WS closed from (unix skt), clients: 2
[2026/09/25 14:44:10:5147] N: killing process, pid: 67834
[2026/09/25 14:44:10:5156] N: process killed with signal 0, pid: 67834
[2026/09/25 14:44:11:6446] N: WS closed from (unix skt), clients: 1
[2026/09/25 14:44:11:6446] N: killing process, pid: 67831
[2026/09/25 14:44:11:6447] N: WS closed from (unix skt), clients: 0
[2026/09/25 14:44:11:6447] N: killing process, pid: 67839
[2026/09/25 14:44:11:6459] N: process killed with signal 0, pid: 67831
[2026/09/25 14:44:11:6459] N: process killed with signal 0, pid: 67839
[2026/09/25 14:44:11:6560] N: WS   /ws - (unix skt), clients: 1
[2026/09/25 14:44:11:6560] N: WS   /ws - (unix skt), clients: 2
[2026/09/25 14:44:11:6560] N: WS   /ws - (unix skt), clients: 3
[2026/09/25 14:44:11:6561] N: WS   /ws - (unix skt), clients: 4
[2026/09/25 14:44:11:6561] N: WS   /ws - (unix skt), clients: 5
[2026/09/25 14:44:11:6561] N: WS   /ws - (unix skt), clients: 6
[2026/09/25 14:44:11:6561] N: WS   /ws - (unix skt), clients: 7
[2026/09/25 14:44:11:6561] N: WS   /ws - (unix skt), clients: 8
[2026/09/25 14:44:11:6572] N: started process, pid: 68178
[2026/09/25 14:44:11:6573] N: WS   /ws - (unix skt), clients: 9
[2026/09/25 14:44:11:6574] N: WS   /ws - (unix skt), clients: 10
[2026/09/25 14:44:11:6580] N: started process, pid: 68179
[2026/09/25 14:44:11:6588] N: started process, pid: 68180
[2026/09/25 14:44:11:6596] N: started process, pid: 68181
[2026/09/25 14:44:11:6605] N: started process, pid: 68182
[2026/09/25 14:44:11:6615] N: started process, pid: 68183
[2026/09/25 14:44:11:6627] N: started process, pid: 68184
[2026/09/25 14:44:11:6642] N: started process, pid: 68186
[2026/09/25 14:44:11:6656] N: started process, pid: 68190
[2026/09/25 14:44:11:6691] N: started process, pid: 68197
[2026/09/25 14:44:11:7775] N: WS closed from (unix skt), clients: 9
[2026/09/25 14:44:11:7776] N: killing process, pid: 68180
[2026/09/25 14:44:11:7783] N: process killed with signal 1, pid: 68180
[2026/09/25 14:44:11:8036] N: WS closed from (unix skt), clients: 8
[2026/09/25 14:44:11:8037] N: killing process, pid: 68183
[2026/09/25 14:44:11:8042] N: process killed with signal 1, pid: 68183
[2026/09/25 14:44:11:9515] N: WS closed from (unix skt), clients: 7
[2026/09/25 14:44:11:9516] N: killing process, pid: 68178
[2026/09/25 14:44:11:9520] N: process killed with signal 0, pid: 68178
[2026/09/25 14:44:11:9803] N: WS closed from (unix skt), clients: 6
[2026/09/25 14:44:11:9803] N: killing process, pid: 68179
[2026/09/25 14:44:11:9807] N: process killed with signal 0, pid: 68179
[2026/09/25 14:44:12:0184] N: WS closed from (unix skt), clients: 5
[2026/09/25 14:44:12:0184] N: killing process, pid: 68190
[2026/09/25 14:44:12:0187] N: process killed with signal 0, pid: 68190
[2026/09/25 14:44:12:0422] N: WS closed from (unix skt), clients: 4
[2026/09/25 14:44:12:0423] N: killing process, pid: 68186
[2026/09/25 14:44:12:0426] N: process killed with signal 0, pid: 68186
[2026/09/25 14:44:12:5443] N: WS closed from (unix skt), clients: 3
[2026/09/25 14:44:12:5444] N: killing process, pid: 68197
[2026/09/25 14:44:12:5444] N: WS closed from (unix skt), clients: 2
[2026/09/25 14:44:12:5444] N: killing process, pid: 68182
[2026/09/25 14:44:12:5450] N: process killed with signal 0, pid: 68197
[2026/09/25 14:44:12:5451] N: process killed with signal 0, pid: 68182
[2026/09/25 14:44:13:6622] N: WS closed from (unix skt), clients: 1
[2026/09/25 14:44:13:6623] N: killing process, pid: 68184
[2026/09/25 14:44:13:6623] N: WS closed from (unix skt), clients: 0
[2026/09/25 14:44:13:6624] N: killing process, pid: 68181
[2026/09/25 14:44:13:6643] N: process killed with signal 0, pid: 68181
[2026/09/25 14:44:13:6644] N: process killed with signal 0, pid: 68184
[2026/09/25 14:44:13:6774] N: WS   /ws - (unix skt), clients: 1
[2026/09/25 14:44:13:6774] N: WS   /ws - (unix skt), clients: 2
[2026/09/25 14:44:13:6775] N: WS   /ws - (unix skt), clients: 3
[2026/09/25 14:44:13:6775] N: WS   /ws - (unix skt), clients: 4
[2026/09/25 14:44:13:6775] N: WS   /ws - (unix skt), clients: 5
[2026/09/25 14:44:13:6775] N: WS   /ws - (unix skt), clients: 6
[2026/09/25 14:44:13:6775] N: WS   /ws - (unix skt), clients: 7
[2026/09/25 14:44:13:6776] N: WS   /ws - (unix skt), clients: 8
[2026/09/25 14:44:13:6776] N: WS   /ws - (unix skt), clients: 9
[2026/09/25 14:44:13:6776] N: WS   /ws - (unix skt), clients: 10
[2026/09/25 14:44:13:6783] N: started process, pid: 68734
[2026/09/25 14:44:13:6788] N: started process, pid: 68735
[2026/09/25 14:44:13:6794] N: started process, pid: 68736
[2026/09/25 14:44:13:6800] N: started process, pid: 68737
[2026/09/25 14:44:13:6815] N: started process, pid: 68738
[2026/09/25 14:44:13:6823] N: started process, pid: 68739
[2026/09/25 14:44:13:6848] N: started process, pid: 68740
[2026/09/25 14:44:13:6859] N: started process, pid: 68742
[2026/09/25 14:44:13:6866] N: started process, pid: 68748
[2026/09/25 14:44:13:6876] N: started process, pid: 68754
[2026/09/25 14:44:13:7917] N: WS closed from (unix skt), clients: 9
[2026/09/25 14:44:13:7917] N: killing process, pid: 68736
[2026/09/25 14:44:13:7927] N: process killed with signal 1, pid: 68736
[2026/09/25 14:44:13:8728] N: WS closed from (unix skt), clients: 8
[2026/09/25 14:44:13:8729] N: killing process, pid: 68748
[2026/09/25 14:44:13:8738] N: process killed with signal 1, pid: 68748
[2026/09/25 14:44:14:0062] N: WS closed from (unix skt), clients: 7
[2026/09/25 14:44:14:0062] N: killing process, pid: 68734
[2026/09/25 14:44:14:0066] N: process killed with signal 0, pid: 68734
[2026/09/25 14:44:14:0214] N: WS closed from (unix skt), clients: 6
[2026/09/25 14:44:14:0214] N: killing process, pid: 68739
[2026/09/25 14:44:14:0218] N: process killed with signal 0, pid: 68739
[2026/09/25 14:44:14:0465] N: WS closed from (unix skt), clients: 5
[2026/09/25 14:44:14:0466] N: killing process, pid: 68738
[2026/09/25 14:44:14:0470] N: process killed with signal 0, pid: 68738
[2026/09/25 14:44:14:0596] N: WS closed from (unix skt), clients: 4
[2026/09/25 14:44:14:0596] N: killing process, pid: 68740
[2026/09/25 14:44:14:0600] N: process killed with signal 0, pid: 68740
[2026/09/25 14:44:14:4828] N: WS closed from (unix skt), clients: 3
[2026/09/25 14:44:14:4829] N: killing process, pid: 68735
[2026/09/25 14:44:14:4843] N: process killed with signal 0, pid: 68735
[2026/09/25 14:44:14:5743] N: WS closed from (unix skt), clients: 2
[2026/09/25 14:44:14:5744] N: killing process, pid: 68742
[2026/09/25 14:44:14:5761] N: process killed with signal 0, pid: 68742
[2026/09/25 14:44:15:6800] N: WS closed from (unix skt), clients: 1
[2026/09/25 14:44:15:6801] N: killing process, pid: 68737
[2026/09/25 14:44:15:6801] N: WS closed from (unix skt), clients: 0
[2026/09/25 14:44:15:6801] N: killing process, pid: 68754
[2026/09/25 14:44:15:6814] N: process killed with signal 0, pid: 68737
[2026/09/25 14:44:15:6815] N: process killed with signal 0, pid: 68754
[2026/09/25 14:44:15:6921] N: WS   /ws - (unix skt), clients: 1
[2026/09/25 14:44:15:6921] N: WS   /ws - (unix skt), clients: 2
[2026/09/25 14:44:15:6922] N: WS   /ws - (unix skt), clients: 3
[2026/09/25 14:44:15:6922] N: WS   /ws - (unix skt), clients: 4
[2026/09/25 14:44:15:6922] N: WS   /ws - (unix skt), clients: 5
[2026/09/25 14:44:15:6922] N: WS   /ws - (unix skt), clients: 6
[2026/09/25 14:44:15:6922] N: WS   /ws - (unix skt), clients: 7
[2026/09/25 14:44:15:6922] N: WS   /ws - (unix skt), clients: 8
[2026/09/25 14:44:15:6923] N: WS   /ws - (unix skt), clients: 9
[2026/09/25 14:44:15:6923] N: WS   /ws - (unix skt), clients: 10
[2026/09/25 14:44:15:6933] N: started process, pid: 69040
[2026/09/25 14:44:15:6938] N: started process, pid: 69041
[2026/09/25 14:44:15:6942] N: started process, pid: 69042
[2026/09/25 14:44:15:6948] N: started process, pid: 69043
[2026/09/25 14:44:15:6955] N: started process, pid: 69044
[2026/09/25 14:44:15:6964] N: started process, pid: 69045
[2026/09/25 14:44:15:6974] N: started process, pid: 69046
[2026/09/25 14:44:15:6989] N: started process, pid: 69047
[2026/09/25 14:44:15:7001] N: started process, pid: 69053
[2026/09/25 14:44:15:7020] N: started process, pid: 69060
[2026/09/25 14:44:15:8134] N: WS closed from (unix skt), clients: 9
[2026/09/25 14:44:15:8134] N: killing process, pid: 69042
[2026/09/25 14:44:15:8137] N: process killed with signal 1, pid: 69042
[2026/09/25 14:44:15:8599] N: WS closed from (unix skt), clients: 8
[2026/09/25 14:44:15:8599] N: killing process, pid: 69053
[2026/09/25 14:44:15:8603] N: process killed with signal 1, pid: 69053
[2026/09/25 14:44:16:0059] N: WS closed from (unix skt), clients: 7
[2026/09/25 14:44:16:0059] N: killing process, pid: 69045
[2026/09/25 14:44:16:0066] N: process killed with signal 0, pid: 69045
[2026/09/25 14:44:16:0160] N: WS closed from (unix skt), clients: 6
[2026/09/25 14:44:16:0160] N: killing process, pid: 69046
[2026/09/25 14:44:16:0165] N: process killed with signal 0, pid: 69046
[2026/09/25 14:44:16:0256] N: WS closed from (unix skt), clients: 5
[2026/09/25 14:44:16:0256] N: killing process, pid: 69044
[2026/09/25 14:44:16:0260] N: process killed with signal 0, pid: 69044
[2026/09/25 14:44:16:0377] N: WS closed from (unix skt), clients: 4
[2026/09/25 14:44:16:0377] N: killing process, pid: 69040
[2026/09/25 14:44:16:0382] N: process killed with signal 0, pid: 69040
[2026/09/25 14:44:16:4933] N: WS closed from (unix skt), clients: 3
[2026/09/25 14:44:16:4935] N: killing process, pid: 69041
[2026/09/25 14:44:16:4950] N: process killed with signal 0, pid: 69041
[2026/09/25 14:44:16:5496] N: WS closed from (unix skt), clients: 2
[2026/09/25 14:44:16:5496] N: killing process, pid: 69047
[2026/09/25 14:44:16:5504] N: process killed with signal 0, pid: 69047
[2026/09/25 14:44:17:6945] N: WS closed from (unix skt), clients: 1
[2026/09/25 14:44:17:6945] N: killing process, pid: 69043
[2026/09/25 14:44:17:6946] N: WS closed from (unix skt), clients: 0
[2026/09/25 14:44:17:6946] N: killing process, pid: 69060
[2026/09/25 14:44:17:6952] N: process killed with signal 0, pid: 69043
[2026/09/25 14:44:17:6959] N: process killed with signal 0, pid: 69060
[2026/09/25 14:44:17:7075] N: WS   /ws - (unix skt), clients: 1
[2026/09/25 14:44:17:7076] N: WS   /ws - (unix skt), clients: 2
[2026/09/25 14:44:17:7076] N: WS   /ws - (unix skt), clients: 3
[2026/09/25 14:44:17:7076] N: WS   /ws - (unix skt), clients: 4
[2026/09/25 14:44:17:7076] N: WS   /ws - (unix skt), clients: 5
[2026/09/25 14:44:17:7076] N: WS   /ws - (unix skt), clients: 6
[2026/09/25 14:44:17:7076] N: WS   /ws - (unix skt), clients: 7
[2026/09/25 14:44:17:7077] N: WS   /ws - (unix skt), clients: 8
[2026/09/25 14:44:17:7086] N: started process, pid: 69277
[2026/09/25 14:44:17:7091] N: started process, pid: 69278
[2026/09/25 14:44:17:7097] N: started process, pid: 69279
[2026/09/25 14:44:17:7098] N: WS   /ws - (unix skt), clients: 9
[2026/09/25 14:44:17:7099] N: WS   /ws - (unix skt), clients: 10
[2026/09/25 14:44:17:7104] N: started process, pid: 69280
[2026/09/25 14:44:17:7113] N: started process, pid: 69281
[2026/09/25 14:44:17:7120] N: started process, pid: 69282
[2026/09/25 14:44:17:7126] N: started process, pid: 69283
[2026/09/25 14:44:17:7140] N: started process, pid: 69284
[2026/09/25 14:44:17:7156] N: started process, pid: 69291
[2026/09/25 14:44:17:7163] N: started process, pid: 69301
[2026/09/25 14:44:17:7975] N: WS closed from (unix skt), clients: 9
[2026/09/25 14:44:17:7976] N: killing process, pid: 69279
[2026/09/25 14:44:17:7980] N: process killed with signal 1, pid: 69279
[2026/09/25 14:44:17:8496] N: WS closed from (unix skt), clients: 8
[2026/09/25 14:44:17:8496] N: killing process, pid: 69281
[2026/09/25 14:44:17:8499] N: process killed with signal 1, pid: 69281
[2026/09/25 14:44:18:0133] N: WS closed from (unix skt), clients: 7
[2026/09/25 14:44:18:0134] N: killing process, pid: 69277
[2026/09/25 14:44:18:0139] N: process killed with signal 0, pid: 69277
[2026/09/25 14:44:18:0386] N: WS closed from (unix skt), clients: 6
[2026/09/25 14:44:18:0386] N: killing process, pid: 69280
[2026/09/25 14:44:18:0391] N: process killed with signal 0, pid: 69280
[2026/09/25 14:44:18:0658] N: WS closed from (unix skt), clients: 5
[2026/09/25 14:44:18:0658] N: killing process, pid: 69284
[2026/09/25 14:44:18:0663] N: process killed with signal 0, pid: 69284
[2026/09/25 14:44:18:0998] N: WS closed from (unix skt), clients: 4
[2026/09/25 14:44:18:1000] N: killing process, pid: 69291
[2026/09/25 14:44:18:1112] N: process killed with signal 0, pid: 69291
[2026/09/25 14:44:18:5281] N: WS closed from (unix skt), clients: 3
[2026/09/25 14:44:18:5281] N: killing process, pid: 69278
[2026/09/25 14:44:18:5286] N: process killed with signal 0, pid: 69278
[2026/09/25 14:44:18:5814] N: WS closed from (unix skt), clients: 2
[2026/09/25 14:44:18:5814] N: killing process, pid: 69301
[2026/09/25 14:44:18:5819] N: process killed with signal 0, pid: 69301
[2026/09/25 14:44:19:7078] N: WS closed from (unix skt), clients: 1
[2026/09/25 14:44:19:7078] N: killing process, pid: 69283
[2026/09/25 14:44:19:7083] N: process killed with signal 0, pid: 69283
[2026/09/25 14:44:19:7104] N: WS closed from (unix skt), clients: 0
[2026/09/25 14:44:19:7104] N: killing process, pid: 69282
[2026/09/25 14:44:19:7111] N: process killed with signal 0, pid: 69282
[2026/09/25 14:44:19:7204] N: WS   /ws - (unix skt), clients: 1
[2026/09/25 14:44:19:7204] N: WS   /ws - (unix skt), clients: 2
[2026/09/25 14:44:19:7205] N: WS   /ws - (unix skt), clients: 3
[2026/09/25 14:44:19:7205] N: WS   /ws - (unix skt), clients: 4
[2026/09/25 14:44:19:7205] N: WS   /ws - (unix skt), clients: 5
[2026/09/25 14:44:19:7205] N: WS   /ws - (unix skt), clients: 6
[2026/09/25 14:44:19:7205] N: WS   /ws - (unix skt), clients: 7
[2026/09/25 14:44:19:7205] N: WS   /ws - (unix skt), clients: 8
[2026/09/25 14:44:19:7205] N: WS   /ws - (unix skt), clients: 9
[2026/09/25 14:44:19:7217] N: started process, pid: 69624
[2026/09/25 14:44:19:7223] N: started process, pid: 69625
[2026/09/25 14:44:19:7224] N: WS   /ws - (unix skt), clients: 10
[2026/09/25 14:44:19:7230] N: started process, pid: 69626
[2026/09/25 14:44:19:7239] N: started process, pid: 69627
[2026/09/25 14:44:19:7247] N: started process, pid: 69628
[2026/09/25 14:44:19:7254] N: started process, pid: 69629
[2026/09/25 14:44:19:7264] N: started process, pid: 69630
[2026/09/25 14:44:19:7275] N: started process, pid: 69631
[2026/09/25 14:44:19:7286] N: started process, pid: 69637
[2026/09/25 14:44:19:7304] N: started process, pid: 69643
[2026/09/25 14:44:19:8528] N: WS closed from (unix skt), clients: 9
[2026/09/25 14:44:19:8528] N: killing process, pid: 69628
[2026/09/25 14:44:19:8531] N: process killed with signal 1, pid: 69628
[2026/09/25 14:44:19:9092] N: WS closed from (unix skt), clients: 8
[2026/09/25 14:44:19:9092] N: killing process, pid: 69643
[2026/09/25 14:44:19:9099] N: process killed with signal 1, pid: 69643
[2026/09/25 14:44:20:0396] N: WS closed from (unix skt), clients: 7
[2026/09/25 14:44:20:0397] N: killing process, pid: 69626
[2026/09/25 14:44:20:0404] N: process killed with signal 0, pid: 69626
[2026/09/25 14:44:20:0827] N: WS closed from (unix skt), clients: 6
[2026/09/25 14:44:20:0828] N: killing process, pid: 69624
[2026/09/25 14:44:20:0835] N: process killed with signal 0, pid: 69624
[2026/09/25 14:44:20:0955] N: WS closed from (unix skt), clients: 5
[2026/09/25 14:44:20:0955] N: killing process, pid: 69630
[2026/09/25 14:44:20:0962] N: process killed with signal 0, pid: 69630
[2026/09/25 14:44:20:1086] N: WS closed from (unix skt), clients: 4
[2026/09/25 14:44:20:1086] N: killing process, pid: 69631
[2026/09/25 14:44:20:1092] N: process killed with signal 0, pid: 69631
[2026/09/25 14:44:20:5256] N: WS closed from (unix skt), clients: 3
[2026/09/25 14:44:20:5257] N: killing process, pid: 69625
[2026/09/25 14:44:20:5261] N: process killed with signal 0, pid: 69625
[2026/09/25 14:44:20:5712] N: WS closed from (unix skt), clients: 2
[2026/09/25 14:44:20:5713] N: killing process, pid: 69637
[2026/09/25 14:44:20:5722] N: process killed with signal 0, pid: 69637
[2026/09/25 14:44:21:7226] N: WS closed from (unix skt), clients: 1
[2026/09/25 14:44:21:7227] N: killing process, pid: 69629
[2026/09/25 14:44:21:7228] N: WS closed from (unix skt), clients: 0
[2026/09/25 14:44:21:7228] N: killing process, pid: 69627
[2026/09/25 14:44:21:7236] N: process killed with signal 0, pid: 69629
[2026/09/25 14:44:21:7245] N: process killed with signal 0, pid: 69627
[2026/09/25 14:44:21:7353] N: WS   /ws - (unix skt), clients: 1
[2026/09/25 14:44:21:7353] N: WS   /ws - (unix skt), clients: 2
[2026/09/25 14:44:21:7353] N: WS   /ws - (unix skt), clients: 3
[2026/09/25 14:44:21:7354] N: WS   /ws - (unix skt), clients: 4
[2026/09/25 14:44:21:7354] N: WS   /ws - (unix skt), clients: 5
[2026/09/25 14:44:21:7354] N: WS   /ws - (unix skt), clients: 6
[2026/09/25 14:44:21:7354] N: WS   /ws - (unix skt), clients: 7
[2026/09/25 14:44:21:7354] N: WS   /ws - (unix skt), clients: 8
[2026/09/25 14:44:21:7354] N: WS   /ws - (unix skt), clients: 9
[2026/09/25 14:44:21:7365] N: started process, pid: 69886
[2026/09/25 14:44:21:7372] N: started process, pid: 69887
[2026/09/25 14:44:21:7380] N: started process, pid: 69888
[2026/09/25 14:44:21:7381] N: WS   /ws - (unix skt), clients: 10
[2026/09/25 14:44:21:7389] N: started process, pid: 69889
[2026/09/25 14:44:21:7398] N: started process, pid: 69890
[2026/09/25 14:44:21:7408] N: started process, pid: 69891
[2026/09/25 14:44:21:7417] N: started process, pid: 69892
[2026/09/25 14:44:21:7434] N: started process, pid: 69894
[2026/09/25 14:44:21:7453] N: started process, pid: 69902
[2026/09/25 14:44:21:7468] N: started process, pid: 69907
[2026/09/25 14:44:21:8388] N: WS closed from (unix skt), clients: 9
[2026/09/25 14:44:21:8389] N: killing process, pid: 69888
[2026/09/25 14:44:21:8393] N: process killed with signal 1, pid: 69888
[2026/09/25 14:44:21:9214] N: WS closed from (unix skt), clients: 8
[2026/09/25 14:44:21:9215] N: killing process, pid: 69907
[2026/09/25 14:44:21:9218] N: process killed with signal 1, pid: 69907
[2026/09/25 14:44:22:0591] N: WS closed from (unix skt), clients: 7
[2026/09/25 14:44:22:0592] N: killing process, pid: 69886
[2026/09/25 14:44:22:0597] N: process killed with signal 0, pid: 69886
[2026/09/25 14:44:22:0963] N: WS closed from (unix skt), clients: 6
[2026/09/25 14:44:22:0963] N: killing process, pid: 69889
[2026/09/25 14:44:22:0968] N: process killed with signal 0, pid: 69889
[2026/09/25 14:44:22:1076] N: WS closed from (unix skt), clients: 5
[2026/09/25 14:44:22:1076] N: killing process, pid: 69892
[2026/09/25 14:44:22:1081] N: process killed with signal 0, pid: 69892
[2026/09/25 14:44:22:1229] N: WS closed from (unix skt), clients: 4
[2026/09/25 14:44:22:1229] N: killing process, pid: 69894
[2026/09/25 14:44:22:1236] N: process killed with signal 0, pid: 69894
[2026/09/25 14:44:22:5136] N: WS closed from (unix skt), clients: 3
[2026/09/25 14:44:22:5137] N: killing process, pid: 69887
[2026/09/25 14:44:22:5156] N: process killed with signal 0, pid: 69887
[2026/09/25 14:44:22:5738] N: WS closed from (unix skt), clients: 2
[2026/09/25 14:44:22:5740] N: killing process, pid: 69902
[2026/09/25 14:44:22:5759] N: process killed with signal 0, pid: 69902
[2026/09/25 14:44:23:7381] N: WS closed from (unix skt), clients: 1
[2026/09/25 14:44:23:7381] N: killing process, pid: 69891
[2026/09/25 14:44:23:7389] N: process killed with signal 0, pid: 69891
[2026/09/25 14:44:23:7394] N: WS closed from (unix skt), clients: 0
[2026/09/25 14:44:23:7394] N: killing process, pid: 69890
[2026/09/25 14:44:23:7401] N: process killed with signal 0, pid: 69890
[2026/09/25 14:44:23:7508] N: WS   /ws - (unix skt), clients: 1
[2026/09/25 14:44:23:7509] N: WS   /ws - (unix skt), clients: 2
[2026/09/25 14:44:23:7509] N: WS   /ws - (unix skt), clients: 3
[2026/09/25 14:44:23:7509] N: WS   /ws - (unix skt), clients: 4
[2026/09/25 14:44:23:7509] N: WS   /ws - (unix skt), clients: 5
[2026/09/25 14:44:23:7509] N: WS   /ws - (unix skt), clients: 6
[2026/09/25 14:44:23:7509] N: WS   /ws - (unix skt), clients: 7
[2026/09/25 14:44:23:7509] N: WS   /ws - (unix skt), clients: 8
[2026/09/25 14:44:23:7516] N: started process, pid: 70174
[2026/09/25 14:44:23:7517] N: WS   /ws - (unix skt), clients: 9
[2026/09/25 14:44:23:7517] N: WS   /ws - (unix skt), clients: 10
[2026/09/25 14:44:23:7521] N: started process, pid: 70175
[2026/09/25 14:44:23:7526] N: started process, pid: 70176
[2026/09/25 14:44:23:7531] N: started process, pid: 70177
[2026/09/25 14:44:23:7539] N: started process, pid: 70178
[2026/09/25 14:44:23:7549] N: started process, pid: 70179
[2026/09/25 14:44:23:7557] N: started process, pid: 70180
[2026/09/25 14:44:23:7568] N: started process, pid: 70181
[2026/09/25 14:44:23:7581] N: started process, pid: 70188
[2026/09/25 14:44:23:7598] N: started process, pid: 70195
[2026/09/25 14:44:23:8552] N: WS closed from (unix skt), clients: 9
[2026/09/25 14:44:23:8553] N: killing process, pid: 70176
[2026/09/25 14:44:23:8556] N: process killed with signal 1, pid: 70176
[2026/09/25 14:44:23:9050] N: WS closed from (unix skt), clients: 8
[2026/09/25 14:44:23:9051] N: killing process, pid: 70179
[2026/09/25 14:44:23:9054] N: process killed with signal 1, pid: 70179
[2026/09/25 14:44:24:0809] N: WS closed from (unix skt), clients: 7
[2026/09/25 14:44:24:0809] N: killing process, pid: 70175
[2026/09/25 14:44:24:0815] N: process killed with signal 0, pid: 70175
[2026/09/25 14:44:24:1071] N: WS closed from (unix skt), clients: 6
[2026/09/25 14:44:24:1072] N: killing process, pid: 70174
[2026/09/25 14:44:24:1079] N: process killed with signal 0, pid: 70174
[2026/09/25 14:44:24:1203] N: WS closed from (unix skt), clients: 5
[2026/09/25 14:44:24:1203] N: killing process, pid: 70181
[2026/09/25 14:44:24:1210] N: process killed with signal 0, pid: 70181
[2026/09/25 14:44:24:1314] N: WS closed from (unix skt), clients: 4
[2026/09/25 14:44:24:1315] N: killing process, pid: 70188
[2026/09/25 14:44:24:1320] N: process killed with signal 0, pid: 70188
[2026/09/25 14:44:24:5826] N: WS closed from (unix skt), clients: 3
[2026/09/25 14:44:24:5827] N: killing process, pid: 70178
[2026/09/25 14:44:24:5838] N: process killed with signal 0, pid: 70178
[2026/09/25 14:44:24:6330] N: WS closed from (unix skt), clients: 2
[2026/09/25 14:44:24:6331] N: killing process, pid: 70195
[2026/09/25 14:44:24:6345] N: process killed with signal 0, pid: 70195
[2026/09/25 14:44:25:7529] N: WS closed from (unix skt), clients: 1
[2026/09/25 14:44:25:7530] N: killing process, pid: 70180
[2026/09/25 14:44:25:7531] N: WS closed from (unix skt), clients: 0
[2026/09/25 14:44:25:7531] N: killing process, pid: 70177
[2026/09/25 14:44:25:7548] N: process killed with signal 0, pid: 70177
[2026/09/25 14:44:25:7549] N: process killed with signal 0, pid: 70180
[2026/09/25 14:44:25:7698] N: WS   /ws - (unix skt), clients: 1
[2026/09/25 14:44:25:7699] N: WS   /ws - (unix skt), clients: 2
[2026/09/25 14:44:25:7699] N: WS   /ws - (unix skt), clients: 3
[2026/09/25 14:44:25:7699] N: WS   /ws - (unix skt), clients: 4
[2026/09/25 14:44:25:7699] N: WS   /ws - (unix skt), clients: 5
[2026/09/25 14:44:25:7699] N: WS   /ws - (unix skt), clients: 6
[2026/09/25 14:44:25:7700] N: WS   /ws - (unix skt), clients: 7
[2026/09/25 14:44:25:7700] N: WS   /ws - (unix skt), clients: 8
[2026/09/25 14:44:25:7700] N: WS   /ws - (unix skt), clients: 9
[2026/09/25 14:44:25:7700] N: WS   /ws - (unix skt), clients: 10
[2026/09/25 14:44:25:7710] N: started process, pid: 70469
[2026/09/25 14:44:25:7717] N: started process, pid: 70470
[2026/09/25 14:44:25:7726] N: started process, pid: 70471
[2026/09/25 14:44:25:7734] N: started process, pid: 70472
[2026/09/25 14:44:25:7747] N: started process, pid: 70473
[2026/09/25 14:44:25:7757] N: started process, pid: 70474
[2026/09/25 14:44:25:7767] N: started process, pid: 70475
[2026/09/25 14:44:25:7783] N: started process, pid: 70476
[2026/09/25 14:44:25:7796] N: started process, pid: 70482
[2026/09/25 14:44:25:7804] N: started process, pid: 70485
[2026/09/25 14:44:25:9268] N: WS closed from (unix skt), clients: 9
[2026/09/25 14:44:25:9269] N: killing process, pid: 70471
[2026/09/25 14:44:25:9274] N: process killed with signal 1, pid: 70471
[2026/09/25 14:44:25:9596] N: WS closed from (unix skt), clients: 8
[2026/09/25 14:44:25:9596] N: killing process, pid: 70482
[2026/09/25 14:44:25:9600] N: process killed with signal 1, pid: 70482
[2026/09/25 14:44:26:0476] N: WS closed from (unix skt), clients: 7
[2026/09/25 14:44:26:0476] N: killing process, pid: 70469
[2026/09/25 14:44:26:0481] N: process killed with signal 0, pid: 70469
[2026/09/25 14:44:26:1029] N: WS closed from (unix skt), clients: 6
[2026/09/25 14:44:26:1029] N: killing process, pid: 70473
[2026/09/25 14:44:26:1034] N: process killed with signal 0, pid: 70473
[2026/09/25 14:44:26:1171] N: WS closed from (unix skt), clients: 5
[2026/09/25 14:44:26:1171] N: killing process, pid: 70475
[2026/09/25 14:44:26:1223] N: process killed with signal 0, pid: 70475
[2026/09/25 14:44:26:1412] N: WS closed from (unix skt), clients: 4
[2026/09/25 14:44:26:1412] N: killing process, pid: 70474
[2026/09/25 14:44:26:1416] N: process killed with signal 0, pid: 70474
[2026/09/25 14:44:26:5496] N: WS closed from (unix skt), clients: 3
[2026/09/25 14:44:26:5496] N: killing process, pid: 70470
[2026/09/25 14:44:26:5502] N: process killed with signal 0, pid: 70470
[2026/09/25 14:44:26:6428] N: WS closed from (unix skt), clients: 2
[2026/09/25 14:44:26:6429] N: killing process, pid: 70476
[2026/09/25 14:44:26:6444] N: process killed with signal 0, pid: 70476
[2026/09/25 14:44:27:7714] N: WS closed from (unix skt), clients: 1
[2026/09/25 14:44:27:7715] N: killing process, pid: 70472
[2026/09/25 14:44:27:7716] N: WS closed from (unix skt), clients: 0
[2026/09/25 14:44:27:7716] N: killing process, pid: 70485
[2026/09/25 14:44:27:7723] N: process killed with signal 0, pid: 70472
[2026/09/25 14:44:27:7728] N: process killed with signal 0, pid: 70485
[2026/09/25 14:44:27:7841] N: WS   /ws - (unix skt), clients: 1
[2026/09/25 14:44:27:7841] N: WS   /ws - (unix skt), clients: 2
[2026/09/25 14:44:27:7842] N: WS   /ws - (unix skt), clients: 3
[2026/09/25 14:44:27:7842] N: WS   /ws - (unix skt), clients: 4
[2026/09/25 14:44:27:7842] N: WS   /ws - (unix skt), clients: 5
[2026/09/25 14:44:27:7842] N: WS   /ws - (unix skt), clients: 6
[2026/09/25 14:44:27:7842] N: WS   /ws - (unix skt), clients: 7
[2026/09/25 14:44:27:7842] N: WS   /ws - (unix skt), clients: 8
[2026/09/25 14:44:27:7852] N: started process, pid: 70756
[2026/09/25 14:44:27:7854] N: WS   /ws - (unix skt), clients: 9
[2026/09/25 14:44:27:7855] N: WS   /ws - (unix skt), clients: 10
[2026/09/25 14:44:27:7861] N: started process, pid: 70757
[2026/09/25 14:44:27:7867] N: started process, pid: 70758
[2026/09/25 14:44:27:7875] N: started process, pid: 70759
[2026/09/25 14:44:27:7888] N: started process, pid: 70760
[2026/09/25 14:44:27:7897] N: started process, pid: 70761
[2026/09/25 14:44:27:7911] N: started process, pid: 70762
[2026/09/25 14:44:27:7924] N: started process, pid: 70767
[2026/09/25 14:44:27:7936] N: started process, pid: 70773
[2026/09/25 14:44:27:7954] N: started process, pid: 70781
[2026/09/25 14:44:27:9045] N: WS closed from (unix skt), clients: 9
[2026/09/25 14:44:27:9046] N: killing process, pid: 70758
[2026/09/25 14:44:27:9049] N: process killed with signal 1, pid: 70758
[2026/09/25 14:44:27:9298] N: WS closed from (unix skt), clients: 8
[2026/09/25 14:44:27:9298] N: killing process, pid: 70761
[2026/09/25 14:44:27:9301] N: process killed with signal 1, pid: 70761
[2026/09/25 14:44:28:0786] N: WS closed from (unix skt), clients: 7
[2026/09/25 14:44:28:0786] N: killing process, pid: 70756
[2026/09/25 14:44:28:0791] N: process killed with signal 0, pid: 70756
[2026/09/25 14:44:28:1208] N: WS closed from (unix skt), clients: 6
[2026/09/25 14:44:28:1208] N: killing process, pid: 70757
[2026/09/25 14:44:28:1213] N: process killed with signal 0, pid: 70757
[2026/09/25 14:44:28:1695] N: WS closed from (unix skt), clients: 5
[2026/09/25 14:44:28:1696] N: killing process, pid: 70773
[2026/09/25 14:44:28:1696] N: WS closed from (unix skt), clients: 4
[2026/09/25 14:44:28:1696] N: killing process, pid: 70767
[2026/09/25 14:44:28:1704] N: process killed with signal 0, pid: 70773
[2026/09/25 14:44:28:1705] N: process killed with signal 0, pid: 70767
[2026/09/25 14:44:28:6465] N: WS closed from (unix skt), clients: 3
[2026/09/25 14:44:28:6467] N: killing process, pid: 70760
[2026/09/25 14:44:28:6483] N: process killed with signal 0, pid: 70760
[2026/09/25 14:44:28:6588] N: WS closed from (unix skt), clients: 2
[2026/09/25 14:44:28:6589] N: killing process, pid: 70781
[2026/09/25 14:44:28:6602] N: process killed with signal 0, pid: 70781
[2026/09/25 14:44:29:7872] N: WS closed from (unix skt), clients: 1
[2026/09/25 14:44:29:7873] N: killing process, pid: 70762
[2026/09/25 14:44:29:7875] N: WS closed from (unix skt), clients: 0
[2026/09/25 14:44:29:7876] N: killing process, pid: 70759
[2026/09/25 14:44:29:7903] N: process killed with signal 0, pid: 70759
[2026/09/25 14:44:29:7904] N: process killed with signal 0, pid: 70762
[2026/09/25 14:44:29:8081] N: WS   /ws - (unix skt), clients: 1
[2026/09/25 14:44:29:8082] N: WS   /ws - (unix skt), clients: 2
[2026/09/25 14:44:29:8082] N: WS   /ws - (unix skt), clients: 3
[2026/09/25 14:44:29:8082] N: WS   /ws - (unix skt), clients: 4
[2026/09/25 14:44:29:8083] N: WS   /ws - (unix skt), clients: 5
[2026/09/25 14:44:29:8083] N: WS   /ws - (unix skt), clients: 6
[2026/09/25 14:44:29:8083] N: WS   /ws - (unix skt), clients: 7
[2026/09/25 14:44:29:8083] N: WS   /ws - (unix skt), clients: 8
[2026/09/25 14:44:29:8083] N: WS   /ws - (unix skt), clients: 9
[2026/09/25 14:44:29:8083] N: WS   /ws - (unix skt), clients: 10
[2026/09/25 14:44:29:8096] N: started process, pid: 71066
[2026/09/25 14:44:29:8104] N: started process, pid: 71067
[2026/09/25 14:44:29:8111] N: started process, pid: 71068
[2026/09/25 14:44:29:8121] N: started process, pid: 71069
[2026/09/25 14:44:29:8134] N: started process, pid: 71070
[2026/09/25 14:44:29:8145] N: started process, pid: 71071
[2026/09/25 14:44:29:8154] N: started process, pid: 71072
[2026/09/25 14:44:29:8169] N: started process, pid: 71074
[2026/09/25 14:44:29:8202] N: started process, pid: 71079
[2026/09/25 14:44:29:8263] N: started process, pid: 71089
[2026/09/25 14:44:29:9139] N: WS closed from (unix skt), clients: 9
[2026/09/25 14:44:29:9140] N: killing process, pid: 71068
[2026/09/25 14:44:29:9145] N: process killed with signal 1, pid: 71068
[2026/09/25 14:44:29:9863] N: WS closed from (unix skt), clients: 8
[2026/09/25 14:44:29:9863] N: killing process, pid: 71079
[2026/09/25 14:44:29:9866] N: process killed with signal 1, pid: 71079
[2026/09/25 14:44:30:1401] N: WS closed from (unix skt), clients: 7
[2026/09/25 14:44:30:1401] N: killing process, pid: 71066
[2026/09/25 14:44:30:1401] N: WS closed from (unix skt), clients: 6
[2026/09/25 14:44:30:1401] N: killing process, pid: 71071
[2026/09/25 14:44:30:1407] N: process killed with signal 0, pid: 71071
[2026/09/25 14:44:30:1407] N: process killed with signal 0, pid: 71066
[2026/09/25 14:44:30:1523] N: WS closed from (unix skt), clients: 5
[2026/09/25 14:44:30:1523] N: killing process, pid: 71072
[2026/09/25 14:44:30:1527] N: process killed with signal 0, pid: 71072
[2026/09/25 14:44:30:1867] N: WS closed from (unix skt), clients: 4
[2026/09/25 14:44:30:1868] N: killing process, pid: 71070
[2026/09/25 14:44:30:1872] N: process killed with signal 0, pid: 71070
[2026/09/25 14:44:30:6646] N: WS closed from (unix skt), clients: 3
[2026/09/25 14:44:30:6648] N: killing process, pid: 71067
[2026/09/25 14:44:30:6667] N: process killed with signal 0, pid: 71067
[2026/09/25 14:44:30:6780] N: WS closed from (unix skt), clients: 2
[2026/09/25 14:44:30:6781] N: killing process, pid: 71074
[2026/09/25 14:44:30:6793] N: process killed with signal 0, pid: 71074
[2026/09/25 14:44:31:8104] N: WS closed from (unix skt), clients: 1
[2026/09/25 14:44:31:8105] N: killing process, pid: 71069
[2026/09/25 14:44:31:8105] N: WS closed from (unix skt), clients: 0
[2026/09/25 14:44:31:8106] N: killing process, pid: 71089
[2026/09/25 14:44:31:8119] N: process killed with signal 0, pid: 71069
[2026/09/25 14:44:31:8120] N: process killed with signal 0, pid: 71089
[2026/09/25 14:44:31:8240] N: WS   /ws - (unix skt), clients: 1
[2026/09/25 14:44:31:8240] N: WS   /ws - (unix skt), clients: 2
[2026/09/25 14:44:31:8241] N: WS   /ws - (unix skt), clients: 3
[2026/09/25 14:44:31:8241] N: WS   /ws - (unix skt), clients: 4
[2026/09/25 14:44:31:8241] N: WS   /ws - (unix skt), clients: 5
[2026/09/25 14:44:31:8241] N: WS   /ws - (unix skt), clients: 6
[2026/09/25 14:44:31:8241] N: WS   /ws - (unix skt), clients: 7
[2026/09/25 14:44:31:8242] N: WS   /ws - (unix skt), clients: 8
[2026/09/25 14:44:31:8242] N: WS   /ws - (unix skt), clients: 9
[2026/09/25 14:44:31:8242] N: WS   /ws - (unix skt), clients: 10
[2026/09/25 14:44:31:8253] N: started process, pid: 71342
[2026/09/25 14:44:31:8262] N: started process, pid: 71343
[2026/09/25 14:44:31:8270] N: started process, pid: 71344
[2026/09/25 14:44:31:8279] N: started process, pid: 71345
[2026/09/25 14:44:31:8302] N: started process, pid: 71347
[2026/09/25 14:44:31:8319] N: started process, pid: 71348
[2026/09/25 14:44:31:8334] N: started process, pid: 71351
[2026/09/25 14:44:31:8351] N: started process, pid: 71353
[2026/09/25 14:44:31:8368] N: started process, pid: 71357
[2026/09/25 14:44:31:8391] N: started process, pid: 71371
[2026/09/25 14:44:31:9068] N: WS closed from (unix skt), clients: 9
[2026/09/25 14:44:31:9068] N: killing process, pid: 71344
[2026/09/25 14:44:31:9073] N: process killed with signal 1, pid: 71344
[2026/09/25 14:44:32:0217] N: WS closed from (unix skt), clients: 8
[2026/09/25 14:44:32:0217] N: killing process, pid: 71357
[2026/09/25 14:44:32:0219] N: process killed with signal 1, pid: 71357
[2026/09/25 14:44:32:1246] N: WS closed from (unix skt), clients: 7
[2026/09/25 14:44:32:1246] N: killing process, pid: 71342
[2026/09/25 14:44:32:1250] N: process killed with signal 0, pid: 71342
[2026/09/25 14:44:32:1838] N: WS closed from (unix skt), clients: 6
[2026/09/25 14:44:32:1839] N: killing process, pid: 71347
[2026/09/25 14:44:32:1844] N: process killed with signal 0, pid: 71347
[2026/09/25 14:44:32:1980] N: WS closed from (unix skt), clients: 5
[2026/09/25 14:44:32:1980] N: killing process, pid: 71348
[2026/09/25 14:44:32:1984] N: process killed with signal 0, pid: 71348
[2026/09/25 14:44:32:2100] N: WS closed from (unix skt), clients: 4
[2026/09/25 14:44:32:2101] N: killing process, pid: 71351
[2026/09/25 14:44:32:2106] N: process killed with signal 0, pid: 71351
[2026/09/25 14:44:32:6405] N: WS closed from (unix skt), clients: 3
[2026/09/25 14:44:32:6406] N: killing process, pid: 71343
[2026/09/25 14:44:32:6418] N: process killed with signal 0, pid: 71343
[2026/09/25 14:44:32:7268] N: WS closed from (unix skt), clients: 2
[2026/09/25 14:44:32:7269] N: killing process, pid: 71353
[2026/09/25 14:44:32:7286] N: process killed with signal 0, pid: 71353
[2026/09/25 14:44:33:8256] N: WS closed from (unix skt), clients: 1
[2026/09/25 14:44:33:8257] N: killing process, pid: 71345
[2026/09/25 14:44:33:8257] N: WS closed from (unix skt), clients: 0
[2026/09/25 14:44:33:8258] N: killing process, pid: 71371
[2026/09/25 14:44:33:8276] N: process killed with signal 0, pid: 71345
[2026/09/25 14:44:33:8278] N: process killed with signal 0, pid: 71371
[2026/09/25 14:44:33:8427] N: WS   /ws - (unix skt), clients: 1
[2026/09/25 14:44:33:8427] N: WS   /ws - (unix skt), clients: 2
[2026/09/25 14:44:33:8427] N: WS   /ws - (unix skt), clients: 3
[2026/09/25 14:44:33:8427] N: WS   /ws - (unix skt), clients: 4
[2026/09/25 14:44:33:8428] N: WS   /ws - (unix skt), clients: 5
[2026/09/25 14:44:33:8428] N: WS   /ws - (unix skt), clients: 6
[2026/09/25 14:44:33:8428] N: WS   /ws - (unix skt), clients: 7
[2026/09/25 14:44:33:8428] N: WS   /ws - (unix skt), clients: 8
[2026/09/25 14:44:33:8428] N: WS   /ws - (unix skt), clients: 9
[2026/09/25 14:44:33:8428] N: WS   /ws - (unix skt), clients: 10
[2026/09/25 14:44:33:8435] N: started process, pid: 71604
[2026/09/25 14:44:33:8440] N: started process, pid: 71605
[2026/09/25 14:44:33:8446] N: started process, pid: 71606
[2026/09/25 14:44:33:8453] N: started process, pid: 71607
[2026/09/25 14:44:33:8460] N: started process, pid: 71608
[2026/09/25 14:44:33:8466] N: started process, pid: 71609
[2026/09/25 14:44:33:8482] N: started process, pid: 71610
[2026/09/25 14:44:33:8497] N: started process, pid: 71613
[2026/09/25 14:44:33:8520] N: started process, pid: 71623
[2026/09/25 14:44:33:8530] N: started process, pid: 71629
[2026/09/25 14:44:33:9245] N: WS closed from (unix skt), clients: 9
[2026/09/25 14:44:33:9245] N: killing process, pid: 71606
[2026/09/25 14:44:33:9249] N: process killed with signal 1, pid: 71606
[2026/09/25 14:44:34:0346] N: WS closed from (unix skt), clients: 8
[2026/09/25 14:44:34:0346] N: killing process, pid: 71623
[2026/09/25 14:44:34:0348] N: process killed with signal 1, pid: 71623
[2026/09/25 14:44:34:1496] N: WS closed from (unix skt), clients: 7
[2026/09/25 14:44:34:1496] N: killing process, pid: 71604
[2026/09/25 14:44:34:1497] N: WS closed from (unix skt), clients: 6
[2026/09/25 14:44:34:1497] N: killing process, pid: 71609
[2026/09/25 14:44:34:1502] N: process killed with signal 0, pid: 71604
[2026/09/25 14:44:34:1502] N: process killed with signal 0, pid: 71609
[2026/09/25 14:44:34:1880] N: WS closed from (unix skt), clients: 5
[2026/09/25 14:44:34:1880] N: killing process, pid: 71608
[2026/09/25 14:44:34:1884] N: process killed with signal 0, pid: 71608
[2026/09/25 14:44:34:2071] N: WS closed from (unix skt), clients: 4
[2026/09/25 14:44:34:2071] N: killing process, pid: 71610
[2026/09/25 14:44:34:2074] N: process killed with signal 0, pid: 71610
[2026/09/25 14:44:34:6500] N: WS closed from (unix skt), clients: 3
[2026/09/25 14:44:34:6501] N: killing process, pid: 71605
[2026/09/25 14:44:34:6512] N: process killed with signal 0, pid: 71605
[2026/09/25 14:44:34:7224] N: WS closed from (unix skt), clients: 2
[2026/09/25 14:44:34:7225] N: killing process, pid: 71613
[2026/09/25 14:44:34:7239] N: process killed with signal 0, pid: 71613
[2026/09/25 14:44:35:8452] N: WS closed from (unix skt), clients: 1
[2026/09/25 14:44:35:8453] N: killing process, pid: 71607
[2026/09/25 14:44:35:8453] N: WS closed from (unix skt), clients: 0
[2026/09/25 14:44:35:8453] N: killing process, pid: 71629
[2026/09/25 14:44:35:8461] N: process killed with signal 0, pid: 71607
[2026/09/25 14:44:35:8474] N: process killed with signal 0, pid: 71629
[2026/09/25 14:44:35:8598] N: WS   /ws - (unix skt), clients: 1
[2026/09/25 14:44:35:8598] N: WS   /ws - (unix skt), clients: 2
[2026/09/25 14:44:35:8598] N: WS   /ws - (unix skt), clients: 3
[2026/09/25 14:44:35:8599] N: WS   /ws - (unix skt), clients: 4
[2026/09/25 14:44:35:8599] N: WS   /ws - (unix skt), clients: 5
[2026/09/25 14:44:35:8599] N: WS   /ws - (unix skt), clients: 6
[2026/09/25 14:44:35:8599] N: WS   /ws - (unix skt), clients: 7
[2026/09/25 14:44:35:8599] N: WS   /ws - (unix skt), clients: 8
[2026/09/25 14:44:35:8599] N: WS   /ws - (unix skt), clients: 9
[2026/09/25 14:44:35:8600] N: WS   /ws - (unix skt), clients: 10
[2026/09/25 14:44:35:8616] N: started process, pid: 71978
[2026/09/25 14:44:35:8628] N: started process, pid: 71979
[2026/09/25 14:44:35:8648] N: started process, pid: 71980
[2026/09/25 14:44:35:8656] N: started process, pid: 71981
[2026/09/25 14:44:35:8663] N: started process, pid: 71982
[2026/09/25 14:44:35:8670] N: started process, pid: 71983
[2026/09/25 14:44:35:8679] N: started process, pid: 71984
[2026/09/25 14:44:35:8690] N: started process, pid: 71986
[2026/09/25 14:44:35:8700] N: started process, pid: 71989
[2026/09/25 14:44:35:8716] N: started process, pid: 71992
[2026/09/25 14:44:35:9578] N: WS closed from (unix skt), clients: 9
[2026/09/25 14:44:35:9578] N: killing process, pid: 71981
[2026/09/25 14:44:35:9583] N: process killed with signal 1, pid: 71981
[2026/09/25 14:44:36:0457] N: WS closed from (unix skt), clients: 8
[2026/09/25 14:44:36:0457] N: killing process, pid: 71989
[2026/09/25 14:44:36:0460] N: process killed with signal 1, pid: 71989
[2026/09/25 14:44:36:1741] N: WS closed from (unix skt), clients: 7
[2026/09/25 14:44:36:1741] N: killing process, pid: 71979
[2026/09/25 14:44:36:1745] N: process killed with signal 0, pid: 71979
[2026/09/25 14:44:36:1984] N: WS closed from (unix skt), clients: 6
[2026/09/25 14:44:36:1984] N: killing process, pid: 71978
[2026/09/25 14:44:36:1988] N: process killed with signal 0, pid: 71978
[2026/09/25 14:44:36:2236] N: WS closed from (unix skt), clients: 5
[2026/09/25 14:44:36:2237] N: killing process, pid: 71983
[2026/09/25 14:44:36:2240] N: process killed with signal 0, pid: 71983
[2026/09/25 14:44:36:2475] N: WS closed from (unix skt), clients: 4
[2026/09/25 14:44:36:2475] N: killing process, pid: 71984
[2026/09/25 14:44:36:2484] N: process killed with signal 0, pid: 71984
[2026/09/25 14:44:36:6891] N: WS closed from (unix skt), clients: 3
[2026/09/25 14:44:36:6891] N: killing process, pid: 71980
[2026/09/25 14:44:36:6903] N: process killed with signal 0, pid: 71980
[2026/09/25 14:44:36:7143] N: WS closed from (unix skt), clients: 2
[2026/09/25 14:44:36:7143] N: killing process, pid: 71986
[2026/09/25 14:44:36:7155] N: process killed with signal 0, pid: 71986
[2026/09/25 14:44:37:8618] N: WS closed from (unix skt), clients: 1
[2026/09/25 14:44:37:8619] N: killing process, pid: 71982
[2026/09/25 14:44:37:8619] N: WS closed from (unix skt), clients: 0
[2026/09/25 14:44:37:8619] N: killing process, pid: 71992
[2026/09/25 14:44:37:8624] N: process killed with signal 0, pid: 71982
[2026/09/25 14:44:37:8628] N: process killed with signal 0, pid: 71992
[2026/09/25 14:44:37:8713] N: WS   /ws - (unix skt), clients: 1
[2026/09/25 14:44:37:8713] N: WS   /ws - (unix skt), clients: 2
[2026/09/25 14:44:37:8714] N: WS   /ws - (unix skt), clients: 3
[2026/09/25 14:44:37:8714] N: WS   /ws - (unix skt), clients: 4
[2026/09/25 14:44:37:8714] N: WS   /ws - (unix skt), clients: 5
[2026/09/25 14:44:37:8714] N: WS   /ws - (unix skt), clients: 6
[2026/09/25 14:44:37:8714] N: WS   /ws - (unix skt), clients: 7
[2026/09/25 14:44:37:8714] N: WS   /ws - (unix skt), clients: 8
[2026/09/25 14:44:37:8714] N: WS   /ws - (unix skt), clients: 9
[2026/09/25 14:44:37:8720] N: started process, pid: 72225
[2026/09/25 14:44:37:8725] N: started process, pid: 72226
[2026/09/25 14:44:37:8729] N: started process, pid: 72227
[2026/09/25 14:44:37:8730] N: WS   /ws - (unix skt), clients: 10
[2026/09/25 14:44:37:8735] N: started process, pid: 72228
[2026/09/25 14:44:37:8746] N: started process, pid: 72229
[2026/09/25 14:44:37:8753] N: started process, pid: 72230
[2026/09/25 14:44:37:8764] N: started process, pid: 72231
[2026/09/25 14:44:37:8785] N: started process, pid: 72234
[2026/09/25 14:44:37:8809] N: started process, pid: 72243
[2026/09/25 14:44:37:8832] N: started process, pid: 72253
[2026/09/25 14:44:38:0118] N: WS closed from (unix skt), clients: 9
[2026/09/25 14:44:38:0119] N: killing process, pid: 72227
[2026/09/25 14:44:38:0122] N: process killed with signal 1, pid: 72227
[2026/09/25 14:44:38:0534] N: WS closed from (unix skt), clients: 8
[2026/09/25 14:44:38:0534] N: killing process, pid: 72253
[2026/09/25 14:44:38:0537] N: process killed with signal 1, pid: 72253
[2026/09/25 14:44:38:1733] N: WS closed from (unix skt), clients: 7
[2026/09/25 14:44:38:1734] N: killing process, pid: 72225
[2026/09/25 14:44:38:1738] N: process killed with signal 0, pid: 72225
[2026/09/25 14:44:38:2005] N: WS closed from (unix skt), clients: 6
[2026/09/25 14:44:38:2005] N: killing process, pid: 72228
[2026/09/25 14:44:38:2008] N: process killed with signal 0, pid: 72228
[2026/09/25 14:44:38:2286] N: WS closed from (unix skt), clients: 5
[2026/09/25 14:44:38:2286] N: killing process, pid: 72234
[2026/09/25 14:44:38:2290] N: process killed with signal 0, pid: 72234
[2026/09/25 14:44:38:2558] N: WS closed from (unix skt), clients: 4
[2026/09/25 14:44:38:2558] N: killing process, pid: 72231
[2026/09/25 14:44:38:2561] N: process killed with signal 0, pid: 72231
[2026/09/25 14:44:38:7033] N: WS closed from (unix skt), clients: 3
[2026/09/25 14:44:38:7033] N: killing process, pid: 72226
[2026/09/25 14:44:38:7038] N: process killed with signal 0, pid: 72226
[2026/09/25 14:44:38:7575] N: WS closed from (unix skt), clients: 2
[2026/09/25 14:44:38:7575] N: killing process, pid: 72243
[2026/09/25 14:44:38:7579] N: process killed with signal 0, pid: 72243
[2026/09/25 14:44:39:8736] N: WS closed from (unix skt), clients: 1
[2026/09/25 14:44:39:8736] N: killing process, pid: 72230
[2026/09/25 14:44:39:8737] N: WS closed from (unix skt), clients: 0
[2026/09/25 14:44:39:8737] N: killing process, pid: 72229
[2026/09/25 14:44:39:8746] N: process killed with signal 0, pid: 72229
[2026/09/25 14:44:39:8746] N: process killed with signal 0, pid: 72230
[2026/09/25 14:44:39:8817] N: WS   /ws - (unix skt), clients: 1
[2026/09/25 14:44:39:8817] N: WS   /ws - (unix skt), clients: 2
[2026/09/25 14:44:39:8817] N: WS   /ws - (unix skt), clients: 3
[2026/09/25 14:44:39:8817] N: WS   /ws - (unix skt), clients: 4
[2026/09/25 14:44:39:8817] N: WS   /ws - (unix skt), clients: 5
[2026/09/25 14:44:39:8817] N: WS   /ws - (unix skt), clients: 6
[2026/09/25 14:44:39:8817] N: WS   /ws - (unix skt), clients: 7
[2026/09/25 14:44:39:8817] N: WS   /ws - (unix skt), clients: 8
[2026/09/25 14:44:39:8817] N: WS   /ws - (unix skt), clients: 9
[2026/09/25 14:44:39:8823] N: started process, pid: 72747
[2026/09/25 14:44:39:8827] N: started process, pid: 72748
[2026/09/25 14:44:39:8828] N: WS   /ws - (unix skt), clients: 10
[2026/09/25 14:44:39:8832] N: started process, pid: 72749
[2026/09/25 14:44:39:8836] N: started process, pid: 72750
[2026/09/25 14:44:39:8844] N: started process, pid: 72751
[2026/09/25 14:44:39:8850] N: started process, pid: 72752
[2026/09/25 14:44:39:8857] N: started process, pid: 72753
[2026/09/25 14:44:39:8864] N: started process, pid: 72754
[2026/09/25 14:44:39:8877] N: started process, pid: 72760
[2026/09/25 14:44:39:8914] N: started process, pid: 72769
[2026/09/25 14:44:40:0105] N: WS closed from (unix skt), clients: 9
[2026/09/25 14:44:40:0106] N: killing process, pid: 72751
[2026/09/25 14:44:40:0111] N: process killed with signal 1, pid: 72751
[2026/09/25 14:44:40:0533] N: WS closed from (unix skt), clients: 8
[2026/09/25 14:44:40:0533] N: killing process, pid: 72769
[2026/09/25 14:44:40:0539] N: process killed with signal 1, pid: 72769
[2026/09/25 14:44:40:1483] N: WS closed from (unix skt), clients: 7
[2026/09/25 14:44:40:1483] N: killing process, pid: 72749
[2026/09/25 14:44:40:1492] N: process killed with signal 0, pid: 72749
[2026/09/25 14:44:40:1736] N: WS closed from (unix skt), clients: 6
[2026/09/25 14:44:40:1736] N: killing process, pid: 72747
[2026/09/25 14:44:40:1746] N: process killed with signal 0, pid: 72747
[2026/09/25 14:44:40:2384] N: WS closed from (unix skt), clients: 5
[2026/09/25 14:44:40:2384] N: killing process, pid: 72753
[2026/09/25 14:44:40:2388] N: process killed with signal 0, pid: 72753
[2026/09/25 14:44:40:2525] N: WS closed from (unix skt), clients: 4
[2026/09/25 14:44:40:2526] N: killing process, pid: 72754
[2026/09/25 14:44:40:2530] N: process killed with signal 0, pid: 72754
[2026/09/25 14:44:40:7028] N: WS closed from (unix skt), clients: 3
[2026/09/25 14:44:40:7029] N: killing process, pid: 72748
[2026/09/25 14:44:40:7041] N: process killed with signal 0, pid: 72748
[2026/09/25 14:44:40:7301] N: WS closed from (unix skt), clients: 2
[2026/09/25 14:44:40:7302] N: killing process, pid: 72760
[2026/09/25 14:44:40:7315] N: process killed with signal 0, pid: 72760
[2026/09/25 14:44:41:8829] N: WS closed from (unix skt), clients: 1
[2026/09/25 14:44:41:8829] N: killing process, pid: 72752
[2026/09/25 14:44:41:8830] N: WS closed from (unix skt), clients: 0
[2026/09/25 14:44:41:8830] N: killing process, pid: 72750
[2026/09/25 14:44:41:8840] N: process killed with signal 0, pid: 72752
[2026/09/25 14:44:41:8841] N: process killed with signal 0, pid: 72750
[2026/09/25 14:44:41:8944] N: WS   /ws - (unix skt), clients: 1
[2026/09/25 14:44:41:8945] N: WS   /ws - (unix skt), clients: 2
[2026/09/25 14:44:41:8945] N: WS   /ws - (unix skt), clients: 3
[2026/09/25 14:44:41:8945] N: WS   /ws - (unix skt), clients: 4
[2026/09/25 14:44:41:8945] N: WS   /ws - (unix skt), clients: 5
[2026/09/25 14:44:41:8945] N: WS   /ws - (unix skt), clients: 6
[2026/09/25 14:44:41:8945] N: WS   /ws - (unix skt), clients: 7
[2026/09/25 14:44:41:8945] N: WS   /ws - (unix skt), clients: 8
[2026/09/25 14:44:41:8946] N: WS   /ws - (unix skt), clients: 9
[2026/09/25 14:44:41:8946] N: WS   /ws - (unix skt), clients: 10
[2026/09/25 14:44:41:8952] N: started process, pid: 72985
[2026/09/25 14:44:41:8957] N: started process, pid: 72987
[2026/09/25 14:44:41:8964] N: started process, pid: 72988
[2026/09/25 14:44:41:8971] N: started process, pid: 72989
[2026/09/25 14:44:41:8980] N: started process, pid: 72990
[2026/09/25 14:44:41:8991] N: started process, pid: 72991
[2026/09/25 14:44:41:9000] N: started process, pid: 72992
[2026/09/25 14:44:41:9016] N: started process, pid: 72994
[2026/09/25 14:44:41:9026] N: started process, pid: 73004
[2026/09/25 14:44:41:9047] N: started process, pid: 73010
[2026/09/25 14:44:41:9693] N: WS closed from (unix skt), clients: 9
[2026/09/25 14:44:41:9694] N: killing process, pid: 72988
[2026/09/25 14:44:41:9700] N: process killed with signal 1, pid: 72988
[2026/09/25 14:44:42:0781] N: WS closed from (unix skt), clients: 8
[2026/09/25 14:44:42:0782] N: killing process, pid: 73004
[2026/09/25 14:44:42:0793] N: process killed with signal 1, pid: 73004
[2026/09/25 14:44:42:1998] N: WS closed from (unix skt), clients: 7
[2026/09/25 14:44:42:1998] N: killing process, pid: 72989
[2026/09/25 14:44:42:1998] N: WS closed from (unix skt), clients: 6
[2026/09/25 14:44:42:1998] N: killing process, pid: 72985
[2026/09/25 14:44:42:2003] N: process killed with signal 0, pid: 72989
[2026/09/25 14:44:42:2003] N: process killed with signal 0, pid: 72985
[2026/09/25 14:44:42:2466] N: WS closed from (unix skt), clients: 5
[2026/09/25 14:44:42:2466] N: killing process, pid: 72992
[2026/09/25 14:44:42:2469] N: process killed with signal 0, pid: 72992
[2026/09/25 14:44:42:2589] N: WS closed from (unix skt), clients: 4
[2026/09/25 14:44:42:2589] N: killing process, pid: 72991
[2026/09/25 14:44:42:2592] N: process killed with signal 0, pid: 72991
[2026/09/25 14:44:42:7015] N: WS closed from (unix skt), clients: 3
[2026/09/25 14:44:42:7016] N: killing process, pid: 72987
[2026/09/25 14:44:42:7028] N: process killed with signal 0, pid: 72987
[2026/09/25 14:44:42:7599] N: WS closed from (unix skt), clients: 2
[2026/09/25 14:44:42:7601] N: killing process, pid: 72994
[2026/09/25 14:44:42:7620] N: process killed with signal 0, pid: 72994
[2026/09/25 14:44:43:8964] N: WS closed from (unix skt), clients: 1
[2026/09/25 14:44:43:8965] N: killing process, pid: 72990
[2026/09/25 14:44:43:8965] N: WS closed from (unix skt), clients: 0
[2026/09/25 14:44:43:8966] N: killing process, pid: 73010
[2026/09/25 14:44:43:8980] N: process killed with signal 0, pid: 73010
[2026/09/25 14:44:43:8984] N: process killed with signal 0, pid: 72990
[2026/09/25 14:44:43:9121] N: WS   /ws - (unix skt), clients: 1
[2026/09/25 14:44:43:9122] N: WS   /ws - (unix skt), clients: 2
[2026/09/25 14:44:43:9122] N: WS   /ws - (unix skt), clients: 3
[2026/09/25 14:44:43:9122] N: WS   /ws - (unix skt), clients: 4
[2026/09/25 14:44:43:9123] N: WS   /ws - (unix skt), clients: 5
[2026/09/25 14:44:43:9123] N: WS   /ws - (unix skt), clients: 6
[2026/09/25 14:44:43:9123] N: WS   /ws - (unix skt), clients: 7
[2026/09/25 14:44:43:9123] N: WS   /ws - (unix skt), clients: 8
[2026/09/25 14:44:43:9124] N: WS   /ws - (unix skt), clients: 9
[2026/09/25 14:44:43:9124] N: WS   /ws - (unix skt), clients: 10
[2026/09/25 14:44:43:9143] N: started process, pid: 73348
[2026/09/25 14:44:43:9187] N: started process, pid: 73349
[2026/09/25 14:44:43:9196] N: started process, pid: 73350
[2026/09/25 14:44:43:9204] N: started process, pid: 73351
[2026/09/25 14:44:43:9223] N: started process, pid: 73352
[2026/09/25 14:44:43:9267] N: started process, pid: 73353
[2026/09/25 14:44:43:9281] N: started process, pid: 73354
[2026/09/25 14:44:43:9294] N: started process, pid: 73355
[2026/09/25 14:44:43:9303] N: started process, pid: 73356
[2026/09/25 14:44:43:9310] N: started process, pid: 73357
[2026/09/25 14:44:43:9994] N: WS closed from (unix skt), clients: 9
[2026/09/25 14:44:43:9994] N: killing process, pid: 73351
[2026/09/25 14:44:43:9998] N: process killed with signal 1, pid: 73351
[2026/09/25 14:44:44:0854] N: WS closed from (unix skt), clients: 8
[2026/09/25 14:44:44:0855] N: killing process, pid: 73356
[2026/09/25 14:44:44:0859] N: process killed with signal 1, pid: 73356
[2026/09/25 14:44:44:2879] N: WS closed from (unix skt), clients: 7
[2026/09/25 14:44:44:2880] N: killing process, pid: 73348
[2026/09/25 14:44:44:2880] N: WS closed from (unix skt), clients: 6
[2026/09/25 14:44:44:2880] N: killing process, pid: 73349
[2026/09/25 14:44:44:2888] N: process killed with signal 0, pid: 73348
[2026/09/25 14:44:44:2889] N: process killed with signal 0, pid: 73349
[2026/09/25 14:44:44:3143] N: WS closed from (unix skt), clients: 5
[2026/09/25 14:44:44:3144] N: killing process, pid: 73353
[2026/09/25 14:44:44:3145] N: WS closed from (unix skt), clients: 4
[2026/09/25 14:44:44:3145] N: killing process, pid: 73354
[2026/09/25 14:44:44:3154] N: process killed with signal 0, pid: 73353
[2026/09/25 14:44:44:3155] N: process killed with signal 0, pid: 73354
[2026/09/25 14:44:44:7947] N: WS closed from (unix skt), clients: 3
[2026/09/25 14:44:44:7949] N: killing process, pid: 73350
[2026/09/25 14:44:44:7973] N: process killed with signal 0, pid: 73350
[2026/09/25 14:44:44:8166] N: WS closed from (unix skt), clients: 2
[2026/09/25 14:44:44:8166] N: killing process, pid: 73355
[2026/09/25 14:44:44:8170] N: process killed with signal 0, pid: 73355
[2026/09/25 14:44:45:9153] N: WS closed from (unix skt), clients: 1
[2026/09/25 14:44:45:9153] N: killing process, pid: 73352
[2026/09/25 14:44:45:9154] N: WS closed from (unix skt), clients: 0
[2026/09/25 14:44:45:9154] N: killing process, pid: 73357
[2026/09/25 14:44:45:9161] N: process killed with signal 0, pid: 73352
[2026/09/25 14:44:45:9164] N: process killed with signal 0, pid: 73357
[2026/09/25 14:44:45:9262] N: WS   /ws - (unix skt), clients: 1
[2026/09/25 14:44:45:9263] N: WS   /ws - (unix skt), clients: 2
[2026/09/25 14:44:45:9263] N: WS   /ws - (unix skt), clients: 3
[2026/09/25 14:44:45:9263] N: WS   /ws - (unix skt), clients: 4
[2026/09/25 14:44:45:9263] N: WS   /ws - (unix skt), clients: 5
[2026/09/25 14:44:45:9264] N: WS   /ws - (unix skt), clients: 6
[2026/09/25 14:44:45:9264] N: WS   /ws - (unix skt), clients: 7
[2026/09/25 14:44:45:9264] N: WS   /ws - (unix skt), clients: 8
[2026/09/25 14:44:45:9264] N: WS   /ws - (unix skt), clients: 9
[2026/09/25 14:44:45:9264] N: WS   /ws - (unix skt), clients: 10
[2026/09/25 14:44:45:9271] N: started process, pid: 73791
[2026/09/25 14:44:45:9275] N: started process, pid: 73792
[2026/09/25 14:44:45:9280] N: started process, pid: 73793
[2026/09/25 14:44:45:9284] N: started process, pid: 73794
[2026/09/25 14:44:45:9291] N: started process, pid: 73795
[2026/09/25 14:44:45:9296] N: started process, pid: 73796
[2026/09/25 14:44:45:9301] N: started process, pid: 73797
[2026/09/25 14:44:45:9309] N: started process, pid: 73798
[2026/09/25 14:44:45:9317] N: started process, pid: 73799
[2026/09/25 14:44:45:9324] N: started process, pid: 73800
[2026/09/25 14:44:46:0479] N: WS closed from (unix skt), clients: 9
[2026/09/25 14:44:46:0480] N: killing process, pid: 73793
[2026/09/25 14:44:46:0483] N: process killed with signal 1, pid: 73793
[2026/09/25 14:44:46:0966] N: WS closed from (unix skt), clients: 8
[2026/09/25 14:44:46:0967] N: killing process, pid: 73799
[2026/09/25 14:44:46:0975] N: process killed with signal 1, pid: 73799
[2026/09/25 14:44:46:1801] N: WS closed from (unix skt), clients: 7
[2026/09/25 14:44:46:1802] N: killing process, pid: 73791
[2026/09/25 14:44:46:1807] N: process killed with signal 0, pid: 73791
[2026/09/25 14:44:46:2618] N: WS closed from (unix skt), clients: 6
[2026/09/25 14:44:46:2619] N: killing process, pid: 73797
[2026/09/25 14:44:46:2623] N: process killed with signal 0, pid: 73797
[2026/09/25 14:44:46:2740] N: WS closed from (unix skt), clients: 5
[2026/09/25 14:44:46:2740] N: killing process, pid: 73795
[2026/09/25 14:44:46:2745] N: process killed with signal 0, pid: 73795
[2026/09/25 14:44:46:2861] N: WS closed from (unix skt), clients: 4
[2026/09/25 14:44:46:2862] N: killing process, pid: 73796
[2026/09/25 14:44:46:2866] N: process killed with signal 0, pid: 73796
[2026/09/25 14:44:46:7384] N: WS closed from (unix skt), clients: 3
[2026/09/25 14:44:46:7384] N: killing process, pid: 73792
[2026/09/25 14:44:46:7392] N: process killed with signal 0, pid: 73792
[2026/09/25 14:44:46:7876] N: WS closed from (unix skt), clients: 2
[2026/09/25 14:44:46:7877] N: killing process, pid: 73798
[2026/09/25 14:44:46:7885] N: process killed with signal 0, pid: 73798
[2026/09/25 14:44:47:9288] N: WS closed from (unix skt), clients: 1
[2026/09/25 14:44:47:9289] N: killing process, pid: 73794
[2026/09/25 14:44:47:9290] N: WS closed from (unix skt), clients: 0
[2026/09/25 14:44:47:9290] N: killing process, pid: 73800
[2026/09/25 14:44:47:9300] N: process killed with signal 0, pid: 73794
[2026/09/25 14:44:47:9308] N: process killed with signal 0, pid: 73800
[2026/09/25 14:44:47:9446] N: WS   /ws - (unix skt), clients: 1
[2026/09/25 14:44:47:9447] N: WS   /ws - (unix skt), clients: 2
[2026/09/25 14:44:47:9447] N: WS   /ws - (unix skt), clients: 3
[2026/09/25 14:44:47:9447] N: WS   /ws - (unix skt), clients: 4
[2026/09/25 14:44:47:9447] N: WS   /ws - (unix skt), clients: 5
[2026/09/25 14:44:47:9448] N: WS   /ws - (unix skt), clients: 6
[2026/09/25 14:44:47:9448] N: WS   /ws - (unix skt), clients: 7
[2026/09/25 14:44:47:9448] N: WS   /ws - (unix skt), clients: 8
[2026/09/25 14:44:47:9448] N: WS   /ws - (unix skt), clients: 9
[2026/09/25 14:44:47:9448] N: WS   /ws - (unix skt), clients: 10
[2026/09/25 14:44:47:9462] N: started process, pid: 74165
[2026/09/25 14:44:47:9469] N: started process, pid: 74166
[2026/09/25 14:44:47:9476] N: started process, pid: 74167
[2026/09/25 14:44:47:9487] N: started process, pid: 74168
[2026/09/25 14:44:47:9497] N: started process, pid: 74169
[2026/09/25 14:44:47:9505] N: started process, pid: 74170
[2026/09/25 14:44:47:9515] N: started process, pid: 74171
[2026/09/25 14:44:47:9525] N: started process, pid: 74174
[2026/09/25 14:44:47:9545] N: started process, pid: 74184
[2026/09/25 14:44:47:9559] N: started process, pid: 74186
[2026/09/25 14:44:48:0391] N: WS closed from (unix skt), clients: 9
[2026/09/25 14:44:48:0391] N: killing process, pid: 74167
[2026/09/25 14:44:48:0395] N: process killed with signal 1, pid: 74167
[2026/09/25 14:44:48:1331] N: WS closed from (unix skt), clients: 8
[2026/09/25 14:44:48:1332] N: killing process, pid: 74174
[2026/09/25 14:44:48:1335] N: process killed with signal 1, pid: 74174
[2026/09/25 14:44:48:2662] N: WS closed from (unix skt), clients: 7
[2026/09/25 14:44:48:2662] N: killing process, pid: 74169
[2026/09/25 14:44:48:2668] N: process killed with signal 0, pid: 74169
[2026/09/25 14:44:48:2784] N: WS closed from (unix skt), clients: 6
[2026/09/25 14:44:48:2784] N: killing process, pid: 74165
[2026/09/25 14:44:48:2789] N: process killed with signal 0, pid: 74165
[2026/09/25 14:44:48:3075] N: WS closed from (unix skt), clients: 5
[2026/09/25 14:44:48:3075] N: killing process, pid: 74170
[2026/09/25 14:44:48:3081] N: process killed with signal 0, pid: 74170
[2026/09/25 14:44:48:3186] N: WS closed from (unix skt), clients: 4
[2026/09/25 14:44:48:3186] N: killing process, pid: 74184
[2026/09/25 14:44:48:3192] N: process killed with signal 0, pid: 74184
[2026/09/25 14:44:48:7556] N: WS closed from (unix skt), clients: 3
[2026/09/25 14:44:48:7557] N: killing process, pid: 74166
[2026/09/25 14:44:48:7568] N: process killed with signal 0, pid: 74166
[2026/09/25 14:44:48:8354] N: WS closed from (unix skt), clients: 2
[2026/09/25 14:44:48:8356] N: killing process, pid: 74171
[2026/09/25 14:44:48:8369] N: process killed with signal 0, pid: 74171
[2026/09/25 14:44:49:9468] N: WS closed from (unix skt), clients: 1
[2026/09/25 14:44:49:9469] N: killing process, pid: 74168
[2026/09/25 14:44:49:9470] N: WS closed from (unix skt), clients: 0
[2026/09/25 14:44:49:9470] N: killing process, pid: 74186
[2026/09/25 14:44:49:9480] N: process killed with signal 0, pid: 74168
[2026/09/25 14:44:49:9490] N: process killed with signal 0, pid: 74186
[2026/09/25 14:44:49:9612] N: WS   /ws - (unix skt), clients: 1
[2026/09/25 14:44:49:9612] N: WS   /ws - (unix skt), clients: 2
[2026/09/25 14:44:49:9613] N: WS   /ws - (unix skt), clients: 3
[2026/09/25 14:44:49:9613] N: WS   /ws - (unix skt), clients: 4
[2026/09/25 14:44:49:9613] N: WS   /ws - (unix skt), clients: 5
[2026/09/25 14:44:49:9613] N: WS   /ws - (unix skt), clients: 6
[2026/09/25 14:44:49:9613] N: WS   /ws - (unix skt), clients: 7
[2026/09/25 14:44:49:9613] N: WS   /ws - (unix skt), clients: 8
[2026/09/25 14:44:49:9614] N: WS   /ws - (unix skt), clients: 9
[2026/09/25 14:44:49:9614] N: WS   /ws - (unix skt), clients: 10
[2026/09/25 14:44:49:9621] N: started process, pid: 74452
[2026/09/25 14:44:49:9628] N: started process, pid: 74453
[2026/09/25 14:44:49:9633] N: started process, pid: 74454
[2026/09/25 14:44:49:9639] N: started process, pid: 74455
[2026/09/25 14:44:49:9649] N: started process, pid: 74456
[2026/09/25 14:44:49:9658] N: started process, pid: 74457
[2026/09/25 14:44:49:9668] N: started process, pid: 74458
[2026/09/25 14:44:49:9679] N: started process, pid: 74460
[2026/09/25 14:44:49:9694] N: started process, pid: 74462
[2026/09/25 14:44:49:9704] N: started process, pid: 74472
[2026/09/25 14:44:50:0969] N: WS closed from (unix skt), clients: 9
[2026/09/25 14:44:50:0969] N: killing process, pid: 74454
[2026/09/25 14:44:50:0973] N: process killed with signal 1, pid: 74454
[2026/09/25 14:44:50:1393] N: WS closed from (unix skt), clients: 8
[2026/09/25 14:44:50:1394] N: killing process, pid: 74462
[2026/09/25 14:44:50:1397] N: process killed with signal 1, pid: 74462
[2026/09/25 14:44:50:2633] N: WS closed from (unix skt), clients: 7
[2026/09/25 14:44:50:2633] N: killing process, pid: 74452
[2026/09/25 14:44:50:2636] N: process killed with signal 0, pid: 74452
[2026/09/25 14:44:50:2744] N: WS closed from (unix skt), clients: 6
[2026/09/25 14:44:50:2745] N: killing process, pid: 74456
[2026/09/25 14:44:50:2749] N: process killed with signal 0, pid: 74456
[2026/09/25 14:44:50:3127] N: WS closed from (unix skt), clients: 5
[2026/09/25 14:44:50:3127] N: killing process, pid: 74457
[2026/09/25 14:44:50:3133] N: process killed with signal 0, pid: 74457
[2026/09/25 14:44:50:3399] N: WS closed from (unix skt), clients: 4
[2026/09/25 14:44:50:3399] N: killing process, pid: 74458
[2026/09/25 14:44:50:3404] N: process killed with signal 0, pid: 74458
[2026/09/25 14:44:50:7889] N: WS closed from (unix skt), clients: 3
[2026/09/25 14:44:50:7890] N: killing process, pid: 74453
[2026/09/25 14:44:50:7899] N: process killed with signal 0, pid: 74453
[2026/09/25 14:44:50:8251] N: WS closed from (unix skt), clients: 2
[2026/09/25 14:44:50:8252] N: killing process, pid: 74460
[2026/09/25 14:44:50:8264] N: process killed with signal 0, pid: 74460
[2026/09/25 14:44:51:9636] N: WS closed from (unix skt), clients: 1
[2026/09/25 14:44:51:9637] N: killing process, pid: 74455
[2026/09/25 14:44:51:9637] N: WS closed from (unix skt), clients: 0
[2026/09/25 14:44:51:9637] N: killing process, pid: 74472
[2026/09/25 14:44:51:9651] N: process killed with signal 0, pid: 74472
[2026/09/25 14:44:51:9652] N: process killed with signal 0, pid: 74455
[2026/09/25 14:44:51:9779] N: WS   /ws - (unix skt), clients: 1
[2026/09/25 14:44:51:9779] N: WS   /ws - (unix skt), clients: 2
[2026/09/25 14:44:51:9780] N: WS   /ws - (unix skt), clients: 3
[2026/09/25 14:44:51:9780] N: WS   /ws - (unix skt), clients: 4
[2026/09/25 14:44:51:9780] N: WS   /ws - (unix skt), clients: 5
[2026/09/25 14:44:51:9780] N: WS   /ws - (unix skt), clients: 6
[2026/09/25 14:44:51:9781] N: WS   /ws - (unix skt), clients: 7
[2026/09/25 14:44:51:9781] N: WS   /ws - (unix skt), clients: 8
[2026/09/25 14:44:51:9781] N: WS   /ws - (unix skt), clients: 9
[2026/09/25 14:44:51:9781] N: WS   /ws - (unix skt), clients: 10
[2026/09/25 14:44:51:9794] N: started process, pid: 74744
[2026/09/25 14:44:51:9803] N: started process, pid: 74745
[2026/09/25 14:44:51:9811] N: started process, pid: 74746
[2026/09/25 14:44:51:9820] N: started process, pid: 74747
[2026/09/25 14:44:51:9831] N: started process, pid: 74748
[2026/09/25 14:44:51:9842] N: started process, pid: 74749
[2026/09/25 14:44:51:9854] N: started process, pid: 74750
[2026/09/25 14:44:51:9864] N: started process, pid: 74753
[2026/09/25 14:44:51:9879] N: started process, pid: 74758
[2026/09/25 14:44:51:9888] N: started process, pid: 74768
[2026/09/25 14:44:52:0746] N: WS closed from (unix skt), clients: 9
[2026/09/25 14:44:52:0746] N: killing process, pid: 74746
[2026/09/25 14:44:52:0749] N: process killed with signal 1, pid: 74746
[2026/09/25 14:44:52:1499] N: WS closed from (unix skt), clients: 8
[2026/09/25 14:44:52:1500] N: killing process, pid: 74753
[2026/09/25 14:44:52:1504] N: process killed with signal 1, pid: 74753
[2026/09/25 14:44:52:3001] N: WS closed from (unix skt), clients: 7
[2026/09/25 14:44:52:3001] N: killing process, pid: 74744
[2026/09/25 14:44:52:3007] N: process killed with signal 0, pid: 74744
[2026/09/25 14:44:52:3142] N: WS closed from (unix skt), clients: 6
[2026/09/25 14:44:52:3142] N: killing process, pid: 74748
[2026/09/25 14:44:52:3147] N: process killed with signal 0, pid: 74748
[2026/09/25 14:44:52:3374] N: WS closed from (unix skt), clients: 5
[2026/09/25 14:44:52:3374] N: killing process, pid: 74749
[2026/09/25 14:44:52:3380] N: process killed with signal 0, pid: 74749
[2026/09/25 14:44:52:3505] N: WS closed from (unix skt), clients: 4
[2026/09/25 14:44:52:3505] N: killing process, pid: 74758
[2026/09/25 14:44:52:3511] N: process killed with signal 0, pid: 74758
[2026/09/25 14:44:52:7915] N: WS closed from (unix skt), clients: 3
[2026/09/25 14:44:52:7916] N: killing process, pid: 74745
[2026/09/25 14:44:52:7933] N: process killed with signal 0, pid: 74745
[2026/09/25 14:44:52:8281] N: WS closed from (unix skt), clients: 2
[2026/09/25 14:44:52:8282] N: killing process, pid: 74750
[2026/09/25 14:44:52:8298] N: process killed with signal 0, pid: 74750
[2026/09/25 14:44:53:9794] N: WS closed from (unix skt), clients: 1
[2026/09/25 14:44:53:9795] N: killing process, pid: 74747
[2026/09/25 14:44:53:9795] N: WS closed from (unix skt), clients: 0
[2026/09/25 14:44:53:9795] N: killing process, pid: 74768
[2026/09/25 14:44:53:9807] N: process killed with signal 0, pid: 74747
[2026/09/25 14:44:53:9808] N: process killed with signal 0, pid: 74768
[2026/09/25 14:44:53:9925] N: WS   /ws - (unix skt), clients: 1
[2026/09/25 14:44:53:9926] N: WS   /ws - (unix skt), clients: 2
[2026/09/25 14:44:53:9926] N: WS   /ws - (unix skt), clients: 3
[2026/09/25 14:44:53:9926] N: WS   /ws - (unix skt), clients: 4
[2026/09/25 14:44:53:9926] N: WS   /ws - (unix skt), clients: 5
[2026/09/25 14:44:53:9927] N: WS   /ws - (unix skt), clients: 6
[2026/09/25 14:44:53:9927] N: WS   /ws - (unix skt), clients: 7
[2026/09/25 14:44:53:9927] N: WS   /ws - (unix skt), clients: 8
[2026/09/25 14:44:53:9927] N: WS   /ws - (unix skt), clients: 9
[2026/09/25 14:44:53:9934] N: started process, pid: 75055
[2026/09/25 14:44:53:9939] N: started process, pid: 75056
[2026/09/25 14:44:53:9944] N: started process, pid: 75057
[2026/09/25 14:44:53:9951] N: started process, pid: 75058
[2026/09/25 14:44:53:9953] N: WS   /ws - (unix skt), clients: 10
[2026/09/25 14:44:53:9961] N: started process, pid: 75059
[2026/09/25 14:44:53:9967] N: started process, pid: 75060
[2026/09/25 14:44:53:9973] N: started process, pid: 75061
[2026/09/25 14:44:53:9982] N: started process, pid: 75062
[2026/09/25 14:44:53:9994] N: started process, pid: 75065
[2026/09/25 14:44:54:0002] N: started process, pid: 75070
[2026/09/25 14:44:54:0964] N: WS closed from (unix skt), clients: 9
[2026/09/25 14:44:54:0964] N: killing process, pid: 75057
[2026/09/25 14:44:54:0969] N: process killed with signal 1, pid: 75057
[2026/09/25 14:44:54:1747] N: WS closed from (unix skt), clients: 8
[2026/09/25 14:44:54:1748] N: killing process, pid: 75070
[2026/09/25 14:44:54:1754] N: process killed with signal 1, pid: 75070
[2026/09/25 14:44:54:3134] N: WS closed from (unix skt), clients: 7
[2026/09/25 14:44:54:3134] N: killing process, pid: 75055
[2026/09/25 14:44:54:3151] N: process killed with signal 0, pid: 75055
[2026/09/25 14:44:54:3589] N: WS closed from (unix skt), clients: 6
[2026/09/25 14:44:54:3589] N: killing process, pid: 75061
[2026/09/25 14:44:54:3589] N: WS closed from (unix skt), clients: 5
[2026/09/25 14:44:54:3589] N: killing process, pid: 75059
[2026/09/25 14:44:54:3594] N: process killed with signal 0, pid: 75061
[2026/09/25 14:44:54:3595] N: process killed with signal 0, pid: 75059
[2026/09/25 14:44:54:3760] N: WS closed from (unix skt), clients: 4
[2026/09/25 14:44:54:3760] N: killing process, pid: 75062
[2026/09/25 14:44:54:3766] N: process killed with signal 0, pid: 75062
[2026/09/25 14:44:54:7833] N: WS closed from (unix skt), clients: 3
[2026/09/25 14:44:54:7834] N: killing process, pid: 75056
[2026/09/25 14:44:54:7843] N: process killed with signal 0, pid: 75056
[2026/09/25 14:44:54:8497] N: WS closed from (unix skt), clients: 2
[2026/09/25 14:44:54:8498] N: killing process, pid: 75065
[2026/09/25 14:44:54:8505] N: process killed with signal 0, pid: 75065
[2026/09/25 14:44:55:9946] N: WS closed from (unix skt), clients: 1
[2026/09/25 14:44:55:9947] N: killing process, pid: 75058
[2026/09/25 14:44:55:9956] N: process killed with signal 0, pid: 75058
[2026/09/25 14:44:55:9959] N: WS closed from (unix skt), clients: 0
[2026/09/25 14:44:55:9960] N: killing process, pid: 75060
[2026/09/25 14:44:55:9968] N: process killed with signal 0, pid: 75060
[2026/09/25 14:44:56:0101] N: WS   /ws - (unix skt), clients: 1
[2026/09/25 14:44:56:0101] N: WS   /ws - (unix skt), clients: 2
[2026/09/25 14:44:56:0101] N: WS   /ws - (unix skt), clients: 3
[2026/09/25 14:44:56:0102] N: WS   /ws - (unix skt), clients: 4
[2026/09/25 14:44:56:0102] N: WS   /ws - (unix skt), clients: 5
[2026/09/25 14:44:56:0102] N: WS   /ws - (unix skt), clients: 6
[2026/09/25 14:44:56:0102] N: WS   /ws - (unix skt), clients: 7
[2026/09/25 14:44:56:0102] N: WS   /ws - (unix skt), clients: 8
[2026/09/25 14:44:56:0102] N: WS   /ws - (unix skt), clients: 9
[2026/09/25 14:44:56:0103] N: WS   /ws - (unix skt), clients: 10
[2026/09/25 14:44:56:0113] N: started process, pid: 75377
[2026/09/25 14:44:56:0119] N: started process, pid: 75378
[2026/09/25 14:44:56:0125] N: started process, pid: 75380
[2026/09/25 14:44:56:0132] N: started process, pid: 75381
[2026/09/25 14:44:56:0141] N: started process, pid: 75382
[2026/09/25 14:44:56:0147] N: started process, pid: 75383
[2026/09/25 14:44:56:0159] N: started process, pid: 75384
[2026/09/25 14:44:56:0169] N: started process, pid: 75386
[2026/09/25 14:44:56:0178] N: started process, pid: 75390
[2026/09/25 14:44:56:0197] N: started process, pid: 75397
[2026/09/25 14:44:56:1221] N: WS closed from (unix skt), clients: 9
[2026/09/25 14:44:56:1222] N: killing process, pid: 75380
[2026/09/25 14:44:56:1227] N: process killed with signal 1, pid: 75380
[2026/09/25 14:44:56:1844] N: WS closed from (unix skt), clients: 8
[2026/09/25 14:44:56:1844] N: killing process, pid: 75390
[2026/09/25 14:44:56:1848] N: process killed with signal 1, pid: 75390
[2026/09/25 14:44:56:2976] N: WS closed from (unix skt), clients: 7
[2026/09/25 14:44:56:2977] N: killing process, pid: 75377
[2026/09/25 14:44:56:2982] N: process killed with signal 0, pid: 75377
[2026/09/25 14:44:56:3490] N: WS closed from (unix skt), clients: 6
[2026/09/25 14:44:56:3490] N: killing process, pid: 75383
[2026/09/25 14:44:56:3495] N: process killed with signal 0, pid: 75383
[2026/09/25 14:44:56:3732] N: WS closed from (unix skt), clients: 5
[2026/09/25 14:44:56:3732] N: killing process, pid: 75382
[2026/09/25 14:44:56:3737] N: process killed with signal 0, pid: 75382
[2026/09/25 14:44:56:3829] N: WS closed from (unix skt), clients: 4
[2026/09/25 14:44:56:3829] N: killing process, pid: 75386
[2026/09/25 14:44:56:3834] N: process killed with signal 0, pid: 75386
[2026/09/25 14:44:56:8388] N: WS closed from (unix skt), clients: 3
[2026/09/25 14:44:56:8389] N: killing process, pid: 75378
[2026/09/25 14:44:56:8408] N: process killed with signal 0, pid: 75378
[2026/09/25 14:44:56:8623] N: WS closed from (unix skt), clients: 2
[2026/09/25 14:44:56:8624] N: killing process, pid: 75384
[2026/09/25 14:44:56:8648] N: process killed with signal 0, pid: 75384
[2026/09/25 14:44:58:0108] N: WS closed from (unix skt), clients: 1
[2026/09/25 14:44:58:0109] N: killing process, pid: 75381
[2026/09/25 14:44:58:0110] N: WS closed from (unix skt), clients: 0
[2026/09/25 14:44:58:0111] N: killing process, pid: 75397
[2026/09/25 14:44:58:0119] N: process killed with signal 0, pid: 75381
[2026/09/25 14:44:58:0126] N: process killed with signal 0, pid: 75397
[2026/09/25 14:44:58:0217] N: WS   /ws - (unix skt), clients: 1
[2026/09/25 14:44:58:0218] N: WS   /ws - (unix skt), clients: 2
[2026/09/25 14:44:58:0218] N: WS   /ws - (unix skt), clients: 3
[2026/09/25 14:44:58:0218] N: WS   /ws - (unix skt), clients: 4
[2026/09/25 14:44:58:0218] N: WS   /ws - (unix skt), clients: 5
[2026/09/25 14:44:58:0218] N: WS   /ws - (unix skt), clients: 6
[2026/09/25 14:44:58:0218] N: WS   /ws - (unix skt), clients: 7
[2026/09/25 14:44:58:0219] N: WS   /ws - (unix skt), clients: 8
[2026/09/25 14:44:58:0219] N: WS   /ws - (unix skt), clients: 9
[2026/09/25 14:44:58:0219] N: WS   /ws - (unix skt), clients: 10
[2026/09/25 14:44:58:0226] N: started process, pid: 75634
[2026/09/25 14:44:58:0231] N: started process, pid: 75635
[2026/09/25 14:44:58:0237] N: started process, pid: 75636
[2026/09/25 14:44:58:0244] N: started process, pid: 75637
[2026/09/25 14:44:58:0253] N: started process, pid: 75638
[2026/09/25 14:44:58:0266] N: started process, pid: 75640
[2026/09/25 14:44:58:0272] N: started process, pid: 75641
[2026/09/25 14:44:58:0287] N: started process, pid: 75643
[2026/09/25 14:44:58:0305] N: started process, pid: 75650
[2026/09/25 14:44:58:0320] N: started process, pid: 75661
[2026/09/25 14:44:58:1747] N: WS closed from (unix skt), clients: 9
[2026/09/25 14:44:58:1748] N: killing process, pid: 75636
[2026/09/25 14:44:58:1768] N: process killed with signal 1, pid: 75636
[2026/09/25 14:44:58:1972] N: WS closed from (unix skt), clients: 8
[2026/09/25 14:44:58:1972] N: killing process, pid: 75650
[2026/09/25 14:44:58:1975] N: process killed with signal 1, pid: 75650
[2026/09/25 14:44:58:3040] N: WS closed from (unix skt), clients: 7
[2026/09/25 14:44:58:3040] N: killing process, pid: 75634
[2026/09/25 14:44:58:3044] N: process killed with signal 0, pid: 75634
[2026/09/25 14:44:58:3602] N: WS closed from (unix skt), clients: 6
[2026/09/25 14:44:58:3603] N: killing process, pid: 75638
[2026/09/25 14:44:58:3608] N: process killed with signal 0, pid: 75638
[2026/09/25 14:44:58:3864] N: WS closed from (unix skt), clients: 5
[2026/09/25 14:44:58:3864] N: killing process, pid: 75641
[2026/09/25 14:44:58:3870] N: process killed with signal 0, pid: 75641
[2026/09/25 14:44:58:4099] N: WS closed from (unix skt), clients: 4
[2026/09/25 14:44:58:4100] N: killing process, pid: 75640
[2026/09/25 14:44:58:4106] N: process killed with signal 0, pid: 75640
[2026/09/25 14:44:58:8189] N: WS closed from (unix skt), clients: 3
[2026/09/25 14:44:58:8190] N: killing process, pid: 75635
[2026/09/25 14:44:58:8200] N: process killed with signal 0, pid: 75635
[2026/09/25 14:44:58:9102] N: WS closed from (unix skt), clients: 2
[2026/09/25 14:44:58:9103] N: killing process, pid: 75643
[2026/09/25 14:44:58:9124] N: process killed with signal 0, pid: 75643
[2026/09/25 14:45:00:0229] N: WS closed from (unix skt), clients: 1
[2026/09/25 14:45:00:0229] N: killing process, pid: 75637
[2026/09/25 14:45:00:0229] N: WS closed from (unix skt), clients: 0
[2026/09/25 14:45:00:0229] N: killing process, pid: 75661
[2026/09/25 14:45:00:0238] N: process killed with signal 0, pid: 75637
[2026/09/25 14:45:00:0239] N: process killed with signal 0, pid: 75661
[2026/09/25 14:45:00:0328] N: WS   /ws - (unix skt), clients: 1
[2026/09/25 14:45:00:0329] N: WS   /ws - (unix skt), clients: 2
[2026/09/25 14:45:00:0329] N: WS   /ws - (unix skt), clients: 3
[2026/09/25 14:45:00:0329] N: WS   /ws - (unix skt), clients: 4
[2026/09/25 14:45:00:0329] N: WS   /ws - (unix skt), clients: 5
[2026/09/25 14:45:00:0329] N: WS   /ws - (unix skt), clients: 6
[2026/09/25 14:45:00:0329] N: WS   /ws - (unix skt), clients: 7
[2026/09/25 14:45:00:0329] N: WS   /ws - (unix skt), clients: 8
[2026/09/25 14:45:00:0330] N: WS   /ws - (unix skt), clients: 9
[2026/09/25 14:45:00:0330] N: WS   /ws - (unix skt), clients: 10
[2026/09/25 14:45:00:0339] N: started process, pid: 75944
[2026/09/25 14:45:00:0346] N: started process, pid: 75945
[2026/09/25 14:45:00:0352] N: started process, pid: 75946
[2026/09/25 14:45:00:0363] N: started process, pid: 75947
[2026/09/25 14:45:00:0369] N: started process, pid: 75948
[2026/09/25 14:45:00:0381] N: started process, pid: 75949
[2026/09/25 14:45:00:0395] N: started process, pid: 75951
[2026/09/25 14:45:00:0413] N: started process, pid: 75958
[2026/09/25 14:45:00:0427] N: started process, pid: 75965
[2026/09/25 14:45:00:0441] N: started process, pid: 75969
[2026/09/25 14:45:00:1618] N: WS closed from (unix skt), clients: 9
[2026/09/25 14:45:00:1619] N: killing process, pid: 75946
[2026/09/25 14:45:00:1624] N: process killed with signal 1, pid: 75946
[2026/09/25 14:45:00:2415] N: WS closed from (unix skt), clients: 8
[2026/09/25 14:45:00:2415] N: killing process, pid: 75965
[2026/09/25 14:45:00:2418] N: process killed with signal 1, pid: 75965
[2026/09/25 14:45:00:2955] N: WS closed from (unix skt), clients: 7
[2026/09/25 14:45:00:2955] N: killing process, pid: 75944
[2026/09/25 14:45:00:2960] N: process killed with signal 0, pid: 75944
[2026/09/25 14:45:00:3499] N: WS closed from (unix skt), clients: 6
[2026/09/25 14:45:00:3500] N: killing process, pid: 75948
[2026/09/25 14:45:00:3504] N: process killed with signal 0, pid: 75948
[2026/09/25 14:45:00:4122] N: WS closed from (unix skt), clients: 5
[2026/09/25 14:45:00:4122] N: killing process, pid: 75958
[2026/09/25 14:45:00:4122] N: WS closed from (unix skt), clients: 4
[2026/09/25 14:45:00:4122] N: killing process, pid: 75949
[2026/09/25 14:45:00:4126] N: process killed with signal 0, pid: 75958
[2026/09/25 14:45:00:4127] N: process killed with signal 0, pid: 75949
[2026/09/25 14:45:00:8650] N: WS closed from (unix skt), clients: 3
[2026/09/25 14:45:00:8651] N: killing process, pid: 75945
[2026/09/25 14:45:00:8652] N: WS closed from (unix skt), clients: 2
[2026/09/25 14:45:00:8652] N: killing process, pid: 75951
[2026/09/25 14:45:00:8664] N: process killed with signal 0, pid: 75945
[2026/09/25 14:45:00:8665] N: process killed with signal 0, pid: 75951
[2026/09/25 14:45:02:0329] N: WS closed from (unix skt), clients: 1
[2026/09/25 14:45:02:0330] N: killing process, pid: 75947
[2026/09/25 14:45:02:0331] N: WS closed from (unix skt), clients: 0
[2026/09/25 14:45:02:0331] N: killing process, pid: 75969
[2026/09/25 14:45:02:0345] N: process killed with signal 0, pid: 75947
[2026/09/25 14:45:02:0346] N: process killed with signal 0, pid: 75969
[2026/09/25 14:45:02:0452] N: WS   /ws - (unix skt), clients: 1
[2026/09/25 14:45:02:0452] N: WS   /ws - (unix skt), clients: 2
[2026/09/25 14:45:02:0453] N: WS   /ws - (unix skt), clients: 3
[2026/09/25 14:45:02:0453] N: WS   /ws - (unix skt), clients: 4
[2026/09/25 14:45:02:0453] N: WS   /ws - (unix skt), clients: 5
[2026/09/25 14:45:02:0453] N: WS   /ws - (unix skt), clients: 6
[2026/09/25 14:45:02:0453] N: WS   /ws - (unix skt), clients: 7
[2026/09/25 14:45:02:0453] N: WS   /ws - (unix skt), clients: 8
[2026/09/25 14:45:02:0453] N: WS   /ws - (unix skt), clients: 9
[2026/09/25 14:45:02:0454] N: WS   /ws - (unix skt), clients: 10
[2026/09/25 14:45:02:0462] N: started process, pid: 76217
[2026/09/25 14:45:02:0468] N: started process, pid: 76218
[2026/09/25 14:45:02:0477] N: started process, pid: 76219
[2026/09/25 14:45:02:0484] N: started process, pid: 76220
[2026/09/25 14:45:02:0493] N: started process, pid: 76221
[2026/09/25 14:45:02:0499] N: started process, pid: 76222
[2026/09/25 14:45:02:0512] N: started process, pid: 76223
[2026/09/25 14:45:02:0523] N: started process, pid: 76224
[2026/09/25 14:45:02:0535] N: started process, pid: 76231
[2026/09/25 14:45:02:0551] N: started process, pid: 76239
[2026/09/25 14:45:02:1731] N: WS closed from (unix skt), clients: 9
[2026/09/25 14:45:02:1732] N: killing process, pid: 76219
[2026/09/25 14:45:02:1737] N: process killed with signal 1, pid: 76219
[2026/09/25 14:45:02:1991] N: WS closed from (unix skt), clients: 8
[2026/09/25 14:45:02:1992] N: killing process, pid: 76231
[2026/09/25 14:45:02:1996] N: process killed with signal 1, pid: 76231
[2026/09/25 14:45:02:3499] N: WS closed from (unix skt), clients: 7
[2026/09/25 14:45:02:3500] N: killing process, pid: 76221
[2026/09/25 14:45:02:3504] N: process killed with signal 0, pid: 76221
[2026/09/25 14:45:02:3880] N: WS closed from (unix skt), clients: 6
[2026/09/25 14:45:02:3881] N: killing process, pid: 76217
[2026/09/25 14:45:02:3886] N: process killed with signal 0, pid: 76217
[2026/09/25 14:45:02:4141] N: WS closed from (unix skt), clients: 5
[2026/09/25 14:45:02:4142] N: killing process, pid: 76222
[2026/09/25 14:45:02:4147] N: process killed with signal 0, pid: 76222
[2026/09/25 14:45:02:4272] N: WS closed from (unix skt), clients: 4
[2026/09/25 14:45:02:4272] N: killing process, pid: 76223
[2026/09/25 14:45:02:4278] N: process killed with signal 0, pid: 76223
[2026/09/25 14:45:02:8187] N: WS closed from (unix skt), clients: 3
[2026/09/25 14:45:02:8188] N: killing process, pid: 76218
[2026/09/25 14:45:02:8205] N: process killed with signal 0, pid: 76218
[2026/09/25 14:45:02:9301] N: WS closed from (unix skt), clients: 2
[2026/09/25 14:45:02:9302] N: killing process, pid: 76224
[2026/09/25 14:45:02:9322] N: process killed with signal 0, pid: 76224
[2026/09/25 14:45:04:0479] N: WS closed from (unix skt), clients: 1
[2026/09/25 14:45:04:0480] N: killing process, pid: 76220
[2026/09/25 14:45:04:0480] N: WS closed from (unix skt), clients: 0
[2026/09/25 14:45:04:0480] N: killing process, pid: 76239
[2026/09/25 14:45:04:0496] N: process killed with signal 0, pid: 76239
[2026/09/25 14:45:04:0497] N: process killed with signal 0, pid: 76220
[2026/09/25 14:45:04:0616] N: WS   /ws - (unix skt), clients: 1
[2026/09/25 14:45:04:0617] N: WS   /ws - (unix skt), clients: 2
[2026/09/25 14:45:04:0617] N: WS   /ws - (unix skt), clients: 3
[2026/09/25 14:45:04:0617] N: WS   /ws - (unix skt), clients: 4
[2026/09/25 14:45:04:0617] N: WS   /ws - (unix skt), clients: 5
[2026/09/25 14:45:04:0617] N: WS   /ws - (unix skt), clients: 6
[2026/09/25 14:45:04:0618] N: WS   /ws - (unix skt), clients: 7
[2026/09/25 14:45:04:0618] N: WS   /ws - (unix skt), clients: 8
[2026/09/25 14:45:04:0618] N: WS   /ws - (unix skt), clients: 9
[2026/09/25 14:45:04:0618] N: WS   /ws - (unix skt), clients: 10
[2026/09/25 14:45:04:0627] N: started process, pid: 76506
[2026/09/25 14:45:04:0636] N: started process, pid: 76507
[2026/09/25 14:45:04:0643] N: started process, pid: 76508
[2026/09/25 14:45:04:0654] N: started process, pid: 76509
[2026/09/25 14:45:04:0668] N: started process, pid: 76510
[2026/09/25 14:45:04:0680] N: started process, pid: 76511
[2026/09/25 14:45:04:0695] N: started process, pid: 76512
[2026/09/25 14:45:04:0712] N: started process, pid: 76516
[2026/09/25 14:45:04:0735] N: started process, pid: 76525
[2026/09/25 14:45:04:0765] N: started process, pid: 76531
[2026/09/25 14:45:04:2014] N: WS closed from (unix skt), clients: 9
[2026/09/25 14:45:04:2014] N: killing process, pid: 76508
[2026/09/25 14:45:04:2019] N: process killed with signal 1, pid: 76508
[2026/09/25 14:45:04:2430] N: WS closed from (unix skt), clients: 8
[2026/09/25 14:45:04:2430] N: killing process, pid: 76525
[2026/09/25 14:45:04:2432] N: process killed with signal 1, pid: 76525
[2026/09/25 14:45:04:3337] N: WS closed from (unix skt), clients: 7
[2026/09/25 14:45:04:3337] N: killing process, pid: 76511
[2026/09/25 14:45:04:3343] N: process killed with signal 0, pid: 76511
[2026/09/25 14:45:04:3909] N: WS closed from (unix skt), clients: 6
[2026/09/25 14:45:04:3909] N: killing process, pid: 76510
[2026/09/25 14:45:04:3916] N: process killed with signal 0, pid: 76510
[2026/09/25 14:45:04:4040] N: WS closed from (unix skt), clients: 5
[2026/09/25 14:45:04:4040] N: killing process, pid: 76506
[2026/09/25 14:45:04:4045] N: process killed with signal 0, pid: 76506
[2026/09/25 14:45:04:4162] N: WS closed from (unix skt), clients: 4
[2026/09/25 14:45:04:4162] N: killing process, pid: 76512
[2026/09/25 14:45:04:4167] N: process killed with signal 0, pid: 76512
[2026/09/25 14:45:04:8926] N: WS closed from (unix skt), clients: 3
[2026/09/25 14:45:04:8927] N: killing process, pid: 76507
[2026/09/25 14:45:04:8930] N: process killed with signal 0, pid: 76507
[2026/09/25 14:45:04:9341] N: WS closed from (unix skt), clients: 2
[2026/09/25 14:45:04:9341] N: killing process, pid: 76516
[2026/09/25 14:45:04:9345] N: process killed with signal 0, pid: 76516
[2026/09/25 14:45:06:0690] N: WS closed from (unix skt), clients: 1
[2026/09/25 14:45:06:0692] N: killing process, pid: 76509
[2026/09/25 14:45:06:0697] N: WS closed from (unix skt), clients: 0
[2026/09/25 14:45:06:0698] N: killing process, pid: 76531
[2026/09/25 14:45:06:0707] N: process killed with signal 0, pid: 76509
[2026/09/25 14:45:06:0712] N: process killed with signal 0, pid: 76531
[2026/09/25 14:45:06:0833] N: WS   /ws - (unix skt), clients: 1
[2026/09/25 14:45:06:0833] N: WS   /ws - (unix skt), clients: 2
[2026/09/25 14:45:06:0833] N: WS   /ws - (unix skt), clients: 3
[2026/09/25 14:45:06:0833] N: WS   /ws - (unix skt), clients: 4
[2026/09/25 14:45:06:0834] N: WS   /ws - (unix skt), clients: 5
[2026/09/25 14:45:06:0834] N: WS   /ws - (unix skt), clients: 6
[2026/09/25 14:45:06:0834] N: WS   /ws - (unix skt), clients: 7
[2026/09/25 14:45:06:0834] N: WS   /ws - (unix skt), clients: 8
[2026/09/25 14:45:06:0834] N: WS   /ws - (unix skt), clients: 9
[2026/09/25 14:45:06:0834] N: WS   /ws - (unix skt), clients: 10
[2026/09/25 14:45:06:0841] N: started process, pid: 76858
[2026/09/25 14:45:06:0847] N: started process, pid: 76859
[2026/09/25 14:45:06:0852] N: started process, pid: 76860
[2026/09/25 14:45:06:0858] N: started process, pid: 76861
[2026/09/25 14:45:06:0869] N: started process, pid: 76862
[2026/09/25 14:45:06:0879] N: started process, pid: 76863
[2026/09/25 14:45:06:0889] N: started process, pid: 76864
[2026/09/25 14:45:06:0899] N: started process, pid: 76865
[2026/09/25 14:45:06:0913] N: started process, pid: 76867
[2026/09/25 14:45:06:0928] N: started process, pid: 76873
[2026/09/25 14:45:06:1958] N: WS closed from (unix skt), clients: 9
[2026/09/25 14:45:06:1958] N: killing process, pid: 76860
[2026/09/25 14:45:06:1962] N: process killed with signal 1, pid: 76860
[2026/09/25 14:45:06:2599] N: WS closed from (unix skt), clients: 8
[2026/09/25 14:45:06:2600] N: killing process, pid: 76867
[2026/09/25 14:45:06:2604] N: process killed with signal 1, pid: 76867
[2026/09/25 14:45:06:4234] N: WS closed from (unix skt), clients: 7
[2026/09/25 14:45:06:4235] N: killing process, pid: 76858
[2026/09/25 14:45:06:4240] N: process killed with signal 0, pid: 76858
[2026/09/25 14:45:06:4365] N: WS closed from (unix skt), clients: 6
[2026/09/25 14:45:06:4365] N: killing process, pid: 76864
[2026/09/25 14:45:06:4370] N: process killed with signal 0, pid: 76864
[2026/09/25 14:45:06:4741] N: WS closed from (unix skt), clients: 5
[2026/09/25 14:45:06:4742] N: killing process, pid: 76863
[2026/09/25 14:45:06:4749] N: process killed with signal 0, pid: 76863
[2026/09/25 14:45:06:4755] N: WS closed from (unix skt), clients: 4
[2026/09/25 14:45:06:4755] N: killing process, pid: 76862
[2026/09/25 14:45:06:4761] N: process killed with signal 0, pid: 76862
[2026/09/25 14:45:06:8726] N: WS closed from (unix skt), clients: 3
[2026/09/25 14:45:06:8728] N: killing process, pid: 76859
[2026/09/25 14:45:06:8746] N: process killed with signal 0, pid: 76859
[2026/09/25 14:45:06:9537] N: WS closed from (unix skt), clients: 2
[2026/09/25 14:45:06:9538] N: killing process, pid: 76865
[2026/09/25 14:45:06:9580] N: process killed with signal 0, pid: 76865
[2026/09/25 14:45:08:0850] N: WS closed from (unix skt), clients: 1
[2026/09/25 14:45:08:0850] N: killing process, pid: 76861
[2026/09/25 14:45:08:0850] N: WS closed from (unix skt), clients: 0
[2026/09/25 14:45:08:0850] N: killing process, pid: 76873
[2026/09/25 14:45:08:0857] N: process killed with signal 0, pid: 76861
[2026/09/25 14:45:08:0858] N: process killed with signal 0, pid: 76873
[2026/09/25 14:45:08:0915] N: WS   /ws - (unix skt), clients: 1
[2026/09/25 14:45:08:0915] N: WS   /ws - (unix skt), clients: 2
[2026/09/25 14:45:08:0915] N: WS   /ws - (unix skt), clients: 3
[2026/09/25 14:45:08:0915] N: WS   /ws - (unix skt), clients: 4
[2026/09/25 14:45:08:0915] N: WS   /ws - (unix skt), clients: 5
[2026/09/25 14:45:08:0916] N: WS   /ws - (unix skt), clients: 6
[2026/09/25 14:45:08:0916] N: WS   /ws - (unix skt), clients: 7
[2026/09/25 14:45:08:0916] N: WS   /ws - (unix skt), clients: 8
[2026/09/25 14:45:08:0916] N: WS   /ws - (unix skt), clients: 9
[2026/09/25 14:45:08:0916] N: WS   /ws - (unix skt), clients: 10
[2026/09/25 14:45:08:0921] N: started process, pid: 77161
[2026/09/25 14:45:08:0924] N: started process, pid: 77162
[2026/09/25 14:45:08:0927] N: started process, pid: 77163
[2026/09/25 14:45:08:0930] N: started process, pid: 77164
[2026/09/25 14:45:08:0938] N: started process, pid: 77165
[2026/09/25 14:45:08:0946] N: started process, pid: 77166
[2026/09/25 14:45:08:0953] N: started process, pid: 77167
[2026/09/25 14:45:08:0962] N: started process, pid: 77174
[2026/09/25 14:45:08:0969] N: started process, pid: 77179
[2026/09/25 14:45:08:0979] N: started process, pid: 77185
[2026/09/25 14:45:08:2116] N: WS closed from (unix skt), clients: 9
[2026/09/25 14:45:08:2116] N: killing process, pid: 77163
[2026/09/25 14:45:08:2119] N: process killed with signal 1, pid: 77163
[2026/09/25 14:45:08:2760] N: WS closed from (unix skt), clients: 8
[2026/09/25 14:45:08:2760] N: killing process, pid: 77179
[2026/09/25 14:45:08:2762] N: process killed with signal 1, pid: 77179
[2026/09/25 14:45:08:4134] N: WS closed from (unix skt), clients: 7
[2026/09/25 14:45:08:4135] N: killing process, pid: 77161
[2026/09/25 14:45:08:4141] N: process killed with signal 0, pid: 77161
[2026/09/25 14:45:08:4256] N: WS closed from (unix skt), clients: 6
[2026/09/25 14:45:08:4256] N: killing process, pid: 77165
[2026/09/25 14:45:08:4262] N: process killed with signal 0, pid: 77165
[2026/09/25 14:45:08:4626] N: WS closed from (unix skt), clients: 5
[2026/09/25 14:45:08:4626] N: killing process, pid: 77167
[2026/09/25 14:45:08:4634] N: process killed with signal 0, pid: 77167
[2026/09/25 14:45:08:4787] N: WS closed from (unix skt), clients: 4
[2026/09/25 14:45:08:4788] N: killing process, pid: 77166
[2026/09/25 14:45:08:4795] N: process killed with signal 0, pid: 77166
[2026/09/25 14:45:08:9396] N: WS closed from (unix skt), clients: 3
[2026/09/25 14:45:08:9398] N: killing process, pid: 77162
[2026/09/25 14:45:08:9423] N: process killed with signal 0, pid: 77162
[2026/09/25 14:45:08:9552] N: WS closed from (unix skt), clients: 2
[2026/09/25 14:45:08:9554] N: killing process, pid: 77174
[2026/09/25 14:45:08:9572] N: process killed with signal 0, pid: 77174
[2026/09/25 14:45:10:0943] N: WS closed from (unix skt), clients: 1
[2026/09/25 14:45:10:0944] N: killing process, pid: 77164
[2026/09/25 14:45:10:0945] N: WS closed from (unix skt), clients: 0
[2026/09/25 14:45:10:0945] N: killing process, pid: 77185
[2026/09/25 14:45:10:0969] N: process killed with signal 0, pid: 77164
[2026/09/25 14:45:10:0970] N: process killed with signal 0, pid: 77185
[2026/09/25 14:45:10:1108] N: WS   /ws - (unix skt), clients: 1
[2026/09/25 14:45:10:1109] N: WS   /ws - (unix skt), clients: 2
[2026/09/25 14:45:10:1109] N: WS   /ws - (unix skt), clients: 3
[2026/09/25 14:45:10:1110] N: WS   /ws - (unix skt), clients: 4
[2026/09/25 14:45:10:1110] N: WS   /ws - (unix skt), clients: 5
[2026/09/25 14:45:10:1110] N: WS   /ws - (unix skt), clients: 6
[2026/09/25 14:45:10:1110] N: WS   /ws - (unix skt), clients: 7
[2026/09/25 14:45:10:1110] N: WS   /ws - (unix skt), clients: 8
[2026/09/25 14:45:10:1111] N: WS   /ws - (unix skt), clients: 9
[2026/09/25 14:45:10:1111] N: WS   /ws - (unix skt), clients: 10
[2026/09/25 14:45:10:1124] N: started process, pid: 77471
[2026/09/25 14:45:10:1133] N: started process, pid: 77472
[2026/09/25 14:45:10:1141] N: started process, pid: 77473
[2026/09/25 14:45:10:1150] N: started process, pid: 77474
[2026/09/25 14:45:10:1162] N: started process, pid: 77475
[2026/09/25 14:45:10:1174] N: started process, pid: 77476
[2026/09/25 14:45:10:1188] N: started process, pid: 77477
[2026/09/25 14:45:10:1209] N: started process, pid: 77481
[2026/09/25 14:45:10:1228] N: started process, pid: 77488
[2026/09/25 14:45:10:1248] N: started process, pid: 77497
[2026/09/25 14:45:10:2693] N: WS closed from (unix skt), clients: 9
[2026/09/25 14:45:10:2694] N: killing process, pid: 77473
[2026/09/25 14:45:10:2710] N: process killed with signal 1, pid: 77473
[2026/09/25 14:45:10:2918] N: WS closed from (unix skt), clients: 8
[2026/09/25 14:45:10:2919] N: killing process, pid: 77488
[2026/09/25 14:45:10:2922] N: process killed with signal 1, pid: 77488
[2026/09/25 14:45:10:3900] N: WS closed from (unix skt), clients: 7
[2026/09/25 14:45:10:3900] N: killing process, pid: 77475
[2026/09/25 14:45:10:3904] N: process killed with signal 0, pid: 77475
[2026/09/25 14:45:10:4151] N: WS closed from (unix skt), clients: 6
[2026/09/25 14:45:10:4151] N: killing process, pid: 77471
[2026/09/25 14:45:10:4155] N: process killed with signal 0, pid: 77471
[2026/09/25 14:45:10:4804] N: WS closed from (unix skt), clients: 5
[2026/09/25 14:45:10:4804] N: killing process, pid: 77476
[2026/09/25 14:45:10:4808] N: process killed with signal 0, pid: 77476
[2026/09/25 14:45:10:4938] N: WS closed from (unix skt), clients: 4
[2026/09/25 14:45:10:4938] N: killing process, pid: 77481
[2026/09/25 14:45:10:4942] N: process killed with signal 0, pid: 77481
[2026/09/25 14:45:10:9425] N: WS closed from (unix skt), clients: 3
[2026/09/25 14:45:10:9425] N: killing process, pid: 77472
[2026/09/25 14:45:10:9430] N: process killed with signal 0, pid: 77472
[2026/09/25 14:45:10:9556] N: WS closed from (unix skt), clients: 2
[2026/09/25 14:45:10:9556] N: killing process, pid: 77477
[2026/09/25 14:45:10:9561] N: process killed with signal 0, pid: 77477
[2026/09/25 14:45:12:1130] N: WS closed from (unix skt), clients: 1
[2026/09/25 14:45:12:1131] N: killing process, pid: 77474
[2026/09/25 14:45:12:1132] N: WS closed from (unix skt), clients: 0
[2026/09/25 14:45:12:1132] N: killing process, pid: 77497
[2026/09/25 14:45:12:1154] N: process killed with signal 0, pid: 77474
[2026/09/25 14:45:12:1155] N: process killed with signal 0, pid: 77497
[2026/09/25 14:45:12:1304] N: WS   /ws - (unix skt), clients: 1
[2026/09/25 14:45:12:1305] N: WS   /ws - (unix skt), clients: 2
[2026/09/25 14:45:12:1305] N: WS   /ws - (unix skt), clients: 3
[2026/09/25 14:45:12:1306] N: WS   /ws - (unix skt), clients: 4
[2026/09/25 14:45:12:1306] N: WS   /ws - (unix skt), clients: 5
[2026/09/25 14:45:12:1306] N: WS   /ws - (unix skt), clients: 6
[2026/09/25 14:45:12:1306] N: WS   /ws - (unix skt), clients: 7
[2026/09/25 14:45:12:1306] N: WS   /ws - (unix skt), clients: 8
[2026/09/25 14:45:12:1306] N: WS   /ws - (unix skt), clients: 9
[2026/09/25 14:45:12:1307] N: WS   /ws - (unix skt), clients: 10
[2026/09/25 14:45:12:1318] N: started process, pid: 77960
[2026/09/25 14:45:12:1327] N: started process, pid: 77961
[2026/09/25 14:45:12:1334] N: started process, pid: 77962
[2026/09/25 14:45:12:1342] N: started process, pid: 77963
[2026/09/25 14:45:12:1352] N: started process, pid: 77964
[2026/09/25 14:45:12:1368] N: started process, pid: 77965
[2026/09/25 14:45:12:1385] N: started process, pid: 77966
[2026/09/25 14:45:12:1412] N: started process, pid: 77970
[2026/09/25 14:45:12:1429] N: started process, pid: 77978
[2026/09/25 14:45:12:1457] N: started process, pid: 77989
[2026/09/25 14:45:12:2772] N: WS closed from (unix skt), clients: 9
[2026/09/25 14:45:12:2773] N: killing process, pid: 77962
[2026/09/25 14:45:12:2777] N: process killed with signal 1, pid: 77962
[2026/09/25 14:45:12:3192] N: WS closed from (unix skt), clients: 8
[2026/09/25 14:45:12:3192] N: killing process, pid: 77978
[2026/09/25 14:45:12:3196] N: process killed with signal 1, pid: 77978
[2026/09/25 14:45:12:4088] N: WS closed from (unix skt), clients: 7
[2026/09/25 14:45:12:4089] N: killing process, pid: 77960
[2026/09/25 14:45:12:4093] N: process killed with signal 0, pid: 77960
[2026/09/25 14:45:12:4390] N: WS closed from (unix skt), clients: 6
[2026/09/25 14:45:12:4390] N: killing process, pid: 77964
[2026/09/25 14:45:12:4394] N: process killed with signal 0, pid: 77964
[2026/09/25 14:45:12:5086] N: WS closed from (unix skt), clients: 5
[2026/09/25 14:45:12:5087] N: killing process, pid: 77965
[2026/09/25 14:45:12:5087] N: WS closed from (unix skt), clients: 4
[2026/09/25 14:45:12:5087] N: killing process, pid: 77970
[2026/09/25 14:45:12:5093] N: process killed with signal 0, pid: 77965
[2026/09/25 14:45:12:5094] N: process killed with signal 0, pid: 77970
[2026/09/25 14:45:12:9711] N: WS closed from (unix skt), clients: 3
[2026/09/25 14:45:12:9713] N: killing process, pid: 77961
[2026/09/25 14:45:12:9738] N: process killed with signal 0, pid: 77961
[2026/09/25 14:45:12:9951] N: WS closed from (unix skt), clients: 2
[2026/09/25 14:45:12:9951] N: killing process, pid: 77966
[2026/09/25 14:45:12:9956] N: process killed with signal 0, pid: 77966
[2026/09/25 14:45:14:1317] N: WS closed from (unix skt), clients: 1
[2026/09/25 14:45:14:1318] N: killing process, pid: 77963
[2026/09/25 14:45:14:1318] N: WS closed from (unix skt), clients: 0
[2026/09/25 14:45:14:1318] N: killing process, pid: 77989
[2026/09/25 14:45:14:1326] N: process killed with signal 0, pid: 77989
[2026/09/25 14:45:14:1326] N: process killed with signal 0, pid: 77963
[2026/09/25 14:45:14:1383] N: WS   /ws - (unix skt), clients: 1
[2026/09/25 14:45:14:1384] N: WS   /ws - (unix skt), clients: 2
[2026/09/25 14:45:14:1384] N: WS   /ws - (unix skt), clients: 3
[2026/09/25 14:45:14:1384] N: WS   /ws - (unix skt), clients: 4
[2026/09/25 14:45:14:1384] N: WS   /ws - (unix skt), clients: 5
[2026/09/25 14:45:14:1384] N: WS   /ws - (unix skt), clients: 6
[2026/09/25 14:45:14:1384] N: WS   /ws - (unix skt), clients: 7
[2026/09/25 14:45:14:1384] N: WS   /ws - (unix skt), clients: 8
[2026/09/25 14:45:14:1384] N: WS   /ws - (unix skt), clients: 9
[2026/09/25 14:45:14:1384] N: WS   /ws - (unix skt), clients: 10
[2026/09/25 14:45:14:1390] N: started process, pid: 78277
[2026/09/25 14:45:14:1394] N: started process, pid: 78278
[2026/09/25 14:45:14:1399] N: started process, pid: 78279
[2026/09/25 14:45:14:1403] N: started process, pid: 78280
[2026/09/25 14:45:14:1417] N: started process, pid: 78281
[2026/09/25 14:45:14:1425] N: started process, pid: 78282
[2026/09/25 14:45:14:1441] N: started process, pid: 78285
[2026/09/25 14:45:14:1458] N: started process, pid: 78291
[2026/09/25 14:45:14:1472] N: started process, pid: 78298
[2026/09/25 14:45:14:1497] N: started process, pid: 78303
[2026/09/25 14:45:14:3120] N: WS closed from (unix skt), clients: 9
[2026/09/25 14:45:14:3120] N: killing process, pid: 78298
[2026/09/25 14:45:14:3123] N: process killed with signal 1, pid: 78298
[2026/09/25 14:45:14:3584] N: WS closed from (unix skt), clients: 8
[2026/09/25 14:45:14:3585] N: killing process, pid: 78279
[2026/09/25 14:45:14:3589] N: process killed with signal 1, pid: 78279
[2026/09/25 14:45:14:4283] N: WS closed from (unix skt), clients: 7
[2026/09/25 14:45:14:4284] N: killing process, pid: 78277
[2026/09/25 14:45:14:4288] N: process killed with signal 0, pid: 78277
[2026/09/25 14:45:14:5005] N: WS closed from (unix skt), clients: 6
[2026/09/25 14:45:14:5006] N: killing process, pid: 78281
[2026/09/25 14:45:14:5010] N: process killed with signal 0, pid: 78281
[2026/09/25 14:45:14:5468] N: WS closed from (unix skt), clients: 5
[2026/09/25 14:45:14:5469] N: killing process, pid: 78285
[2026/09/25 14:45:14:5475] N: process killed with signal 0, pid: 78285
[2026/09/25 14:45:14:5620] N: WS closed from (unix skt), clients: 4
[2026/09/25 14:45:14:5620] N: killing process, pid: 78282
[2026/09/25 14:45:14:5624] N: process killed with signal 0, pid: 78282
[2026/09/25 14:45:15:0009] N: WS closed from (unix skt), clients: 3
[2026/09/25 14:45:15:0010] N: killing process, pid: 78291
[2026/09/25 14:45:15:0011] N: WS closed from (unix skt), clients: 2
[2026/09/25 14:45:15:0011] N: killing process, pid: 78278
[2026/09/25 14:45:15:0023] N: process killed with signal 0, pid: 78278
[2026/09/25 14:45:15:0023] N: process killed with signal 0, pid: 78291
[2026/09/25 14:45:16:1409] N: WS closed from (unix skt), clients: 1
[2026/09/25 14:45:16:1410] N: killing process, pid: 78280
[2026/09/25 14:45:16:1410] N: WS closed from (unix skt), clients: 0
[2026/09/25 14:45:16:1410] N: killing process, pid: 78303
[2026/09/25 14:45:16:1424] N: process killed with signal 0, pid: 78280
[2026/09/25 14:45:16:1424] N: process killed with signal 0, pid: 78303
[2026/09/25 14:45:16:1554] N: WS   /ws - (unix skt), clients: 1
[2026/09/25 14:45:16:1554] N: WS   /ws - (unix skt), clients: 2
[2026/09/25 14:45:16:1554] N: WS   /ws - (unix skt), clients: 3
[2026/09/25 14:45:16:1555] N: WS   /ws - (unix skt), clients: 4
[2026/09/25 14:45:16:1555] N: WS   /ws - (unix skt), clients: 5
[2026/09/25 14:45:16:1555] N: WS   /ws - (unix skt), clients: 6
[2026/09/25 14:45:16:1555] N: WS   /ws - (unix skt), clients: 7
[2026/09/25 14:45:16:1555] N: WS   /ws - (unix skt), clients: 8
[2026/09/25 14:45:16:1556] N: WS   /ws - (unix skt), clients: 9
[2026/09/25 14:45:16:1556] N: WS   /ws - (unix skt), clients: 10
[2026/09/25 14:45:16:1564] N: started process, pid: 78579
[2026/09/25 14:45:16:1571] N: started process, pid: 78580
[2026/09/25 14:45:16:1578] N: started process, pid: 78581
[2026/09/25 14:45:16:1585] N: started process, pid: 78582
[2026/09/25 14:45:16:1595] N: started process, pid: 78583
[2026/09/25 14:45:16:1607] N: started process, pid: 78584
[2026/09/25 14:45:16:1623] N: started process, pid: 78585
[2026/09/25 14:45:16:1641] N: started process, pid: 78586
[2026/09/25 14:45:16:1664] N: started process, pid: 78595
[2026/09/25 14:45:16:1677] N: started process, pid: 78601
[2026/09/25 14:45:16:2571] N: WS closed from (unix skt), clients: 9
[2026/09/25 14:45:16:2571] N: killing process, pid: 78581
[2026/09/25 14:45:16:2576] N: process killed with signal 1, pid: 78581
[2026/09/25 14:45:16:3214] N: WS closed from (unix skt), clients: 8
[2026/09/25 14:45:16:3215] N: killing process, pid: 78595
[2026/09/25 14:45:16:3218] N: process killed with signal 1, pid: 78595
[2026/09/25 14:45:16:4294] N: WS closed from (unix skt), clients: 7
[2026/09/25 14:45:16:4294] N: killing process, pid: 78579
[2026/09/25 14:45:16:4299] N: process killed with signal 0, pid: 78579
[2026/09/25 14:45:16:4960] N: WS closed from (unix skt), clients: 6
[2026/09/25 14:45:16:4961] N: killing process, pid: 78584
[2026/09/25 14:45:16:4970] N: process killed with signal 0, pid: 78584
[2026/09/25 14:45:16:5083] N: WS closed from (unix skt), clients: 5
[2026/09/25 14:45:16:5083] N: killing process, pid: 78585
[2026/09/25 14:45:16:5083] N: WS closed from (unix skt), clients: 4
[2026/09/25 14:45:16:5083] N: killing process, pid: 78583
[2026/09/25 14:45:16:5088] N: process killed with signal 0, pid: 78583
[2026/09/25 14:45:16:5089] N: process killed with signal 0, pid: 78585
[2026/09/25 14:45:16:9745] N: WS closed from (unix skt), clients: 3
[2026/09/25 14:45:16:9745] N: killing process, pid: 78580
[2026/09/25 14:45:16:9751] N: process killed with signal 0, pid: 78580
[2026/09/25 14:45:17:0265] N: WS closed from (unix skt), clients: 2
[2026/09/25 14:45:17:0266] N: killing process, pid: 78586
[2026/09/25 14:45:17:0271] N: process killed with signal 0, pid: 78586
[2026/09/25 14:45:18:1583] N: WS closed from (unix skt), clients: 1
[2026/09/25 14:45:18:1583] N: killing process, pid: 78582
[2026/09/25 14:45:18:1584] N: WS closed from (unix skt), clients: 0
[2026/09/25 14:45:18:1584] N: killing process, pid: 78601
[2026/09/25 14:45:18:1601] N: process killed with signal 0, pid: 78582
[2026/09/25 14:45:18:1602] N: process killed with signal 0, pid: 78601
[2026/09/25 14:45:18:1719] N: WS   /ws - (unix skt), clients: 1
[2026/09/25 14:45:18:1720] N: WS   /ws - (unix skt), clients: 2
[2026/09/25 14:45:18:1720] N: WS   /ws - (unix skt), clients: 3
[2026/09/25 14:45:18:1720] N: WS   /ws - (unix skt), clients: 4
[2026/09/25 14:45:18:1720] N: WS   /ws - (unix skt), clients: 5
[2026/09/25 14:45:18:1720] N: WS   /ws - (unix skt), clients: 6
[2026/09/25 14:45:18:1720] N: WS   /ws - (unix skt), clients: 7
[2026/09/25 14:45:18:1720] N: WS   /ws - (unix skt), clients: 8
[2026/09/25 14:45:18:1720] N: WS   /ws - (unix skt), clients: 9
[2026/09/25 14:45:18:1721] N: WS   /ws - (unix skt), clients: 10
[2026/09/25 14:45:18:1730] N: started process, pid: 79012
[2026/09/25 14:45:18:1735] N: started process, pid: 79014
[2026/09/25 14:45:18:1741] N: started process, pid: 79015
[2026/09/25 14:45:18:1757] N: started process, pid: 79016
[2026/09/25 14:45:18:1764] N: started process, pid: 79018
[2026/09/25 14:45:18:1770] N: started process, pid: 79019
[2026/09/25 14:45:18:1785] N: started process, pid: 79020
[2026/09/25 14:45:18:1799] N: started process, pid: 79030
[2026/09/25 14:45:18:1808] N: started process, pid: 79035
[2026/09/25 14:45:18:1826] N: started process, pid: 79037
[2026/09/25 14:45:18:2694] N: WS closed from (unix skt), clients: 9
[2026/09/25 14:45:18:2695] N: killing process, pid: 79015
[2026/09/25 14:45:18:2698] N: process killed with signal 1, pid: 79015
[2026/09/25 14:45:18:3664] N: WS closed from (unix skt), clients: 8
[2026/09/25 14:45:18:3665] N: killing process, pid: 79035
[2026/09/25 14:45:18:3670] N: process killed with signal 1, pid: 79035
[2026/09/25 14:45:18:4844] N: WS closed from (unix skt), clients: 7
[2026/09/25 14:45:18:4844] N: killing process, pid: 79012
[2026/09/25 14:45:18:4848] N: process killed with signal 0, pid: 79012
[2026/09/25 14:45:18:5116] N: WS closed from (unix skt), clients: 6
[2026/09/25 14:45:18:5116] N: killing process, pid: 79016
[2026/09/25 14:45:18:5120] N: process killed with signal 0, pid: 79016
[2026/09/25 14:45:18:5243] N: WS closed from (unix skt), clients: 5
[2026/09/25 14:45:18:5243] N: killing process, pid: 79020
[2026/09/25 14:45:18:5248] N: process killed with signal 0, pid: 79020
[2026/09/25 14:45:18:5544] N: WS closed from (unix skt), clients: 4
[2026/09/25 14:45:18:5544] N: killing process, pid: 79019
[2026/09/25 14:45:18:5550] N: process killed with signal 0, pid: 79019
[2026/09/25 14:45:18:9736] N: WS closed from (unix skt), clients: 3
[2026/09/25 14:45:18:9737] N: killing process, pid: 79014
[2026/09/25 14:45:18:9751] N: process killed with signal 0, pid: 79014
[2026/09/25 14:45:19:0572] N: WS closed from (unix skt), clients: 2
[2026/09/25 14:45:19:0572] N: killing process, pid: 79030
[2026/09/25 14:45:19:0580] N: process killed with signal 0, pid: 79030
[2026/09/25 14:45:20:1748] N: WS closed from (unix skt), clients: 1
[2026/09/25 14:45:20:1749] N: killing process, pid: 79018
[2026/09/25 14:45:20:1750] N: WS closed from (unix skt), clients: 0
[2026/09/25 14:45:20:1750] N: killing process, pid: 79037
[2026/09/25 14:45:20:1765] N: process killed with signal 0, pid: 79018
[2026/09/25 14:45:20:1780] N: process killed with signal 0, pid: 79037
[2026/09/25 14:45:20:1945] N: WS   /ws - (unix skt), clients: 1
[2026/09/25 14:45:20:1946] N: WS   /ws - (unix skt), clients: 2
[2026/09/25 14:45:20:1946] N: WS   /ws - (unix skt), clients: 3
[2026/09/25 14:45:20:1946] N: WS   /ws - (unix skt), clients: 4
[2026/09/25 14:45:20:1947] N: WS   /ws - (unix skt), clients: 5
[2026/09/25 14:45:20:1947] N: WS   /ws - (unix skt), clients: 6
[2026/09/25 14:45:20:1947] N: WS   /ws - (unix skt), clients: 7
[2026/09/25 14:45:20:1947] N: WS   /ws - (unix skt), clients: 8
[2026/09/25 14:45:20:1947] N: WS   /ws - (unix skt), clients: 9
[2026/09/25 14:45:20:1948] N: WS   /ws - (unix skt), clients: 10
[2026/09/25 14:45:20:1961] N: started process, pid: 79318
[2026/09/25 14:45:20:1970] N: started process, pid: 79319
[2026/09/25 14:45:20:1977] N: started process, pid: 79320
[2026/09/25 14:45:20:1984] N: started process, pid: 79321
[2026/09/25 14:45:20:1995] N: started process, pid: 79322
[2026/09/25 14:45:20:2007] N: started process, pid: 79323
[2026/09/25 14:45:20:2017] N: started process, pid: 79324
[2026/09/25 14:45:20:2039] N: started process, pid: 79325
[2026/09/25 14:45:20:2049] N: started process, pid: 79330
[2026/09/25 14:45:20:2064] N: started process, pid: 79336
[2026/09/25 14:45:20:3914] N: WS closed from (unix skt), clients: 9
[2026/09/25 14:45:20:3915] N: killing process, pid: 79319
[2026/09/25 14:45:20:3918] N: process killed with signal 1, pid: 79319
[2026/09/25 14:45:20:4054] N: WS closed from (unix skt), clients: 8
[2026/09/25 14:45:20:4054] N: killing process, pid: 79330
[2026/09/25 14:45:20:4057] N: process killed with signal 1, pid: 79330
[2026/09/25 14:45:20:5491] N: WS closed from (unix skt), clients: 7
[2026/09/25 14:45:20:5491] N: killing process, pid: 79323
[2026/09/25 14:45:20:5492] N: WS closed from (unix skt), clients: 6
[2026/09/25 14:45:20:5492] N: killing process, pid: 79322
[2026/09/25 14:45:20:5492] N: WS closed from (unix skt), clients: 5
[2026/09/25 14:45:20:5492] N: killing process, pid: 79321
[2026/09/25 14:45:20:5498] N: process killed with signal 0, pid: 79323
[2026/09/25 14:45:20:5500] N: process killed with signal 0, pid: 79322
[2026/09/25 14:45:20:5502] N: process killed with signal 0, pid: 79321
[2026/09/25 14:45:20:6049] N: WS closed from (unix skt), clients: 4
[2026/09/25 14:45:20:6049] N: killing process, pid: 79324
[2026/09/25 14:45:20:6053] N: process killed with signal 0, pid: 79324
[2026/09/25 14:45:21:0653] N: WS closed from (unix skt), clients: 3
[2026/09/25 14:45:21:0653] N: killing process, pid: 79318
[2026/09/25 14:45:21:0657] N: process killed with signal 0, pid: 79318
[2026/09/25 14:45:21:1068] N: WS closed from (unix skt), clients: 2
[2026/09/25 14:45:21:1068] N: killing process, pid: 79325
[2026/09/25 14:45:21:1073] N: process killed with signal 0, pid: 79325
[2026/09/25 14:45:22:1947] N: WS closed from (unix skt), clients: 1
[2026/09/25 14:45:22:1948] N: killing process, pid: 79320
[2026/09/25 14:45:22:1948] N: WS closed from (unix skt), clients: 0
[2026/09/25 14:45:22:1948] N: killing process, pid: 79336
[2026/09/25 14:45:22:1955] N: process killed with signal 0, pid: 79320
[2026/09/25 14:45:22:1963] N: process killed with signal 0, pid: 79336
[2026/09/25 14:45:22:2047] N: WS   /ws - (unix skt), clients: 1
[2026/09/25 14:45:22:2048] N: WS   /ws - (unix skt), clients: 2
[2026/09/25 14:45:22:2048] N: WS   /ws - (unix skt), clients: 3
[2026/09/25 14:45:22:2048] N: WS   /ws - (unix skt), clients: 4
[2026/09/25 14:45:22:2048] N: WS   /ws - (unix skt), clients: 5
[2026/09/25 14:45:22:2048] N: WS   /ws - (unix skt), clients: 6
[2026/09/25 14:45:22:2049] N: WS   /ws - (unix skt), clients: 7
[2026/09/25 14:45:22:2049] N: WS   /ws - (unix skt), clients: 8
[2026/09/25 14:45:22:2049] N: WS   /ws - (unix skt), clients: 9
[2026/09/25 14:45:22:2049] N: WS   /ws - (unix skt), clients: 10
[2026/09/25 14:45:22:2064] N: started process, pid: 79636
[2026/09/25 14:45:22:2071] N: started process, pid: 79637
[2026/09/25 14:45:22:2079] N: started process, pid: 79638
[2026/09/25 14:45:22:2087] N: started process, pid: 79640
[2026/09/25 14:45:22:2094] N: started process, pid: 79641
[2026/09/25 14:45:22:2100] N: started process, pid: 79642
[2026/09/25 14:45:22:2110] N: started process, pid: 79643
[2026/09/25 14:45:22:2116] N: started process, pid: 79645
[2026/09/25 14:45:22:2134] N: started process, pid: 79649
[2026/09/25 14:45:22:2159] N: started process, pid: 79658
[2026/09/25 14:45:22:3796] N: WS closed from (unix skt), clients: 9
[2026/09/25 14:45:22:3797] N: killing process, pid: 79638
[2026/09/25 14:45:22:3800] N: process killed with signal 1, pid: 79638
[2026/09/25 14:45:22:3941] N: WS closed from (unix skt), clients: 8
[2026/09/25 14:45:22:3941] N: killing process, pid: 79649
[2026/09/25 14:45:22:3944] N: process killed with signal 1, pid: 79649
[2026/09/25 14:45:22:4646] N: WS closed from (unix skt), clients: 7
[2026/09/25 14:45:22:4646] N: killing process, pid: 79636
[2026/09/25 14:45:22:4649] N: process killed with signal 0, pid: 79636
[2026/09/25 14:45:22:5345] N: WS closed from (unix skt), clients: 6
[2026/09/25 14:45:22:5346] N: killing process, pid: 79641
[2026/09/25 14:45:22:5351] N: process killed with signal 0, pid: 79641
[2026/09/25 14:45:22:5809] N: WS closed from (unix skt), clients: 5
[2026/09/25 14:45:22:5809] N: killing process, pid: 79642
[2026/09/25 14:45:22:5814] N: process killed with signal 0, pid: 79642
[2026/09/25 14:45:22:6233] N: WS closed from (unix skt), clients: 4
[2026/09/25 14:45:22:6233] N: killing process, pid: 79643
[2026/09/25 14:45:22:6237] N: process killed with signal 0, pid: 79643
[2026/09/25 14:45:23:0539] N: WS closed from (unix skt), clients: 3
[2026/09/25 14:45:23:0540] N: killing process, pid: 79637
[2026/09/25 14:45:23:0554] N: process killed with signal 0, pid: 79637
[2026/09/25 14:45:23:1249] N: WS closed from (unix skt), clients: 2
[2026/09/25 14:45:23:1250] N: killing process, pid: 79645
[2026/09/25 14:45:23:1259] N: process killed with signal 0, pid: 79645
[2026/09/25 14:45:24:2063] N: WS closed from (unix skt), clients: 1
[2026/09/25 14:45:24:2064] N: killing process, pid: 79640
[2026/09/25 14:45:24:2064] N: WS closed from (unix skt), clients: 0
[2026/09/25 14:45:24:2064] N: killing process, pid: 79658
[2026/09/25 14:45:24:2073] N: process killed with signal 0, pid: 79640
[2026/09/25 14:45:24:2073] N: process killed with signal 0, pid: 79658
[2026/09/25 14:45:24:2156] N: WS   /ws - (unix skt), clients: 1
[2026/09/25 14:45:24:2157] N: WS   /ws - (unix skt), clients: 2
[2026/09/25 14:45:24:2157] N: WS   /ws - (unix skt), clients: 3
[2026/09/25 14:45:24:2157] N: WS   /ws - (unix skt), clients: 4
[2026/09/25 14:45:24:2157] N: WS   /ws - (unix skt), clients: 5
[2026/09/25 14:45:24:2157] N: WS   /ws - (unix skt), clients: 6
[2026/09/25 14:45:24:2157] N: WS   /ws - (unix skt), clients: 7
[2026/09/25 14:45:24:2157] N: WS   /ws - (unix skt), clients: 8
[2026/09/25 14:45:24:2158] N: WS   /ws - (unix skt), clients: 9
[2026/09/25 14:45:24:2158] N: WS   /ws - (unix skt), clients: 10
[2026/09/25 14:45:24:2164] N: started process, pid: 79933
[2026/09/25 14:45:24:2168] N: started process, pid: 79934
[2026/09/25 14:45:24:2173] N: started process, pid: 79935
[2026/09/25 14:45:24:2177] N: started process, pid: 79936
[2026/09/25 14:45:24:2185] N: started process, pid: 79937
[2026/09/25 14:45:24:2192] N: started process, pid: 79938
[2026/09/25 14:45:24:2200] N: started process, pid: 79939
[2026/09/25 14:45:24:2217] N: started process, pid: 79940
[2026/09/25 14:45:24:2239] N: started process, pid: 79953
[2026/09/25 14:45:24:2265] N: started process, pid: 79959
[2026/09/25 14:45:24:3056] N: WS closed from (unix skt), clients: 9
[2026/09/25 14:45:24:3057] N: killing process, pid: 79935
[2026/09/25 14:45:24:3061] N: process killed with signal 1, pid: 79935
[2026/09/25 14:45:24:4072] N: WS closed from (unix skt), clients: 8
[2026/09/25 14:45:24:4073] N: killing process, pid: 79953
[2026/09/25 14:45:24:4075] N: process killed with signal 1, pid: 79953
[2026/09/25 14:45:24:5335] N: WS closed from (unix skt), clients: 7
[2026/09/25 14:45:24:5335] N: killing process, pid: 79939
[2026/09/25 14:45:24:5340] N: process killed with signal 0, pid: 79939
[2026/09/25 14:45:24:5696] N: WS closed from (unix skt), clients: 6
[2026/09/25 14:45:24:5696] N: killing process, pid: 79933
[2026/09/25 14:45:24:5701] N: process killed with signal 0, pid: 79933
[2026/09/25 14:45:24:5891] N: WS closed from (unix skt), clients: 5
[2026/09/25 14:45:24:5891] N: killing process, pid: 79938
[2026/09/25 14:45:24:5895] N: process killed with signal 0, pid: 79938
[2026/09/25 14:45:24:6062] N: WS closed from (unix skt), clients: 4
[2026/09/25 14:45:24:6062] N: killing process, pid: 79937
[2026/09/25 14:45:24:6068] N: process killed with signal 0, pid: 79937
[2026/09/25 14:45:25:0079] N: WS closed from (unix skt), clients: 3
[2026/09/25 14:45:25:0081] N: killing process, pid: 79934
[2026/09/25 14:45:25:0102] N: process killed with signal 0, pid: 79934
[2026/09/25 14:45:25:0780] N: WS closed from (unix skt), clients: 2
[2026/09/25 14:45:25:0781] N: killing process, pid: 79940
[2026/09/25 14:45:25:0793] N: process killed with signal 0, pid: 79940
[2026/09/25 14:45:26:2173] N: WS closed from (unix skt), clients: 1
[2026/09/25 14:45:26:2173] N: killing process, pid: 79936
[2026/09/25 14:45:26:2174] N: WS closed from (unix skt), clients: 0
[2026/09/25 14:45:26:2174] N: killing process, pid: 79959
[2026/09/25 14:45:26:2188] N: process killed with signal 0, pid: 79936
[2026/09/25 14:45:26:2188] N: process killed with signal 0, pid: 79959
[2026/09/25 14:45:26:2266] N: WS   /ws - (unix skt), clients: 1
[2026/09/25 14:45:26:2277] N: started process, pid: 80224
[2026/09/25 14:45:26:2279] N: WS   /ws - (unix skt), clients: 2
[2026/09/25 14:45:26:2279] N: WS   /ws - (unix skt), clients: 3
[2026/09/25 14:45:26:2279] N: WS   /ws - (unix skt), clients: 4
[2026/09/25 14:45:26:2280] N: WS   /ws - (unix skt), clients: 5
[2026/09/25 14:45:26:2280] N: WS   /ws - (unix skt), clients: 6
[2026/09/25 14:45:26:2280] N: WS   /ws - (unix skt), clients: 7
[2026/09/25 14:45:26:2281] N: WS   /ws - (unix skt), clients: 8
[2026/09/25 14:45:26:2281] N: WS   /ws - (unix skt), clients: 9
[2026/09/25 14:45:26:2281] N: WS   /ws - (unix skt), clients: 10
[2026/09/25 14:45:26:2287] N: started process, pid: 80225
[2026/09/25 14:45:26:2293] N: started process, pid: 80226
[2026/09/25 14:45:26:2302] N: started process, pid: 80228
[2026/09/25 14:45:26:2307] N: started process, pid: 80229
[2026/09/25 14:45:26:2316] N: started process, pid: 80230
[2026/09/25 14:45:26:2333] N: started process, pid: 80231
[2026/09/25 14:45:26:2347] N: started process, pid: 80236
[2026/09/25 14:45:26:2360] N: started process, pid: 80241
[2026/09/25 14:45:26:2377] N: started process, pid: 80245
[2026/09/25 14:45:26:4370] N: WS closed from (unix skt), clients: 9
[2026/09/25 14:45:26:4370] N: killing process, pid: 80228
[2026/09/25 14:45:26:4374] N: process killed with signal 1, pid: 80228
[2026/09/25 14:45:26:4379] N: WS closed from (unix skt), clients: 8
[2026/09/25 14:45:26:4380] N: killing process, pid: 80241
[2026/09/25 14:45:26:4383] N: process killed with signal 1, pid: 80241
[2026/09/25 14:45:26:5074] N: WS closed from (unix skt), clients: 7
[2026/09/25 14:45:26:5074] N: killing process, pid: 80225
[2026/09/25 14:45:26:5077] N: process killed with signal 0, pid: 80225
[2026/09/25 14:45:26:5844] N: WS closed from (unix skt), clients: 6
[2026/09/25 14:45:26:5844] N: killing process, pid: 80224
[2026/09/25 14:45:26:5850] N: process killed with signal 0, pid: 80224
[2026/09/25 14:45:26:5995] N: WS closed from (unix skt), clients: 5
[2026/09/25 14:45:26:5995] N: killing process, pid: 80231
[2026/09/25 14:45:26:6000] N: process killed with signal 0, pid: 80231
[2026/09/25 14:45:26:6107] N: WS closed from (unix skt), clients: 4
[2026/09/25 14:45:26:6107] N: killing process, pid: 80230
[2026/09/25 14:45:26:6112] N: process killed with signal 0, pid: 80230
[2026/09/25 14:45:27:0581] N: WS closed from (unix skt), clients: 3
[2026/09/25 14:45:27:0581] N: killing process, pid: 80226
[2026/09/25 14:45:27:0588] N: process killed with signal 0, pid: 80226
[2026/09/25 14:45:27:1428] N: WS closed from (unix skt), clients: 2
[2026/09/25 14:45:27:1429] N: killing process, pid: 80236
[2026/09/25 14:45:27:1441] N: process killed with signal 0, pid: 80236
[2026/09/25 14:45:28:2298] N: WS closed from (unix skt), clients: 1
[2026/09/25 14:45:28:2299] N: killing process, pid: 80229
[2026/09/25 14:45:28:2299] N: WS closed from (unix skt), clients: 0
[2026/09/25 14:45:28:2299] N: killing process, pid: 80245
[2026/09/25 14:45:28:2315] N: process killed with signal 0, pid: 80245
[2026/09/25 14:45:28:2316] N: process killed with signal 0, pid: 80229
[2026/09/25 14:45:28:2447] N: WS   /ws - (unix skt), clients: 1
[2026/09/25 14:45:28:2447] N: WS   /ws - (unix skt), clients: 2
[2026/09/25 14:45:28:2448] N: WS   /ws - (unix skt), clients: 3
[2026/09/25 14:45:28:2448] N: WS   /ws - (unix skt), clients: 4
[2026/09/25 14:45:28:2448] N: WS   /ws - (unix skt), clients: 5
[2026/09/25 14:45:28:2448] N: WS   /ws - (unix skt), clients: 6
[2026/09/25 14:45:28:2448] N: WS   /ws - (unix skt), clients: 7
[2026/09/25 14:45:28:2448] N: WS   /ws - (unix skt), clients: 8
[2026/09/25 14:45:28:2449] N: WS   /ws - (unix skt), clients: 9
[2026/09/25 14:45:28:2449] N: WS   /ws - (unix skt), clients: 10
[2026/09/25 14:45:28:2458] N: started process, pid: 80502
[2026/09/25 14:45:28:2466] N: started process, pid: 80503
[2026/09/25 14:45:28:2473] N: started process, pid: 80504
[2026/09/25 14:45:28:2482] N: started process, pid: 80505
[2026/09/25 14:45:28:2495] N: started process, pid: 80506
[2026/09/25 14:45:28:2510] N: started process, pid: 80508
[2026/09/25 14:45:28:2525] N: started process, pid: 80509
[2026/09/25 14:45:28:2541] N: started process, pid: 80512
[2026/09/25 14:45:28:2556] N: started process, pid: 80523
[2026/09/25 14:45:28:2573] N: started process, pid: 80528
[2026/09/25 14:45:28:3860] N: WS closed from (unix skt), clients: 9
[2026/09/25 14:45:28:3861] N: killing process, pid: 80505
[2026/09/25 14:45:28:3866] N: process killed with signal 1, pid: 80505
[2026/09/25 14:45:28:4421] N: WS closed from (unix skt), clients: 8
[2026/09/25 14:45:28:4421] N: killing process, pid: 80523
[2026/09/25 14:45:28:4424] N: process killed with signal 1, pid: 80523
[2026/09/25 14:45:28:5494] N: WS closed from (unix skt), clients: 7
[2026/09/25 14:45:28:5495] N: killing process, pid: 80502
[2026/09/25 14:45:28:5500] N: process killed with signal 0, pid: 80502
[2026/09/25 14:45:28:6035] N: WS closed from (unix skt), clients: 6
[2026/09/25 14:45:28:6036] N: killing process, pid: 80504
[2026/09/25 14:45:28:6041] N: process killed with signal 0, pid: 80504
[2026/09/25 14:45:28:6161] N: WS closed from (unix skt), clients: 5
[2026/09/25 14:45:28:6162] N: killing process, pid: 80508
[2026/09/25 14:45:28:6166] N: process killed with signal 0, pid: 80508
[2026/09/25 14:45:28:6427] N: WS closed from (unix skt), clients: 4
[2026/09/25 14:45:28:6428] N: killing process, pid: 80509
[2026/09/25 14:45:28:6433] N: process killed with signal 0, pid: 80509
[2026/09/25 14:45:29:0521] N: WS closed from (unix skt), clients: 3
[2026/09/25 14:45:29:0522] N: killing process, pid: 80503
[2026/09/25 14:45:29:0528] N: process killed with signal 0, pid: 80503
[2026/09/25 14:45:29:1313] N: WS closed from (unix skt), clients: 2
[2026/09/25 14:45:29:1314] N: killing process, pid: 80512
[2026/09/25 14:45:29:1326] N: process killed with signal 0, pid: 80512
[2026/09/25 14:45:30:2465] N: WS closed from (unix skt), clients: 1
[2026/09/25 14:45:30:2465] N: killing process, pid: 80506
[2026/09/25 14:45:30:2465] N: WS closed from (unix skt), clients: 0
[2026/09/25 14:45:30:2466] N: killing process, pid: 80528
[2026/09/25 14:45:30:2470] N: process killed with signal 0, pid: 80506
[2026/09/25 14:45:30:2474] N: process killed with signal 0, pid: 80528
[2026/09/25 14:45:30:2526] N: WS   /ws - (unix skt), clients: 1
[2026/09/25 14:45:30:2526] N: WS   /ws - (unix skt), clients: 2
[2026/09/25 14:45:30:2526] N: WS   /ws - (unix skt), clients: 3
[2026/09/25 14:45:30:2526] N: WS   /ws - (unix skt), clients: 4
[2026/09/25 14:45:30:2526] N: WS   /ws - (unix skt), clients: 5
[2026/09/25 14:45:30:2526] N: WS   /ws - (unix skt), clients: 6
[2026/09/25 14:45:30:2526] N: WS   /ws - (unix skt), clients: 7
[2026/09/25 14:45:30:2526] N: WS   /ws - (unix skt), clients: 8
[2026/09/25 14:45:30:2526] N: WS   /ws - (unix skt), clients: 9
[2026/09/25 14:45:30:2526] N: WS   /ws - (unix skt), clients: 10
[2026/09/25 14:45:30:2532] N: started process, pid: 80819
[2026/09/25 14:45:30:2535] N: started process, pid: 80820
[2026/09/25 14:45:30:2538] N: started process, pid: 80821
[2026/09/25 14:45:30:2542] N: started process, pid: 80822
[2026/09/25 14:45:30:2551] N: started process, pid: 80824
[2026/09/25 14:45:30:2557] N: started process, pid: 80825
[2026/09/25 14:45:30:2569] N: started process, pid: 80826
[2026/09/25 14:45:30:2581] N: started process, pid: 80830
[2026/09/25 14:45:30:2592] N: started process, pid: 80837
[2026/09/25 14:45:30:2600] N: started process, pid: 80841
[2026/09/25 14:45:30:3841] N: WS closed from (unix skt), clients: 9
[2026/09/25 14:45:30:3842] N: killing process, pid: 80821
[2026/09/25 14:45:30:3902] N: process killed with signal 1, pid: 80821
[2026/09/25 14:45:30:4374] N: WS closed from (unix skt), clients: 8
[2026/09/25 14:45:30:4374] N: killing process, pid: 80837
[2026/09/25 14:45:30:4376] N: process killed with signal 1, pid: 80837
[2026/09/25 14:45:30:5412] N: WS closed from (unix skt), clients: 7
[2026/09/25 14:45:30:5412] N: killing process, pid: 80819
[2026/09/25 14:45:30:5418] N: process killed with signal 0, pid: 80819
[2026/09/25 14:45:30:5588] N: WS closed from (unix skt), clients: 6
[2026/09/25 14:45:30:5588] N: killing process, pid: 80822
[2026/09/25 14:45:30:5592] N: process killed with signal 0, pid: 80822
[2026/09/25 14:45:30:6248] N: WS closed from (unix skt), clients: 5
[2026/09/25 14:45:30:6248] N: killing process, pid: 80826
[2026/09/25 14:45:30:6254] N: process killed with signal 0, pid: 80826
[2026/09/25 14:45:30:6416] N: WS closed from (unix skt), clients: 4
[2026/09/25 14:45:30:6416] N: killing process, pid: 80825
[2026/09/25 14:45:30:6428] N: process killed with signal 0, pid: 80825
[2026/09/25 14:45:31:0421] N: WS closed from (unix skt), clients: 3
[2026/09/25 14:45:31:0422] N: killing process, pid: 80820
[2026/09/25 14:45:31:0425] N: process killed with signal 0, pid: 80820
[2026/09/25 14:45:31:1401] N: WS closed from (unix skt), clients: 2
[2026/09/25 14:45:31:1402] N: killing process, pid: 80830
[2026/09/25 14:45:31:1413] N: process killed with signal 0, pid: 80830
[2026/09/25 14:45:32:2546] N: WS closed from (unix skt), clients: 1
[2026/09/25 14:45:32:2546] N: killing process, pid: 80824
[2026/09/25 14:45:32:2547] N: WS closed from (unix skt), clients: 0
[2026/09/25 14:45:32:2547] N: killing process, pid: 80841
[2026/09/25 14:45:32:2559] N: process killed with signal 0, pid: 80824
[2026/09/25 14:45:32:2559] N: process killed with signal 0, pid: 80841
[2026/09/25 14:45:32:2677] N: WS   /ws - (unix skt), clients: 1
[2026/09/25 14:45:32:2678] N: WS   /ws - (unix skt), clients: 2
[2026/09/25 14:45:32:2678] N: WS   /ws - (unix skt), clients: 3
[2026/09/25 14:45:32:2678] N: WS   /ws - (unix skt), clients: 4
[2026/09/25 14:45:32:2678] N: WS   /ws - (unix skt), clients: 5
[2026/09/25 14:45:32:2678] N: WS   /ws - (unix skt), clients: 6
[2026/09/25 14:45:32:2678] N: WS   /ws - (unix skt), clients: 7
[2026/09/25 14:45:32:2679] N: WS   /ws - (unix skt), clients: 8
[2026/09/25 14:45:32:2679] N: WS   /ws - (unix skt), clients: 9
[2026/09/25 14:45:32:2679] N: WS   /ws - (unix skt), clients: 10
[2026/09/25 14:45:32:2688] N: started process, pid: 81137
[2026/09/25 14:45:32:2695] N: started process, pid: 81138
[2026/09/25 14:45:32:2702] N: started process, pid: 81139
[2026/09/25 14:45:32:2710] N: started process, pid: 81140
[2026/09/25 14:45:32:2721] N: started process, pid: 81141
[2026/09/25 14:45:32:2732] N: started process, pid: 81142
[2026/09/25 14:45:32:2741] N: started process, pid: 81143
[2026/09/25 14:45:32:2756] N: started process, pid: 81144
[2026/09/25 14:45:32:2768] N: started process, pid: 81148
[2026/09/25 14:45:32:2787] N: started process, pid: 81158
[2026/09/25 14:45:32:3894] N: WS closed from (unix skt), clients: 9
[2026/09/25 14:45:32:3895] N: killing process, pid: 81139
[2026/09/25 14:45:32:3899] N: process killed with signal 1, pid: 81139
[2026/09/25 14:45:32:4130] N: WS closed from (unix skt), clients: 8
[2026/09/25 14:45:32:4130] N: killing process, pid: 81148
[2026/09/25 14:45:32:4134] N: process killed with signal 1, pid: 81148
[2026/09/25 14:45:32:5677] N: WS closed from (unix skt), clients: 7
[2026/09/25 14:45:32:5678] N: killing process, pid: 81137
[2026/09/25 14:45:32:5683] N: process killed with signal 0, pid: 81137
[2026/09/25 14:45:32:5915] N: WS closed from (unix skt), clients: 6
[2026/09/25 14:45:32:5916] N: killing process, pid: 81140
[2026/09/25 14:45:32:5921] N: process killed with signal 0, pid: 81140
[2026/09/25 14:45:32:6026] N: WS closed from (unix skt), clients: 5
[2026/09/25 14:45:32:6026] N: killing process, pid: 81142
[2026/09/25 14:45:32:6032] N: process killed with signal 0, pid: 81142
[2026/09/25 14:45:32:6364] N: WS closed from (unix skt), clients: 4
[2026/09/25 14:45:32:6364] N: killing process, pid: 81143
[2026/09/25 14:45:32:6370] N: process killed with signal 0, pid: 81143
[2026/09/25 14:45:33:0934] N: WS closed from (unix skt), clients: 3
[2026/09/25 14:45:33:0934] N: killing process, pid: 81138
[2026/09/25 14:45:33:0941] N: process killed with signal 0, pid: 81138
[2026/09/25 14:45:33:1285] N: WS closed from (unix skt), clients: 2
[2026/09/25 14:45:33:1286] N: killing process, pid: 81144
[2026/09/25 14:45:33:1297] N: process killed with signal 0, pid: 81144
[2026/09/25 14:45:34:2694] N: WS closed from (unix skt), clients: 1
[2026/09/25 14:45:34:2694] N: killing process, pid: 81141
[2026/09/25 14:45:34:2694] N: WS closed from (unix skt), clients: 0
[2026/09/25 14:45:34:2694] N: killing process, pid: 81158
[2026/09/25 14:45:34:2698] N: process killed with signal 0, pid: 81141
[2026/09/25 14:45:34:2703] N: process killed with signal 0, pid: 81158
[2026/09/25 14:45:34:2752] N: WS   /ws - (unix skt), clients: 1
[2026/09/25 14:45:34:2752] N: WS   /ws - (unix skt), clients: 2
[2026/09/25 14:45:34:2753] N: WS   /ws - (unix skt), clients: 3
[2026/09/25 14:45:34:2753] N: WS   /ws - (unix skt), clients: 4
[2026/09/25 14:45:34:2753] N: WS   /ws - (unix skt), clients: 5
[2026/09/25 14:45:34:2753] N: WS   /ws - (unix skt), clients: 6
[2026/09/25 14:45:34:2753] N: WS   /ws - (unix skt), clients: 7
[2026/09/25 14:45:34:2753] N: WS   /ws - (unix skt), clients: 8
[2026/09/25 14:45:34:2753] N: WS   /ws - (unix skt), clients: 9
[2026/09/25 14:45:34:2753] N: WS   /ws - (unix skt), clients: 10
[2026/09/25 14:45:34:2758] N: started process, pid: 81430
[2026/09/25 14:45:34:2762] N: started process, pid: 81431
[2026/09/25 14:45:34:2765] N: started process, pid: 81432
[2026/09/25 14:45:34:2771] N: started process, pid: 81434
[2026/09/25 14:45:34:2778] N: started process, pid: 81435
[2026/09/25 14:45:34:2788] N: started process, pid: 81436
[2026/09/25 14:45:34:2797] N: started process, pid: 81437
[2026/09/25 14:45:34:2807] N: started process, pid: 81438
[2026/09/25 14:45:34:2827] N: started process, pid: 81444
[2026/09/25 14:45:34:2856] N: started process, pid: 81453
[2026/09/25 14:45:34:4526] N: WS closed from (unix skt), clients: 9
[2026/09/25 14:45:34:4527] N: killing process, pid: 81432
[2026/09/25 14:45:34:4531] N: process killed with signal 1, pid: 81432
[2026/09/25 14:45:34:4539] N: WS closed from (unix skt), clients: 8
[2026/09/25 14:45:34:4539] N: killing process, pid: 81444
[2026/09/25 14:45:34:4541] N: process killed with signal 1, pid: 81444
[2026/09/25 14:45:34:5703] N: WS closed from (unix skt), clients: 7
[2026/09/25 14:45:34:5703] N: killing process, pid: 81434
[2026/09/25 14:45:34:5708] N: process killed with signal 0, pid: 81434
[2026/09/25 14:45:34:5963] N: WS closed from (unix skt), clients: 6
[2026/09/25 14:45:34:5963] N: killing process, pid: 81430
[2026/09/25 14:45:34:5969] N: process killed with signal 0, pid: 81430
[2026/09/25 14:45:34:6235] N: WS closed from (unix skt), clients: 5
[2026/09/25 14:45:34:6235] N: killing process, pid: 81436
[2026/09/25 14:45:34:6240] N: process killed with signal 0, pid: 81436
[2026/09/25 14:45:34:6351] N: WS closed from (unix skt), clients: 4
[2026/09/25 14:45:34:6351] N: killing process, pid: 81437
[2026/09/25 14:45:34:6355] N: process killed with signal 0, pid: 81437
[2026/09/25 14:45:35:0985] N: WS closed from (unix skt), clients: 3
[2026/09/25 14:45:35:0986] N: killing process, pid: 81431
[2026/09/25 14:45:35:0998] N: process killed with signal 0, pid: 81431
[2026/09/25 14:45:35:1360] N: WS closed from (unix skt), clients: 2
[2026/09/25 14:45:35:1361] N: killing process, pid: 81438
[2026/09/25 14:45:35:1371] N: process killed with signal 0, pid: 81438
[2026/09/25 14:45:36:2776] N: WS closed from (unix skt), clients: 1
[2026/09/25 14:45:36:2776] N: killing process, pid: 81435
[2026/09/25 14:45:36:2777] N: WS closed from (unix skt), clients: 0
[2026/09/25 14:45:36:2777] N: killing process, pid: 81453
[2026/09/25 14:45:36:2781] N: process killed with signal 0, pid: 81453
[2026/09/25 14:45:36:2786] N: process killed with signal 0, pid: 81435
[2026/09/25 14:45:36:2893] N: WS   /ws - (unix skt), clients: 1
[2026/09/25 14:45:36:2893] N: WS   /ws - (unix skt), clients: 2
[2026/09/25 14:45:36:2893] N: WS   /ws - (unix skt), clients: 3
[2026/09/25 14:45:36:2893] N: WS   /ws - (unix skt), clients: 4
[2026/09/25 14:45:36:2893] N: WS   /ws - (unix skt), clients: 5
[2026/09/25 14:45:36:2894] N: WS   /ws - (unix skt), clients: 6
[2026/09/25 14:45:36:2894] N: WS   /ws - (unix skt), clients: 7
[2026/09/25 14:45:36:2894] N: WS   /ws - (unix skt), clients: 8
[2026/09/25 14:45:36:2901] N: started process, pid: 81761
[2026/09/25 14:45:36:2907] N: started process, pid: 81762
[2026/09/25 14:45:36:2908] N: WS   /ws - (unix skt), clients: 9
[2026/09/25 14:45:36:2909] N: WS   /ws - (unix skt), clients: 10
[2026/09/25 14:45:36:2914] N: started process, pid: 81763
[2026/09/25 14:45:36:2919] N: started process, pid: 81764
[2026/09/25 14:45:36:2924] N: started process, pid: 81765
[2026/09/25 14:45:36:2931] N: started process, pid: 81766
[2026/09/25 14:45:36:2941] N: started process, pid: 81767
[2026/09/25 14:45:36:2948] N: started process, pid: 81768
[2026/09/25 14:45:36:2964] N: started process, pid: 81770
[2026/09/25 14:45:36:2980] N: started process, pid: 81778
[2026/09/25 14:45:36:4354] N: WS closed from (unix skt), clients: 9
[2026/09/25 14:45:36:4355] N: killing process, pid: 81766
[2026/09/25 14:45:36:4358] N: process killed with signal 1, pid: 81766
[2026/09/25 14:45:36:4725] N: WS closed from (unix skt), clients: 8
[2026/09/25 14:45:36:4725] N: killing process, pid: 81764
[2026/09/25 14:45:36:4729] N: process killed with signal 1, pid: 81764
[2026/09/25 14:45:36:5869] N: WS closed from (unix skt), clients: 7
[2026/09/25 14:45:36:5869] N: killing process, pid: 81763
[2026/09/25 14:45:36:5873] N: process killed with signal 0, pid: 81763
[2026/09/25 14:45:36:6236] N: WS closed from (unix skt), clients: 6
[2026/09/25 14:45:36:6237] N: killing process, pid: 81761
[2026/09/25 14:45:36:6242] N: process killed with signal 0, pid: 81761
[2026/09/25 14:45:36:6748] N: WS closed from (unix skt), clients: 5
[2026/09/25 14:45:36:6748] N: killing process, pid: 81770
[2026/09/25 14:45:36:6756] N: process killed with signal 0, pid: 81770
[2026/09/25 14:45:36:6891] N: WS closed from (unix skt), clients: 4
[2026/09/25 14:45:36:6891] N: killing process, pid: 81768
[2026/09/25 14:45:36:6901] N: process killed with signal 0, pid: 81768
[2026/09/25 14:45:37:1016] N: WS closed from (unix skt), clients: 3
[2026/09/25 14:45:37:1016] N: killing process, pid: 81762
[2026/09/25 14:45:37:1026] N: process killed with signal 0, pid: 81762
[2026/09/25 14:45:37:1896] N: WS closed from (unix skt), clients: 2
[2026/09/25 14:45:37:1897] N: killing process, pid: 81778
[2026/09/25 14:45:37:1919] N: process killed with signal 0, pid: 81778
[2026/09/25 14:45:38:2922] N: WS closed from (unix skt), clients: 1
[2026/09/25 14:45:38:2922] N: killing process, pid: 81767
[2026/09/25 14:45:38:2923] N: WS closed from (unix skt), clients: 0
[2026/09/25 14:45:38:2923] N: killing process, pid: 81765
[2026/09/25 14:45:38:2930] N: process killed with signal 0, pid: 81767
[2026/09/25 14:45:38:2940] N: process killed with signal 0, pid: 81765
[2026/09/25 14:45:38:3039] N: WS   /ws - (unix skt), clients: 1
[2026/09/25 14:45:38:3039] N: WS   /ws - (unix skt), clients: 2
[2026/09/25 14:45:38:3039] N: WS   /ws - (unix skt), clients: 3
[2026/09/25 14:45:38:3039] N: WS   /ws - (unix skt), clients: 4
[2026/09/25 14:45:38:3039] N: WS   /ws - (unix skt), clients: 5
[2026/09/25 14:45:38:3039] N: WS   /ws - (unix skt), clients: 6
[2026/09/25 14:45:38:3039] N: WS   /ws - (unix skt), clients: 7
[2026/09/25 14:45:38:3040] N: WS   /ws - (unix skt), clients: 8
[2026/09/25 14:45:38:3040] N: WS   /ws - (unix skt), clients: 9
[2026/09/25 14:45:38:3040] N: WS   /ws - (unix skt), clients: 10
[2026/09/25 14:45:38:3045] N: started process, pid: 82066
[2026/09/25 14:45:38:3049] N: started process, pid: 82067
[2026/09/25 14:45:38:3054] N: started process, pid: 82068
[2026/09/25 14:45:38:3059] N: started process, pid: 82070
[2026/09/25 14:45:38:3065] N: started process, pid: 82071
[2026/09/25 14:45:38:3072] N: started process, pid: 82072
[2026/09/25 14:45:38:3081] N: started process, pid: 82074
[2026/09/25 14:45:38:3090] N: started process, pid: 82075
[2026/09/25 14:45:38:3105] N: started process, pid: 82081
[2026/09/25 14:45:38:3119] N: started process, pid: 82087
[2026/09/25 14:45:38:4484] N: WS closed from (unix skt), clients: 9
[2026/09/25 14:45:38:4484] N: killing process, pid: 82068
[2026/09/25 14:45:38:4497] N: process killed with signal 1, pid: 82068
[2026/09/25 14:45:38:4869] N: WS closed from (unix skt), clients: 8
[2026/09/25 14:45:38:4870] N: killing process, pid: 82081
[2026/09/25 14:45:38:4872] N: process killed with signal 1, pid: 82081
[2026/09/25 14:45:38:6003] N: WS closed from (unix skt), clients: 7
[2026/09/25 14:45:38:6003] N: killing process, pid: 82071
[2026/09/25 14:45:38:6009] N: process killed with signal 0, pid: 82071
[2026/09/25 14:45:38:6245] N: WS closed from (unix skt), clients: 6
[2026/09/25 14:45:38:6245] N: killing process, pid: 82066
[2026/09/25 14:45:38:6249] N: process killed with signal 0, pid: 82066
[2026/09/25 14:45:38:6616] N: WS closed from (unix skt), clients: 5
[2026/09/25 14:45:38:6617] N: killing process, pid: 82072
[2026/09/25 14:45:38:6622] N: process killed with signal 0, pid: 82072
[2026/09/25 14:45:38:6868] N: WS closed from (unix skt), clients: 4
[2026/09/25 14:45:38:6868] N: killing process, pid: 82074
[2026/09/25 14:45:38:6873] N: process killed with signal 0, pid: 82074
[2026/09/25 14:45:39:1267] N: WS closed from (unix skt), clients: 3
[2026/09/25 14:45:39:1268] N: killing process, pid: 82067
[2026/09/25 14:45:39:1278] N: process killed with signal 0, pid: 82067
[2026/09/25 14:45:39:1772] N: WS closed from (unix skt), clients: 2
[2026/09/25 14:45:39:1773] N: killing process, pid: 82075
[2026/09/25 14:45:39:1784] N: process killed with signal 0, pid: 82075
[2026/09/25 14:45:40:3062] N: WS closed from (unix skt), clients: 1
[2026/09/25 14:45:40:3064] N: killing process, pid: 82070
[2026/09/25 14:45:40:3064] N: WS closed from (unix skt), clients: 0
[2026/09/25 14:45:40:3064] N: killing process, pid: 82087
[2026/09/25 14:45:40:3084] N: process killed with signal 0, pid: 82070
[2026/09/25 14:45:40:3085] N: process killed with signal 0, pid: 82087
[2026/09/25 14:45:40:3249] N: WS   /ws - (unix skt), clients: 1
[2026/09/25 14:45:40:3250] N: WS   /ws - (unix skt), clients: 2
[2026/09/25 14:45:40:3250] N: WS   /ws - (unix skt), clients: 3
[2026/09/25 14:45:40:3250] N: WS   /ws - (unix skt), clients: 4
[2026/09/25 14:45:40:3250] N: WS   /ws - (unix skt), clients: 5
[2026/09/25 14:45:40:3251] N: WS   /ws - (unix skt), clients: 6
[2026/09/25 14:45:40:3251] N: WS   /ws - (unix skt), clients: 7
[2026/09/25 14:45:40:3251] N: WS   /ws - (unix skt), clients: 8
[2026/09/25 14:45:40:3251] N: WS   /ws - (unix skt), clients: 9
[2026/09/25 14:45:40:3251] N: WS   /ws - (unix skt), clients: 10
[2026/09/25 14:45:40:3264] N: started process, pid: 82377
[2026/09/25 14:45:40:3273] N: started process, pid: 82379
[2026/09/25 14:45:40:3281] N: started process, pid: 82380
[2026/09/25 14:45:40:3290] N: started process, pid: 82381
[2026/09/25 14:45:40:3300] N: started process, pid: 82382
[2026/09/25 14:45:40:3310] N: started process, pid: 82383
[2026/09/25 14:45:40:3319] N: started process, pid: 82384
[2026/09/25 14:45:40:3329] N: started process, pid: 82385
[2026/09/25 14:45:40:3342] N: started process, pid: 82387
[2026/09/25 14:45:40:3357] N: started process, pid: 82392
[2026/09/25 14:45:40:4710] N: WS closed from (unix skt), clients: 9
[2026/09/25 14:45:40:4710] N: killing process, pid: 82380
[2026/09/25 14:45:40:4714] N: process killed with signal 1, pid: 82380
[2026/09/25 14:45:40:4956] N: WS closed from (unix skt), clients: 8
[2026/09/25 14:45:40:4956] N: killing process, pid: 82387
[2026/09/25 14:45:40:4958] N: process killed with signal 1, pid: 82387
[2026/09/25 14:45:40:6618] N: WS closed from (unix skt), clients: 7
[2026/09/25 14:45:40:6619] N: killing process, pid: 82377
[2026/09/25 14:45:40:6628] N: process killed with signal 0, pid: 82377
[2026/09/25 14:45:40:6723] N: WS closed from (unix skt), clients: 6
[2026/09/25 14:45:40:6723] N: killing process, pid: 82384
[2026/09/25 14:45:40:6728] N: process killed with signal 0, pid: 82384
[2026/09/25 14:45:40:6854] N: WS closed from (unix skt), clients: 5
[2026/09/25 14:45:40:6854] N: killing process, pid: 82382
[2026/09/25 14:45:40:6860] N: process killed with signal 0, pid: 82382
[2026/09/25 14:45:40:7086] N: WS closed from (unix skt), clients: 4
[2026/09/25 14:45:40:7086] N: killing process, pid: 82383
[2026/09/25 14:45:40:7092] N: process killed with signal 0, pid: 82383
[2026/09/25 14:45:41:1647] N: WS closed from (unix skt), clients: 3
[2026/09/25 14:45:41:1648] N: killing process, pid: 82379
[2026/09/25 14:45:41:1669] N: process killed with signal 0, pid: 82379
[2026/09/25 14:45:41:1998] N: WS closed from (unix skt), clients: 2
[2026/09/25 14:45:41:1999] N: killing process, pid: 82385
[2026/09/25 14:45:41:2007] N: process killed with signal 0, pid: 82385
[2026/09/25 14:45:42:3266] N: WS closed from (unix skt), clients: 1
[2026/09/25 14:45:42:3267] N: killing process, pid: 82381
[2026/09/25 14:45:42:3267] N: WS closed from (unix skt), clients: 0
[2026/09/25 14:45:42:3268] N: killing process, pid: 82392
[2026/09/25 14:45:42:3289] N: process killed with signal 0, pid: 82381
[2026/09/25 14:45:42:3290] N: process killed with signal 0, pid: 82392
[2026/09/25 14:45:42:3467] N: WS   /ws - (unix skt), clients: 1
[2026/09/25 14:45:42:3468] N: WS   /ws - (unix skt), clients: 2
[2026/09/25 14:45:42:3468] N: WS   /ws - (unix skt), clients: 3
[2026/09/25 14:45:42:3468] N: WS   /ws - (unix skt), clients: 4
[2026/09/25 14:45:42:3468] N: WS   /ws - (unix skt), clients: 5
[2026/09/25 14:45:42:3468] N: WS   /ws - (unix skt), clients: 6
[2026/09/25 14:45:42:3469] N: WS   /ws - (unix skt), clients: 7
[2026/09/25 14:45:42:3469] N: WS   /ws - (unix skt), clients: 8
[2026/09/25 14:45:42:3469] N: WS   /ws - (unix skt), clients: 9
[2026/09/25 14:45:42:3469] N: WS   /ws - (unix skt), clients: 10
[2026/09/25 14:45:42:3477] N: started process, pid: 82846
[2026/09/25 14:45:42:3484] N: started process, pid: 82847
[2026/09/25 14:45:42:3492] N: started process, pid: 82848
[2026/09/25 14:45:42:3501] N: started process, pid: 82849
[2026/09/25 14:45:42:3510] N: started process, pid: 82850
[2026/09/25 14:45:42:3521] N: started process, pid: 82851
[2026/09/25 14:45:42:3558] N: started process, pid: 82855
[2026/09/25 14:45:42:3580] N: started process, pid: 82863
[2026/09/25 14:45:42:3594] N: started process, pid: 82868
[2026/09/25 14:45:42:3604] N: started process, pid: 82872
[2026/09/25 14:45:42:4812] N: WS closed from (unix skt), clients: 9
[2026/09/25 14:45:42:4813] N: killing process, pid: 82848
[2026/09/25 14:45:42:4831] N: process killed with signal 1, pid: 82848
[2026/09/25 14:45:42:5360] N: WS closed from (unix skt), clients: 8
[2026/09/25 14:45:42:5361] N: killing process, pid: 82868
[2026/09/25 14:45:42:5363] N: process killed with signal 1, pid: 82868
[2026/09/25 14:45:42:6523] N: WS closed from (unix skt), clients: 7
[2026/09/25 14:45:42:6523] N: killing process, pid: 82846
[2026/09/25 14:45:42:6528] N: process killed with signal 0, pid: 82846
[2026/09/25 14:45:42:6988] N: WS closed from (unix skt), clients: 6
[2026/09/25 14:45:42:6989] N: killing process, pid: 82850
[2026/09/25 14:45:42:6993] N: process killed with signal 0, pid: 82850
[2026/09/25 14:45:42:7118] N: WS closed from (unix skt), clients: 5
[2026/09/25 14:45:42:7118] N: killing process, pid: 82855
[2026/09/25 14:45:42:7123] N: process killed with signal 0, pid: 82855
[2026/09/25 14:45:42:7244] N: WS closed from (unix skt), clients: 4
[2026/09/25 14:45:42:7244] N: killing process, pid: 82851
[2026/09/25 14:45:42:7251] N: process killed with signal 0, pid: 82851
[2026/09/25 14:45:43:1547] N: WS closed from (unix skt), clients: 3
[2026/09/25 14:45:43:1549] N: killing process, pid: 82847
[2026/09/25 14:45:43:1574] N: process killed with signal 0, pid: 82847
[2026/09/25 14:45:43:2395] N: WS closed from (unix skt), clients: 2
[2026/09/25 14:45:43:2396] N: killing process, pid: 82863
[2026/09/25 14:45:43:2409] N: process killed with signal 0, pid: 82863
[2026/09/25 14:45:44:3486] N: WS closed from (unix skt), clients: 1
[2026/09/25 14:45:44:3487] N: killing process, pid: 82849
[2026/09/25 14:45:44:3488] N: WS closed from (unix skt), clients: 0
[2026/09/25 14:45:44:3488] N: killing process, pid: 82872
[2026/09/25 14:45:44:3498] N: process killed with signal 0, pid: 82849
[2026/09/25 14:45:44:3509] N: process killed with signal 0, pid: 82872
[2026/09/25 14:45:44:3695] N: WS   /ws - (unix skt), clients: 1
[2026/09/25 14:45:44:3696] N: WS   /ws - (unix skt), clients: 2
[2026/09/25 14:45:44:3696] N: WS   /ws - (unix skt), clients: 3
[2026/09/25 14:45:44:3696] N: WS   /ws - (unix skt), clients: 4
[2026/09/25 14:45:44:3696] N: WS   /ws - (unix skt), clients: 5
[2026/09/25 14:45:44:3696] N: WS   /ws - (unix skt), clients: 6
[2026/09/25 14:45:44:3697] N: WS   /ws - (unix skt), clients: 7
[2026/09/25 14:45:44:3697] N: WS   /ws - (unix skt), clients: 8
[2026/09/25 14:45:44:3697] N: WS   /ws - (unix skt), clients: 9
[2026/09/25 14:45:44:3697] N: WS   /ws - (unix skt), clients: 10
[2026/09/25 14:45:44:3707] N: started process, pid: 83149
[2026/09/25 14:45:44:3715] N: started process, pid: 83150
[2026/09/25 14:45:44:3723] N: started process, pid: 83151
[2026/09/25 14:45:44:3731] N: started process, pid: 83152
[2026/09/25 14:45:44:3745] N: started process, pid: 83153
[2026/09/25 14:45:44:3758] N: started process, pid: 83154
[2026/09/25 14:45:44:3770] N: started process, pid: 83155
[2026/09/25 14:45:44:3798] N: started process, pid: 83157
[2026/09/25 14:45:44:3819] N: started process, pid: 83172
[2026/09/25 14:45:44:3829] N: started process, pid: 83176
[2026/09/25 14:45:44:4577] N: WS closed from (unix skt), clients: 9
[2026/09/25 14:45:44:4578] N: killing process, pid: 83151
[2026/09/25 14:45:44:4587] N: process killed with signal 1, pid: 83151
[2026/09/25 14:45:44:5291] N: WS closed from (unix skt), clients: 8
[2026/09/25 14:45:44:5291] N: killing process, pid: 83172
[2026/09/25 14:45:44:5295] N: process killed with signal 1, pid: 83172
[2026/09/25 14:45:44:6748] N: WS closed from (unix skt), clients: 7
[2026/09/25 14:45:44:6749] N: killing process, pid: 83153
[2026/09/25 14:45:44:6755] N: process killed with signal 0, pid: 83153
[2026/09/25 14:45:44:6825] N: WS closed from (unix skt), clients: 6
[2026/09/25 14:45:44:6825] N: killing process, pid: 83149
[2026/09/25 14:45:44:6830] N: process killed with signal 0, pid: 83149
[2026/09/25 14:45:44:7207] N: WS closed from (unix skt), clients: 5
[2026/09/25 14:45:44:7207] N: killing process, pid: 83154
[2026/09/25 14:45:44:7214] N: process killed with signal 0, pid: 83154
[2026/09/25 14:45:44:7439] N: WS closed from (unix skt), clients: 4
[2026/09/25 14:45:44:7440] N: killing process, pid: 83157
[2026/09/25 14:45:44:7448] N: process killed with signal 0, pid: 83157
[2026/09/25 14:45:45:1848] N: WS closed from (unix skt), clients: 3
[2026/09/25 14:45:45:1850] N: killing process, pid: 83150
[2026/09/25 14:45:45:1862] N: process killed with signal 0, pid: 83150
[2026/09/25 14:45:45:2481] N: WS closed from (unix skt), clients: 2
[2026/09/25 14:45:45:2483] N: killing process, pid: 83155
[2026/09/25 14:45:45:2495] N: process killed with signal 0, pid: 83155
[2026/09/25 14:45:46:3735] N: WS closed from (unix skt), clients: 1
[2026/09/25 14:45:46:3736] N: killing process, pid: 83152
[2026/09/25 14:45:46:3737] N: WS closed from (unix skt), clients: 0
[2026/09/25 14:45:46:3737] N: killing process, pid: 83176
[2026/09/25 14:45:46:3815] N: process killed with signal 0, pid: 83152
[2026/09/25 14:45:46:3815] N: process killed with signal 0, pid: 83176
[2026/09/25 14:45:46:4030] N: WS   /ws - (unix skt), clients: 1
[2026/09/25 14:45:46:4031] N: WS   /ws - (unix skt), clients: 2
[2026/09/25 14:45:46:4031] N: WS   /ws - (unix skt), clients: 3
[2026/09/25 14:45:46:4031] N: WS   /ws - (unix skt), clients: 4
[2026/09/25 14:45:46:4031] N: WS   /ws - (unix skt), clients: 5
[2026/09/25 14:45:46:4031] N: WS   /ws - (unix skt), clients: 6
[2026/09/25 14:45:46:4031] N: WS   /ws - (unix skt), clients: 7
[2026/09/25 14:45:46:4032] N: WS   /ws - (unix skt), clients: 8
[2026/09/25 14:45:46:4032] N: WS   /ws - (unix skt), clients: 9
[2026/09/25 14:45:46:4032] N: WS   /ws - (unix skt), clients: 10
[2026/09/25 14:45:46:4038] N: started process, pid: 83444
[2026/09/25 14:45:46:4043] N: started process, pid: 83445
[2026/09/25 14:45:46:4049] N: started process, pid: 83446
[2026/09/25 14:45:46:4059] N: started process, pid: 83447
[2026/09/25 14:45:46:4066] N: started process, pid: 83448
[2026/09/25 14:45:46:4074] N: started process, pid: 83449
[2026/09/25 14:45:46:4086] N: started process, pid: 83451
[2026/09/25 14:45:46:4112] N: started process, pid: 83457
[2026/09/25 14:45:46:4135] N: started process, pid: 83459
[2026/09/25 14:45:46:4157] N: started process, pid: 83467
[2026/09/25 14:45:46:5757] N: WS closed from (unix skt), clients: 9
[2026/09/25 14:45:46:5757] N: killing process, pid: 83447
[2026/09/25 14:45:46:5760] N: process killed with signal 1, pid: 83447
[2026/09/25 14:45:46:6852] N: WS closed from (unix skt), clients: 8
[2026/09/25 14:45:46:6852] N: killing process, pid: 83459
[2026/09/25 14:45:46:6854] N: process killed with signal 1, pid: 83459
[2026/09/25 14:45:46:6943] N: WS closed from (unix skt), clients: 7
[2026/09/25 14:45:46:6943] N: killing process, pid: 83444
[2026/09/25 14:45:46:6948] N: process killed with signal 0, pid: 83444
[2026/09/25 14:45:46:7791] N: WS closed from (unix skt), clients: 6
[2026/09/25 14:45:46:7792] N: killing process, pid: 83445
[2026/09/25 14:45:46:7799] N: process killed with signal 0, pid: 83445
[2026/09/25 14:45:46:8356] N: WS closed from (unix skt), clients: 5
[2026/09/25 14:45:46:8356] N: killing process, pid: 83449
[2026/09/25 14:45:46:8360] N: process killed with signal 0, pid: 83449
[2026/09/25 14:45:46:8617] N: WS closed from (unix skt), clients: 4
[2026/09/25 14:45:46:8617] N: killing process, pid: 83451
[2026/09/25 14:45:46:8621] N: process killed with signal 0, pid: 83451
[2026/09/25 14:45:47:2819] N: WS closed from (unix skt), clients: 3
[2026/09/25 14:45:47:2819] N: killing process, pid: 83446
[2026/09/25 14:45:47:2828] N: process killed with signal 0, pid: 83446
[2026/09/25 14:45:47:3885] N: WS closed from (unix skt), clients: 2
[2026/09/25 14:45:47:3885] N: killing process, pid: 83457
[2026/09/25 14:45:47:3892] N: process killed with signal 0, pid: 83457
[2026/09/25 14:45:48:4060] N: WS closed from (unix skt), clients: 1
[2026/09/25 14:45:48:4061] N: killing process, pid: 83448
[2026/09/25 14:45:48:4061] N: WS closed from (unix skt), clients: 0
[2026/09/25 14:45:48:4061] N: killing process, pid: 83467
[2026/09/25 14:45:48:4066] N: process killed with signal 0, pid: 83448
[2026/09/25 14:45:48:4069] N: process killed with signal 0, pid: 83467
[2026/09/25 14:45:48:4138] N: WS   /ws - (unix skt), clients: 1
[2026/09/25 14:45:48:4138] N: WS   /ws - (unix skt), clients: 2
[2026/09/25 14:45:48:4138] N: WS   /ws - (unix skt), clients: 3
[2026/09/25 14:45:48:4138] N: WS   /ws - (unix skt), clients: 4
[2026/09/25 14:45:48:4138] N: WS   /ws - (unix skt), clients: 5
[2026/09/25 14:45:48:4138] N: WS   /ws - (unix skt), clients: 6
[2026/09/25 14:45:48:4139] N: WS   /ws - (unix skt), clients: 7
[2026/09/25 14:45:48:4139] N: WS   /ws - (unix skt), clients: 8
[2026/09/25 14:45:48:4139] N: WS   /ws - (unix skt), clients: 9
[2026/09/25 14:45:48:4139] N: WS   /ws - (unix skt), clients: 10
[2026/09/25 14:45:48:4145] N: started process, pid: 83905
[2026/09/25 14:45:48:4149] N: started process, pid: 83906
[2026/09/25 14:45:48:4153] N: started process, pid: 83907
[2026/09/25 14:45:48:4159] N: started process, pid: 83908
[2026/09/25 14:45:48:4166] N: started process, pid: 83909
[2026/09/25 14:45:48:4171] N: started process, pid: 83910
[2026/09/25 14:45:48:4180] N: started process, pid: 83911
[2026/09/25 14:45:48:4195] N: started process, pid: 83914
[2026/09/25 14:45:48:4200] N: started process, pid: 83923
[2026/09/25 14:45:48:4206] N: started process, pid: 83926
[2026/09/25 14:45:48:5614] N: WS closed from (unix skt), clients: 9
[2026/09/25 14:45:48:5615] N: killing process, pid: 83907
[2026/09/25 14:45:48:5620] N: process killed with signal 1, pid: 83907
[2026/09/25 14:45:48:6008] N: WS closed from (unix skt), clients: 8
[2026/09/25 14:45:48:6009] N: killing process, pid: 83923
[2026/09/25 14:45:48:6011] N: process killed with signal 1, pid: 83923
[2026/09/25 14:45:48:7178] N: WS closed from (unix skt), clients: 7
[2026/09/25 14:45:48:7178] N: killing process, pid: 83905
[2026/09/25 14:45:48:7183] N: process killed with signal 0, pid: 83905
[2026/09/25 14:45:48:7422] N: WS closed from (unix skt), clients: 6
[2026/09/25 14:45:48:7422] N: killing process, pid: 83909
[2026/09/25 14:45:48:7427] N: process killed with signal 0, pid: 83909
[2026/09/25 14:45:48:7876] N: WS closed from (unix skt), clients: 5
[2026/09/25 14:45:48:7876] N: killing process, pid: 83910
[2026/09/25 14:45:48:7881] N: process killed with signal 0, pid: 83910
[2026/09/25 14:45:48:8031] N: WS closed from (unix skt), clients: 4
[2026/09/25 14:45:48:8032] N: killing process, pid: 83911
[2026/09/25 14:45:48:8037] N: process killed with signal 0, pid: 83911
[2026/09/25 14:45:49:2029] N: WS closed from (unix skt), clients: 3
[2026/09/25 14:45:49:2030] N: killing process, pid: 83906
[2026/09/25 14:45:49:2034] N: process killed with signal 0, pid: 83906
[2026/09/25 14:45:49:2763] N: WS closed from (unix skt), clients: 2
[2026/09/25 14:45:49:2764] N: killing process, pid: 83914
[2026/09/25 14:45:49:2768] N: process killed with signal 0, pid: 83914
[2026/09/25 14:45:50:4160] N: WS closed from (unix skt), clients: 1
[2026/09/25 14:45:50:4161] N: killing process, pid: 83908
[2026/09/25 14:45:50:4161] N: WS closed from (unix skt), clients: 0
[2026/09/25 14:45:50:4162] N: killing process, pid: 83926
[2026/09/25 14:45:50:4177] N: process killed with signal 0, pid: 83908
[2026/09/25 14:45:50:4178] N: process killed with signal 0, pid: 83926
[2026/09/25 14:45:50:4332] N: WS   /ws - (unix skt), clients: 1
[2026/09/25 14:45:50:4333] N: WS   /ws - (unix skt), clients: 2
[2026/09/25 14:45:50:4333] N: WS   /ws - (unix skt), clients: 3
[2026/09/25 14:45:50:4333] N: WS   /ws - (unix skt), clients: 4
[2026/09/25 14:45:50:4333] N: WS   /ws - (unix skt), clients: 5
[2026/09/25 14:45:50:4333] N: WS   /ws - (unix skt), clients: 6
[2026/09/25 14:45:50:4334] N: WS   /ws - (unix skt), clients: 7
[2026/09/25 14:45:50:4334] N: WS   /ws - (unix skt), clients: 8
[2026/09/25 14:45:50:4334] N: WS   /ws - (unix skt), clients: 9
[2026/09/25 14:45:50:4334] N: WS   /ws - (unix skt), clients: 10
[2026/09/25 14:45:50:4342] N: started process, pid: 84229
[2026/09/25 14:45:50:4348] N: started process, pid: 84230
[2026/09/25 14:45:50:4353] N: started process, pid: 84231
[2026/09/25 14:45:50:4360] N: started process, pid: 84232
[2026/09/25 14:45:50:4370] N: started process, pid: 84233
[2026/09/25 14:45:50:4384] N: started process, pid: 84234
[2026/09/25 14:45:50:4412] N: started process, pid: 84235
[2026/09/25 14:45:50:4433] N: started process, pid: 84236
[2026/09/25 14:45:50:4461] N: started process, pid: 84241
[2026/09/25 14:45:50:4502] N: started process, pid: 84255
[2026/09/25 14:45:50:5830] N: WS closed from (unix skt), clients: 9
[2026/09/25 14:45:50:5830] N: killing process, pid: 84231
[2026/09/25 14:45:50:5833] N: process killed with signal 1, pid: 84231
[2026/09/25 14:45:50:6058] N: WS closed from (unix skt), clients: 8
[2026/09/25 14:45:50:6059] N: killing process, pid: 84241
[2026/09/25 14:45:50:6062] N: process killed with signal 1, pid: 84241
[2026/09/25 14:45:50:7837] N: WS closed from (unix skt), clients: 7
[2026/09/25 14:45:50:7838] N: killing process, pid: 84229
[2026/09/25 14:45:50:7839] N: WS closed from (unix skt), clients: 6
[2026/09/25 14:45:50:7839] N: killing process, pid: 84234
[2026/09/25 14:45:50:7839] N: WS closed from (unix skt), clients: 5
[2026/09/25 14:45:50:7840] N: killing process, pid: 84233
[2026/09/25 14:45:50:7858] N: process killed with signal 0, pid: 84234
[2026/09/25 14:45:50:7860] N: process killed with signal 0, pid: 84229
[2026/09/25 14:45:50:7861] N: process killed with signal 0, pid: 84233
[2026/09/25 14:45:50:7961] N: WS closed from (unix skt), clients: 4
[2026/09/25 14:45:50:7961] N: killing process, pid: 84235
[2026/09/25 14:45:50:7967] N: process killed with signal 0, pid: 84235
[2026/09/25 14:45:51:2112] N: WS closed from (unix skt), clients: 3
[2026/09/25 14:45:51:2113] N: killing process, pid: 84230
[2026/09/25 14:45:51:2125] N: process killed with signal 0, pid: 84230
[2026/09/25 14:45:51:3075] N: WS closed from (unix skt), clients: 2
[2026/09/25 14:45:51:3075] N: killing process, pid: 84236
[2026/09/25 14:45:51:3079] N: process killed with signal 0, pid: 84236
[2026/09/25 14:45:52:4353] N: WS closed from (unix skt), clients: 1
[2026/09/25 14:45:52:4354] N: killing process, pid: 84232
[2026/09/25 14:45:52:4354] N: WS closed from (unix skt), clients: 0
[2026/09/25 14:45:52:4354] N: killing process, pid: 84255
[2026/09/25 14:45:52:4362] N: process killed with signal 0, pid: 84232
[2026/09/25 14:45:52:4371] N: process killed with signal 0, pid: 84255
[2026/09/25 14:45:52:4498] N: WS   /ws - (unix skt), clients: 1
[2026/09/25 14:45:52:4499] N: WS   /ws - (unix skt), clients: 2
[2026/09/25 14:45:52:4499] N: WS   /ws - (unix skt), clients: 3
[2026/09/25 14:45:52:4499] N: WS   /ws - (unix skt), clients: 4
[2026/09/25 14:45:52:4499] N: WS   /ws - (unix skt), clients: 5
[2026/09/25 14:45:52:4500] N: WS   /ws - (unix skt), clients: 6
[2026/09/25 14:45:52:4500] N: WS   /ws - (unix skt), clients: 7
[2026/09/25 14:45:52:4500] N: WS   /ws - (unix skt), clients: 8
[2026/09/25 14:45:52:4500] N: WS   /ws - (unix skt), clients: 9
[2026/09/25 14:45:52:4500] N: WS   /ws - (unix skt), clients: 10
[2026/09/25 14:45:52:4509] N: started process, pid: 84532
[2026/09/25 14:45:52:4515] N: started process, pid: 84533
[2026/09/25 14:45:52:4521] N: started process, pid: 84534
[2026/09/25 14:45:52:4527] N: started process, pid: 84535
[2026/09/25 14:45:52:4534] N: started process, pid: 84536
[2026/09/25 14:45:52:4545] N: started process, pid: 84537
[2026/09/25 14:45:52:4558] N: started process, pid: 84538
[2026/09/25 14:45:52:4575] N: started process, pid: 84539
[2026/09/25 14:45:52:4594] N: started process, pid: 84542
[2026/09/25 14:45:52:4605] N: started process, pid: 84552
[2026/09/25 14:45:52:5841] N: WS closed from (unix skt), clients: 9
[2026/09/25 14:45:52:5842] N: killing process, pid: 84542
[2026/09/25 14:45:52:5844] N: process killed with signal 1, pid: 84542
[2026/09/25 14:45:52:5978] N: WS closed from (unix skt), clients: 8
[2026/09/25 14:45:52:5980] N: killing process, pid: 84534
[2026/09/25 14:45:52:5987] N: process killed with signal 1, pid: 84534
[2026/09/25 14:45:52:7618] N: WS closed from (unix skt), clients: 7
[2026/09/25 14:45:52:7619] N: killing process, pid: 84532
[2026/09/25 14:45:52:7625] N: process killed with signal 0, pid: 84532
[2026/09/25 14:45:52:7723] N: WS closed from (unix skt), clients: 6
[2026/09/25 14:45:52:7723] N: killing process, pid: 84536
[2026/09/25 14:45:52:7728] N: process killed with signal 0, pid: 84536
[2026/09/25 14:45:52:8114] N: WS closed from (unix skt), clients: 5
[2026/09/25 14:45:52:8114] N: killing process, pid: 84537
[2026/09/25 14:45:52:8120] N: process killed with signal 0, pid: 84537
[2026/09/25 14:45:52:8248] N: WS closed from (unix skt), clients: 4
[2026/09/25 14:45:52:8248] N: killing process, pid: 84538
[2026/09/25 14:45:52:8251] N: process killed with signal 0, pid: 84538
[2026/09/25 14:45:53:3142] N: WS closed from (unix skt), clients: 3
[2026/09/25 14:45:53:3143] N: killing process, pid: 84539
[2026/09/25 14:45:53:3155] N: process killed with signal 0, pid: 84539
[2026/09/25 14:45:53:3234] N: WS closed from (unix skt), clients: 2
[2026/09/25 14:45:53:3234] N: killing process, pid: 84533
[2026/09/25 14:45:53:3241] N: process killed with signal 0, pid: 84533
[2026/09/25 14:45:54:4516] N: WS closed from (unix skt), clients: 1
[2026/09/25 14:45:54:4516] N: killing process, pid: 84535
[2026/09/25 14:45:54:4517] N: WS closed from (unix skt), clients: 0
[2026/09/25 14:45:54:4517] N: killing process, pid: 84552
[2026/09/25 14:45:54:4528] N: process killed with signal 0, pid: 84535
[2026/09/25 14:45:54:4528] N: process killed with signal 0, pid: 84552
[2026/09/25 14:45:54:4628] N: WS   /ws - (unix skt), clients: 1
[2026/09/25 14:45:54:4628] N: WS   /ws - (unix skt), clients: 2
[2026/09/25 14:45:54:4628] N: WS   /ws - (unix skt), clients: 3
[2026/09/25 14:45:54:4629] N: WS   /ws - (unix skt), clients: 4
[2026/09/25 14:45:54:4629] N: WS   /ws - (unix skt), clients: 5
[2026/09/25 14:45:54:4629] N: WS   /ws - (unix skt), clients: 6
[2026/09/25 14:45:54:4629] N: WS   /ws - (unix skt), clients: 7
[2026/09/25 14:45:54:4629] N: WS   /ws - (unix skt), clients: 8
[2026/09/25 14:45:54:4629] N: WS   /ws - (unix skt), clients: 9
[2026/09/25 14:45:54:4629] N: WS   /ws - (unix skt), clients: 10
[2026/09/25 14:45:54:4636] N: started process, pid: 84850
[2026/09/25 14:45:54:4641] N: started process, pid: 84851
[2026/09/25 14:45:54:4645] N: started process, pid: 84852
[2026/09/25 14:45:54:4654] N: started process, pid: 84853
[2026/09/25 14:45:54:4663] N: started process, pid: 84854
[2026/09/25 14:45:54:4669] N: started process, pid: 84855
[2026/09/25 14:45:54:4678] N: started process, pid: 84856
[2026/09/25 14:45:54:4687] N: started process, pid: 84857
[2026/09/25 14:45:54:4701] N: started process, pid: 84862
[2026/09/25 14:45:54:4719] N: started process, pid: 84869
[2026/09/25 14:45:54:6056] N: WS closed from (unix skt), clients: 9
[2026/09/25 14:45:54:6057] N: killing process, pid: 84852
[2026/09/25 14:45:54:6060] N: process killed with signal 1, pid: 84852
[2026/09/25 14:45:54:6198] N: WS closed from (unix skt), clients: 8
[2026/09/25 14:45:54:6199] N: killing process, pid: 84862
[2026/09/25 14:45:54:6202] N: process killed with signal 1, pid: 84862
[2026/09/25 14:45:54:7380] N: WS closed from (unix skt), clients: 7
[2026/09/25 14:45:54:7381] N: killing process, pid: 84850
[2026/09/25 14:45:54:7386] N: process killed with signal 0, pid: 84850
[2026/09/25 14:45:54:7933] N: WS closed from (unix skt), clients: 6
[2026/09/25 14:45:54:7933] N: killing process, pid: 84854
[2026/09/25 14:45:54:7940] N: process killed with signal 0, pid: 84854
[2026/09/25 14:45:54:8332] N: WS closed from (unix skt), clients: 5
[2026/09/25 14:45:54:8333] N: killing process, pid: 84855
[2026/09/25 14:45:54:8338] N: process killed with signal 0, pid: 84855
[2026/09/25 14:45:54:8451] N: WS closed from (unix skt), clients: 4
[2026/09/25 14:45:54:8451] N: killing process, pid: 84856
[2026/09/25 14:45:54:8454] N: process killed with signal 0, pid: 84856
[2026/09/25 14:45:55:2826] N: WS closed from (unix skt), clients: 3
[2026/09/25 14:45:55:2827] N: killing process, pid: 84851
[2026/09/25 14:45:55:2842] N: process killed with signal 0, pid: 84851
[2026/09/25 14:45:55:3453] N: WS closed from (unix skt), clients: 2
[2026/09/25 14:45:55:3454] N: killing process, pid: 84857
[2026/09/25 14:45:55:3461] N: process killed with signal 0, pid: 84857
[2026/09/25 14:45:56:4638] N: WS closed from (unix skt), clients: 1
[2026/09/25 14:45:56:4639] N: killing process, pid: 84853
[2026/09/25 14:45:56:4640] N: WS closed from (unix skt), clients: 0
[2026/09/25 14:45:56:4640] N: killing process, pid: 84869
[2026/09/25 14:45:56:4650] N: process killed with signal 0, pid: 84853
[2026/09/25 14:45:56:4662] N: process killed with signal 0, pid: 84869
[2026/09/25 14:45:56:4804] N: WS   /ws - (unix skt), clients: 1
[2026/09/25 14:45:56:4805] N: WS   /ws - (unix skt), clients: 2
[2026/09/25 14:45:56:4805] N: WS   /ws - (unix skt), clients: 3
[2026/09/25 14:45:56:4805] N: WS   /ws - (unix skt), clients: 4
[2026/09/25 14:45:56:4805] N: WS   /ws - (unix skt), clients: 5
[2026/09/25 14:45:56:4806] N: WS   /ws - (unix skt), clients: 6
[2026/09/25 14:45:56:4806] N: WS   /ws - (unix skt), clients: 7
[2026/09/25 14:45:56:4806] N: WS   /ws - (unix skt), clients: 8
[2026/09/25 14:45:56:4806] N: WS   /ws - (unix skt), clients: 9
[2026/09/25 14:45:56:4806] N: WS   /ws - (unix skt), clients: 10
[2026/09/25 14:45:56:4816] N: started process, pid: 85166
[2026/09/25 14:45:56:4823] N: started process, pid: 85167
[2026/09/25 14:45:56:4829] N: started process, pid: 85168
[2026/09/25 14:45:56:4835] N: started process, pid: 85169
[2026/09/25 14:45:56:4843] N: started process, pid: 85170
[2026/09/25 14:45:56:4857] N: started process, pid: 85171
[2026/09/25 14:45:56:4866] N: started process, pid: 85172
[2026/09/25 14:45:56:4876] N: started process, pid: 85173
[2026/09/25 14:45:56:4887] N: started process, pid: 85175
[2026/09/25 14:45:56:4898] N: started process, pid: 85182
[2026/09/25 14:45:56:6154] N: WS closed from (unix skt), clients: 9
[2026/09/25 14:45:56:6155] N: killing process, pid: 85168
[2026/09/25 14:45:56:6158] N: process killed with signal 1, pid: 85168
[2026/09/25 14:45:56:6771] N: WS closed from (unix skt), clients: 8
[2026/09/25 14:45:56:6772] N: killing process, pid: 85175
[2026/09/25 14:45:56:6774] N: process killed with signal 1, pid: 85175
[2026/09/25 14:45:56:8173] N: WS closed from (unix skt), clients: 7
[2026/09/25 14:45:56:8174] N: killing process, pid: 85166
[2026/09/25 14:45:56:8178] N: process killed with signal 0, pid: 85166
[2026/09/25 14:45:56:8421] N: WS closed from (unix skt), clients: 6
[2026/09/25 14:45:56:8422] N: killing process, pid: 85170
[2026/09/25 14:45:56:8427] N: process killed with signal 0, pid: 85170
[2026/09/25 14:45:56:8537] N: WS closed from (unix skt), clients: 5
[2026/09/25 14:45:56:8537] N: killing process, pid: 85173
[2026/09/25 14:45:56:8542] N: process killed with signal 0, pid: 85173
[2026/09/25 14:45:56:8788] N: WS closed from (unix skt), clients: 4
[2026/09/25 14:45:56:8788] N: killing process, pid: 85171
[2026/09/25 14:45:56:8793] N: process killed with signal 0, pid: 85171
[2026/09/25 14:45:57:2842] N: WS closed from (unix skt), clients: 3
[2026/09/25 14:45:57:2843] N: killing process, pid: 85167
[2026/09/25 14:45:57:2854] N: process killed with signal 0, pid: 85167
[2026/09/25 14:45:57:3685] N: WS closed from (unix skt), clients: 2
[2026/09/25 14:45:57:3685] N: killing process, pid: 85172
[2026/09/25 14:45:57:3690] N: process killed with signal 0, pid: 85172
[2026/09/25 14:45:58:4816] N: WS closed from (unix skt), clients: 1
[2026/09/25 14:45:58:4817] N: killing process, pid: 85169
[2026/09/25 14:45:58:4817] N: WS closed from (unix skt), clients: 0
[2026/09/25 14:45:58:4817] N: killing process, pid: 85182
[2026/09/25 14:45:58:4838] N: process killed with signal 0, pid: 85169
[2026/09/25 14:45:58:4839] N: process killed with signal 0, pid: 85182
[2026/09/25 14:45:58:4983] N: WS   /ws - (unix skt), clients: 1
[2026/09/25 14:45:58:4984] N: WS   /ws - (unix skt), clients: 2
[2026/09/25 14:45:58:4984] N: WS   /ws - (unix skt), clients: 3
[2026/09/25 14:45:58:4984] N: WS   /ws - (unix skt), clients: 4
[2026/09/25 14:45:58:4984] N: WS   /ws - (unix skt), clients: 5
[2026/09/25 14:45:58:4984] N: WS   /ws - (unix skt), clients: 6
[2026/09/25 14:45:58:4985] N: WS   /ws - (unix skt), clients: 7
[2026/09/25 14:45:58:4985] N: WS   /ws - (unix skt), clients: 8
[2026/09/25 14:45:58:4985] N: WS   /ws - (unix skt), clients: 9
[2026/09/25 14:45:58:4995] N: started process, pid: 85495
[2026/09/25 14:45:58:5003] N: started process, pid: 85496
[2026/09/25 14:45:58:5009] N: started process, pid: 85497
[2026/09/25 14:45:58:5011] N: WS   /ws - (unix skt), clients: 10
[2026/09/25 14:45:58:5019] N: started process, pid: 85498
[2026/09/25 14:45:58:5029] N: started process, pid: 85499
[2026/09/25 14:45:58:5037] N: started process, pid: 85500
[2026/09/25 14:45:58:5061] N: started process, pid: 85501
[2026/09/25 14:45:58:5075] N: started process, pid: 85508
[2026/09/25 14:45:58:5090] N: started process, pid: 85511
[2026/09/25 14:45:58:5102] N: started process, pid: 85517
[2026/09/25 14:45:58:6248] N: WS closed from (unix skt), clients: 9
[2026/09/25 14:45:58:6249] N: killing process, pid: 85497
[2026/09/25 14:45:58:6289] N: process killed with signal 1, pid: 85497
[2026/09/25 14:45:58:6724] N: WS closed from (unix skt), clients: 8
[2026/09/25 14:45:58:6724] N: killing process, pid: 85517
[2026/09/25 14:45:58:6729] N: process killed with signal 1, pid: 85517
[2026/09/25 14:45:58:8110] N: WS closed from (unix skt), clients: 7
[2026/09/25 14:45:58:8111] N: killing process, pid: 85495
[2026/09/25 14:45:58:8116] N: process killed with signal 0, pid: 85495
[2026/09/25 14:45:58:8372] N: WS closed from (unix skt), clients: 6
[2026/09/25 14:45:58:8372] N: killing process, pid: 85498
[2026/09/25 14:45:58:8376] N: process killed with signal 0, pid: 85498
[2026/09/25 14:45:58:8620] N: WS closed from (unix skt), clients: 5
[2026/09/25 14:45:58:8620] N: killing process, pid: 85508
[2026/09/25 14:45:58:8624] N: process killed with signal 0, pid: 85508
[2026/09/25 14:45:58:8891] N: WS closed from (unix skt), clients: 4
[2026/09/25 14:45:58:8891] N: killing process, pid: 85501
[2026/09/25 14:45:58:8895] N: process killed with signal 0, pid: 85501
[2026/09/25 14:45:59:2799] N: WS closed from (unix skt), clients: 3
[2026/09/25 14:45:59:2799] N: killing process, pid: 85496
[2026/09/25 14:45:59:2803] N: process killed with signal 0, pid: 85496
[2026/09/25 14:45:59:3921] N: WS closed from (unix skt), clients: 2
[2026/09/25 14:45:59:3921] N: killing process, pid: 85511
[2026/09/25 14:45:59:3924] N: process killed with signal 0, pid: 85511
[2026/09/25 14:46:00:5004] N: WS closed from (unix skt), clients: 1
[2026/09/25 14:46:00:5005] N: killing process, pid: 85500
[2026/09/25 14:46:00:5011] N: process killed with signal 0, pid: 85500
[2026/09/25 14:46:00:5017] N: WS closed from (unix skt), clients: 0
[2026/09/25 14:46:00:5017] N: killing process, pid: 85499
[2026/09/25 14:46:00:5025] N: process killed with signal 0, pid: 85499
[2026/09/25 14:46:00:5132] N: WS   /ws - (unix skt), clients: 1
[2026/09/25 14:46:00:5132] N: WS   /ws - (unix skt), clients: 2
[2026/09/25 14:46:00:5132] N: WS   /ws - (unix skt), clients: 3
[2026/09/25 14:46:00:5132] N: WS   /ws - (unix skt), clients: 4
[2026/09/25 14:46:00:5133] N: WS   /ws - (unix skt), clients: 5
[2026/09/25 14:46:00:5133] N: WS   /ws - (unix skt), clients: 6
[2026/09/25 14:46:00:5133] N: WS   /ws - (unix skt), clients: 7
[2026/09/25 14:46:00:5133] N: WS   /ws - (unix skt), clients: 8
[2026/09/25 14:46:00:5133] N: WS   /ws - (unix skt), clients: 9
[2026/09/25 14:46:00:5133] N: WS   /ws - (unix skt), clients: 10
[2026/09/25 14:46:00:5142] N: started process, pid: 85836
[2026/09/25 14:46:00:5147] N: started process, pid: 85837
[2026/09/25 14:46:00:5154] N: started process, pid: 85838
[2026/09/25 14:46:00:5160] N: started process, pid: 85839
[2026/09/25 14:46:00:5171] N: started process, pid: 85840
[2026/09/25 14:46:00:5186] N: started process, pid: 85841
[2026/09/25 14:46:00:5213] N: started process, pid: 85842
[2026/09/25 14:46:00:5224] N: started process, pid: 85853
[2026/09/25 14:46:00:5231] N: started process, pid: 85860
[2026/09/25 14:46:00:5248] N: started process, pid: 85861
[2026/09/25 14:46:00:6194] N: WS closed from (unix skt), clients: 9
[2026/09/25 14:46:00:6195] N: killing process, pid: 85839
[2026/09/25 14:46:00:6200] N: process killed with signal 1, pid: 85839
[2026/09/25 14:46:00:7215] N: WS closed from (unix skt), clients: 8
[2026/09/25 14:46:00:7216] N: killing process, pid: 85860
[2026/09/25 14:46:00:7222] N: process killed with signal 1, pid: 85860
[2026/09/25 14:46:00:7900] N: WS closed from (unix skt), clients: 7
[2026/09/25 14:46:00:7900] N: killing process, pid: 85837
[2026/09/25 14:46:00:7905] N: process killed with signal 0, pid: 85837
[2026/09/25 14:46:00:8221] N: WS closed from (unix skt), clients: 6
[2026/09/25 14:46:00:8221] N: killing process, pid: 85836
[2026/09/25 14:46:00:8225] N: process killed with signal 0, pid: 85836
[2026/09/25 14:46:00:8826] N: WS closed from (unix skt), clients: 5
[2026/09/25 14:46:00:8827] N: killing process, pid: 85842
[2026/09/25 14:46:00:8832] N: process killed with signal 0, pid: 85842
[2026/09/25 14:46:00:9215] N: WS closed from (unix skt), clients: 4
[2026/09/25 14:46:00:9215] N: killing process, pid: 85841
[2026/09/25 14:46:00:9220] N: process killed with signal 0, pid: 85841
[2026/09/25 14:46:01:3393] N: WS closed from (unix skt), clients: 3
[2026/09/25 14:46:01:3395] N: killing process, pid: 85838
[2026/09/25 14:46:01:3413] N: process killed with signal 0, pid: 85838
[2026/09/25 14:46:01:4260] N: WS closed from (unix skt), clients: 2
[2026/09/25 14:46:01:4261] N: killing process, pid: 85853
[2026/09/25 14:46:01:4267] N: process killed with signal 0, pid: 85853
[2026/09/25 14:46:02:5152] N: WS closed from (unix skt), clients: 1
[2026/09/25 14:46:02:5152] N: killing process, pid: 85840
[2026/09/25 14:46:02:5153] N: WS closed from (unix skt), clients: 0
[2026/09/25 14:46:02:5153] N: killing process, pid: 85861
[2026/09/25 14:46:02:5165] N: process killed with signal 0, pid: 85840
[2026/09/25 14:46:02:5166] N: process killed with signal 0, pid: 85861
[2026/09/25 14:46:02:5273] N: WS   /ws - (unix skt), clients: 1
[2026/09/25 14:46:02:5274] N: WS   /ws - (unix skt), clients: 2
[2026/09/25 14:46:02:5274] N: WS   /ws - (unix skt), clients: 3
[2026/09/25 14:46:02:5274] N: WS   /ws - (unix skt), clients: 4
[2026/09/25 14:46:02:5275] N: WS   /ws - (unix skt), clients: 5
[2026/09/25 14:46:02:5275] N: WS   /ws - (unix skt), clients: 6
[2026/09/25 14:46:02:5275] N: WS   /ws - (unix skt), clients: 7
[2026/09/25 14:46:02:5275] N: WS   /ws - (unix skt), clients: 8
[2026/09/25 14:46:02:5275] N: WS   /ws - (unix skt), clients: 9
[2026/09/25 14:46:02:5275] N: WS   /ws - (unix skt), clients: 10
[2026/09/25 14:46:02:5287] N: started process, pid: 86190
[2026/09/25 14:46:02:5292] N: started process, pid: 86191
[2026/09/25 14:46:02:5299] N: started process, pid: 86192
[2026/09/25 14:46:02:5306] N: started process, pid: 86193
[2026/09/25 14:46:02:5317] N: started process, pid: 86194
[2026/09/25 14:46:02:5326] N: started process, pid: 86195
[2026/09/25 14:46:02:5335] N: started process, pid: 86196
[2026/09/25 14:46:02:5348] N: started process, pid: 86197
[2026/09/25 14:46:02:5358] N: started process, pid: 86206
[2026/09/25 14:46:02:5379] N: started process, pid: 86213
[2026/09/25 14:46:02:5992] N: WS closed from (unix skt), clients: 9
[2026/09/25 14:46:02:5992] N: killing process, pid: 86192
[2026/09/25 14:46:02:5998] N: process killed with signal 1, pid: 86192
[2026/09/25 14:46:02:7189] N: WS closed from (unix skt), clients: 8
[2026/09/25 14:46:02:7189] N: killing process, pid: 86206
[2026/09/25 14:46:02:7193] N: process killed with signal 1, pid: 86206
[2026/09/25 14:46:02:8008] N: WS closed from (unix skt), clients: 7
[2026/09/25 14:46:02:8009] N: killing process, pid: 86190
[2026/09/25 14:46:02:8013] N: process killed with signal 0, pid: 86190
[2026/09/25 14:46:02:8650] N: WS closed from (unix skt), clients: 6
[2026/09/25 14:46:02:8650] N: killing process, pid: 86193
[2026/09/25 14:46:02:8656] N: process killed with signal 0, pid: 86193
[2026/09/25 14:46:02:8774] N: WS closed from (unix skt), clients: 5
[2026/09/25 14:46:02:8774] N: killing process, pid: 86195
[2026/09/25 14:46:02:8779] N: process killed with signal 0, pid: 86195
[2026/09/25 14:46:02:8898] N: WS closed from (unix skt), clients: 4
[2026/09/25 14:46:02:8898] N: killing process, pid: 86196
[2026/09/25 14:46:02:8902] N: process killed with signal 0, pid: 86196
[2026/09/25 14:46:03:3794] N: WS closed from (unix skt), clients: 3
[2026/09/25 14:46:03:3795] N: killing process, pid: 86191
[2026/09/25 14:46:03:3808] N: process killed with signal 0, pid: 86191
[2026/09/25 14:46:03:4184] N: WS closed from (unix skt), clients: 2
[2026/09/25 14:46:03:4185] N: killing process, pid: 86197
[2026/09/25 14:46:03:4189] N: process killed with signal 0, pid: 86197
[2026/09/25 14:46:04:5290] N: WS closed from (unix skt), clients: 1
[2026/09/25 14:46:04:5291] N: killing process, pid: 86194
[2026/09/25 14:46:04:5292] N: WS closed from (unix skt), clients: 0
[2026/09/25 14:46:04:5292] N: killing process, pid: 86213
[2026/09/25 14:46:04:5299] N: process killed with signal 0, pid: 86194
[2026/09/25 14:46:04:5307] N: process killed with signal 0, pid: 86213
[2026/09/25 14:46:04:5424] N: WS   /ws - (unix skt), clients: 1
[2026/09/25 14:46:04:5424] N: WS   /ws - (unix skt), clients: 2
[2026/09/25 14:46:04:5425] N: WS   /ws - (unix skt), clients: 3
[2026/09/25 14:46:04:5425] N: WS   /ws - (unix skt), clients: 4
[2026/09/25 14:46:04:5425] N: WS   /ws - (unix skt), clients: 5
[2026/09/25 14:46:04:5425] N: WS   /ws - (unix skt), clients: 6
[2026/09/25 14:46:04:5425] N: WS   /ws - (unix skt), clients: 7
[2026/09/25 14:46:04:5425] N: WS   /ws - (unix skt), clients: 8
[2026/09/25 14:46:04:5426] N: WS   /ws - (unix skt), clients: 9
[2026/09/25 14:46:04:5426] N: WS   /ws - (unix skt), clients: 10
[2026/09/25 14:46:04:5433] N: started process, pid: 86526
[2026/09/25 14:46:04:5438] N: started process, pid: 86527
[2026/09/25 14:46:04:5445] N: started process, pid: 86528
[2026/09/25 14:46:04:5461] N: started process, pid: 86529
[2026/09/25 14:46:04:5468] N: started process, pid: 86530
[2026/09/25 14:46:04:5478] N: started process, pid: 86531
[2026/09/25 14:46:04:5491] N: started process, pid: 86533
[2026/09/25 14:46:04:5504] N: started process, pid: 86534
[2026/09/25 14:46:04:5512] N: started process, pid: 86535
[2026/09/25 14:46:04:5518] N: started process, pid: 86536
[2026/09/25 14:46:04:7320] N: WS closed from (unix skt), clients: 9
[2026/09/25 14:46:04:7321] N: killing process, pid: 86528
[2026/09/25 14:46:04:7324] N: process killed with signal 1, pid: 86528
[2026/09/25 14:46:04:7624] N: WS closed from (unix skt), clients: 8
[2026/09/25 14:46:04:7624] N: killing process, pid: 86535
[2026/09/25 14:46:04:7627] N: process killed with signal 1, pid: 86535
[2026/09/25 14:46:04:9041] N: WS closed from (unix skt), clients: 7
[2026/09/25 14:46:04:9041] N: killing process, pid: 86531
[2026/09/25 14:46:04:9046] N: process killed with signal 0, pid: 86531
[2026/09/25 14:46:04:9167] N: WS closed from (unix skt), clients: 6
[2026/09/25 14:46:04:9167] N: killing process, pid: 86533
[2026/09/25 14:46:04:9172] N: process killed with signal 0, pid: 86533
[2026/09/25 14:46:04:9495] N: WS closed from (unix skt), clients: 5
[2026/09/25 14:46:04:9495] N: killing process, pid: 86530
[2026/09/25 14:46:04:9500] N: process killed with signal 0, pid: 86530
[2026/09/25 14:46:04:9626] N: WS closed from (unix skt), clients: 4
[2026/09/25 14:46:04:9626] N: killing process, pid: 86526
[2026/09/25 14:46:04:9631] N: process killed with signal 0, pid: 86526
[2026/09/25 14:46:05:3228] N: WS closed from (unix skt), clients: 3
[2026/09/25 14:46:05:3229] N: killing process, pid: 86527
[2026/09/25 14:46:05:3244] N: process killed with signal 0, pid: 86527
[2026/09/25 14:46:05:3922] N: WS closed from (unix skt), clients: 2
[2026/09/25 14:46:05:3923] N: killing process, pid: 86534
[2026/09/25 14:46:05:3936] N: process killed with signal 0, pid: 86534
[2026/09/25 14:46:06:5443] N: WS closed from (unix skt), clients: 1
[2026/09/25 14:46:06:5443] N: killing process, pid: 86529
[2026/09/25 14:46:06:5443] N: WS closed from (unix skt), clients: 0
[2026/09/25 14:46:06:5444] N: killing process, pid: 86536
[2026/09/25 14:46:06:5448] N: process killed with signal 0, pid: 86529
[2026/09/25 14:46:06:5454] N: process killed with signal 0, pid: 86536
[2026/09/25 14:46:06:5514] N: WS   /ws - (unix skt), clients: 1
[2026/09/25 14:46:06:5514] N: WS   /ws - (unix skt), clients: 2
[2026/09/25 14:46:06:5514] N: WS   /ws - (unix skt), clients: 3
[2026/09/25 14:46:06:5514] N: WS   /ws - (unix skt), clients: 4
[2026/09/25 14:46:06:5514] N: WS   /ws - (unix skt), clients: 5
[2026/09/25 14:46:06:5514] N: WS   /ws - (unix skt), clients: 6
[2026/09/25 14:46:06:5515] N: WS   /ws - (unix skt), clients: 7
[2026/09/25 14:46:06:5515] N: WS   /ws - (unix skt), clients: 8
[2026/09/25 14:46:06:5515] N: WS   /ws - (unix skt), clients: 9
[2026/09/25 14:46:06:5523] N: started process, pid: 86847
[2026/09/25 14:46:06:5529] N: started process, pid: 86848
[2026/09/25 14:46:06:5533] N: started process, pid: 86849
[2026/09/25 14:46:06:5533] N: WS   /ws - (unix skt), clients: 10
[2026/09/25 14:46:06:5538] N: started process, pid: 86850
[2026/09/25 14:46:06:5545] N: started process, pid: 86851
[2026/09/25 14:46:06:5552] N: started process, pid: 86852
[2026/09/25 14:46:06:5561] N: started process, pid: 86853
[2026/09/25 14:46:06:5578] N: started process, pid: 86857
[2026/09/25 14:46:06:5597] N: started process, pid: 86869
[2026/09/25 14:46:06:5617] N: started process, pid: 86872
[2026/09/25 14:46:06:6598] N: WS closed from (unix skt), clients: 9
[2026/09/25 14:46:06:6599] N: killing process, pid: 86849
[2026/09/25 14:46:06:6602] N: process killed with signal 1, pid: 86849
[2026/09/25 14:46:06:7299] N: WS closed from (unix skt), clients: 8
[2026/09/25 14:46:06:7299] N: killing process, pid: 86872
[2026/09/25 14:46:06:7302] N: process killed with signal 1, pid: 86872
[2026/09/25 14:46:06:8161] N: WS closed from (unix skt), clients: 7
[2026/09/25 14:46:06:8161] N: killing process, pid: 86850
[2026/09/25 14:46:06:8165] N: process killed with signal 0, pid: 86850
[2026/09/25 14:46:06:8816] N: WS closed from (unix skt), clients: 6
[2026/09/25 14:46:06:8816] N: killing process, pid: 86847
[2026/09/25 14:46:06:8820] N: process killed with signal 0, pid: 86847
[2026/09/25 14:46:06:9067] N: WS closed from (unix skt), clients: 5
[2026/09/25 14:46:06:9067] N: killing process, pid: 86857
[2026/09/25 14:46:06:9071] N: process killed with signal 0, pid: 86857
[2026/09/25 14:46:06:9284] N: WS closed from (unix skt), clients: 4
[2026/09/25 14:46:06:9284] N: killing process, pid: 86853
[2026/09/25 14:46:06:9288] N: process killed with signal 0, pid: 86853
[2026/09/25 14:46:07:3493] N: WS closed from (unix skt), clients: 3
[2026/09/25 14:46:07:3494] N: killing process, pid: 86848
[2026/09/25 14:46:07:3513] N: process killed with signal 0, pid: 86848
[2026/09/25 14:46:07:3957] N: WS closed from (unix skt), clients: 2
[2026/09/25 14:46:07:3958] N: killing process, pid: 86869
[2026/09/25 14:46:07:3980] N: process killed with signal 0, pid: 86869
[2026/09/25 14:46:08:5532] N: WS closed from (unix skt), clients: 1
[2026/09/25 14:46:08:5532] N: killing process, pid: 86852
[2026/09/25 14:46:08:5532] N: WS closed from (unix skt), clients: 0
[2026/09/25 14:46:08:5532] N: killing process, pid: 86851
[2026/09/25 14:46:08:5535] N: process killed with signal 0, pid: 86852
[2026/09/25 14:46:08:5537] N: process killed with signal 0, pid: 86851
[2026/09/25 14:46:08:5591] N: WS   /ws - (unix skt), clients: 1
[2026/09/25 14:46:08:5591] N: WS   /ws - (unix skt), clients: 2
[2026/09/25 14:46:08:5591] N: WS   /ws - (unix skt), clients: 3
[2026/09/25 14:46:08:5591] N: WS   /ws - (unix skt), clients: 4
[2026/09/25 14:46:08:5591] N: WS   /ws - (unix skt), clients: 5
[2026/09/25 14:46:08:5591] N: WS   /ws - (unix skt), clients: 6
[2026/09/25 14:46:08:5591] N: WS   /ws - (unix skt), clients: 7
[2026/09/25 14:46:08:5591] N: WS   /ws - (unix skt), clients: 8
[2026/09/25 14:46:08:5592] N: WS   /ws - (unix skt), clients: 9
[2026/09/25 14:46:08:5592] N: WS   /ws - (unix skt), clients: 10
[2026/09/25 14:46:08:5597] N: started process, pid: 87192
[2026/09/25 14:46:08:5600] N: started process, pid: 87193
[2026/09/25 14:46:08:5604] N: started process, pid: 87194
[2026/09/25 14:46:08:5608] N: started process, pid: 87196
[2026/09/25 14:46:08:5613] N: started process, pid: 87197
[2026/09/25 14:46:08:5619] N: started process, pid: 87198
[2026/09/25 14:46:08:5634] N: started process, pid: 87199
[2026/09/25 14:46:08:5650] N: started process, pid: 87207
[2026/09/25 14:46:08:5665] N: started process, pid: 87216
[2026/09/25 14:46:08:5684] N: started process, pid: 87218
[2026/09/25 14:46:08:6534] N: WS closed from (unix skt), clients: 9
[2026/09/25 14:46:08:6534] N: killing process, pid: 87196
[2026/09/25 14:46:08:6537] N: process killed with signal 1, pid: 87196
[2026/09/25 14:46:08:7060] N: WS closed from (unix skt), clients: 8
[2026/09/25 14:46:08:7060] N: killing process, pid: 87216
[2026/09/25 14:46:08:7064] N: process killed with signal 1, pid: 87216
[2026/09/25 14:46:08:8823] N: WS closed from (unix skt), clients: 7
[2026/09/25 14:46:08:8824] N: killing process, pid: 87192
[2026/09/25 14:46:08:8824] N: WS closed from (unix skt), clients: 6
[2026/09/25 14:46:08:8824] N: killing process, pid: 87193
[2026/09/25 14:46:08:8832] N: process killed with signal 0, pid: 87192
[2026/09/25 14:46:08:8832] N: process killed with signal 0, pid: 87193
[2026/09/25 14:46:08:9235] N: WS closed from (unix skt), clients: 5
[2026/09/25 14:46:08:9236] N: killing process, pid: 87198
[2026/09/25 14:46:08:9246] N: process killed with signal 0, pid: 87198
[2026/09/25 14:46:08:9460] N: WS closed from (unix skt), clients: 4
[2026/09/25 14:46:08:9461] N: killing process, pid: 87199
[2026/09/25 14:46:08:9466] N: process killed with signal 0, pid: 87199
[2026/09/25 14:46:09:3939] N: WS closed from (unix skt), clients: 3
[2026/09/25 14:46:09:3939] N: killing process, pid: 87194
[2026/09/25 14:46:09:3943] N: process killed with signal 0, pid: 87194
[2026/09/25 14:46:09:4328] N: WS closed from (unix skt), clients: 2
[2026/09/25 14:46:09:4328] N: killing process, pid: 87207
[2026/09/25 14:46:09:4333] N: process killed with signal 0, pid: 87207
[2026/09/25 14:46:10:5695] N: WS closed from (unix skt), clients: 1
[2026/09/25 14:46:10:5696] N: killing process, pid: 87197
[2026/09/25 14:46:10:5696] N: WS closed from (unix skt), clients: 0
[2026/09/25 14:46:10:5696] N: killing process, pid: 87218
[2026/09/25 14:46:10:5749] N: process killed with signal 0, pid: 87197
[2026/09/25 14:46:10:5749] N: process killed with signal 0, pid: 87218
[2026/09/25 14:46:10:5895] N: WS   /ws - (unix skt), clients: 1
[2026/09/25 14:46:10:5895] N: WS   /ws - (unix skt), clients: 2
[2026/09/25 14:46:10:5895] N: WS   /ws - (unix skt), clients: 3
[2026/09/25 14:46:10:5896] N: WS   /ws - (unix skt), clients: 4
[2026/09/25 14:46:10:5896] N: WS   /ws - (unix skt), clients: 5
[2026/09/25 14:46:10:5896] N: WS   /ws - (unix skt), clients: 6
[2026/09/25 14:46:10:5896] N: WS   /ws - (unix skt), clients: 7
[2026/09/25 14:46:10:5896] N: WS   /ws - (unix skt), clients: 8
[2026/09/25 14:46:10:5897] N: WS   /ws - (unix skt), clients: 9
[2026/09/25 14:46:10:5897] N: WS   /ws - (unix skt), clients: 10
[2026/09/25 14:46:10:5905] N: started process, pid: 87615
[2026/09/25 14:46:10:5911] N: started process, pid: 87616
[2026/09/25 14:46:10:5917] N: started process, pid: 87617
[2026/09/25 14:46:10:5925] N: started process, pid: 87618
[2026/09/25 14:46:10:5935] N: started process, pid: 87619
[2026/09/25 14:46:10:5944] N: started process, pid: 87620
[2026/09/25 14:46:10:5953] N: started process, pid: 87621
[2026/09/25 14:46:10:5966] N: started process, pid: 87622
[2026/09/25 14:46:10:5978] N: started process, pid: 87628
[2026/09/25 14:46:10:5998] N: started process, pid: 87636
[2026/09/25 14:46:10:7101] N: WS closed from (unix skt), clients: 9
[2026/09/25 14:46:10:7101] N: killing process, pid: 87617
[2026/09/25 14:46:10:7105] N: process killed with signal 1, pid: 87617
[2026/09/25 14:46:10:7789] N: WS closed from (unix skt), clients: 8
[2026/09/25 14:46:10:7790] N: killing process, pid: 87628
[2026/09/25 14:46:10:7792] N: process killed with signal 1, pid: 87628
[2026/09/25 14:46:10:9233] N: WS closed from (unix skt), clients: 7
[2026/09/25 14:46:10:9233] N: killing process, pid: 87615
[2026/09/25 14:46:10:9240] N: process killed with signal 0, pid: 87615
[2026/09/25 14:46:10:9350] N: WS closed from (unix skt), clients: 6
[2026/09/25 14:46:10:9350] N: killing process, pid: 87621
[2026/09/25 14:46:10:9356] N: process killed with signal 0, pid: 87621
[2026/09/25 14:46:10:9501] N: WS closed from (unix skt), clients: 5
[2026/09/25 14:46:10:9501] N: killing process, pid: 87619
[2026/09/25 14:46:10:9506] N: process killed with signal 0, pid: 87619
[2026/09/25 14:46:10:9665] N: WS closed from (unix skt), clients: 4
[2026/09/25 14:46:10:9665] N: killing process, pid: 87620
[2026/09/25 14:46:10:9668] N: process killed with signal 0, pid: 87620
[2026/09/25 14:46:11:4010] N: WS closed from (unix skt), clients: 3
[2026/09/25 14:46:11:4011] N: killing process, pid: 87616
[2026/09/25 14:46:11:4029] N: process killed with signal 0, pid: 87616
[2026/09/25 14:46:11:4807] N: WS closed from (unix skt), clients: 2
[2026/09/25 14:46:11:4807] N: killing process, pid: 87622
[2026/09/25 14:46:11:4814] N: process killed with signal 0, pid: 87622
[2026/09/25 14:46:12:5917] N: WS closed from (unix skt), clients: 1
[2026/09/25 14:46:12:5918] N: killing process, pid: 87618
[2026/09/25 14:46:12:5918] N: WS closed from (unix skt), clients: 0
[2026/09/25 14:46:12:5918] N: killing process, pid: 87636
[2026/09/25 14:46:12:5936] N: process killed with signal 0, pid: 87636
[2026/09/25 14:46:12:5937] N: process killed with signal 0, pid: 87618
[2026/09/25 14:46:12:6085] N: WS   /ws - (unix skt), clients: 1
[2026/09/25 14:46:12:6086] N: WS   /ws - (unix skt), clients: 2
[2026/09/25 14:46:12:6086] N: WS   /ws - (unix skt), clients: 3
[2026/09/25 14:46:12:6087] N: WS   /ws - (unix skt), clients: 4
[2026/09/25 14:46:12:6087] N: WS   /ws - (unix skt), clients: 5
[2026/09/25 14:46:12:6087] N: WS   /ws - (unix skt), clients: 6
[2026/09/25 14:46:12:6087] N: WS   /ws - (unix skt), clients: 7
[2026/09/25 14:46:12:6087] N: WS   /ws - (unix skt), clients: 8
[2026/09/25 14:46:12:6088] N: WS   /ws - (unix skt), clients: 9
[2026/09/25 14:46:12:6088] N: WS   /ws - (unix skt), clients: 10
[2026/09/25 14:46:12:6097] N: started process, pid: 88023
[2026/09/25 14:46:12:6103] N: started process, pid: 88024
[2026/09/25 14:46:12:6110] N: started process, pid: 88025
[2026/09/25 14:46:12:6118] N: started process, pid: 88026
[2026/09/25 14:46:12:6130] N: started process, pid: 88028
[2026/09/25 14:46:12:6144] N: started process, pid: 88029
[2026/09/25 14:46:12:6152] N: started process, pid: 88031
[2026/09/25 14:46:12:6167] N: started process, pid: 88032
[2026/09/25 14:46:12:6203] N: started process, pid: 88035
[2026/09/25 14:46:12:6228] N: started process, pid: 88045
[2026/09/25 14:46:12:7626] N: WS closed from (unix skt), clients: 9
[2026/09/25 14:46:12:7626] N: killing process, pid: 88025
[2026/09/25 14:46:12:7630] N: process killed with signal 1, pid: 88025
[2026/09/25 14:46:12:7904] N: WS closed from (unix skt), clients: 8
[2026/09/25 14:46:12:7904] N: killing process, pid: 88035
[2026/09/25 14:46:12:7906] N: process killed with signal 1, pid: 88035
[2026/09/25 14:46:12:9242] N: WS closed from (unix skt), clients: 7
[2026/09/25 14:46:12:9242] N: killing process, pid: 88023
[2026/09/25 14:46:12:9247] N: process killed with signal 0, pid: 88023
[2026/09/25 14:46:12:9369] N: WS closed from (unix skt), clients: 6
[2026/09/25 14:46:12:9370] N: killing process, pid: 88028
[2026/09/25 14:46:12:9375] N: process killed with signal 0, pid: 88028
[2026/09/25 14:46:12:9644] N: WS closed from (unix skt), clients: 5
[2026/09/25 14:46:12:9645] N: killing process, pid: 88029
[2026/09/25 14:46:12:9654] N: process killed with signal 0, pid: 88029
[2026/09/25 14:46:12:9911] N: WS closed from (unix skt), clients: 4
[2026/09/25 14:46:12:9911] N: killing process, pid: 88031
[2026/09/25 14:46:12:9915] N: process killed with signal 0, pid: 88031
[2026/09/25 14:46:13:3931] N: WS closed from (unix skt), clients: 3
[2026/09/25 14:46:13:3933] N: killing process, pid: 88024
[2026/09/25 14:46:13:3947] N: process killed with signal 0, pid: 88024
[2026/09/25 14:46:13:4778] N: WS closed from (unix skt), clients: 2
[2026/09/25 14:46:13:4778] N: killing process, pid: 88032
[2026/09/25 14:46:13:4787] N: process killed with signal 0, pid: 88032
[2026/09/25 14:46:14:6108] N: WS closed from (unix skt), clients: 1
[2026/09/25 14:46:14:6109] N: killing process, pid: 88026
[2026/09/25 14:46:14:6110] N: WS closed from (unix skt), clients: 0
[2026/09/25 14:46:14:6110] N: killing process, pid: 88045
[2026/09/25 14:46:14:6127] N: process killed with signal 0, pid: 88026
[2026/09/25 14:46:14:6151] N: process killed with signal 0, pid: 88045
[2026/09/25 14:46:14:6336] N: WS   /ws - (unix skt), clients: 1
[2026/09/25 14:46:14:6337] N: WS   /ws - (unix skt), clients: 2
[2026/09/25 14:46:14:6337] N: WS   /ws - (unix skt), clients: 3
[2026/09/25 14:46:14:6337] N: WS   /ws - (unix skt), clients: 4
[2026/09/25 14:46:14:6337] N: WS   /ws - (unix skt), clients: 5
[2026/09/25 14:46:14:6338] N: WS   /ws - (unix skt), clients: 6
[2026/09/25 14:46:14:6338] N: WS   /ws - (unix skt), clients: 7
[2026/09/25 14:46:14:6338] N: WS   /ws - (unix skt), clients: 8
[2026/09/25 14:46:14:6338] N: WS   /ws - (unix skt), clients: 9
[2026/09/25 14:46:14:6338] N: WS   /ws - (unix skt), clients: 10
[2026/09/25 14:46:14:6348] N: started process, pid: 88374
[2026/09/25 14:46:14:6356] N: started process, pid: 88375
[2026/09/25 14:46:14:6362] N: started process, pid: 88376
[2026/09/25 14:46:14:6370] N: started process, pid: 88377
[2026/09/25 14:46:14:6377] N: started process, pid: 88378
[2026/09/25 14:46:14:6388] N: started process, pid: 88379
[2026/09/25 14:46:14:6401] N: started process, pid: 88380
[2026/09/25 14:46:14:6410] N: started process, pid: 88381
[2026/09/25 14:46:14:6432] N: started process, pid: 88382
[2026/09/25 14:46:14:6460] N: started process, pid: 88390
[2026/09/25 14:46:14:7856] N: WS closed from (unix skt), clients: 9
[2026/09/25 14:46:14:7857] N: killing process, pid: 88376
[2026/09/25 14:46:14:7860] N: process killed with signal 1, pid: 88376
[2026/09/25 14:46:14:8094] N: WS closed from (unix skt), clients: 8
[2026/09/25 14:46:14:8095] N: killing process, pid: 88382
[2026/09/25 14:46:14:8098] N: process killed with signal 1, pid: 88382
[2026/09/25 14:46:14:9862] N: WS closed from (unix skt), clients: 7
[2026/09/25 14:46:14:9862] N: killing process, pid: 88379
[2026/09/25 14:46:14:9863] N: WS closed from (unix skt), clients: 6
[2026/09/25 14:46:14:9863] N: killing process, pid: 88374
[2026/09/25 14:46:14:9863] N: WS closed from (unix skt), clients: 5
[2026/09/25 14:46:14:9863] N: killing process, pid: 88381
[2026/09/25 14:46:14:9868] N: process killed with signal 0, pid: 88379
[2026/09/25 14:46:14:9869] N: process killed with signal 0, pid: 88381
[2026/09/25 14:46:14:9869] N: process killed with signal 0, pid: 88374
[2026/09/25 14:46:15:0125] N: WS closed from (unix skt), clients: 4
[2026/09/25 14:46:15:0125] N: killing process, pid: 88378
[2026/09/25 14:46:15:0128] N: process killed with signal 0, pid: 88378
[2026/09/25 14:46:15:4056] N: WS closed from (unix skt), clients: 3
[2026/09/25 14:46:15:4057] N: killing process, pid: 88375
[2026/09/25 14:46:15:4062] N: process killed with signal 0, pid: 88375
[2026/09/25 14:46:15:4994] N: WS closed from (unix skt), clients: 2
[2026/09/25 14:46:15:4995] N: killing process, pid: 88380
[2026/09/25 14:46:15:4999] N: process killed with signal 0, pid: 88380
[2026/09/25 14:46:16:6354] N: WS closed from (unix skt), clients: 1
[2026/09/25 14:46:16:6355] N: killing process, pid: 88377
[2026/09/25 14:46:16:6355] N: WS closed from (unix skt), clients: 0
[2026/09/25 14:46:16:6355] N: killing process, pid: 88390
[2026/09/25 14:46:16:6362] N: process killed with signal 0, pid: 88377
[2026/09/25 14:46:16:6370] N: process killed with signal 0, pid: 88390
[2026/09/25 14:46:16:6486] N: WS   /ws - (unix skt), clients: 1
[2026/09/25 14:46:16:6486] N: WS   /ws - (unix skt), clients: 2
[2026/09/25 14:46:16:6486] N: WS   /ws - (unix skt), clients: 3
[2026/09/25 14:46:16:6486] N: WS   /ws - (unix skt), clients: 4
[2026/09/25 14:46:16:6487] N: WS   /ws - (unix skt), clients: 5
[2026/09/25 14:46:16:6487] N: WS   /ws - (unix skt), clients: 6
[2026/09/25 14:46:16:6487] N: WS   /ws - (unix skt), clients: 7
[2026/09/25 14:46:16:6487] N: WS   /ws - (unix skt), clients: 8
[2026/09/25 14:46:16:6487] N: WS   /ws - (unix skt), clients: 9
[2026/09/25 14:46:16:6487] N: WS   /ws - (unix skt), clients: 10
[2026/09/25 14:46:16:6496] N: started process, pid: 88740
[2026/09/25 14:46:16:6510] N: started process, pid: 88741
[2026/09/25 14:46:16:6530] N: started process, pid: 88748
[2026/09/25 14:46:16:6549] N: started process, pid: 88749
[2026/09/25 14:46:16:6562] N: started process, pid: 88750
[2026/09/25 14:46:16:6583] N: started process, pid: 88751
[2026/09/25 14:46:16:6601] N: started process, pid: 88752
[2026/09/25 14:46:16:6619] N: started process, pid: 88753
[2026/09/25 14:46:16:6637] N: started process, pid: 88754
[2026/09/25 14:46:16:6649] N: started process, pid: 88755
[2026/09/25 14:46:16:7799] N: WS closed from (unix skt), clients: 9
[2026/09/25 14:46:16:7799] N: killing process, pid: 88748
[2026/09/25 14:46:16:7803] N: process killed with signal 1, pid: 88748
[2026/09/25 14:46:16:8469] N: WS closed from (unix skt), clients: 8
[2026/09/25 14:46:16:8470] N: killing process, pid: 88754
[2026/09/25 14:46:16:8473] N: process killed with signal 1, pid: 88754
[2026/09/25 14:46:16:9817] N: WS closed from (unix skt), clients: 7
[2026/09/25 14:46:16:9818] N: killing process, pid: 88752
[2026/09/25 14:46:16:9826] N: process killed with signal 0, pid: 88752
[2026/09/25 14:46:17:0000] N: WS closed from (unix skt), clients: 6
[2026/09/25 14:46:17:0001] N: killing process, pid: 88751
[2026/09/25 14:46:17:0009] N: process killed with signal 0, pid: 88751
[2026/09/25 14:46:17:0055] N: WS closed from (unix skt), clients: 5
[2026/09/25 14:46:17:0056] N: killing process, pid: 88740
[2026/09/25 14:46:17:0063] N: process killed with signal 0, pid: 88740
[2026/09/25 14:46:17:0441] N: WS closed from (unix skt), clients: 4
[2026/09/25 14:46:17:0442] N: killing process, pid: 88750
[2026/09/25 14:46:17:0445] N: process killed with signal 0, pid: 88750
[2026/09/25 14:46:17:5189] N: WS closed from (unix skt), clients: 3
[2026/09/25 14:46:17:5189] N: killing process, pid: 88753
[2026/09/25 14:46:17:5192] N: process killed with signal 0, pid: 88753
[2026/09/25 14:46:17:5328] N: WS closed from (unix skt), clients: 2
[2026/09/25 14:46:17:5328] N: killing process, pid: 88741
[2026/09/25 14:46:17:5334] N: process killed with signal 0, pid: 88741
[2026/09/25 14:46:18:6500] N: WS closed from (unix skt), clients: 1
[2026/09/25 14:46:18:6501] N: killing process, pid: 88749
[2026/09/25 14:46:18:6501] N: WS closed from (unix skt), clients: 0
[2026/09/25 14:46:18:6501] N: killing process, pid: 88755
[2026/09/25 14:46:18:6508] N: process killed with signal 0, pid: 88749
[2026/09/25 14:46:18:6513] N: process killed with signal 0, pid: 88755
[2026/09/25 14:46:18:6611] N: WS   /ws - (unix skt), clients: 1
[2026/09/25 14:46:18:6612] N: WS   /ws - (unix skt), clients: 2
[2026/09/25 14:46:18:6612] N: WS   /ws - (unix skt), clients: 3
[2026/09/25 14:46:18:6612] N: WS   /ws - (unix skt), clients: 4
[2026/09/25 14:46:18:6612] N: WS   /ws - (unix skt), clients: 5
[2026/09/25 14:46:18:6612] N: WS   /ws - (unix skt), clients: 6
[2026/09/25 14:46:18:6613] N: WS   /ws - (unix skt), clients: 7
[2026/09/25 14:46:18:6613] N: WS   /ws - (unix skt), clients: 8
[2026/09/25 14:46:18:6613] N: WS   /ws - (unix skt), clients: 9
[2026/09/25 14:46:18:6613] N: WS   /ws - (unix skt), clients: 10
[2026/09/25 14:46:18:6622] N: started process, pid: 89181
[2026/09/25 14:46:18:6629] N: started process, pid: 89182
[2026/09/25 14:46:18:6634] N: started process, pid: 89183
[2026/09/25 14:46:18:6640] N: started process, pid: 89184
[2026/09/25 14:46:18:6650] N: started process, pid: 89185
[2026/09/25 14:46:18:6657] N: started process, pid: 89186
[2026/09/25 14:46:18:6663] N: started process, pid: 89187
[2026/09/25 14:46:18:6678] N: started process, pid: 89188
[2026/09/25 14:46:18:6688] N: started process, pid: 89194
[2026/09/25 14:46:18:6706] N: started process, pid: 89200
[2026/09/25 14:46:18:8014] N: WS closed from (unix skt), clients: 9
[2026/09/25 14:46:18:8014] N: killing process, pid: 89183
[2026/09/25 14:46:18:8019] N: process killed with signal 1, pid: 89183
[2026/09/25 14:46:18:8481] N: WS closed from (unix skt), clients: 8
[2026/09/25 14:46:18:8481] N: killing process, pid: 89194
[2026/09/25 14:46:18:8483] N: process killed with signal 1, pid: 89194
[2026/09/25 14:46:18:9868] N: WS closed from (unix skt), clients: 7
[2026/09/25 14:46:18:9868] N: killing process, pid: 89181
[2026/09/25 14:46:18:9874] N: process killed with signal 0, pid: 89181
[2026/09/25 14:46:19:0119] N: WS closed from (unix skt), clients: 6
[2026/09/25 14:46:19:0119] N: killing process, pid: 89187
[2026/09/25 14:46:19:0124] N: process killed with signal 0, pid: 89187
[2026/09/25 14:46:19:0510] N: WS closed from (unix skt), clients: 5
[2026/09/25 14:46:19:0511] N: killing process, pid: 89185
[2026/09/25 14:46:19:0511] N: WS closed from (unix skt), clients: 4
[2026/09/25 14:46:19:0511] N: killing process, pid: 89186
[2026/09/25 14:46:19:0515] N: process killed with signal 0, pid: 89185
[2026/09/25 14:46:19:0516] N: process killed with signal 0, pid: 89186
[2026/09/25 14:46:19:5039] N: WS closed from (unix skt), clients: 3
[2026/09/25 14:46:19:5039] N: killing process, pid: 89182
[2026/09/25 14:46:19:5043] N: process killed with signal 0, pid: 89182
[2026/09/25 14:46:19:5395] N: WS closed from (unix skt), clients: 2
[2026/09/25 14:46:19:5395] N: killing process, pid: 89188
[2026/09/25 14:46:19:5400] N: process killed with signal 0, pid: 89188
[2026/09/25 14:46:20:6633] N: WS closed from (unix skt), clients: 1
[2026/09/25 14:46:20:6634] N: killing process, pid: 89184
[2026/09/25 14:46:20:6635] N: WS closed from (unix skt), clients: 0
[2026/09/25 14:46:20:6636] N: killing process, pid: 89200
[2026/09/25 14:46:20:6663] N: process killed with signal 0, pid: 89184
[2026/09/25 14:46:20:6665] N: process killed with signal 0, pid: 89200
[2026/09/25 14:46:20:7174] N: WS   /ws - (unix skt), clients: 1
[2026/09/25 14:46:20:7175] N: WS   /ws - (unix skt), clients: 2
[2026/09/25 14:46:20:7175] N: WS   /ws - (unix skt), clients: 3
[2026/09/25 14:46:20:7176] N: WS   /ws - (unix skt), clients: 4
[2026/09/25 14:46:20:7176] N: WS   /ws - (unix skt), clients: 5
[2026/09/25 14:46:20:7176] N: WS   /ws - (unix skt), clients: 6
[2026/09/25 14:46:20:7176] N: WS   /ws - (unix skt), clients: 7
[2026/09/25 14:46:20:7176] N: WS   /ws - (unix skt), clients: 8
[2026/09/25 14:46:20:7177] N: WS   /ws - (unix skt), clients: 9
[2026/09/25 14:46:20:7177] N: WS   /ws - (unix skt), clients: 10
[2026/09/25 14:46:20:7187] N: started process, pid: 89647
[2026/09/25 14:46:20:7194] N: started process, pid: 89648
[2026/09/25 14:46:20:7201] N: started process, pid: 89649
[2026/09/25 14:46:20:7210] N: started process, pid: 89650
[2026/09/25 14:46:20:7226] N: started process, pid: 89651
[2026/09/25 14:46:20:7235] N: started process, pid: 89652
[2026/09/25 14:46:20:7244] N: started process, pid: 89653
[2026/09/25 14:46:20:7264] N: started process, pid: 89654
[2026/09/25 14:46:20:7287] N: started process, pid: 89661
[2026/09/25 14:46:20:7310] N: started process, pid: 89671
[2026/09/25 14:46:20:8597] N: WS closed from (unix skt), clients: 9
[2026/09/25 14:46:20:8598] N: killing process, pid: 89649
[2026/09/25 14:46:20:8602] N: process killed with signal 1, pid: 89649
[2026/09/25 14:46:20:8980] N: WS closed from (unix skt), clients: 8
[2026/09/25 14:46:20:8980] N: killing process, pid: 89661
[2026/09/25 14:46:20:8983] N: process killed with signal 1, pid: 89661
[2026/09/25 14:46:21:0498] N: WS closed from (unix skt), clients: 7
[2026/09/25 14:46:21:0498] N: killing process, pid: 89647
[2026/09/25 14:46:21:0503] N: process killed with signal 0, pid: 89647
[2026/09/25 14:46:21:0619] N: WS closed from (unix skt), clients: 6
[2026/09/25 14:46:21:0619] N: killing process, pid: 89652
[2026/09/25 14:46:21:0623] N: process killed with signal 0, pid: 89652
[2026/09/25 14:46:21:0990] N: WS closed from (unix skt), clients: 5
[2026/09/25 14:46:21:0990] N: killing process, pid: 89651
[2026/09/25 14:46:21:0990] N: WS closed from (unix skt), clients: 4
[2026/09/25 14:46:21:0990] N: killing process, pid: 89653
[2026/09/25 14:46:21:0994] N: process killed with signal 0, pid: 89651
[2026/09/25 14:46:21:0995] N: process killed with signal 0, pid: 89653
[2026/09/25 14:46:21:4832] N: WS closed from (unix skt), clients: 3
[2026/09/25 14:46:21:4833] N: killing process, pid: 89648
[2026/09/25 14:46:21:4848] N: process killed with signal 0, pid: 89648
[2026/09/25 14:46:21:6004] N: WS closed from (unix skt), clients: 2
[2026/09/25 14:46:21:6004] N: killing process, pid: 89654
[2026/09/25 14:46:21:6013] N: process killed with signal 0, pid: 89654
[2026/09/25 14:46:22:7285] N: WS closed from (unix skt), clients: 1
[2026/09/25 14:46:22:7287] N: killing process, pid: 89650
[2026/09/25 14:46:22:7287] N: WS closed from (unix skt), clients: 0
[2026/09/25 14:46:22:7288] N: killing process, pid: 89671
[2026/09/25 14:46:22:7349] N: process killed with signal 0, pid: 89650
[2026/09/25 14:46:22:7350] N: process killed with signal 0, pid: 89671
[2026/09/25 14:46:22:7493] N: WS   /ws - (unix skt), clients: 1
[2026/09/25 14:46:22:7494] N: WS   /ws - (unix skt), clients: 2
[2026/09/25 14:46:22:7494] N: WS   /ws - (unix skt), clients: 3
[2026/09/25 14:46:22:7494] N: WS   /ws - (unix skt), clients: 4
[2026/09/25 14:46:22:7495] N: WS   /ws - (unix skt), clients: 5
[2026/09/25 14:46:22:7495] N: WS   /ws - (unix skt), clients: 6
[2026/09/25 14:46:22:7495] N: WS   /ws - (unix skt), clients: 7
[2026/09/25 14:46:22:7495] N: WS   /ws - (unix skt), clients: 8
[2026/09/25 14:46:22:7495] N: WS   /ws - (unix skt), clients: 9
[2026/09/25 14:46:22:7495] N: WS   /ws - (unix skt), clients: 10
[2026/09/25 14:46:22:7504] N: started process, pid: 89996
[2026/09/25 14:46:22:7510] N: started process, pid: 89997
[2026/09/25 14:46:22:7515] N: started process, pid: 89998
[2026/09/25 14:46:22:7523] N: started process, pid: 89999
[2026/09/25 14:46:22:7532] N: started process, pid: 90000
[2026/09/25 14:46:22:7539] N: started process, pid: 90001
[2026/09/25 14:46:22:7549] N: started process, pid: 90002
[2026/09/25 14:46:22:7565] N: started process, pid: 90003
[2026/09/25 14:46:22:7581] N: started process, pid: 90009
[2026/09/25 14:46:22:7600] N: started process, pid: 90017
[2026/09/25 14:46:22:8157] N: WS closed from (unix skt), clients: 9
[2026/09/25 14:46:22:8158] N: killing process, pid: 89998
[2026/09/25 14:46:22:8162] N: process killed with signal 1, pid: 89998
[2026/09/25 14:46:22:9352] N: WS closed from (unix skt), clients: 8
[2026/09/25 14:46:22:9352] N: killing process, pid: 90009
[2026/09/25 14:46:22:9355] N: process killed with signal 1, pid: 90009
[2026/09/25 14:46:23:0705] N: WS closed from (unix skt), clients: 7
[2026/09/25 14:46:23:0705] N: killing process, pid: 89996
[2026/09/25 14:46:23:0710] N: process killed with signal 0, pid: 89996
[2026/09/25 14:46:23:0956] N: WS closed from (unix skt), clients: 6
[2026/09/25 14:46:23:0956] N: killing process, pid: 90000
[2026/09/25 14:46:23:0959] N: process killed with signal 0, pid: 90000
[2026/09/25 14:46:23:1077] N: WS closed from (unix skt), clients: 5
[2026/09/25 14:46:23:1077] N: killing process, pid: 90001
[2026/09/25 14:46:23:1080] N: process killed with signal 0, pid: 90001
[2026/09/25 14:46:23:1327] N: WS closed from (unix skt), clients: 4
[2026/09/25 14:46:23:1328] N: killing process, pid: 90002
[2026/09/25 14:46:23:1332] N: process killed with signal 0, pid: 90002
[2026/09/25 14:46:23:5719] N: WS closed from (unix skt), clients: 3
[2026/09/25 14:46:23:5720] N: killing process, pid: 89997
[2026/09/25 14:46:23:5728] N: process killed with signal 0, pid: 89997
[2026/09/25 14:46:23:6391] N: WS closed from (unix skt), clients: 2
[2026/09/25 14:46:23:6391] N: killing process, pid: 90003
[2026/09/25 14:46:23:6396] N: process killed with signal 0, pid: 90003
[2026/09/25 14:46:24:7515] N: WS closed from (unix skt), clients: 1
[2026/09/25 14:46:24:7517] N: killing process, pid: 89999
[2026/09/25 14:46:24:7518] N: WS closed from (unix skt), clients: 0
[2026/09/25 14:46:24:7518] N: killing process, pid: 90017
[2026/09/25 14:46:24:7537] N: process killed with signal 0, pid: 90017
[2026/09/25 14:46:24:7538] N: process killed with signal 0, pid: 89999
[2026/09/25 14:46:24:7762] N: WS   /ws - (unix skt), clients: 1
[2026/09/25 14:46:24:7763] N: WS   /ws - (unix skt), clients: 2
[2026/09/25 14:46:24:7763] N: WS   /ws - (unix skt), clients: 3
[2026/09/25 14:46:24:7764] N: WS   /ws - (unix skt), clients: 4
[2026/09/25 14:46:24:7764] N: WS   /ws - (unix skt), clients: 5
[2026/09/25 14:46:24:7764] N: WS   /ws - (unix skt), clients: 6
[2026/09/25 14:46:24:7764] N: WS   /ws - (unix skt), clients: 7
[2026/09/25 14:46:24:7765] N: WS   /ws - (unix skt), clients: 8
[2026/09/25 14:46:24:7765] N: WS   /ws - (unix skt), clients: 9
[2026/09/25 14:46:24:7765] N: WS   /ws - (unix skt), clients: 10
[2026/09/25 14:46:24:7778] N: started process, pid: 90251
[2026/09/25 14:46:24:7787] N: started process, pid: 90252
[2026/09/25 14:46:24:7794] N: started process, pid: 90253
[2026/09/25 14:46:24:7804] N: started process, pid: 90254
[2026/09/25 14:46:24:7816] N: started process, pid: 90255
[2026/09/25 14:46:24:7824] N: started process, pid: 90256
[2026/09/25 14:46:24:7840] N: started process, pid: 90257
[2026/09/25 14:46:24:7863] N: started process, pid: 90259
[2026/09/25 14:46:24:7886] N: started process, pid: 90264
[2026/09/25 14:46:24:7905] N: started process, pid: 90272
[2026/09/25 14:46:24:8837] N: WS closed from (unix skt), clients: 9
[2026/09/25 14:46:24:8837] N: killing process, pid: 90253
[2026/09/25 14:46:24:8841] N: process killed with signal 1, pid: 90253
[2026/09/25 14:46:24:9386] N: WS closed from (unix skt), clients: 8
[2026/09/25 14:46:24:9387] N: killing process, pid: 90264
[2026/09/25 14:46:24:9390] N: process killed with signal 1, pid: 90264
[2026/09/25 14:46:25:0731] N: WS closed from (unix skt), clients: 7
[2026/09/25 14:46:25:0732] N: killing process, pid: 90251
[2026/09/25 14:46:25:0736] N: process killed with signal 0, pid: 90251
[2026/09/25 14:46:25:1129] N: WS closed from (unix skt), clients: 6
[2026/09/25 14:46:25:1129] N: killing process, pid: 90255
[2026/09/25 14:46:25:1133] N: process killed with signal 0, pid: 90255
[2026/09/25 14:46:25:1411] N: WS closed from (unix skt), clients: 5
[2026/09/25 14:46:25:1411] N: killing process, pid: 90256
[2026/09/25 14:46:25:1416] N: process killed with signal 0, pid: 90256
[2026/09/25 14:46:25:1702] N: WS closed from (unix skt), clients: 4
[2026/09/25 14:46:25:1702] N: killing process, pid: 90259
[2026/09/25 14:46:25:1707] N: process killed with signal 0, pid: 90259
[2026/09/25 14:46:25:5738] N: WS closed from (unix skt), clients: 3
[2026/09/25 14:46:25:5739] N: killing process, pid: 90252
[2026/09/25 14:46:25:5746] N: process killed with signal 0, pid: 90252
[2026/09/25 14:46:25:6285] N: WS closed from (unix skt), clients: 2
[2026/09/25 14:46:25:6285] N: killing process, pid: 90257
[2026/09/25 14:46:25:6291] N: process killed with signal 0, pid: 90257
[2026/09/25 14:46:26:7787] N: WS closed from (unix skt), clients: 1
[2026/09/25 14:46:26:7788] N: killing process, pid: 90254
[2026/09/25 14:46:26:7789] N: WS closed from (unix skt), clients: 0
[2026/09/25 14:46:26:7789] N: killing process, pid: 90272
[2026/09/25 14:46:26:7799] N: process killed with signal 0, pid: 90254
[2026/09/25 14:46:26:7812] N: process killed with signal 0, pid: 90272
[2026/09/25 14:46:26:8005] N: WS   /ws - (unix skt), clients: 1
[2026/09/25 14:46:26:8006] N: WS   /ws - (unix skt), clients: 2
[2026/09/25 14:46:26:8007] N: WS   /ws - (unix skt), clients: 3
[2026/09/25 14:46:26:8008] N: WS   /ws - (unix skt), clients: 4
[2026/09/25 14:46:26:8008] N: WS   /ws - (unix skt), clients: 5
[2026/09/25 14:46:26:8009] N: WS   /ws - (unix skt), clients: 6
[2026/09/25 14:46:26:8009] N: WS   /ws - (unix skt), clients: 7
[2026/09/25 14:46:26:8010] N: WS   /ws - (unix skt), clients: 8
[2026/09/25 14:46:26:8010] N: WS   /ws - (unix skt), clients: 9
[2026/09/25 14:46:26:8011] N: WS   /ws - (unix skt), clients: 10
[2026/09/25 14:46:26:8027] N: started process, pid: 90537
[2026/09/25 14:46:26:8042] N: started process, pid: 90538
[2026/09/25 14:46:26:8072] N: started process, pid: 90539
[2026/09/25 14:46:26:8085] N: started process, pid: 90540
[2026/09/25 14:46:26:8097] N: started process, pid: 90541
[2026/09/25 14:46:26:8112] N: started process, pid: 90542
[2026/09/25 14:46:26:8130] N: started process, pid: 90544
[2026/09/25 14:46:26:8145] N: started process, pid: 90547
[2026/09/25 14:46:26:8174] N: started process, pid: 90551
[2026/09/25 14:46:26:8216] N: started process, pid: 90559
[2026/09/25 14:46:26:9220] N: WS closed from (unix skt), clients: 9
[2026/09/25 14:46:26:9222] N: killing process, pid: 90539
[2026/09/25 14:46:26:9226] N: process killed with signal 1, pid: 90539
[2026/09/25 14:46:26:9767] N: WS closed from (unix skt), clients: 8
[2026/09/25 14:46:26:9768] N: killing process, pid: 90547
[2026/09/25 14:46:26:9774] N: process killed with signal 1, pid: 90547
[2026/09/25 14:46:27:1370] N: WS closed from (unix skt), clients: 7
[2026/09/25 14:46:27:1370] N: killing process, pid: 90537
[2026/09/25 14:46:27:1371] N: WS closed from (unix skt), clients: 6
[2026/09/25 14:46:27:1371] N: killing process, pid: 90542
[2026/09/25 14:46:27:1371] N: WS closed from (unix skt), clients: 5
[2026/09/25 14:46:27:1371] N: killing process, pid: 90541
[2026/09/25 14:46:27:1376] N: process killed with signal 0, pid: 90542
[2026/09/25 14:46:27:1376] N: process killed with signal 0, pid: 90537
[2026/09/25 14:46:27:1376] N: process killed with signal 0, pid: 90541
[2026/09/25 14:46:27:1913] N: WS closed from (unix skt), clients: 4
[2026/09/25 14:46:27:1913] N: killing process, pid: 90551
[2026/09/25 14:46:27:1918] N: process killed with signal 0, pid: 90551
[2026/09/25 14:46:27:6385] N: WS closed from (unix skt), clients: 3
[2026/09/25 14:46:27:6385] N: killing process, pid: 90538
[2026/09/25 14:46:27:6391] N: process killed with signal 0, pid: 90538
[2026/09/25 14:46:27:6806] N: WS closed from (unix skt), clients: 2
[2026/09/25 14:46:27:6806] N: killing process, pid: 90544
[2026/09/25 14:46:27:6811] N: process killed with signal 0, pid: 90544
[2026/09/25 14:46:28:8004] N: WS closed from (unix skt), clients: 1
[2026/09/25 14:46:28:8005] N: killing process, pid: 90540
[2026/09/25 14:46:28:8011] N: process killed with signal 0, pid: 90540
[2026/09/25 14:46:28:8018] N: WS closed from (unix skt), clients: 0
[2026/09/25 14:46:28:8018] N: killing process, pid: 90559
[2026/09/25 14:46:28:8038] N: process killed with signal 0, pid: 90559
[2026/09/25 14:46:28:8124] N: WS   /ws - (unix skt), clients: 1
[2026/09/25 14:46:28:8125] N: WS   /ws - (unix skt), clients: 2
[2026/09/25 14:46:28:8125] N: WS   /ws - (unix skt), clients: 3
[2026/09/25 14:46:28:8125] N: WS   /ws - (unix skt), clients: 4
[2026/09/25 14:46:28:8125] N: WS   /ws - (unix skt), clients: 5
[2026/09/25 14:46:28:8125] N: WS   /ws - (unix skt), clients: 6
[2026/09/25 14:46:28:8125] N: WS   /ws - (unix skt), clients: 7
[2026/09/25 14:46:28:8126] N: WS   /ws - (unix skt), clients: 8
[2026/09/25 14:46:28:8126] N: WS   /ws - (unix skt), clients: 9
[2026/09/25 14:46:28:8126] N: WS   /ws - (unix skt), clients: 10
[2026/09/25 14:46:28:8133] N: started process, pid: 90840
[2026/09/25 14:46:28:8139] N: started process, pid: 90841
[2026/09/25 14:46:28:8144] N: started process, pid: 90843
[2026/09/25 14:46:28:8159] N: started process, pid: 90853
[2026/09/25 14:46:28:8167] N: started process, pid: 90856
[2026/09/25 14:46:28:8176] N: started process, pid: 90857
[2026/09/25 14:46:28:8204] N: started process, pid: 90858
[2026/09/25 14:46:28:8223] N: started process, pid: 90863
[2026/09/25 14:46:28:8249] N: started process, pid: 90867
[2026/09/25 14:46:28:8271] N: started process, pid: 90873
[2026/09/25 14:46:28:9048] N: WS closed from (unix skt), clients: 9
[2026/09/25 14:46:28:9048] N: killing process, pid: 90843
[2026/09/25 14:46:28:9053] N: process killed with signal 1, pid: 90843
[2026/09/25 14:46:28:9914] N: WS closed from (unix skt), clients: 8
[2026/09/25 14:46:28:9914] N: killing process, pid: 90867
[2026/09/25 14:46:28:9919] N: process killed with signal 1, pid: 90867
[2026/09/25 14:46:29:1187] N: WS closed from (unix skt), clients: 7
[2026/09/25 14:46:29:1188] N: killing process, pid: 90840
[2026/09/25 14:46:29:1192] N: process killed with signal 0, pid: 90840
[2026/09/25 14:46:29:1579] N: WS closed from (unix skt), clients: 6
[2026/09/25 14:46:29:1580] N: killing process, pid: 90856
[2026/09/25 14:46:29:1585] N: process killed with signal 0, pid: 90856
[2026/09/25 14:46:29:1690] N: WS closed from (unix skt), clients: 5
[2026/09/25 14:46:29:1691] N: killing process, pid: 90857
[2026/09/25 14:46:29:1696] N: process killed with signal 0, pid: 90857
[2026/09/25 14:46:29:1791] N: WS closed from (unix skt), clients: 4
[2026/09/25 14:46:29:1792] N: killing process, pid: 90858
[2026/09/25 14:46:29:1796] N: process killed with signal 0, pid: 90858
[2026/09/25 14:46:29:6086] N: WS closed from (unix skt), clients: 3
[2026/09/25 14:46:29:6086] N: killing process, pid: 90841
[2026/09/25 14:46:29:6094] N: process killed with signal 0, pid: 90841
[2026/09/25 14:46:29:6950] N: WS closed from (unix skt), clients: 2
[2026/09/25 14:46:29:6951] N: killing process, pid: 90863
[2026/09/25 14:46:29:6959] N: process killed with signal 0, pid: 90863
[2026/09/25 14:46:30:8150] N: WS closed from (unix skt), clients: 1
[2026/09/25 14:46:30:8151] N: killing process, pid: 90853
[2026/09/25 14:46:30:8152] N: WS closed from (unix skt), clients: 0
[2026/09/25 14:46:30:8152] N: killing process, pid: 90873
[2026/09/25 14:46:30:8161] N: process killed with signal 0, pid: 90853
[2026/09/25 14:46:30:8169] N: process killed with signal 0, pid: 90873
[2026/09/25 14:46:30:8355] N: WS   /ws - (unix skt), clients: 1
[2026/09/25 14:46:30:8356] N: WS   /ws - (unix skt), clients: 2
[2026/09/25 14:46:30:8356] N: WS   /ws - (unix skt), clients: 3
[2026/09/25 14:46:30:8356] N: WS   /ws - (unix skt), clients: 4
[2026/09/25 14:46:30:8356] N: WS   /ws - (unix skt), clients: 5
[2026/09/25 14:46:30:8357] N: WS   /ws - (unix skt), clients: 6
[2026/09/25 14:46:30:8357] N: WS   /ws - (unix skt), clients: 7
[2026/09/25 14:46:30:8357] N: WS   /ws - (unix skt), clients: 8
[2026/09/25 14:46:30:8357] N: WS   /ws - (unix skt), clients: 9
[2026/09/25 14:46:30:8357] N: WS   /ws - (unix skt), clients: 10
[2026/09/25 14:46:30:8369] N: started process, pid: 91188
[2026/09/25 14:46:30:8381] N: started process, pid: 91189
[2026/09/25 14:46:30:8388] N: started process, pid: 91190
[2026/09/25 14:46:30:8400] N: started process, pid: 91191
[2026/09/25 14:46:30:8412] N: started process, pid: 91192
[2026/09/25 14:46:30:8426] N: started process, pid: 91194
[2026/09/25 14:46:30:8449] N: started process, pid: 91202
[2026/09/25 14:46:30:8463] N: started process, pid: 91203
[2026/09/25 14:46:30:8473] N: started process, pid: 91205
[2026/09/25 14:46:30:8483] N: started process, pid: 91211
[2026/09/25 14:46:30:9814] N: WS closed from (unix skt), clients: 9
[2026/09/25 14:46:30:9814] N: killing process, pid: 91191
[2026/09/25 14:46:30:9818] N: process killed with signal 1, pid: 91191
[2026/09/25 14:46:31:0090] N: WS closed from (unix skt), clients: 8
[2026/09/25 14:46:31:0090] N: killing process, pid: 91205
[2026/09/25 14:46:31:0096] N: process killed with signal 1, pid: 91205
[2026/09/25 14:46:31:1243] N: WS closed from (unix skt), clients: 7
[2026/09/25 14:46:31:1244] N: killing process, pid: 91189
[2026/09/25 14:46:31:1248] N: process killed with signal 0, pid: 91189
[2026/09/25 14:46:31:1365] N: WS closed from (unix skt), clients: 6
[2026/09/25 14:46:31:1366] N: killing process, pid: 91188
[2026/09/25 14:46:31:1370] N: process killed with signal 0, pid: 91188
[2026/09/25 14:46:31:1717] N: WS closed from (unix skt), clients: 5
[2026/09/25 14:46:31:1717] N: killing process, pid: 91202
[2026/09/25 14:46:31:1721] N: process killed with signal 0, pid: 91202
[2026/09/25 14:46:31:2166] N: WS closed from (unix skt), clients: 4
[2026/09/25 14:46:31:2166] N: killing process, pid: 91194
[2026/09/25 14:46:31:2178] N: process killed with signal 0, pid: 91194
[2026/09/25 14:46:31:6472] N: WS closed from (unix skt), clients: 3
[2026/09/25 14:46:31:6473] N: killing process, pid: 91190
[2026/09/25 14:46:31:6480] N: process killed with signal 0, pid: 91190
[2026/09/25 14:46:31:7144] N: WS closed from (unix skt), clients: 2
[2026/09/25 14:46:31:7145] N: killing process, pid: 91203
[2026/09/25 14:46:31:7157] N: process killed with signal 0, pid: 91203
[2026/09/25 14:46:32:8379] N: WS closed from (unix skt), clients: 1
[2026/09/25 14:46:32:8380] N: killing process, pid: 91192
[2026/09/25 14:46:32:8380] N: WS closed from (unix skt), clients: 0
[2026/09/25 14:46:32:8381] N: killing process, pid: 91211
[2026/09/25 14:46:32:8396] N: process killed with signal 0, pid: 91211
[2026/09/25 14:46:32:8397] N: process killed with signal 0, pid: 91192
[2026/09/25 14:46:32:8527] N: WS   /ws - (unix skt), clients: 1
[2026/09/25 14:46:32:8528] N: WS   /ws - (unix skt), clients: 2
[2026/09/25 14:46:32:8529] N: WS   /ws - (unix skt), clients: 3
[2026/09/25 14:46:32:8529] N: WS   /ws - (unix skt), clients: 4
[2026/09/25 14:46:32:8529] N: WS   /ws - (unix skt), clients: 5
[2026/09/25 14:46:32:8530] N: WS   /ws - (unix skt), clients: 6
[2026/09/25 14:46:32:8530] N: WS   /ws - (unix skt), clients: 7
[2026/09/25 14:46:32:8530] N: WS   /ws - (unix skt), clients: 8
[2026/09/25 14:46:32:8531] N: WS   /ws - (unix skt), clients: 9
[2026/09/25 14:46:32:8531] N: WS   /ws - (unix skt), clients: 10
[2026/09/25 14:46:32:8541] N: started process, pid: 91488
[2026/09/25 14:46:32:8554] N: started process, pid: 91489
[2026/09/25 14:46:32:8564] N: started process, pid: 91490
[2026/09/25 14:46:32:8573] N: started process, pid: 91491
[2026/09/25 14:46:32:8584] N: started process, pid: 91492
[2026/09/25 14:46:32:8594] N: started process, pid: 91493
[2026/09/25 14:46:32:8603] N: started process, pid: 91494
[2026/09/25 14:46:32:8614] N: started process, pid: 91495
[2026/09/25 14:46:32:8626] N: started process, pid: 91501
[2026/09/25 14:46:32:8634] N: started process, pid: 91504
[2026/09/25 14:46:33:0113] N: WS closed from (unix skt), clients: 9
[2026/09/25 14:46:33:0114] N: killing process, pid: 91492
[2026/09/25 14:46:33:0118] N: process killed with signal 1, pid: 91492
[2026/09/25 14:46:33:0362] N: WS closed from (unix skt), clients: 8
[2026/09/25 14:46:33:0363] N: killing process, pid: 91501
[2026/09/25 14:46:33:0365] N: process killed with signal 1, pid: 91501
[2026/09/25 14:46:33:1385] N: WS closed from (unix skt), clients: 7
[2026/09/25 14:46:33:1386] N: killing process, pid: 91488
[2026/09/25 14:46:33:1391] N: process killed with signal 0, pid: 91488
[2026/09/25 14:46:33:1506] N: WS closed from (unix skt), clients: 6
[2026/09/25 14:46:33:1507] N: killing process, pid: 91490
[2026/09/25 14:46:33:1511] N: process killed with signal 0, pid: 91490
[2026/09/25 14:46:33:1768] N: WS closed from (unix skt), clients: 5
[2026/09/25 14:46:33:1768] N: killing process, pid: 91489
[2026/09/25 14:46:33:1772] N: process killed with signal 0, pid: 91489
[2026/09/25 14:46:33:2016] N: WS closed from (unix skt), clients: 4
[2026/09/25 14:46:33:2016] N: killing process, pid: 91494
[2026/09/25 14:46:33:2021] N: process killed with signal 0, pid: 91494
[2026/09/25 14:46:33:6916] N: WS closed from (unix skt), clients: 3
[2026/09/25 14:46:33:6916] N: killing process, pid: 91491
[2026/09/25 14:46:33:6920] N: process killed with signal 0, pid: 91491
[2026/09/25 14:46:33:7414] N: WS closed from (unix skt), clients: 2
[2026/09/25 14:46:33:7415] N: killing process, pid: 91495
[2026/09/25 14:46:33:7418] N: process killed with signal 0, pid: 91495
[2026/09/25 14:46:34:8545] N: WS closed from (unix skt), clients: 1
[2026/09/25 14:46:34:8546] N: killing process, pid: 91493
[2026/09/25 14:46:34:8547] N: WS closed from (unix skt), clients: 0
[2026/09/25 14:46:34:8548] N: killing process, pid: 91504
[2026/09/25 14:46:34:8564] N: process killed with signal 0, pid: 91493
[2026/09/25 14:46:34:8579] N: process killed with signal 0, pid: 91504
[2026/09/25 14:46:34:8772] N: WS   /ws - (unix skt), clients: 1
[2026/09/25 14:46:34:8773] N: WS   /ws - (unix skt), clients: 2
[2026/09/25 14:46:34:8773] N: WS   /ws - (unix skt), clients: 3
[2026/09/25 14:46:34:8773] N: WS   /ws - (unix skt), clients: 4
[2026/09/25 14:46:34:8773] N: WS   /ws - (unix skt), clients: 5
[2026/09/25 14:46:34:8774] N: WS   /ws - (unix skt), clients: 6
[2026/09/25 14:46:34:8774] N: WS   /ws - (unix skt), clients: 7
[2026/09/25 14:46:34:8774] N: WS   /ws - (unix skt), clients: 8
[2026/09/25 14:46:34:8774] N: WS   /ws - (unix skt), clients: 9
[2026/09/25 14:46:34:8774] N: WS   /ws - (unix skt), clients: 10
[2026/09/25 14:46:34:8788] N: started process, pid: 91837
[2026/09/25 14:46:34:8798] N: started process, pid: 91838
[2026/09/25 14:46:34:8810] N: started process, pid: 91839
[2026/09/25 14:46:34:8827] N: started process, pid: 91840
[2026/09/25 14:46:34:8845] N: started process, pid: 91841
[2026/09/25 14:46:34:8860] N: started process, pid: 91842
[2026/09/25 14:46:34:8873] N: started process, pid: 91843
[2026/09/25 14:46:34:8883] N: started process, pid: 91844
[2026/09/25 14:46:34:8903] N: started process, pid: 91845
[2026/09/25 14:46:34:8930] N: started process, pid: 91847
[2026/09/25 14:46:35:0339] N: WS closed from (unix skt), clients: 9
[2026/09/25 14:46:35:0339] N: killing process, pid: 91839
[2026/09/25 14:46:35:0343] N: process killed with signal 1, pid: 91839
[2026/09/25 14:46:35:0596] N: WS closed from (unix skt), clients: 8
[2026/09/25 14:46:35:0597] N: killing process, pid: 91845
[2026/09/25 14:46:35:0600] N: process killed with signal 1, pid: 91845
[2026/09/25 14:46:35:1725] N: WS closed from (unix skt), clients: 7
[2026/09/25 14:46:35:1726] N: killing process, pid: 91837
[2026/09/25 14:46:35:1730] N: process killed with signal 0, pid: 91837
[2026/09/25 14:46:35:2356] N: WS closed from (unix skt), clients: 6
[2026/09/25 14:46:35:2357] N: killing process, pid: 91842
[2026/09/25 14:46:35:2362] N: process killed with signal 0, pid: 91842
[2026/09/25 14:46:35:2738] N: WS closed from (unix skt), clients: 5
[2026/09/25 14:46:35:2738] N: killing process, pid: 91841
[2026/09/25 14:46:35:2738] N: WS closed from (unix skt), clients: 4
[2026/09/25 14:46:35:2738] N: killing process, pid: 91844
[2026/09/25 14:46:35:2744] N: process killed with signal 0, pid: 91841
[2026/09/25 14:46:35:2744] N: process killed with signal 0, pid: 91844
[2026/09/25 14:46:35:7377] N: WS closed from (unix skt), clients: 3
[2026/09/25 14:46:35:7378] N: killing process, pid: 91838
[2026/09/25 14:46:35:7393] N: process killed with signal 0, pid: 91838
[2026/09/25 14:46:35:7500] N: WS closed from (unix skt), clients: 2
[2026/09/25 14:46:35:7502] N: killing process, pid: 91843
[2026/09/25 14:46:35:7520] N: process killed with signal 0, pid: 91843
[2026/09/25 14:46:36:8779] N: WS closed from (unix skt), clients: 1
[2026/09/25 14:46:36:8780] N: killing process, pid: 91840
[2026/09/25 14:46:36:8780] N: WS closed from (unix skt), clients: 0
[2026/09/25 14:46:36:8780] N: killing process, pid: 91847
[2026/09/25 14:46:36:8788] N: process killed with signal 0, pid: 91840
[2026/09/25 14:46:36:8795] N: process killed with signal 0, pid: 91847
[2026/09/25 14:46:36:8908] N: WS   /ws - (unix skt), clients: 1
[2026/09/25 14:46:36:8908] N: WS   /ws - (unix skt), clients: 2
[2026/09/25 14:46:36:8909] N: WS   /ws - (unix skt), clients: 3
[2026/09/25 14:46:36:8909] N: WS   /ws - (unix skt), clients: 4
[2026/09/25 14:46:36:8909] N: WS   /ws - (unix skt), clients: 5
[2026/09/25 14:46:36:8909] N: WS   /ws - (unix skt), clients: 6
[2026/09/25 14:46:36:8909] N: WS   /ws - (unix skt), clients: 7
[2026/09/25 14:46:36:8909] N: WS   /ws - (unix skt), clients: 8
[2026/09/25 14:46:36:8910] N: WS   /ws - (unix skt), clients: 9
[2026/09/25 14:46:36:8910] N: WS   /ws - (unix skt), clients: 10
[2026/09/25 14:46:36:8917] N: started process, pid: 92065
[2026/09/25 14:46:36:8922] N: started process, pid: 92066
[2026/09/25 14:46:36:8928] N: started process, pid: 92067
[2026/09/25 14:46:36:8934] N: started process, pid: 92068
[2026/09/25 14:46:36:8943] N: started process, pid: 92069
[2026/09/25 14:46:36:8950] N: started process, pid: 92070
[2026/09/25 14:46:36:8957] N: started process, pid: 92071
[2026/09/25 14:46:36:8974] N: started process, pid: 92072
[2026/09/25 14:46:36:8989] N: started process, pid: 92078
[2026/09/25 14:46:36:9003] N: started process, pid: 92087
[2026/09/25 14:46:36:9707] N: WS closed from (unix skt), clients: 9
[2026/09/25 14:46:36:9708] N: killing process, pid: 92067
[2026/09/25 14:46:36:9711] N: process killed with signal 1, pid: 92067
[2026/09/25 14:46:37:0745] N: WS closed from (unix skt), clients: 8
[2026/09/25 14:46:37:0745] N: killing process, pid: 92078
[2026/09/25 14:46:37:0747] N: process killed with signal 1, pid: 92078
[2026/09/25 14:46:37:1994] N: WS closed from (unix skt), clients: 7
[2026/09/25 14:46:37:1994] N: killing process, pid: 92065
[2026/09/25 14:46:37:1998] N: process killed with signal 0, pid: 92065
[2026/09/25 14:46:37:2395] N: WS closed from (unix skt), clients: 6
[2026/09/25 14:46:37:2395] N: killing process, pid: 92069
[2026/09/25 14:46:37:2402] N: process killed with signal 0, pid: 92069
[2026/09/25 14:46:37:2496] N: WS closed from (unix skt), clients: 5
[2026/09/25 14:46:37:2497] N: killing process, pid: 92070
[2026/09/25 14:46:37:2502] N: process killed with signal 0, pid: 92070
[2026/09/25 14:46:37:2618] N: WS closed from (unix skt), clients: 4
[2026/09/25 14:46:37:2618] N: killing process, pid: 92071
[2026/09/25 14:46:37:2623] N: process killed with signal 0, pid: 92071
[2026/09/25 14:46:37:7281] N: WS closed from (unix skt), clients: 3
[2026/09/25 14:46:37:7282] N: killing process, pid: 92066
[2026/09/25 14:46:37:7293] N: process killed with signal 0, pid: 92066
[2026/09/25 14:46:37:7766] N: WS closed from (unix skt), clients: 2
[2026/09/25 14:46:37:7767] N: killing process, pid: 92072
[2026/09/25 14:46:37:7774] N: process killed with signal 0, pid: 92072
[2026/09/25 14:46:38:8911] N: WS closed from (unix skt), clients: 1
[2026/09/25 14:46:38:8912] N: killing process, pid: 92068
[2026/09/25 14:46:38:8912] N: WS closed from (unix skt), clients: 0
[2026/09/25 14:46:38:8912] N: killing process, pid: 92087
[2026/09/25 14:46:38:8922] N: process killed with signal 0, pid: 92068
[2026/09/25 14:46:38:8924] N: process killed with signal 0, pid: 92087
[2026/09/25 14:46:38:8997] N: WS   /ws - (unix skt), clients: 1
[2026/09/25 14:46:38:8997] N: WS   /ws - (unix skt), clients: 2
[2026/09/25 14:46:38:8997] N: WS   /ws - (unix skt), clients: 3
[2026/09/25 14:46:38:8997] N: WS   /ws - (unix skt), clients: 4
[2026/09/25 14:46:38:8997] N: WS   /ws - (unix skt), clients: 5
[2026/09/25 14:46:38:8997] N: WS   /ws - (unix skt), clients: 6
[2026/09/25 14:46:38:8998] N: WS   /ws - (unix skt), clients: 7
[2026/09/25 14:46:38:8998] N: WS   /ws - (unix skt), clients: 8
[2026/09/25 14:46:38:8998] N: WS   /ws - (unix skt), clients: 9
[2026/09/25 14:46:38:8998] N: WS   /ws - (unix skt), clients: 10
[2026/09/25 14:46:38:9004] N: started process, pid: 92464
[2026/09/25 14:46:38:9009] N: started process, pid: 92465
[2026/09/25 14:46:38:9013] N: started process, pid: 92466
[2026/09/25 14:46:38:9020] N: started process, pid: 92467
[2026/09/25 14:46:38:9027] N: started process, pid: 92468
[2026/09/25 14:46:38:9038] N: started process, pid: 92469
[2026/09/25 14:46:38:9042] N: started process, pid: 92473
[2026/09/25 14:46:38:9058] N: started process, pid: 92474
[2026/09/25 14:46:38:9065] N: started process, pid: 92475
[2026/09/25 14:46:38:9070] N: started process, pid: 92476
[2026/09/25 14:46:39:0773] N: WS closed from (unix skt), clients: 9
[2026/09/25 14:46:39:0773] N: killing process, pid: 92466
[2026/09/25 14:46:39:0777] N: process killed with signal 1, pid: 92466
[2026/09/25 14:46:39:0910] N: WS closed from (unix skt), clients: 8
[2026/09/25 14:46:39:0910] N: killing process, pid: 92475
[2026/09/25 14:46:39:0912] N: process killed with signal 1, pid: 92475
[2026/09/25 14:46:39:1828] N: WS closed from (unix skt), clients: 7
[2026/09/25 14:46:39:1828] N: killing process, pid: 92464
[2026/09/25 14:46:39:1832] N: process killed with signal 0, pid: 92464
[2026/09/25 14:46:39:2239] N: WS closed from (unix skt), clients: 6
[2026/09/25 14:46:39:2239] N: killing process, pid: 92468
[2026/09/25 14:46:39:2243] N: process killed with signal 0, pid: 92468
[2026/09/25 14:46:39:2414] N: WS closed from (unix skt), clients: 5
[2026/09/25 14:46:39:2416] N: killing process, pid: 92469
[2026/09/25 14:46:39:2432] N: process killed with signal 0, pid: 92469
[2026/09/25 14:46:39:2667] N: WS closed from (unix skt), clients: 4
[2026/09/25 14:46:39:2667] N: killing process, pid: 92473
[2026/09/25 14:46:39:2673] N: process killed with signal 0, pid: 92473
[2026/09/25 14:46:39:7939] N: WS closed from (unix skt), clients: 3
[2026/09/25 14:46:39:7940] N: killing process, pid: 92474
[2026/09/25 14:46:39:7940] N: WS closed from (unix skt), clients: 2
[2026/09/25 14:46:39:7941] N: killing process, pid: 92465
[2026/09/25 14:46:39:7948] N: process killed with signal 0, pid: 92474
[2026/09/25 14:46:39:7949] N: process killed with signal 0, pid: 92465
[2026/09/25 14:46:40:9027] N: WS closed from (unix skt), clients: 1
[2026/09/25 14:46:40:9028] N: killing process, pid: 92467
[2026/09/25 14:46:40:9028] N: WS closed from (unix skt), clients: 0
[2026/09/25 14:46:40:9028] N: killing process, pid: 92476
[2026/09/25 14:46:40:9064] N: process killed with signal 0, pid: 92467
[2026/09/25 14:46:40:9065] N: process killed with signal 0, pid: 92476
[2026/09/25 14:46:40:9315] N: WS   /ws - (unix skt), clients: 1
[2026/09/25 14:46:40:9316] N: WS   /ws - (unix skt), clients: 2
[2026/09/25 14:46:40:9316] N: WS   /ws - (unix skt), clients: 3
[2026/09/25 14:46:40:9316] N: WS   /ws - (unix skt), clients: 4
[2026/09/25 14:46:40:9316] N: WS   /ws - (unix skt), clients: 5
[2026/09/25 14:46:40:9316] N: WS   /ws - (unix skt), clients: 6
[2026/09/25 14:46:40:9316] N: WS   /ws - (unix skt), clients: 7
[2026/09/25 14:46:40:9317] N: WS   /ws - (unix skt), clients: 8
[2026/09/25 14:46:40:9317] N: WS   /ws - (unix skt), clients: 9
[2026/09/25 14:46:40:9317] N: WS   /ws - (unix skt), clients: 10
[2026/09/25 14:46:40:9328] N: started process, pid: 92741
[2026/09/25 14:46:40:9337] N: started process, pid: 92742
[2026/09/25 14:46:40:9346] N: started process, pid: 92743
[2026/09/25 14:46:40:9360] N: started process, pid: 92744
[2026/09/25 14:46:40:9400] N: started process, pid: 92745
[2026/09/25 14:46:40:9410] N: started process, pid: 92746
[2026/09/25 14:46:40:9419] N: started process, pid: 92747
[2026/09/25 14:46:40:9443] N: started process, pid: 92750
[2026/09/25 14:46:40:9471] N: started process, pid: 92758
[2026/09/25 14:46:40:9495] N: started process, pid: 92768
[2026/09/25 14:46:41:1238] N: WS closed from (unix skt), clients: 9
[2026/09/25 14:46:41:1240] N: killing process, pid: 92743
[2026/09/25 14:46:41:1244] N: process killed with signal 1, pid: 92743
[2026/09/25 14:46:41:1556] N: WS closed from (unix skt), clients: 8
[2026/09/25 14:46:41:1557] N: killing process, pid: 92758
[2026/09/25 14:46:41:1560] N: process killed with signal 1, pid: 92758
[2026/09/25 14:46:41:2086] N: WS closed from (unix skt), clients: 7
[2026/09/25 14:46:41:2087] N: killing process, pid: 92741
[2026/09/25 14:46:41:2090] N: process killed with signal 0, pid: 92741
[2026/09/25 14:46:41:2970] N: WS closed from (unix skt), clients: 6
[2026/09/25 14:46:41:2971] N: killing process, pid: 92745
[2026/09/25 14:46:41:2975] N: process killed with signal 0, pid: 92745
[2026/09/25 14:46:41:3416] N: WS closed from (unix skt), clients: 5
[2026/09/25 14:46:41:3416] N: killing process, pid: 92746
[2026/09/25 14:46:41:3421] N: process killed with signal 0, pid: 92746
[2026/09/25 14:46:41:3580] N: WS closed from (unix skt), clients: 4
[2026/09/25 14:46:41:3581] N: killing process, pid: 92747
[2026/09/25 14:46:41:3586] N: process killed with signal 0, pid: 92747
[2026/09/25 14:46:41:7103] N: WS closed from (unix skt), clients: 3
[2026/09/25 14:46:41:7104] N: killing process, pid: 92742
[2026/09/25 14:46:41:7111] N: process killed with signal 0, pid: 92742
[2026/09/25 14:46:41:8589] N: WS closed from (unix skt), clients: 2
[2026/09/25 14:46:41:8591] N: killing process, pid: 92750
[2026/09/25 14:46:41:8607] N: process killed with signal 0, pid: 92750
[2026/09/25 14:46:42:9342] N: WS closed from (unix skt), clients: 1
[2026/09/25 14:46:42:9343] N: killing process, pid: 92744
[2026/09/25 14:46:42:9343] N: WS closed from (unix skt), clients: 0
[2026/09/25 14:46:42:9344] N: killing process, pid: 92768
[2026/09/25 14:46:42:9388] N: process killed with signal 0, pid: 92744
[2026/09/25 14:46:42:9389] N: process killed with signal 0, pid: 92768
[2026/09/25 14:46:42:9549] N: WS   /ws - (unix skt), clients: 1
[2026/09/25 14:46:42:9549] N: WS   /ws - (unix skt), clients: 2
[2026/09/25 14:46:42:9549] N: WS   /ws - (unix skt), clients: 3
[2026/09/25 14:46:42:9550] N: WS   /ws - (unix skt), clients: 4
[2026/09/25 14:46:42:9550] N: WS   /ws - (unix skt), clients: 5
[2026/09/25 14:46:42:9550] N: WS   /ws - (unix skt), clients: 6
[2026/09/25 14:46:42:9550] N: WS   /ws - (unix skt), clients: 7
[2026/09/25 14:46:42:9550] N: WS   /ws - (unix skt), clients: 8
[2026/09/25 14:46:42:9550] N: WS   /ws - (unix skt), clients: 9
[2026/09/25 14:46:42:9550] N: WS   /ws - (unix skt), clients: 10
[2026/09/25 14:46:42:9557] N: started process, pid: 93041
[2026/09/25 14:46:42:9562] N: started process, pid: 93042
[2026/09/25 14:46:42:9569] N: started process, pid: 93043
[2026/09/25 14:46:42:9577] N: started process, pid: 93044
[2026/09/25 14:46:42:9584] N: started process, pid: 93045
[2026/09/25 14:46:42:9593] N: started process, pid: 93046
[2026/09/25 14:46:42:9600] N: started process, pid: 93047
[2026/09/25 14:46:42:9606] N: started process, pid: 93048
[2026/09/25 14:46:42:9612] N: started process, pid: 93050
[2026/09/25 14:46:42:9618] N: started process, pid: 93052
[2026/09/25 14:46:43:0606] N: WS closed from (unix skt), clients: 9
[2026/09/25 14:46:43:0606] N: killing process, pid: 93043
[2026/09/25 14:46:43:0610] N: process killed with signal 1, pid: 93043
[2026/09/25 14:46:43:1350] N: WS closed from (unix skt), clients: 8
[2026/09/25 14:46:43:1351] N: killing process, pid: 93050
[2026/09/25 14:46:43:1358] N: process killed with signal 1, pid: 93050
[2026/09/25 14:46:43:2528] N: WS closed from (unix skt), clients: 7
[2026/09/25 14:46:43:2528] N: killing process, pid: 93041
[2026/09/25 14:46:43:2534] N: process killed with signal 0, pid: 93041
[2026/09/25 14:46:43:2983] N: WS closed from (unix skt), clients: 6
[2026/09/25 14:46:43:2983] N: killing process, pid: 93046
[2026/09/25 14:46:43:2988] N: process killed with signal 0, pid: 93046
[2026/09/25 14:46:43:3228] N: WS closed from (unix skt), clients: 5
[2026/09/25 14:46:43:3228] N: killing process, pid: 93045
[2026/09/25 14:46:43:3233] N: process killed with signal 0, pid: 93045
[2026/09/25 14:46:43:3353] N: WS closed from (unix skt), clients: 4
[2026/09/25 14:46:43:3354] N: killing process, pid: 93047
[2026/09/25 14:46:43:3358] N: process killed with signal 0, pid: 93047
[2026/09/25 14:46:43:7632] N: WS closed from (unix skt), clients: 3
[2026/09/25 14:46:43:7634] N: killing process, pid: 93042
[2026/09/25 14:46:43:7646] N: process killed with signal 0, pid: 93042
[2026/09/25 14:46:43:8104] N: WS closed from (unix skt), clients: 2
[2026/09/25 14:46:43:8106] N: killing process, pid: 93048
[2026/09/25 14:46:43:8123] N: process killed with signal 0, pid: 93048
[2026/09/25 14:46:44:9564] N: WS closed from (unix skt), clients: 1
[2026/09/25 14:46:44:9565] N: killing process, pid: 93044
[2026/09/25 14:46:44:9565] N: WS closed from (unix skt), clients: 0
[2026/09/25 14:46:44:9565] N: killing process, pid: 93052
[2026/09/25 14:46:44:9579] N: process killed with signal 0, pid: 93044
[2026/09/25 14:46:44:9579] N: process killed with signal 0, pid: 93052
[2026/09/25 14:46:44:9676] N: WS   /ws - (unix skt), clients: 1
[2026/09/25 14:46:44:9677] N: WS   /ws - (unix skt), clients: 2
[2026/09/25 14:46:44:9677] N: WS   /ws - (unix skt), clients: 3
[2026/09/25 14:46:44:9677] N: WS   /ws - (unix skt), clients: 4
[2026/09/25 14:46:44:9677] N: WS   /ws - (unix skt), clients: 5
[2026/09/25 14:46:44:9677] N: WS   /ws - (unix skt), clients: 6
[2026/09/25 14:46:44:9677] N: WS   /ws - (unix skt), clients: 7
[2026/09/25 14:46:44:9678] N: WS   /ws - (unix skt), clients: 8
[2026/09/25 14:46:44:9678] N: WS   /ws - (unix skt), clients: 9
[2026/09/25 14:46:44:9678] N: WS   /ws - (unix skt), clients: 10
[2026/09/25 14:46:44:9686] N: started process, pid: 93455
[2026/09/25 14:46:44:9693] N: started process, pid: 93456
[2026/09/25 14:46:44:9699] N: started process, pid: 93457
[2026/09/25 14:46:44:9705] N: started process, pid: 93458
[2026/09/25 14:46:44:9718] N: started process, pid: 93459
[2026/09/25 14:46:44:9727] N: started process, pid: 93460
[2026/09/25 14:46:44:9742] N: started process, pid: 93461
[2026/09/25 14:46:44:9754] N: started process, pid: 93467
[2026/09/25 14:46:44:9764] N: started process, pid: 93474
[2026/09/25 14:46:44:9782] N: started process, pid: 93478
[2026/09/25 14:46:45:0681] N: WS closed from (unix skt), clients: 9
[2026/09/25 14:46:45:0681] N: killing process, pid: 93457
[2026/09/25 14:46:45:0690] N: process killed with signal 1, pid: 93457
[2026/09/25 14:46:45:1693] N: WS closed from (unix skt), clients: 8
[2026/09/25 14:46:45:1693] N: killing process, pid: 93474
[2026/09/25 14:46:45:1695] N: process killed with signal 1, pid: 93474
[2026/09/25 14:46:45:2842] N: WS closed from (unix skt), clients: 7
[2026/09/25 14:46:45:2842] N: killing process, pid: 93455
[2026/09/25 14:46:45:2843] N: WS closed from (unix skt), clients: 6
[2026/09/25 14:46:45:2843] N: killing process, pid: 93459
[2026/09/25 14:46:45:2848] N: process killed with signal 0, pid: 93455
[2026/09/25 14:46:45:2848] N: process killed with signal 0, pid: 93459
[2026/09/25 14:46:45:3361] N: WS closed from (unix skt), clients: 5
[2026/09/25 14:46:45:3362] N: killing process, pid: 93461
[2026/09/25 14:46:45:3368] N: process killed with signal 0, pid: 93461
[2026/09/25 14:46:45:3505] N: WS closed from (unix skt), clients: 4
[2026/09/25 14:46:45:3506] N: killing process, pid: 93460
[2026/09/25 14:46:45:3513] N: process killed with signal 0, pid: 93460
[2026/09/25 14:46:45:7611] N: WS closed from (unix skt), clients: 3
[2026/09/25 14:46:45:7613] N: killing process, pid: 93456
[2026/09/25 14:46:45:7626] N: process killed with signal 0, pid: 93456
[2026/09/25 14:46:45:8517] N: WS closed from (unix skt), clients: 2
[2026/09/25 14:46:45:8519] N: killing process, pid: 93467
[2026/09/25 14:46:45:8536] N: process killed with signal 0, pid: 93467
[2026/09/25 14:46:46:9696] N: WS closed from (unix skt), clients: 1
[2026/09/25 14:46:46:9697] N: killing process, pid: 93458
[2026/09/25 14:46:46:9697] N: WS closed from (unix skt), clients: 0
[2026/09/25 14:46:46:9697] N: killing process, pid: 93478
[2026/09/25 14:46:46:9712] N: process killed with signal 0, pid: 93478
[2026/09/25 14:46:46:9713] N: process killed with signal 0, pid: 93458
[2026/09/25 14:46:46:9855] N: WS   /ws - (unix skt), clients: 1
[2026/09/25 14:46:46:9856] N: WS   /ws - (unix skt), clients: 2
[2026/09/25 14:46:46:9856] N: WS   /ws - (unix skt), clients: 3
[2026/09/25 14:46:46:9856] N: WS   /ws - (unix skt), clients: 4
[2026/09/25 14:46:46:9856] N: WS   /ws - (unix skt), clients: 5
[2026/09/25 14:46:46:9856] N: WS   /ws - (unix skt), clients: 6
[2026/09/25 14:46:46:9856] N: WS   /ws - (unix skt), clients: 7
[2026/09/25 14:46:46:9856] N: WS   /ws - (unix skt), clients: 8
[2026/09/25 14:46:46:9856] N: WS   /ws - (unix skt), clients: 9
[2026/09/25 14:46:46:9857] N: WS   /ws - (unix skt), clients: 10
[2026/09/25 14:46:46:9863] N: started process, pid: 93798
[2026/09/25 14:46:46:9868] N: started process, pid: 93799
[2026/09/25 14:46:46:9873] N: started process, pid: 93800
[2026/09/25 14:46:46:9878] N: started process, pid: 93801
[2026/09/25 14:46:46:9886] N: started process, pid: 93802
[2026/09/25 14:46:46:9893] N: started process, pid: 93803
[2026/09/25 14:46:46:9901] N: started process, pid: 93804
[2026/09/25 14:46:46:9918] N: started process, pid: 93806
[2026/09/25 14:46:46:9931] N: started process, pid: 93814
[2026/09/25 14:46:46:9952] N: started process, pid: 93825
[2026/09/25 14:46:47:0923] N: WS closed from (unix skt), clients: 9
[2026/09/25 14:46:47:0924] N: killing process, pid: 93800
[2026/09/25 14:46:47:0929] N: process killed with signal 1, pid: 93800
[2026/09/25 14:46:47:1424] N: WS closed from (unix skt), clients: 8
[2026/09/25 14:46:47:1424] N: killing process, pid: 93814
[2026/09/25 14:46:47:1427] N: process killed with signal 1, pid: 93814
[2026/09/25 14:46:47:2562] N: WS closed from (unix skt), clients: 7
[2026/09/25 14:46:47:2562] N: killing process, pid: 93802
[2026/09/25 14:46:47:2567] N: process killed with signal 0, pid: 93802
[2026/09/25 14:46:47:2944] N: WS closed from (unix skt), clients: 6
[2026/09/25 14:46:47:2944] N: killing process, pid: 93798
[2026/09/25 14:46:47:2948] N: process killed with signal 0, pid: 93798
[2026/09/25 14:46:47:3176] N: WS closed from (unix skt), clients: 5
[2026/09/25 14:46:47:3176] N: killing process, pid: 93803
[2026/09/25 14:46:47:3180] N: process killed with signal 0, pid: 93803
[2026/09/25 14:46:47:3296] N: WS closed from (unix skt), clients: 4
[2026/09/25 14:46:47:3296] N: killing process, pid: 93804
[2026/09/25 14:46:47:3300] N: process killed with signal 0, pid: 93804
[2026/09/25 14:46:47:8073] N: WS closed from (unix skt), clients: 3
[2026/09/25 14:46:47:8074] N: killing process, pid: 93799
[2026/09/25 14:46:47:8087] N: process killed with signal 0, pid: 93799
[2026/09/25 14:46:47:8590] N: WS closed from (unix skt), clients: 2
[2026/09/25 14:46:47:8591] N: killing process, pid: 93806
[2026/09/25 14:46:47:8614] N: process killed with signal 0, pid: 93806
[2026/09/25 14:46:48:9859] N: WS closed from (unix skt), clients: 1
[2026/09/25 14:46:48:9860] N: killing process, pid: 93801
[2026/09/25 14:46:48:9860] N: WS closed from (unix skt), clients: 0
[2026/09/25 14:46:48:9860] N: killing process, pid: 93825
[2026/09/25 14:46:48:9871] N: process killed with signal 0, pid: 93825
[2026/09/25 14:46:48:9872] N: process killed with signal 0, pid: 93801
[2026/09/25 14:46:48:9952] N: WS   /ws - (unix skt), clients: 1
[2026/09/25 14:46:48:9952] N: WS   /ws - (unix skt), clients: 2
[2026/09/25 14:46:48:9953] N: WS   /ws - (unix skt), clients: 3
[2026/09/25 14:46:48:9953] N: WS   /ws - (unix skt), clients: 4
[2026/09/25 14:46:48:9953] N: WS   /ws - (unix skt), clients: 5
[2026/09/25 14:46:48:9953] N: WS   /ws - (unix skt), clients: 6
[2026/09/25 14:46:48:9953] N: WS   /ws - (unix skt), clients: 7
[2026/09/25 14:46:48:9953] N: WS   /ws - (unix skt), clients: 8
[2026/09/25 14:46:48:9953] N: WS   /ws - (unix skt), clients: 9
[2026/09/25 14:46:48:9954] N: WS   /ws - (unix skt), clients: 10
[2026/09/25 14:46:48:9960] N: started process, pid: 94140
[2026/09/25 14:46:48:9964] N: started process, pid: 94141
[2026/09/25 14:46:48:9968] N: started process, pid: 94142
[2026/09/25 14:46:48:9973] N: started process, pid: 94143
[2026/09/25 14:46:48:9982] N: started process, pid: 94144
[2026/09/25 14:46:48:9989] N: started process, pid: 94145
[2026/09/25 14:46:48:9999] N: started process, pid: 94146
[2026/09/25 14:46:49:0008] N: started process, pid: 94149
[2026/09/25 14:46:49:0034] N: started process, pid: 94157
[2026/09/25 14:46:49:0050] N: started process, pid: 94165
[2026/09/25 14:46:49:1186] N: WS closed from (unix skt), clients: 9
[2026/09/25 14:46:49:1187] N: killing process, pid: 94142
[2026/09/25 14:46:49:1190] N: process killed with signal 1, pid: 94142
[2026/09/25 14:46:49:1549] N: WS closed from (unix skt), clients: 8
[2026/09/25 14:46:49:1549] N: killing process, pid: 94157
[2026/09/25 14:46:49:1552] N: process killed with signal 1, pid: 94157
[2026/09/25 14:46:49:3083] N: WS closed from (unix skt), clients: 7
[2026/09/25 14:46:49:3083] N: killing process, pid: 94140
[2026/09/25 14:46:49:3088] N: process killed with signal 0, pid: 94140
[2026/09/25 14:46:49:3204] N: WS closed from (unix skt), clients: 6
[2026/09/25 14:46:49:3204] N: killing process, pid: 94144
[2026/09/25 14:46:49:3208] N: process killed with signal 0, pid: 94144
[2026/09/25 14:46:49:3334] N: WS closed from (unix skt), clients: 5
[2026/09/25 14:46:49:3334] N: killing process, pid: 94146
[2026/09/25 14:46:49:3338] N: process killed with signal 0, pid: 94146
[2026/09/25 14:46:49:3446] N: WS closed from (unix skt), clients: 4
[2026/09/25 14:46:49:3446] N: killing process, pid: 94145
[2026/09/25 14:46:49:3450] N: process killed with signal 0, pid: 94145
[2026/09/25 14:46:49:7751] N: WS closed from (unix skt), clients: 3
[2026/09/25 14:46:49:7752] N: killing process, pid: 94141
[2026/09/25 14:46:49:7762] N: process killed with signal 0, pid: 94141
[2026/09/25 14:46:49:8353] N: WS closed from (unix skt), clients: 2
[2026/09/25 14:46:49:8354] N: killing process, pid: 94149
[2026/09/25 14:46:49:8367] N: process killed with signal 0, pid: 94149
[2026/09/25 14:46:51:0036] N: WS closed from (unix skt), clients: 1
[2026/09/25 14:46:51:0037] N: killing process, pid: 94143
[2026/09/25 14:46:51:0037] N: WS closed from (unix skt), clients: 0
[2026/09/25 14:46:51:0038] N: killing process, pid: 94165
[2026/09/25 14:46:51:0053] N: process killed with signal 0, pid: 94143
[2026/09/25 14:46:51:0071] N: process killed with signal 0, pid: 94165
[2026/09/25 14:46:51:0264] N: WS   /ws - (unix skt), clients: 1
[2026/09/25 14:46:51:0264] N: WS   /ws - (unix skt), clients: 2
[2026/09/25 14:46:51:0265] N: WS   /ws - (unix skt), clients: 3
[2026/09/25 14:46:51:0265] N: WS   /ws - (unix skt), clients: 4
[2026/09/25 14:46:51:0265] N: WS   /ws - (unix skt), clients: 5
[2026/09/25 14:46:51:0265] N: WS   /ws - (unix skt), clients: 6
[2026/09/25 14:46:51:0265] N: WS   /ws - (unix skt), clients: 7
[2026/09/25 14:46:51:0266] N: WS   /ws - (unix skt), clients: 8
[2026/09/25 14:46:51:0266] N: WS   /ws - (unix skt), clients: 9
[2026/09/25 14:46:51:0266] N: WS   /ws - (unix skt), clients: 10
[2026/09/25 14:46:51:0280] N: started process, pid: 94620
[2026/09/25 14:46:51:0292] N: started process, pid: 94621
[2026/09/25 14:46:51:0326] N: started process, pid: 94622
[2026/09/25 14:46:51:0337] N: started process, pid: 94623
[2026/09/25 14:46:51:0348] N: started process, pid: 94624
[2026/09/25 14:46:51:0357] N: started process, pid: 94625
[2026/09/25 14:46:51:0365] N: started process, pid: 94626
[2026/09/25 14:46:51:0386] N: started process, pid: 94627
[2026/09/25 14:46:51:0396] N: started process, pid: 94632
[2026/09/25 14:46:51:0406] N: started process, pid: 94633
[2026/09/25 14:46:51:1525] N: WS closed from (unix skt), clients: 9
[2026/09/25 14:46:51:1525] N: killing process, pid: 94622
[2026/09/25 14:46:51:1547] N: process killed with signal 1, pid: 94622
[2026/09/25 14:46:51:2203] N: WS closed from (unix skt), clients: 8
[2026/09/25 14:46:51:2203] N: killing process, pid: 94632
[2026/09/25 14:46:51:2205] N: process killed with signal 1, pid: 94632
[2026/09/25 14:46:51:2904] N: WS closed from (unix skt), clients: 7
[2026/09/25 14:46:51:2905] N: killing process, pid: 94620
[2026/09/25 14:46:51:2910] N: process killed with signal 0, pid: 94620
[2026/09/25 14:46:51:3691] N: WS closed from (unix skt), clients: 6
[2026/09/25 14:46:51:3691] N: killing process, pid: 94624
[2026/09/25 14:46:51:3696] N: process killed with signal 0, pid: 94624
[2026/09/25 14:46:51:3822] N: WS closed from (unix skt), clients: 5
[2026/09/25 14:46:51:3822] N: killing process, pid: 94625
[2026/09/25 14:46:51:3827] N: process killed with signal 0, pid: 94625
[2026/09/25 14:46:51:4223] N: WS closed from (unix skt), clients: 4
[2026/09/25 14:46:51:4224] N: killing process, pid: 94626
[2026/09/25 14:46:51:4229] N: process killed with signal 0, pid: 94626
[2026/09/25 14:46:51:8689] N: WS closed from (unix skt), clients: 3
[2026/09/25 14:46:51:8690] N: killing process, pid: 94621
[2026/09/25 14:46:51:8702] N: process killed with signal 0, pid: 94621
[2026/09/25 14:46:51:9249] N: WS closed from (unix skt), clients: 2
[2026/09/25 14:46:51:9250] N: killing process, pid: 94627
[2026/09/25 14:46:51:9289] N: process killed with signal 0, pid: 94627
[2026/09/25 14:46:53:0288] N: WS closed from (unix skt), clients: 1
[2026/09/25 14:46:53:0289] N: killing process, pid: 94623
[2026/09/25 14:46:53:0290] N: WS closed from (unix skt), clients: 0
[2026/09/25 14:46:53:0290] N: killing process, pid: 94633
[2026/09/25 14:46:53:0297] N: process killed with signal 0, pid: 94623
[2026/09/25 14:46:53:0306] N: process killed with signal 0, pid: 94633
[2026/09/25 14:46:53:0389] N: WS   /ws - (unix skt), clients: 1
[2026/09/25 14:46:53:0389] N: WS   /ws - (unix skt), clients: 2
[2026/09/25 14:46:53:0390] N: WS   /ws - (unix skt), clients: 3
[2026/09/25 14:46:53:0390] N: WS   /ws - (unix skt), clients: 4
[2026/09/25 14:46:53:0390] N: WS   /ws - (unix skt), clients: 5
[2026/09/25 14:46:53:0390] N: WS   /ws - (unix skt), clients: 6
[2026/09/25 14:46:53:0390] N: WS   /ws - (unix skt), clients: 7
[2026/09/25 14:46:53:0390] N: WS   /ws - (unix skt), clients: 8
[2026/09/25 14:46:53:0390] N: WS   /ws - (unix skt), clients: 9
[2026/09/25 14:46:53:0390] N: WS   /ws - (unix skt), clients: 10
[2026/09/25 14:46:53:0398] N: started process, pid: 94909
[2026/09/25 14:46:53:0404] N: started process, pid: 94910
[2026/09/25 14:46:53:0410] N: started process, pid: 94911
[2026/09/25 14:46:53:0417] N: started process, pid: 94912
[2026/09/25 14:46:53:0426] N: started process, pid: 94913
[2026/09/25 14:46:53:0436] N: started process, pid: 94914
[2026/09/25 14:46:53:0447] N: started process, pid: 94915
[2026/09/25 14:46:53:0457] N: started process, pid: 94919
[2026/09/25 14:46:53:0465] N: started process, pid: 94924
[2026/09/25 14:46:53:0483] N: started process, pid: 94930
[2026/09/25 14:46:53:1720] N: WS closed from (unix skt), clients: 9
[2026/09/25 14:46:53:1721] N: killing process, pid: 94911
[2026/09/25 14:46:53:1727] N: process killed with signal 1, pid: 94911
[2026/09/25 14:46:53:2144] N: WS closed from (unix skt), clients: 8
[2026/09/25 14:46:53:2144] N: killing process, pid: 94924
[2026/09/25 14:46:53:2148] N: process killed with signal 1, pid: 94924
[2026/09/25 14:46:53:3291] N: WS closed from (unix skt), clients: 7
[2026/09/25 14:46:53:3291] N: killing process, pid: 94909
[2026/09/25 14:46:53:3296] N: process killed with signal 0, pid: 94909
[2026/09/25 14:46:53:4302] N: WS closed from (unix skt), clients: 6
[2026/09/25 14:46:53:4302] N: killing process, pid: 94913
[2026/09/25 14:46:53:4308] N: process killed with signal 0, pid: 94913
[2026/09/25 14:46:53:4423] N: WS closed from (unix skt), clients: 5
[2026/09/25 14:46:53:4423] N: killing process, pid: 94914
[2026/09/25 14:46:53:4423] N: WS closed from (unix skt), clients: 4
[2026/09/25 14:46:53:4423] N: killing process, pid: 94915
[2026/09/25 14:46:53:4429] N: process killed with signal 0, pid: 94915
[2026/09/25 14:46:53:4429] N: process killed with signal 0, pid: 94914
[2026/09/25 14:46:53:8558] N: WS closed from (unix skt), clients: 3
[2026/09/25 14:46:53:8558] N: killing process, pid: 94910
[2026/09/25 14:46:53:8569] N: process killed with signal 0, pid: 94910
[2026/09/25 14:46:53:9595] N: WS closed from (unix skt), clients: 2
[2026/09/25 14:46:53:9596] N: killing process, pid: 94919
[2026/09/25 14:46:53:9609] N: process killed with signal 0, pid: 94919
[2026/09/25 14:46:55:0408] N: WS closed from (unix skt), clients: 1
[2026/09/25 14:46:55:0408] N: killing process, pid: 94912
[2026/09/25 14:46:55:0409] N: WS closed from (unix skt), clients: 0
[2026/09/25 14:46:55:0409] N: killing process, pid: 94930
[2026/09/25 14:46:55:0415] N: process killed with signal 0, pid: 94912
[2026/09/25 14:46:55:0422] N: process killed with signal 0, pid: 94930
[2026/09/25 14:46:55:0505] N: WS   /ws - (unix skt), clients: 1
[2026/09/25 14:46:55:0506] N: WS   /ws - (unix skt), clients: 2
[2026/09/25 14:46:55:0506] N: WS   /ws - (unix skt), clients: 3
[2026/09/25 14:46:55:0506] N: WS   /ws - (unix skt), clients: 4
[2026/09/25 14:46:55:0506] N: WS   /ws - (unix skt), clients: 5
[2026/09/25 14:46:55:0506] N: WS   /ws - (unix skt), clients: 6
[2026/09/25 14:46:55:0506] N: WS   /ws - (unix skt), clients: 7
[2026/09/25 14:46:55:0507] N: WS   /ws - (unix skt), clients: 8
[2026/09/25 14:46:55:0507] N: WS   /ws - (unix skt), clients: 9
[2026/09/25 14:46:55:0507] N: WS   /ws - (unix skt), clients: 10
[2026/09/25 14:46:55:0513] N: started process, pid: 95224
[2026/09/25 14:46:55:0518] N: started process, pid: 95225
[2026/09/25 14:46:55:0523] N: started process, pid: 95226
[2026/09/25 14:46:55:0528] N: started process, pid: 95227
[2026/09/25 14:46:55:0534] N: started process, pid: 95228
[2026/09/25 14:46:55:0542] N: started process, pid: 95229
[2026/09/25 14:46:55:0548] N: started process, pid: 95230
[2026/09/25 14:46:55:0554] N: started process, pid: 95231
[2026/09/25 14:46:55:0560] N: started process, pid: 95232
[2026/09/25 14:46:55:0570] N: started process, pid: 95233
[2026/09/25 14:46:55:1697] N: WS closed from (unix skt), clients: 9
[2026/09/25 14:46:55:1698] N: killing process, pid: 95226
[2026/09/25 14:46:55:1702] N: process killed with signal 1, pid: 95226
[2026/09/25 14:46:55:2363] N: WS closed from (unix skt), clients: 8
[2026/09/25 14:46:55:2363] N: killing process, pid: 95232
[2026/09/25 14:46:55:2367] N: process killed with signal 1, pid: 95232
[2026/09/25 14:46:55:3480] N: WS closed from (unix skt), clients: 7
[2026/09/25 14:46:55:3480] N: killing process, pid: 95224
[2026/09/25 14:46:55:3485] N: process killed with signal 0, pid: 95224
[2026/09/25 14:46:55:4080] N: WS closed from (unix skt), clients: 6
[2026/09/25 14:46:55:4080] N: killing process, pid: 95230
[2026/09/25 14:46:55:4086] N: process killed with signal 0, pid: 95230
[2026/09/25 14:46:55:4252] N: WS closed from (unix skt), clients: 5
[2026/09/25 14:46:55:4252] N: killing process, pid: 95229
[2026/09/25 14:46:55:4257] N: process killed with signal 0, pid: 95229
[2026/09/25 14:46:55:4369] N: WS closed from (unix skt), clients: 4
[2026/09/25 14:46:55:4370] N: killing process, pid: 95228
[2026/09/25 14:46:55:4374] N: process killed with signal 0, pid: 95228
[2026/09/25 14:46:55:8611] N: WS closed from (unix skt), clients: 3
[2026/09/25 14:46:55:8612] N: killing process, pid: 95225
[2026/09/25 14:46:55:8620] N: process killed with signal 0, pid: 95225
[2026/09/25 14:46:55:9403] N: WS closed from (unix skt), clients: 2
[2026/09/25 14:46:55:9404] N: killing process, pid: 95231
[2026/09/25 14:46:55:9443] N: process killed with signal 0, pid: 95231
[2026/09/25 14:46:57:0526] N: WS closed from (unix skt), clients: 1
[2026/09/25 14:46:57:0527] N: killing process, pid: 95227
[2026/09/25 14:46:57:0527] N: WS closed from (unix skt), clients: 0
[2026/09/25 14:46:57:0528] N: killing process, pid: 95233
[2026/09/25 14:46:57:0537] N: process killed with signal 0, pid: 95233
[2026/09/25 14:46:57:0538] N: process killed with signal 0, pid: 95227
[2026/09/25 14:46:57:0619] N: WS   /ws - (unix skt), clients: 1
[2026/09/25 14:46:57:0619] N: WS   /ws - (unix skt), clients: 2
[2026/09/25 14:46:57:0619] N: WS   /ws - (unix skt), clients: 3
[2026/09/25 14:46:57:0619] N: WS   /ws - (unix skt), clients: 4
[2026/09/25 14:46:57:0620] N: WS   /ws - (unix skt), clients: 5
[2026/09/25 14:46:57:0620] N: WS   /ws - (unix skt), clients: 6
[2026/09/25 14:46:57:0620] N: WS   /ws - (unix skt), clients: 7
[2026/09/25 14:46:57:0620] N: WS   /ws - (unix skt), clients: 8
[2026/09/25 14:46:57:0620] N: WS   /ws - (unix skt), clients: 9
[2026/09/25 14:46:57:0620] N: WS   /ws - (unix skt), clients: 10
[2026/09/25 14:46:57:0628] N: started process, pid: 95583
[2026/09/25 14:46:57:0633] N: started process, pid: 95584
[2026/09/25 14:46:57:0637] N: started process, pid: 95585
[2026/09/25 14:46:57:0641] N: started process, pid: 95586
[2026/09/25 14:46:57:0646] N: started process, pid: 95587
[2026/09/25 14:46:57:0656] N: started process, pid: 95588
[2026/09/25 14:46:57:0665] N: started process, pid: 95589
[2026/09/25 14:46:57:0681] N: started process, pid: 95593
[2026/09/25 14:46:57:0704] N: started process, pid: 95601
[2026/09/25 14:46:57:0724] N: started process, pid: 95612
[2026/09/25 14:46:57:1341] N: WS closed from (unix skt), clients: 9
[2026/09/25 14:46:57:1342] N: killing process, pid: 95585
[2026/09/25 14:46:57:1346] N: process killed with signal 1, pid: 95585
[2026/09/25 14:46:57:2369] N: WS closed from (unix skt), clients: 8
[2026/09/25 14:46:57:2369] N: killing process, pid: 95601
[2026/09/25 14:46:57:2372] N: process killed with signal 1, pid: 95601
[2026/09/25 14:46:57:3732] N: WS closed from (unix skt), clients: 7
[2026/09/25 14:46:57:3733] N: killing process, pid: 95587
[2026/09/25 14:46:57:3737] N: process killed with signal 0, pid: 95587
[2026/09/25 14:46:57:4004] N: WS closed from (unix skt), clients: 6
[2026/09/25 14:46:57:4004] N: killing process, pid: 95583
[2026/09/25 14:46:57:4008] N: process killed with signal 0, pid: 95583
[2026/09/25 14:46:57:4265] N: WS closed from (unix skt), clients: 5
[2026/09/25 14:46:57:4265] N: killing process, pid: 95588
[2026/09/25 14:46:57:4270] N: process killed with signal 0, pid: 95588
[2026/09/25 14:46:57:4376] N: WS closed from (unix skt), clients: 4
[2026/09/25 14:46:57:4377] N: killing process, pid: 95593
[2026/09/25 14:46:57:4381] N: process killed with signal 0, pid: 95593
[2026/09/25 14:46:57:9028] N: WS closed from (unix skt), clients: 3
[2026/09/25 14:46:57:9029] N: killing process, pid: 95584
[2026/09/25 14:46:57:9030] N: WS closed from (unix skt), clients: 2
[2026/09/25 14:46:57:9030] N: killing process, pid: 95589
[2026/09/25 14:46:57:9040] N: process killed with signal 0, pid: 95584
[2026/09/25 14:46:57:9041] N: process killed with signal 0, pid: 95589
[2026/09/25 14:46:59:0635] N: WS closed from (unix skt), clients: 1
[2026/09/25 14:46:59:0636] N: killing process, pid: 95586
[2026/09/25 14:46:59:0637] N: WS closed from (unix skt), clients: 0
[2026/09/25 14:46:59:0637] N: killing process, pid: 95612
[2026/09/25 14:46:59:0649] N: process killed with signal 0, pid: 95586
[2026/09/25 14:46:59:0649] N: process killed with signal 0, pid: 95612
[2026/09/25 14:46:59:0715] N: WS   /ws - (unix skt), clients: 1
[2026/09/25 14:46:59:0715] N: WS   /ws - (unix skt), clients: 2
[2026/09/25 14:46:59:0715] N: WS   /ws - (unix skt), clients: 3
[2026/09/25 14:46:59:0715] N: WS   /ws - (unix skt), clients: 4
[2026/09/25 14:46:59:0716] N: WS   /ws - (unix skt), clients: 5
[2026/09/25 14:46:59:0716] N: WS   /ws - (unix skt), clients: 6
[2026/09/25 14:46:59:0716] N: WS   /ws - (unix skt), clients: 7
[2026/09/25 14:46:59:0716] N: WS   /ws - (unix skt), clients: 8
[2026/09/25 14:46:59:0716] N: WS   /ws - (unix skt), clients: 9
[2026/09/25 14:46:59:0716] N: WS   /ws - (unix skt), clients: 10
[2026/09/25 14:46:59:0722] N: started process, pid: 95906
[2026/09/25 14:46:59:0725] N: started process, pid: 95907
[2026/09/25 14:46:59:0731] N: started process, pid: 95908
[2026/09/25 14:46:59:0739] N: started process, pid: 95909
[2026/09/25 14:46:59:0746] N: started process, pid: 95911
[2026/09/25 14:46:59:0754] N: started process, pid: 95912
[2026/09/25 14:46:59:0761] N: started process, pid: 95914
[2026/09/25 14:46:59:0769] N: started process, pid: 95919
[2026/09/25 14:46:59:0775] N: started process, pid: 95922
[2026/09/25 14:46:59:0780] N: started process, pid: 95924
[2026/09/25 14:46:59:1874] N: WS closed from (unix skt), clients: 9
[2026/09/25 14:46:59:1874] N: killing process, pid: 95908
[2026/09/25 14:46:59:1879] N: process killed with signal 1, pid: 95908
[2026/09/25 14:46:59:1989] N: WS closed from (unix skt), clients: 8
[2026/09/25 14:46:59:1990] N: killing process, pid: 95922
[2026/09/25 14:46:59:1993] N: process killed with signal 1, pid: 95922
[2026/09/25 14:46:59:3404] N: WS closed from (unix skt), clients: 7
[2026/09/25 14:46:59:3404] N: killing process, pid: 95906
[2026/09/25 14:46:59:3410] N: process killed with signal 0, pid: 95906
[2026/09/25 14:46:59:4356] N: WS closed from (unix skt), clients: 6
[2026/09/25 14:46:59:4356] N: killing process, pid: 95912
[2026/09/25 14:46:59:4357] N: WS closed from (unix skt), clients: 5
[2026/09/25 14:46:59:4357] N: killing process, pid: 95911
[2026/09/25 14:46:59:4357] N: WS closed from (unix skt), clients: 4
[2026/09/25 14:46:59:4357] N: killing process, pid: 95919
[2026/09/25 14:46:59:4362] N: process killed with signal 0, pid: 95911
[2026/09/25 14:46:59:4362] N: process killed with signal 0, pid: 95912
[2026/09/25 14:46:59:4362] N: process killed with signal 0, pid: 95919
[2026/09/25 14:46:59:8800] N: WS closed from (unix skt), clients: 3
[2026/09/25 14:46:59:8801] N: killing process, pid: 95907
[2026/09/25 14:46:59:8805] N: process killed with signal 0, pid: 95907
[2026/09/25 14:46:59:9253] N: WS closed from (unix skt), clients: 2
[2026/09/25 14:46:59:9254] N: killing process, pid: 95914
[2026/09/25 14:46:59:9258] N: process killed with signal 0, pid: 95914
[2026/09/25 14:47:01:0733] N: WS closed from (unix skt), clients: 1
[2026/09/25 14:47:01:0734] N: killing process, pid: 95909
[2026/09/25 14:47:01:0735] N: WS closed from (unix skt), clients: 0
[2026/09/25 14:47:01:0735] N: killing process, pid: 95924
[2026/09/25 14:47:01:0742] N: process killed with signal 0, pid: 95909
[2026/09/25 14:47:01:0749] N: process killed with signal 0, pid: 95924
[2026/09/25 14:47:01:0820] N: WS   /ws - (unix skt), clients: 1
[2026/09/25 14:47:01:0821] N: WS   /ws - (unix skt), clients: 2
[2026/09/25 14:47:01:0821] N: WS   /ws - (unix skt), clients: 3
[2026/09/25 14:47:01:0821] N: WS   /ws - (unix skt), clients: 4
[2026/09/25 14:47:01:0821] N: WS   /ws - (unix skt), clients: 5
[2026/09/25 14:47:01:0821] N: WS   /ws - (unix skt), clients: 6
[2026/09/25 14:47:01:0821] N: WS   /ws - (unix skt), clients: 7
[2026/09/25 14:47:01:0821] N: WS   /ws - (unix skt), clients: 8
[2026/09/25 14:47:01:0821] N: WS   /ws - (unix skt), clients: 9
[2026/09/25 14:47:01:0821] N: WS   /ws - (unix skt), clients: 10
[2026/09/25 14:47:01:0827] N: started process, pid: 96208
[2026/09/25 14:47:01:0832] N: started process, pid: 96209
[2026/09/25 14:47:01:0836] N: started process, pid: 96210
[2026/09/25 14:47:01:0846] N: started process, pid: 96211
[2026/09/25 14:47:01:0856] N: started process, pid: 96212
[2026/09/25 14:47:01:0871] N: started process, pid: 96213
[2026/09/25 14:47:01:0887] N: started process, pid: 96216
[2026/09/25 14:47:01:0914] N: started process, pid: 96227
[2026/09/25 14:47:01:0932] N: started process, pid: 96232
[2026/09/25 14:47:01:0964] N: started process, pid: 96240
[2026/09/25 14:47:01:1460] N: WS closed from (unix skt), clients: 9
[2026/09/25 14:47:01:1461] N: killing process, pid: 96211
[2026/09/25 14:47:01:1464] N: process killed with signal 1, pid: 96211
[2026/09/25 14:47:01:2980] N: WS closed from (unix skt), clients: 8
[2026/09/25 14:47:01:2980] N: killing process, pid: 96232
[2026/09/25 14:47:01:2983] N: process killed with signal 1, pid: 96232
[2026/09/25 14:47:01:4013] N: WS closed from (unix skt), clients: 7
[2026/09/25 14:47:01:4013] N: killing process, pid: 96209
[2026/09/25 14:47:01:4014] N: WS closed from (unix skt), clients: 6
[2026/09/25 14:47:01:4014] N: killing process, pid: 96208
[2026/09/25 14:47:01:4020] N: process killed with signal 0, pid: 96209
[2026/09/25 14:47:01:4021] N: process killed with signal 0, pid: 96208
[2026/09/25 14:47:01:4369] N: WS closed from (unix skt), clients: 5
[2026/09/25 14:47:01:4370] N: killing process, pid: 96216
[2026/09/25 14:47:01:4374] N: process killed with signal 0, pid: 96216
[2026/09/25 14:47:01:4601] N: WS closed from (unix skt), clients: 4
[2026/09/25 14:47:01:4601] N: killing process, pid: 96213
[2026/09/25 14:47:01:4605] N: process killed with signal 0, pid: 96213
[2026/09/25 14:47:01:9042] N: WS closed from (unix skt), clients: 3
[2026/09/25 14:47:01:9043] N: killing process, pid: 96210
[2026/09/25 14:47:01:9054] N: process killed with signal 0, pid: 96210
[2026/09/25 14:47:02:0038] N: WS closed from (unix skt), clients: 2
[2026/09/25 14:47:02:0039] N: killing process, pid: 96227
[2026/09/25 14:47:02:0056] N: process killed with signal 0, pid: 96227
[2026/09/25 14:47:03:0847] N: WS closed from (unix skt), clients: 1
[2026/09/25 14:47:03:0849] N: killing process, pid: 96212
[2026/09/25 14:47:03:0850] N: WS closed from (unix skt), clients: 0
[2026/09/25 14:47:03:0850] N: killing process, pid: 96240
[2026/09/25 14:47:03:0868] N: process killed with signal 0, pid: 96212
[2026/09/25 14:47:03:0888] N: process killed with signal 0, pid: 96240
[2026/09/25 14:47:03:1137] N: WS   /ws - (unix skt), clients: 1
[2026/09/25 14:47:03:1138] N: WS   /ws - (unix skt), clients: 2
[2026/09/25 14:47:03:1138] N: WS   /ws - (unix skt), clients: 3
[2026/09/25 14:47:03:1138] N: WS   /ws - (unix skt), clients: 4
[2026/09/25 14:47:03:1139] N: WS   /ws - (unix skt), clients: 5
[2026/09/25 14:47:03:1139] N: WS   /ws - (unix skt), clients: 6
[2026/09/25 14:47:03:1139] N: WS   /ws - (unix skt), clients: 7
[2026/09/25 14:47:03:1139] N: WS   /ws - (unix skt), clients: 8
[2026/09/25 14:47:03:1140] N: WS   /ws - (unix skt), clients: 9
[2026/09/25 14:47:03:1140] N: WS   /ws - (unix skt), clients: 10
[2026/09/25 14:47:03:1151] N: started process, pid: 96589
[2026/09/25 14:47:03:1159] N: started process, pid: 96590
[2026/09/25 14:47:03:1166] N: started process, pid: 96591
[2026/09/25 14:47:03:1175] N: started process, pid: 96592
[2026/09/25 14:47:03:1189] N: started process, pid: 96593
[2026/09/25 14:47:03:1199] N: started process, pid: 96594
[2026/09/25 14:47:03:1215] N: started process, pid: 96595
[2026/09/25 14:47:03:1232] N: started process, pid: 96596
[2026/09/25 14:47:03:1242] N: started process, pid: 96601
[2026/09/25 14:47:03:1266] N: started process, pid: 96610
[2026/09/25 14:47:03:2383] N: WS closed from (unix skt), clients: 9
[2026/09/25 14:47:03:2384] N: killing process, pid: 96591
[2026/09/25 14:47:03:2392] N: process killed with signal 1, pid: 96591
[2026/09/25 14:47:03:2503] N: WS closed from (unix skt), clients: 8
[2026/09/25 14:47:03:2503] N: killing process, pid: 96601
[2026/09/25 14:47:03:2540] N: process killed with signal 1, pid: 96601
[2026/09/25 14:47:03:4077] N: WS closed from (unix skt), clients: 7
[2026/09/25 14:47:03:4078] N: killing process, pid: 96589
[2026/09/25 14:47:03:4082] N: process killed with signal 0, pid: 96589
[2026/09/25 14:47:03:4649] N: WS closed from (unix skt), clients: 6
[2026/09/25 14:47:03:4649] N: killing process, pid: 96595
[2026/09/25 14:47:03:4656] N: process killed with signal 0, pid: 96595
[2026/09/25 14:47:03:4900] N: WS closed from (unix skt), clients: 5
[2026/09/25 14:47:03:4901] N: killing process, pid: 96594
[2026/09/25 14:47:03:4901] N: WS closed from (unix skt), clients: 4
[2026/09/25 14:47:03:4901] N: killing process, pid: 96593
[2026/09/25 14:47:03:4906] N: process killed with signal 0, pid: 96594
[2026/09/25 14:47:03:4907] N: process killed with signal 0, pid: 96593
[2026/09/25 14:47:03:8777] N: WS closed from (unix skt), clients: 3
[2026/09/25 14:47:03:8777] N: killing process, pid: 96590
[2026/09/25 14:47:03:8785] N: process killed with signal 0, pid: 96590
[2026/09/25 14:47:04:0168] N: WS closed from (unix skt), clients: 2
[2026/09/25 14:47:04:0170] N: killing process, pid: 96596
[2026/09/25 14:47:04:0231] N: process killed with signal 0, pid: 96596
[2026/09/25 14:47:05:1154] N: WS closed from (unix skt), clients: 1
[2026/09/25 14:47:05:1154] N: killing process, pid: 96592
[2026/09/25 14:47:05:1155] N: WS closed from (unix skt), clients: 0
[2026/09/25 14:47:05:1155] N: killing process, pid: 96610
[2026/09/25 14:47:05:1161] N: process killed with signal 0, pid: 96610
[2026/09/25 14:47:05:1161] N: process killed with signal 0, pid: 96592
[2026/09/25 14:47:05:1261] N: WS   /ws - (unix skt), clients: 1
[2026/09/25 14:47:05:1262] N: WS   /ws - (unix skt), clients: 2
[2026/09/25 14:47:05:1262] N: WS   /ws - (unix skt), clients: 3
[2026/09/25 14:47:05:1262] N: WS   /ws - (unix skt), clients: 4
[2026/09/25 14:47:05:1262] N: WS   /ws - (unix skt), clients: 5
[2026/09/25 14:47:05:1262] N: WS   /ws - (unix skt), clients: 6
[2026/09/25 14:47:05:1263] N: WS   /ws - (unix skt), clients: 7
[2026/09/25 14:47:05:1263] N: WS   /ws - (unix skt), clients: 8
[2026/09/25 14:47:05:1263] N: WS   /ws - (unix skt), clients: 9
[2026/09/25 14:47:05:1263] N: WS   /ws - (unix skt), clients: 10
[2026/09/25 14:47:05:1271] N: started process, pid: 96867
[2026/09/25 14:47:05:1277] N: started process, pid: 96868
[2026/09/25 14:47:05:1282] N: started process, pid: 96870
[2026/09/25 14:47:05:1293] N: started process, pid: 96871
[2026/09/25 14:47:05:1300] N: started process, pid: 96872
[2026/09/25 14:47:05:1314] N: started process, pid: 96874
[2026/09/25 14:47:05:1322] N: started process, pid: 96881
[2026/09/25 14:47:05:1337] N: started process, pid: 96887
[2026/09/25 14:47:05:1353] N: started process, pid: 96892
[2026/09/25 14:47:05:1372] N: started process, pid: 96893
[2026/09/25 14:47:05:2572] N: WS closed from (unix skt), clients: 9
[2026/09/25 14:47:05:2573] N: killing process, pid: 96870
[2026/09/25 14:47:05:2577] N: process killed with signal 1, pid: 96870
[2026/09/25 14:47:05:2713] N: WS closed from (unix skt), clients: 8
[2026/09/25 14:47:05:2714] N: killing process, pid: 96887
[2026/09/25 14:47:05:2718] N: process killed with signal 1, pid: 96887
[2026/09/25 14:47:05:3962] N: WS closed from (unix skt), clients: 7
[2026/09/25 14:47:05:3962] N: killing process, pid: 96867
[2026/09/25 14:47:05:3966] N: process killed with signal 0, pid: 96867
[2026/09/25 14:47:05:4735] N: WS closed from (unix skt), clients: 6
[2026/09/25 14:47:05:4736] N: killing process, pid: 96872
[2026/09/25 14:47:05:4741] N: process killed with signal 0, pid: 96872
[2026/09/25 14:47:05:5118] N: WS closed from (unix skt), clients: 5
[2026/09/25 14:47:05:5118] N: killing process, pid: 96892
[2026/09/25 14:47:05:5118] N: WS closed from (unix skt), clients: 4
[2026/09/25 14:47:05:5118] N: killing process, pid: 96874
[2026/09/25 14:47:05:5123] N: process killed with signal 0, pid: 96892
[2026/09/25 14:47:05:5124] N: process killed with signal 0, pid: 96874
[2026/09/25 14:47:05:9355] N: WS closed from (unix skt), clients: 3
[2026/09/25 14:47:05:9356] N: killing process, pid: 96868
[2026/09/25 14:47:05:9369] N: process killed with signal 0, pid: 96868
[2026/09/25 14:47:05:9876] N: WS closed from (unix skt), clients: 2
[2026/09/25 14:47:05:9877] N: killing process, pid: 96881
[2026/09/25 14:47:05:9887] N: process killed with signal 0, pid: 96881
[2026/09/25 14:47:07:1289] N: WS closed from (unix skt), clients: 1
[2026/09/25 14:47:07:1291] N: killing process, pid: 96871
[2026/09/25 14:47:07:1292] N: WS closed from (unix skt), clients: 0
[2026/09/25 14:47:07:1302] N: killing process, pid: 96893
[2026/09/25 14:47:07:1323] N: process killed with signal 0, pid: 96871
[2026/09/25 14:47:07:1332] N: process killed with signal 0, pid: 96893
[2026/09/25 16:47:37:2332] N: received signal: SIGTERM (15), exiting...
[2026/09/25 16:47:37:2337] N: send ^C to force exit.
